c
       20640
     0.000    -0.429   0.000000E+00
     0.000    -0.905   1.009649E+01
     0.000    -1.856   3.010936E+01
     0.000    -2.332   4.000745E+01
     0.000    -2.807   4.981326E+01
     0.000    -3.283   5.956570E+01
     0.000    -3.759   6.924216E+01
     0.000    -4.234   7.882074E+01
     0.000    -4.641   8.696335E+01
     0.000    -5.661   1.048500E+02
     0.000    -6.137   1.130204E+02
     0.000    -6.613   1.210861E+02
     0.000    -7.089   1.290463E+02
     0.000    -8.040   1.446676E+02
     0.000    -8.991   1.598612E+02
     0.000    -9.943   1.746397E+02
     0.000   -10.894   1.889699E+02
     0.000   -11.845   2.028657E+02
     0.000   -12.321   2.096137E+02
     0.000   -13.748   2.294345E+02
     0.000   -14.699   2.423136E+02
     0.000   -16.602   2.673173E+02
     0.000   -17.822   2.827025E+02
     0.000   -20.408   3.231236E+02
     0.000   -23.133   3.636249E+02
     0.000   -24.213   3.791053E+02
     0.000   -26.116   4.063289E+02
     0.000   -28.018   4.334456E+02
     0.000   -29.921   4.604685E+02
     0.000   -31.824   4.873714E+02
     0.000   -33.727   5.141441E+02
     0.000   -35.629   5.407631E+02
     0.000   -38.483   5.804293E+02
     0.000   -41.337   6.197290E+02
     0.000   -44.192   6.586430E+02
     0.000   -47.046   6.971083E+02
     0.000   -49.900   7.351002E+02
     0.000   -52.754   7.725762E+02
     0.000   -55.608   8.094895E+02
     0.000   -58.462   8.457885E+02
     0.000   -61.316   8.814157E+02
     0.000   -64.170   9.163071E+02
     0.000   -67.024   9.503912E+02
     0.000   -71.781   1.005233E+03
     0.000   -76.538   1.057187E+03
     0.000   -81.295   1.105760E+03
     0.000   -86.051   1.150386E+03
     0.000   -90.808   1.190504E+03
     0.000   -95.565   1.225578E+03
     0.000  -100.322   1.255227E+03
     0.000  -105.079   1.279252E+03
     0.000  -109.835   1.297607E+03
     0.000  -114.592   1.310356E+03
     0.000  -119.349   1.320000E+03
     0.000  -124.288   1.329878E+03
     0.000  -128.863   1.339028E+03
     0.000  -133.619   1.348540E+03
     0.000  -138.376   1.358054E+03
     0.000  -143.133   1.367568E+03
     0.000  -147.890   1.377082E+03
     0.000  -152.647   1.386596E+03
     0.000  -157.403   1.396108E+03
     0.000  -162.160   1.401402E+03
     0.000  -166.917   1.403774E+03
     0.000  -171.674   1.406146E+03
     0.000  -176.431   1.408518E+03
     0.000  -181.187   1.410889E+03
     0.000  -185.944   1.413262E+03
     0.000  -190.701   1.415634E+03
     0.000  -195.458   1.418006E+03
     0.000  -200.215   1.420378E+03
     0.000  -204.971   1.422749E+03
     0.000  -209.728   1.425121E+03
     0.000  -214.485   1.427493E+03
     0.000  -219.242   1.429865E+03
     0.000  -228.755   1.434609E+03
     0.000  -238.269   1.439353E+03
     0.000  -247.782   1.444097E+03
     0.000  -257.296   1.448841E+03
     0.000  -266.810   1.453585E+03
     0.000  -276.323   1.458329E+03
     0.000  -285.837   1.463073E+03
     0.000  -290.594   1.465445E+03
     0.000  -295.350   1.467817E+03
     0.000  -300.107   1.470189E+03
     0.000  -304.864   1.472561E+03
     0.000  -314.378   1.477305E+03
     0.000  -323.891   1.482048E+03
     0.000  -333.405   1.486793E+03
     0.000  -342.918   1.491536E+03
     0.000  -352.432   1.496280E+03
     0.000  -361.946   1.501024E+03
     0.000  -371.459   1.505768E+03
     0.000  -380.973   1.510512E+03
     0.000  -390.486   1.515256E+03
     0.000  -400.000   1.520000E+03
     5.000    -0.518   0.000000E+00
     5.000    -0.994   1.029743E+01
     5.000    -1.945   3.060071E+01
     5.000    -2.420   4.060640E+01
     5.000    -2.896   5.054254E+01
     5.000    -3.371   6.036716E+01
     5.000    -3.847   7.012132E+01
     5.000    -4.323   7.978407E+01
     5.000    -4.818   8.973819E+01
     5.000    -5.749   1.060833E+02
     5.000    -6.225   1.142838E+02
     5.000    -6.700   1.223595E+02
     5.000    -7.176   1.303441E+02
     5.000    -8.127   1.459716E+02
     5.000    -9.078   1.611635E+02
     5.000   -10.029   1.759172E+02
     5.000   -10.981   1.902452E+02
     5.000   -12.288   2.092294E+02
     5.000   -12.883   2.176278E+02
     5.000   -13.834   2.308015E+02
     5.000   -14.785   2.437007E+02
     5.000   -16.688   2.686847E+02
     5.000   -17.915   2.842020E+02
     5.000   -20.492   3.244826E+02
     5.000   -23.229   3.650707E+02
     5.000   -24.297   3.804390E+02
     5.000   -26.199   4.077186E+02
     5.000   -28.101   4.348826E+02
     5.000   -30.004   4.619411E+02
     5.000   -31.906   4.888596E+02
     5.000   -33.808   5.156455E+02
     5.000   -35.710   5.422909E+02
     5.000   -38.564   5.819945E+02
     5.000   -41.417   6.213201E+02
     5.000   -44.271   6.602634E+02
     5.000   -47.124   6.987622E+02
     5.000   -49.978   7.368058E+02
     5.000   -52.831   7.743258E+02
     5.000   -55.685   8.113028E+02
     5.000   -58.538   8.476603E+02
     5.000   -61.391   8.833548E+02
     5.000   -64.245   9.183359E+02
     5.000   -67.098   9.525088E+02
     5.000   -71.854   1.007531E+03
     5.000   -76.610   1.059701E+03
     5.000   -81.366   1.108516E+03
     5.000   -86.121   1.153390E+03
     5.000   -90.877   1.193720E+03
     5.000   -95.633   1.228922E+03
     5.000  -100.389   1.258593E+03
     5.000  -105.144   1.282553E+03
     5.000  -109.900   1.300799E+03
     5.000  -114.656   1.313355E+03
     5.000  -118.966   1.320000E+03
     5.000  -124.167   1.330402E+03
     5.000  -128.923   1.339914E+03
     5.000  -133.679   1.349426E+03
     5.000  -138.434   1.358936E+03
     5.000  -143.190   1.368448E+03
     5.000  -147.946   1.377960E+03
     5.000  -152.702   1.387472E+03
     5.000  -157.457   1.396982E+03
     5.000  -162.213   1.401617E+03
     5.000  -166.969   1.403984E+03
     5.000  -171.725   1.406352E+03
     5.000  -176.480   1.408719E+03
     5.000  -181.236   1.411087E+03
     5.000  -185.992   1.413455E+03
     5.000  -190.748   1.415823E+03
     5.000  -195.503   1.418190E+03
     5.000  -200.259   1.420558E+03
     5.000  -205.015   1.422926E+03
     5.000  -209.770   1.425293E+03
     5.000  -214.526   1.427661E+03
     5.000  -219.282   1.430029E+03
     5.000  -228.793   1.434764E+03
     5.000  -238.305   1.439499E+03
     5.000  -247.816   1.444234E+03
     5.000  -257.328   1.448970E+03
     5.000  -266.839   1.453705E+03
     5.000  -276.351   1.458441E+03
     5.000  -285.862   1.463176E+03
     5.000  -290.618   1.465544E+03
     5.000  -295.374   1.467911E+03
     5.000  -300.130   1.470279E+03
     5.000  -304.885   1.472647E+03
     5.000  -314.397   1.477382E+03
     5.000  -323.908   1.482117E+03
     5.000  -333.420   1.486853E+03
     5.000  -342.931   1.491588E+03
     5.000  -352.443   1.496324E+03
     5.000  -361.954   1.501059E+03
     5.000  -371.466   1.505794E+03
     5.000  -380.977   1.510529E+03
     5.000  -390.489   1.515265E+03
     5.000  -400.000   1.520000E+03
    10.000    -0.625   0.000000E+00
    10.000    -1.100   1.046218E+01
    10.000    -2.051   3.108687E+01
    10.000    -2.527   4.125191E+01
    10.000    -3.002   5.129151E+01
    10.000    -3.478   6.124887E+01
    10.000    -3.953   7.108294E+01
    10.000    -4.429   8.083585E+01
    10.000    -4.994   9.228372E+01
    10.000    -5.855   1.074960E+02
    10.000    -6.330   1.157335E+02
    10.000    -6.806   1.238745E+02
    10.000    -7.281   1.318851E+02
    10.000    -8.232   1.475844E+02
    10.000    -9.183   1.628335E+02
    10.000   -10.134   1.776338E+02
    10.000   -11.085   1.919863E+02
    10.000   -12.255   2.090179E+02
    10.000   -12.987   2.193870E+02
    10.000   -13.938   2.326069E+02
    10.000   -14.888   2.455328E+02
    10.000   -16.790   2.705711E+02
    10.000   -18.008   2.860136E+02
    10.000   -20.594   3.265169E+02
    10.000   -23.325   3.671021E+02
    10.000   -24.397   3.825657E+02
    10.000   -26.299   4.099180E+02
    10.000   -28.201   4.371568E+02
    10.000   -30.103   4.642768E+02
    10.000   -32.004   4.912582E+02
    10.000   -33.906   5.181229E+02
    10.000   -35.808   5.448494E+02
    10.000   -38.661   5.846666E+02
    10.000   -41.513   6.241149E+02
    10.000   -44.366   6.631923E+02
    10.000   -47.219   7.018523E+02
    10.000   -50.071   7.400463E+02
    10.000   -52.924   7.777620E+02
    10.000   -55.777   8.149433E+02
    10.000   -58.629   8.515298E+02
    10.000   -61.482   8.874944E+02
    10.000   -64.335   9.227651E+02
    10.000   -67.188   9.572753E+02
    10.000   -71.942   1.012929E+03
    10.000   -76.696   1.065852E+03
    10.000   -81.451   1.115540E+03
    10.000   -86.205   1.161334E+03
    10.000   -90.960   1.202495E+03
    10.000   -95.714   1.238239E+03
    10.000  -100.469   1.268106E+03
    10.000  -105.223   1.291999E+03
    10.000  -109.978   1.310078E+03
    10.000  -113.643   1.320000E+03
    10.000  -119.487   1.331688E+03
    10.000  -124.241   1.341196E+03
    10.000  -128.996   1.350706E+03
    10.000  -133.750   1.360214E+03
    10.000  -138.504   1.369722E+03
    10.000  -143.259   1.379232E+03
    10.000  -148.013   1.388740E+03
    10.000  -152.768   1.398250E+03
    10.000  -157.522   1.401889E+03
    10.000  -162.277   1.404206E+03
    10.000  -167.031   1.406521E+03
    10.000  -171.786   1.408837E+03
    10.000  -176.540   1.411153E+03
    10.000  -181.295   1.413469E+03
    10.000  -186.049   1.415785E+03
    10.000  -190.804   1.418101E+03
    10.000  -195.558   1.420417E+03
    10.000  -200.313   1.422733E+03
    10.000  -205.067   1.425049E+03
    10.000  -209.821   1.427364E+03
    10.000  -214.576   1.429680E+03
    10.000  -219.330   1.431996E+03
    10.000  -228.839   1.436628E+03
    10.000  -238.348   1.441260E+03
    10.000  -247.857   1.445891E+03
    10.000  -257.366   1.450523E+03
    10.000  -266.875   1.455155E+03
    10.000  -276.384   1.459787E+03
    10.000  -285.893   1.464419E+03
    10.000  -290.647   1.466734E+03
    10.000  -295.402   1.469051E+03
    10.000  -300.156   1.471366E+03
    10.000  -304.911   1.473682E+03
    10.000  -314.420   1.478314E+03
    10.000  -323.929   1.482946E+03
    10.000  -333.438   1.487578E+03
    10.000  -342.946   1.492209E+03
    10.000  -352.455   1.496841E+03
    10.000  -361.964   1.501473E+03
    10.000  -371.473   1.506105E+03
    10.000  -380.982   1.510736E+03
    10.000  -390.491   1.515368E+03
    10.000  -400.000   1.520000E+03
    15.000    -0.657   0.000000E+00
    15.000    -1.132   1.051118E+01
    15.000    -2.083   3.123073E+01
    15.000    -2.559   4.143935E+01
    15.000    -3.034   5.151906E+01
    15.000    -3.509   6.149151E+01
    15.000    -3.985   7.137741E+01
    15.000    -4.460   8.113515E+01
    15.000    -5.171   9.554736E+01
    15.000    -5.886   1.082066E+02
    15.000    -6.362   1.164819E+02
    15.000    -6.837   1.246280E+02
    15.000    -7.313   1.326792E+02
    15.000    -8.264   1.484286E+02
    15.000    -9.214   1.637137E+02
    15.000   -10.165   1.785665E+02
    15.000   -11.116   1.929709E+02
    15.000   -12.223   2.091678E+02
    15.000   -13.018   2.204855E+02
    15.000   -13.968   2.337526E+02
    15.000   -14.919   2.467530E+02
    15.000   -16.821   2.719117E+02
    15.000   -18.101   2.882126E+02
    15.000   -20.624   3.278825E+02
    15.000   -23.421   3.696378E+02
    15.000   -24.427   3.841974E+02
    15.000   -26.329   4.116658E+02
    15.000   -28.231   4.390185E+02
    15.000   -30.132   4.662452E+02
    15.000   -32.034   4.933677E+02
    15.000   -33.936   5.203649E+02
    15.000   -35.837   5.472159E+02
    15.000   -38.690   5.872534E+02
    15.000   -41.542   6.269391E+02
    15.000   -44.395   6.662740E+02
    15.000   -47.247   7.052014E+02
    15.000   -50.099   7.437037E+02
    15.000   -52.952   7.817595E+02
    15.000   -55.804   8.193043E+02
    15.000   -58.657   8.563228E+02
    15.000   -61.509   8.927426E+02
    15.000   -64.362   9.285376E+02
    15.000   -67.214   9.636243E+02
    15.000   -71.968   1.020422E+03
    15.000   -76.722   1.074730E+03
    15.000   -81.476   1.126046E+03
    15.000   -86.231   1.173670E+03
    15.000   -90.985   1.216564E+03
    15.000   -95.739   1.253450E+03
    15.000  -100.493   1.283668E+03
    15.000  -105.247   1.307395E+03
    15.000  -108.321   1.320000E+03
    15.000  -114.755   1.332868E+03
    15.000  -119.509   1.342376E+03
    15.000  -124.263   1.351884E+03
    15.000  -129.017   1.361392E+03
    15.000  -133.771   1.370900E+03
    15.000  -138.525   1.380408E+03
    15.000  -143.280   1.389918E+03
    15.000  -148.034   1.399426E+03
    15.000  -152.788   1.402130E+03
    15.000  -157.542   1.404397E+03
    15.000  -162.296   1.406663E+03
    15.000  -167.050   1.408930E+03
    15.000  -171.804   1.411197E+03
    15.000  -176.558   1.413463E+03
    15.000  -181.312   1.415730E+03
    15.000  -186.066   1.417997E+03
    15.000  -190.820   1.420263E+03
    15.000  -195.574   1.422530E+03
    15.000  -200.329   1.424797E+03
    15.000  -205.083   1.427064E+03
    15.000  -209.837   1.429331E+03
    15.000  -214.591   1.431597E+03
    15.000  -219.345   1.433864E+03
    15.000  -228.853   1.438397E+03
    15.000  -238.361   1.442931E+03
    15.000  -247.869   1.447464E+03
    15.000  -257.378   1.451998E+03
    15.000  -266.886   1.456532E+03
    15.000  -276.394   1.461065E+03
    15.000  -285.902   1.465598E+03
    15.000  -290.656   1.467865E+03
    15.000  -295.410   1.470132E+03
    15.000  -300.164   1.472398E+03
    15.000  -304.918   1.474665E+03
    15.000  -314.427   1.479199E+03
    15.000  -323.935   1.483732E+03
    15.000  -333.443   1.488266E+03
    15.000  -342.951   1.492799E+03
    15.000  -352.459   1.497333E+03
    15.000  -361.967   1.501866E+03
    15.000  -371.476   1.506400E+03
    15.000  -380.984   1.510933E+03
    15.000  -390.492   1.515467E+03
    15.000  -400.000   1.520000E+03
    20.000    -0.616   0.000000E+00
    20.000    -1.091   1.052919E+01
    20.000    -2.042   3.130328E+01
    20.000    -2.518   4.154817E+01
    20.000    -2.993   5.167005E+01
    20.000    -3.469   6.171178E+01
    20.000    -3.944   7.163152E+01
    20.000    -4.420   8.147142E+01
    20.000    -4.827   8.979225E+01
    20.000    -5.846   1.079964E+02
    20.000    -6.321   1.163053E+02
    20.000    -6.797   1.245177E+02
    20.000    -7.272   1.325992E+02
    20.000    -8.223   1.484394E+02
    20.000    -9.174   1.638278E+02
    20.000   -10.125   1.787656E+02
    20.000   -11.076   1.932538E+02
    20.000   -12.190   2.096550E+02
    20.000   -12.978   2.209391E+02
    20.000   -13.929   2.343035E+02
    20.000   -14.880   2.473878E+02
    20.000   -16.782   2.727175E+02
    20.000   -18.194   2.908067E+02
    20.000   -20.585   3.286138E+02
    20.000   -22.487   3.573840E+02
    20.000   -23.517   3.725766E+02
    20.000   -26.291   4.129112E+02
    20.000   -28.193   4.404359E+02
    20.000   -30.094   4.678359E+02
    20.000   -31.996   4.951363E+02
    20.000   -33.898   5.223176E+02
    20.000   -35.800   5.493745E+02
    20.000   -38.653   5.897162E+02
    20.000   -41.505   6.297298E+02
    20.000   -44.358   6.694201E+02
    20.000   -47.211   7.087486E+02
    20.000   -50.064   7.476886E+02
    20.000   -52.916   7.861977E+02
    20.000   -55.769   8.242720E+02
    20.000   -58.622   8.618639E+02
    20.000   -61.475   8.989366E+02
    20.000   -64.327   9.354367E+02
    20.000   -67.180   9.713451E+02
    20.000   -71.935   1.029740E+03
    20.000   -76.689   1.086020E+03
    20.000   -81.444   1.139808E+03
    20.000   -86.198   1.190415E+03
    20.000   -90.953   1.236546E+03
    20.000   -95.707   1.275384E+03
    22.410  -100.433   1.320000E+03
    17.904  -105.230   1.329594E+03
    20.000  -109.971   1.339076E+03
    20.000  -114.726   1.348586E+03
    20.000  -119.480   1.358094E+03
    20.000  -124.235   1.367604E+03
    20.000  -128.989   1.377112E+03
    20.000  -133.744   1.386622E+03
    20.000  -138.499   1.396132E+03
    20.000  -143.253   1.401304E+03
    20.000  -148.008   1.403502E+03
    20.000  -152.762   1.405700E+03
    20.000  -157.517   1.407898E+03
    20.000  -162.271   1.410096E+03
    20.000  -167.026   1.412294E+03
    20.000  -171.781   1.414492E+03
    20.000  -176.535   1.416690E+03
    20.000  -181.290   1.418889E+03
    20.000  -186.044   1.421086E+03
    20.000  -190.799   1.423285E+03
    20.000  -195.553   1.425482E+03
    20.000  -200.308   1.427681E+03
    20.000  -205.063   1.429879E+03
    20.000  -209.817   1.432077E+03
    20.000  -214.572   1.434275E+03
    20.000  -219.326   1.436473E+03
    20.000  -228.835   1.440869E+03
    20.000  -238.345   1.445266E+03
    20.000  -247.854   1.449662E+03
    20.000  -257.363   1.454058E+03
    20.000  -266.872   1.458454E+03
    20.000  -276.381   1.462850E+03
    20.000  -285.890   1.467246E+03
    20.000  -290.645   1.469444E+03
    20.000  -295.399   1.471642E+03
    20.000  -300.154   1.473840E+03
    20.000  -304.909   1.476039E+03
    20.000  -314.418   1.480435E+03
    20.000  -323.927   1.484831E+03
    20.000  -333.436   1.489227E+03
    20.000  -342.945   1.493623E+03
    20.000  -352.454   1.498019E+03
    20.000  -361.963   1.502415E+03
    20.000  -371.473   1.506812E+03
    20.000  -380.982   1.511208E+03
    20.000  -390.491   1.515604E+03
    20.000  -400.000   1.520000E+03
    25.000    -0.535   0.000000E+00
    25.000    -1.011   1.056767E+01
    25.000    -1.962   3.137516E+01
    25.000    -2.437   4.161630E+01
    25.000    -2.913   5.177786E+01
    25.000    -3.388   6.181726E+01
    25.000    -3.864   7.177685E+01
    25.000    -4.483   8.459623E+01
    25.000    -4.815   9.066150E+01
    25.000    -5.766   1.076760E+02
    25.000    -6.242   1.160248E+02
    25.000    -6.717   1.242448E+02
    25.000    -7.193   1.323708E+02
    25.000    -8.144   1.482724E+02
    25.000    -9.095   1.637302E+02
    25.000   -10.046   1.787449E+02
    25.000   -10.997   1.933170E+02
    25.000   -12.157   2.104982E+02
    25.000   -12.899   2.211695E+02
    25.000   -13.851   2.346361E+02
    25.000   -14.802   2.478123E+02
    25.000   -16.704   2.733357E+02
    25.000   -18.287   2.937463E+02
    25.000   -20.508   3.290766E+02
    25.000   -22.410   3.581828E+02
    25.000   -23.613   3.760462E+02
    25.000   -26.215   4.141034E+02
    25.000   -28.117   4.418175E+02
    25.000   -30.019   4.694339E+02
    25.000   -31.922   4.969615E+02
    25.000   -33.824   5.243660E+02
    25.000   -35.726   5.516570E+02
    25.000   -38.579   5.923712E+02
    25.000   -41.433   6.328143E+02
    25.000   -44.286   6.729393E+02
    25.000   -47.139   7.127403E+02
    25.000   -49.993   7.522101E+02
    25.000   -52.846   7.912987E+02
    25.000   -55.699   8.299967E+02
    25.000   -58.553   8.682925E+02
    25.000   -61.406   9.061334E+02
    25.000   -64.259   9.435061E+02
    25.000   -67.113   9.803954E+02
    25.000   -71.868   1.040694E+03
    25.000   -76.624   1.099419E+03
    25.000   -81.379   1.156413E+03
    25.000   -86.135   1.211496E+03
    25.000   -90.890   1.263971E+03
    26.940   -95.610   1.320000E+03
    25.000  -100.401   1.329582E+03
    25.000  -105.157   1.339094E+03
    25.000  -109.912   1.348604E+03
    25.000  -114.668   1.358116E+03
    25.000  -119.423   1.367626E+03
    25.000  -124.179   1.377138E+03
    25.000  -128.934   1.386648E+03
    25.000  -133.690   1.396160E+03
    25.000  -138.446   1.401287E+03
    25.000  -143.201   1.403445E+03
    25.000  -147.957   1.405604E+03
    25.000  -152.712   1.407762E+03
    25.000  -157.468   1.409921E+03
    25.000  -162.223   1.412079E+03
    25.000  -166.979   1.414238E+03
    25.000  -171.734   1.416396E+03
    25.000  -176.490   1.418554E+03
    25.000  -181.245   1.420713E+03
    25.000  -186.001   1.422871E+03
    25.000  -190.756   1.425029E+03
    25.000  -195.512   1.427188E+03
    25.000  -200.268   1.429347E+03
    25.000  -205.023   1.431505E+03
    25.000  -209.779   1.433663E+03
    25.000  -214.534   1.435822E+03
    25.000  -219.290   1.437980E+03
    25.000  -228.801   1.442297E+03
    25.000  -238.312   1.446614E+03
    25.000  -247.823   1.450931E+03
    25.000  -257.334   1.455247E+03
    25.000  -266.845   1.459564E+03
    25.000  -276.356   1.463881E+03
    25.000  -285.867   1.468198E+03
    25.000  -290.623   1.470357E+03
    25.000  -295.378   1.472515E+03
    25.000  -300.134   1.474673E+03
    25.000  -304.889   1.476831E+03
    25.000  -314.400   1.481148E+03
    25.000  -323.911   1.485465E+03
    25.000  -333.423   1.489782E+03
    25.000  -342.934   1.494099E+03
    25.000  -352.445   1.498416E+03
    25.000  -361.956   1.502733E+03
    25.000  -371.467   1.507050E+03
    25.000  -380.978   1.511366E+03
    25.000  -390.489   1.515683E+03
    25.000  -400.000   1.520000E+03
    30.000    -0.413   0.000000E+00
    30.000    -0.889   1.053409E+01
    30.000    -1.840   3.131642E+01
    30.000    -2.316   4.158169E+01
    30.000    -2.791   5.173314E+01
    30.000    -3.267   6.181240E+01
    31.822    -3.714   7.212388E+01
    28.000    -4.276   8.180422E+01
    30.000    -4.694   8.988056E+01
    30.000    -5.646   1.069320E+02
    30.000    -6.121   1.152802E+02
    30.000    -6.597   1.235388E+02
    30.000    -7.073   1.316899E+02
    30.000    -8.024   1.476510E+02
    30.000    -8.976   1.631942E+02
    30.000    -9.927   1.782849E+02
    30.000   -10.878   1.929376E+02
    29.000   -12.131   2.113087E+02
    30.000   -12.781   2.210494E+02
    30.000   -13.733   2.346202E+02
    30.000   -14.684   2.479068E+02
    30.000   -16.587   2.736825E+02
    30.000   -18.380   2.969997E+02
    30.000   -20.392   3.292276E+02
    30.000   -22.295   3.586827E+02
    30.000   -23.708   3.798758E+02
    30.000   -26.101   4.151108E+02
    30.000   -28.004   4.430764E+02
    30.000   -29.906   4.709345E+02
    30.000   -31.809   4.987120E+02
    30.000   -33.712   5.263909E+02
    30.000   -35.615   5.539674E+02
    30.000   -38.469   5.951252E+02
    30.000   -41.323   6.360296E+02
    30.000   -44.177   6.766663E+02
    30.000   -47.031   7.170202E+02
    30.000   -49.886   7.570901E+02
    30.000   -52.740   7.968322E+02
    30.000   -55.594   8.362448E+02
    30.000   -58.448   8.753119E+02
    30.000   -61.302   9.140179E+02
    30.000   -64.157   9.523620E+02
    30.000   -67.011   9.903060E+02
    30.000   -71.768   1.052672E+03
    30.000   -76.525   1.113970E+03
    30.000   -81.282   1.174400E+03
    30.000   -86.039   1.234648E+03
    30.000   -92.353   1.320000E+03
    30.000   -95.553   1.326400E+03
    30.000  -100.310   1.335914E+03
    30.000  -105.067   1.345428E+03
    30.000  -109.824   1.354942E+03
    30.000  -114.581   1.364456E+03
    30.000  -119.338   1.373970E+03
    30.000  -124.095   1.383484E+03
    30.000  -128.852   1.392998E+03
    30.000  -133.609   1.400563E+03
    30.000  -138.366   1.402696E+03
    30.000  -143.123   1.404829E+03
    30.000  -147.880   1.406962E+03
    30.000  -152.637   1.409094E+03
    30.000  -157.394   1.411227E+03
    30.000  -162.151   1.413360E+03
    30.000  -166.908   1.415493E+03
    30.000  -171.665   1.417626E+03
    30.000  -176.422   1.419758E+03
    30.000  -181.179   1.421891E+03
    30.000  -185.936   1.424024E+03
    30.000  -190.693   1.426157E+03
    30.000  -195.450   1.428290E+03
    30.000  -200.207   1.430422E+03
    30.000  -204.963   1.432555E+03
    30.000  -209.720   1.434688E+03
    30.000  -214.477   1.436820E+03
    30.000  -219.234   1.438953E+03
    30.000  -228.748   1.443219E+03
    30.000  -238.262   1.447484E+03
    30.000  -247.776   1.451750E+03
    30.000  -257.290   1.456016E+03
    30.000  -266.804   1.460281E+03
    30.000  -276.318   1.464547E+03
    30.000  -285.832   1.468813E+03
    30.000  -290.589   1.470945E+03
    30.000  -295.346   1.473078E+03
    30.000  -300.103   1.475211E+03
    30.000  -304.860   1.477344E+03
    30.000  -314.374   1.481609E+03
    30.000  -323.888   1.485875E+03
    30.000  -333.402   1.490141E+03
    30.000  -342.916   1.494406E+03
    30.000  -352.430   1.498672E+03
    30.000  -361.944   1.502938E+03
    30.000  -371.458   1.507203E+03
    30.000  -380.972   1.511469E+03
    30.000  -390.486   1.515734E+03
    30.000  -400.000   1.520000E+03
    35.000    -0.333   0.000000E+00
    35.000    -0.809   1.071078E+01
    35.000    -1.760   3.179767E+01
    35.000    -2.236   4.219879E+01
    35.000    -2.712   5.249816E+01
    35.490    -3.175   6.269461E+01
    35.000    -3.664   7.182754E+01
    35.000    -4.139   8.067592E+01
    35.000    -4.615   8.944182E+01
    35.000    -5.567   1.066376E+02
    35.000    -6.043   1.150688E+02
    35.000    -6.518   1.233719E+02
    35.000    -6.994   1.315821E+02
    35.000    -7.946   1.476721E+02
    35.000    -8.897   1.633065E+02
    35.000    -9.849   1.785194E+02
    35.000   -10.800   1.932799E+02
    35.000   -11.922   2.100949E+02
    35.000   -12.704   2.215348E+02
    35.000   -13.655   2.351982E+02
    35.000   -14.607   2.486051E+02
    35.000   -16.510   2.745935E+02
    34.000   -18.454   2.996755E+02
    35.000   -20.316   3.303025E+02
    35.000   -22.220   3.600226E+02
    33.000   -23.766   3.822987E+02
    35.000   -26.026   4.170689E+02
    35.000   -27.929   4.452723E+02
    35.000   -29.832   4.734006E+02
    35.000   -31.735   5.014478E+02
    35.000   -33.639   5.294239E+02
    35.000   -35.542   5.572955E+02
    35.000   -38.397   5.989356E+02
    35.000   -41.251   6.403403E+02
    35.000   -44.106   6.815286E+02
    35.000   -46.961   7.224760E+02
    35.000   -49.816   7.631729E+02
    35.000   -52.670   8.035960E+02
    35.000   -55.525   8.437643E+02
    35.000   -58.380   8.836551E+02
    35.000   -61.235   9.232606E+02
    35.000   -64.089   9.625608E+02
    35.000   -66.944   1.001580E+03
    35.000   -71.702   1.065955E+03
    35.000   -76.460   1.129573E+03
    35.000   -81.218   1.192629E+03
    35.000   -85.976   1.255582E+03
    35.000   -90.780   1.320000E+03
    35.000   -95.492   1.329424E+03
    35.000  -100.250   1.338940E+03
    35.000  -105.008   1.348456E+03
    35.000  -109.766   1.357972E+03
    35.000  -114.524   1.367488E+03
    35.000  -119.282   1.377004E+03
    35.000  -124.039   1.386518E+03
    35.000  -128.797   1.396034E+03
    35.000  -133.555   1.401237E+03
    35.000  -138.313   1.403358E+03
    35.000  -143.071   1.405478E+03
    35.000  -147.829   1.407599E+03
    35.000  -152.587   1.409720E+03
    35.000  -157.345   1.411841E+03
    35.000  -162.103   1.413962E+03
    35.000  -166.861   1.416082E+03
    35.000  -171.619   1.418203E+03
    35.000  -176.377   1.420324E+03
    35.000  -181.135   1.422445E+03
    35.000  -185.893   1.424566E+03
    35.000  -190.651   1.426686E+03
    35.000  -195.409   1.428807E+03
    35.000  -200.167   1.430928E+03
    35.000  -204.924   1.433048E+03
    35.000  -209.682   1.435169E+03
    35.000  -214.440   1.437290E+03
    35.000  -219.198   1.439411E+03
    35.000  -228.714   1.443652E+03
    35.000  -238.230   1.447894E+03
    35.000  -247.746   1.452136E+03
    35.000  -257.262   1.456377E+03
    35.000  -266.778   1.460619E+03
    35.000  -276.294   1.464860E+03
    35.000  -285.809   1.469101E+03
    35.000  -290.567   1.471222E+03
    35.000  -295.325   1.473343E+03
    35.000  -300.083   1.475464E+03
    35.000  -304.841   1.477585E+03
    35.000  -314.357   1.481826E+03
    35.000  -323.873   1.486068E+03
    35.000  -333.389   1.490309E+03
    35.000  -342.905   1.494551E+03
    35.000  -352.421   1.498793E+03
    35.000  -361.936   1.503034E+03
    35.000  -371.452   1.507275E+03
    35.000  -380.968   1.511517E+03
    35.000  -390.484   1.515758E+03
    35.000  -400.000   1.520000E+03
    40.000    -0.199   0.000000E+00
    40.000    -0.675   1.073570E+01
    40.000    -1.627   3.195300E+01
    40.000    -2.103   4.243801E+01
    40.000    -2.512   5.127657E+01
    40.000    -3.055   6.166556E+01
    40.000    -3.531   7.066429E+01
    40.000    -4.007   7.955837E+01
    40.000    -4.483   8.834711E+01
    40.000    -5.434   1.055885E+02
    40.000    -5.910   1.140578E+02
    40.000    -6.386   1.224197E+02
    40.000    -6.862   1.306739E+02
    40.000    -7.814   1.468579E+02
    40.000    -8.766   1.626078E+02
    40.000    -9.718   1.779220E+02
    40.000   -10.670   1.927996E+02
    40.000   -11.749   2.091285E+02
    40.000   -12.574   2.213053E+02
    40.000   -13.526   2.351001E+02
    40.000   -14.478   2.486245E+02
    40.000   -16.381   2.748472E+02
    40.000   -18.326   3.004845E+02
    40.000   -20.189   3.309092E+02
    40.000   -22.093   3.609487E+02
    40.000   -23.635   3.844377E+02
    40.000   -25.900   4.184609E+02
    40.000   -27.804   4.469784E+02
    40.000   -29.708   4.754206E+02
    40.000   -31.612   5.037864E+02
    40.000   -33.516   5.320740E+02
    40.000   -35.420   5.602816E+02
    40.000   -38.275   6.024242E+02
    40.000   -41.131   6.443914E+02
    40.000   -43.987   6.861632E+02
    40.000   -46.842   7.277206E+02
    40.000   -49.698   7.690889E+02
    40.000   -52.554   8.102502E+02
    40.000   -55.410   8.512017E+02
    40.000   -58.265   8.919266E+02
    40.000   -61.121   9.324512E+02
    40.000   -63.977   9.727596E+02
    40.000   -66.833   1.012851E+03
    40.000   -71.592   1.079168E+03
    40.000   -76.352   1.144905E+03
    40.000   -81.111   1.210080E+03
    40.000   -85.871   1.274849E+03
    40.000   -89.207   1.320000E+03
    40.000   -95.390   1.332366E+03
    40.000  -100.149   1.341884E+03
    40.000  -104.909   1.351404E+03
    40.000  -109.668   1.360922E+03
    40.000  -114.428   1.370442E+03
    40.000  -119.187   1.379960E+03
    40.000  -123.947   1.389480E+03
    40.000  -128.706   1.398998E+03
    40.000  -133.466   1.401887E+03
    40.000  -138.226   1.403997E+03
    40.000  -142.985   1.406106E+03
    40.000  -147.745   1.408215E+03
    40.000  -152.504   1.410324E+03
    40.000  -157.264   1.412433E+03
    40.000  -162.023   1.414542E+03
    40.000  -166.783   1.416652E+03
    40.000  -171.542   1.418760E+03
    40.000  -176.302   1.420870E+03
    40.000  -181.061   1.422979E+03
    40.000  -185.821   1.425088E+03
    40.000  -190.580   1.427197E+03
    40.000  -195.340   1.429306E+03
    40.000  -200.100   1.431416E+03
    40.000  -204.859   1.433525E+03
    40.000  -209.619   1.435634E+03
    40.000  -214.378   1.437743E+03
    40.000  -219.138   1.439852E+03
    40.000  -228.657   1.444071E+03
    40.000  -238.176   1.448289E+03
    40.000  -247.695   1.452507E+03
    40.000  -257.214   1.456725E+03
    40.000  -266.733   1.460944E+03
    40.000  -276.252   1.465162E+03
    40.000  -285.771   1.469380E+03
    40.000  -290.531   1.471490E+03
    40.000  -295.290   1.473599E+03
    40.000  -300.050   1.475708E+03
    40.000  -304.809   1.477817E+03
    40.000  -314.328   1.482035E+03
    40.000  -323.847   1.486253E+03
    40.000  -333.367   1.490472E+03
    40.000  -342.886   1.494690E+03
    40.000  -352.405   1.498909E+03
    40.000  -361.924   1.503127E+03
    40.000  -371.443   1.507345E+03
    40.000  -380.962   1.511563E+03
    40.000  -390.481   1.515782E+03
    40.000  -400.000   1.520000E+03
    45.000    -0.108   0.000000E+00
    45.000    -0.584   1.065036E+01
    45.000    -1.536   3.172553E+01
    43.000    -2.071   4.308084E+01
    45.000    -2.488   5.149209E+01
    45.000    -2.964   6.068765E+01
    45.000    -3.440   6.978439E+01
    45.000    -3.916   7.877002E+01
    45.000    -4.393   8.766325E+01
    45.000    -5.345   1.050793E+02
    45.000    -5.821   1.136216E+02
    45.000    -6.297   1.220534E+02
    45.000    -6.773   1.303746E+02
    45.000    -7.725   1.466854E+02
    45.000    -8.677   1.625547E+02
    45.000    -9.629   1.779827E+02
    45.000   -10.581   1.929693E+02
    45.000   -11.575   2.081385E+02
    45.000   -12.486   2.217136E+02
    45.000   -13.438   2.356213E+02
    45.000   -14.390   2.492535E+02
    45.000   -16.294   2.756867E+02
    45.000   -18.198   3.009979E+02
    45.000   -20.103   3.323273E+02
    45.000   -22.007   3.626026E+02
    45.000   -23.541   3.862285E+02
    45.000   -25.815   4.207204E+02
    45.000   -27.720   4.495469E+02
    45.000   -29.624   4.782933E+02
    45.000   -31.528   5.069723E+02
    45.000   -33.432   5.355819E+02
    45.000   -35.337   5.641360E+02
    45.000   -38.193   6.068095E+02
    45.000   -41.049   6.493210E+02
    45.000   -43.906   6.916851E+02
    45.000   -46.762   7.338733E+02
    45.000   -49.618   7.759027E+02
    45.000   -52.475   8.177909E+02
    45.000   -55.331   8.595121E+02
    45.000   -58.188   9.010994E+02
    45.000   -61.044   9.425269E+02
    45.000   -63.900   9.838117E+02
    45.000   -66.757   1.024968E+03
    45.000   -71.517   1.093206E+03
    45.000   -76.278   1.160992E+03
    45.000   -81.039   1.228163E+03
    45.000   -87.634   1.320000E+03
    45.000   -90.560   1.325852E+03
    45.000   -95.320   1.335372E+03
    45.000  -100.081   1.344894E+03
    45.000  -104.842   1.354416E+03
    45.000  -109.602   1.363936E+03
    45.000  -114.363   1.373458E+03
    45.000  -119.123   1.382978E+03
    45.000  -123.884   1.392500E+03
    45.000  -128.645   1.400445E+03
    45.000  -133.405   1.402543E+03
    45.000  -138.166   1.404640E+03
    45.000  -142.927   1.406738E+03
    45.000  -147.687   1.408835E+03
    45.000  -152.448   1.410933E+03
    45.000  -157.208   1.413030E+03
    45.000  -161.969   1.415127E+03
    45.000  -166.730   1.417225E+03
    45.000  -171.490   1.419322E+03
    45.000  -176.251   1.421420E+03
    45.000  -181.012   1.423517E+03
    45.000  -185.772   1.425615E+03
    45.000  -190.533   1.427712E+03
    45.000  -195.293   1.429809E+03
    45.000  -200.054   1.431907E+03
    45.000  -204.815   1.434005E+03
    45.000  -209.575   1.436102E+03
    45.000  -214.336   1.438199E+03
    45.000  -219.096   1.440297E+03
    45.000  -228.618   1.444492E+03
    45.000  -238.139   1.448687E+03
    45.000  -247.660   1.452881E+03
    45.000  -257.181   1.457076E+03
    45.000  -266.703   1.461272E+03
    45.000  -276.224   1.465466E+03
    45.000  -285.745   1.469661E+03
    45.000  -290.506   1.471759E+03
    45.000  -295.266   1.473856E+03
    45.000  -300.027   1.475954E+03
    45.000  -304.788   1.478051E+03
    45.000  -314.309   1.482246E+03
    45.000  -323.830   1.486441E+03
    45.000  -333.351   1.490636E+03
    45.000  -342.873   1.494831E+03
    45.000  -352.394   1.499026E+03
    45.000  -361.915   1.503220E+03
    45.000  -371.436   1.507415E+03
    45.000  -380.958   1.511610E+03
    45.000  -390.479   1.515805E+03
    45.000  -400.000   1.520000E+03
    50.000    -0.126   0.000000E+00
    50.000    -0.602   1.089127E+01
    50.000    -1.554   3.240256E+01
    48.000    -2.109   4.464297E+01
    52.282    -2.522   5.366829E+01
    50.000    -2.982   6.201825E+01
    50.000    -3.458   7.118430E+01
    50.000    -3.934   8.022164E+01
    50.000    -4.410   8.914389E+01
    50.000    -5.362   1.066456E+02
    50.000    -5.838   1.152272E+02
    50.000    -6.315   1.237144E+02
    50.000    -6.791   1.320719E+02
    50.000    -7.743   1.484527E+02
    50.000    -8.695   1.643899E+02
    50.000    -9.647   1.798850E+02
    50.000   -10.599   1.949387E+02
    50.000   -11.401   2.072656E+02
    50.000   -12.503   2.238356E+02
    50.000   -13.455   2.378455E+02
    50.000   -14.407   2.515821E+02
    50.000   -16.311   2.782336E+02
    50.000   -18.216   3.037997E+02
    50.000   -20.120   3.354166E+02
    50.000   -22.024   3.659765E+02
    50.000   -23.448   3.881314E+02
    50.000   -25.832   4.246959E+02
    50.000   -27.736   4.538252E+02
    50.000   -29.641   4.829058E+02
    50.000   -31.545   5.119065E+02
    50.000   -33.449   5.408426E+02
    50.000   -35.353   5.697143E+02
    50.000   -38.209   6.129025E+02
    50.000   -41.065   6.559520E+02
    50.000   -43.922   6.988838E+02
    50.000   -46.778   7.416751E+02
    50.000   -49.634   7.843500E+02
    50.000   -52.490   8.269185E+02
    50.000   -55.347   8.694065E+02
    50.000   -58.203   9.117959E+02
    50.000   -61.059   9.541129E+02
    50.000   -63.915   9.963673E+02
    50.000   -66.772   1.038580E+03
    50.000   -71.532   1.108780E+03
    50.000   -76.292   1.178745E+03
    50.000   -81.053   1.248262E+03
    50.000   -86.061   1.320000E+03
    50.000   -90.574   1.329026E+03
    50.000   -95.334   1.338546E+03
    50.000  -100.095   1.348068E+03
    50.000  -104.855   1.357588E+03
    50.000  -109.615   1.367108E+03
    50.000  -114.376   1.376630E+03
    50.000  -119.136   1.386150E+03
    50.000  -123.897   1.395672E+03
    50.000  -128.657   1.401137E+03
    50.000  -133.417   1.403222E+03
    50.000  -138.178   1.405308E+03
    50.000  -142.938   1.407393E+03
    50.000  -147.699   1.409479E+03
    50.000  -152.459   1.411564E+03
    50.000  -157.219   1.413649E+03
    50.000  -161.980   1.415734E+03
    50.000  -166.740   1.417820E+03
    50.000  -171.501   1.419905E+03
    50.000  -176.261   1.421990E+03
    50.000  -181.021   1.424075E+03
    50.000  -185.782   1.426161E+03
    50.000  -190.542   1.428246E+03
    50.000  -195.303   1.430332E+03
    50.000  -200.063   1.432417E+03
    50.000  -204.823   1.434502E+03
    50.000  -209.584   1.436588E+03
    50.000  -214.344   1.438673E+03
    50.000  -219.105   1.440758E+03
    50.000  -228.625   1.444929E+03
    50.000  -238.146   1.449099E+03
    50.000  -247.667   1.453270E+03
    50.000  -257.188   1.457441E+03
    50.000  -266.709   1.461611E+03
    50.000  -276.229   1.465782E+03
    50.000  -285.750   1.469952E+03
    50.000  -290.511   1.472038E+03
    50.000  -295.271   1.474123E+03
    50.000  -300.032   1.476209E+03
    50.000  -304.792   1.478294E+03
    50.000  -314.313   1.482464E+03
    50.000  -323.834   1.486635E+03
    50.000  -333.354   1.490805E+03
    50.000  -342.875   1.494976E+03
    50.000  -352.396   1.499147E+03
    50.000  -361.917   1.503318E+03
    50.000  -371.438   1.507488E+03
    50.000  -380.958   1.511659E+03
    50.000  -390.479   1.515829E+03
    50.000  -400.000   1.520000E+03
    55.000    -0.160   0.000000E+00
    55.000    -0.636   1.107481E+01
    55.000    -1.588   3.288268E+01
    55.000    -2.064   4.354894E+01
    55.000    -2.540   5.416164E+01
    57.000    -2.976   6.443141E+01
    55.000    -3.492   7.365856E+01
    55.000    -3.968   8.263113E+01
    55.000    -4.444   9.151090E+01
    55.000    -5.396   1.089270E+02
    55.000    -5.872   1.174832E+02
    55.000    -6.348   1.259366E+02
    55.000    -6.824   1.342864E+02
    55.000    -7.776   1.506731E+02
    55.000    -8.728   1.666358E+02
    55.000    -9.680   1.821700E+02
    55.000   -10.632   1.972713E+02
    55.000   -11.227   2.064850E+02
    55.000   -12.536   2.263199E+02
    55.000   -13.488   2.404409E+02
    55.000   -14.440   2.542903E+02
    55.000   -16.344   2.811752E+02
    55.000   -18.248   3.069737E+02
    55.000   -20.152   3.389056E+02
    55.000   -22.056   3.697597E+02
    55.000   -23.354   3.901696E+02
    55.000   -25.864   4.291047E+02
    55.000   -27.768   4.585593E+02
    55.000   -29.672   4.879472E+02
    55.000   -31.576   5.172699E+02
    55.000   -33.480   5.465295E+02
    55.000   -35.384   5.757281E+02
    55.000   -38.240   6.194175E+02
    55.000   -41.096   6.629866E+02
    55.000   -43.952   7.064477E+02
    55.000   -46.808   7.498151E+02
    55.000   -49.664   7.931046E+02
    55.000   -52.520   8.363344E+02
    55.000   -55.376   8.795242E+02
    55.000   -58.232   9.226963E+02
    55.000   -61.088   9.658739E+02
    55.000   -63.944   1.009081E+03
    55.000   -66.800   1.052339E+03
    55.000   -71.560   1.124585E+03
    55.000   -76.320   1.196996E+03
    55.000   -81.080   1.269311E+03
    55.000   -84.488   1.320000E+03
    55.000   -90.600   1.332224E+03
    55.000   -95.360   1.341744E+03
    55.000  -100.120   1.351264E+03
    55.000  -104.880   1.360784E+03
    55.000  -109.640   1.370304E+03
    55.000  -114.400   1.379824E+03
    55.000  -119.160   1.389344E+03
    55.000  -123.920   1.398864E+03
    55.000  -128.680   1.401826E+03
    55.000  -133.440   1.403899E+03
    55.000  -138.200   1.405972E+03
    55.000  -142.960   1.408046E+03
    55.000  -147.720   1.410119E+03
    55.000  -152.480   1.412192E+03
    55.000  -157.240   1.414265E+03
    55.000  -162.000   1.416338E+03
    55.000  -166.760   1.418412E+03
    55.000  -171.520   1.420485E+03
    55.000  -176.280   1.422558E+03
    55.000  -181.040   1.424631E+03
    55.000  -185.800   1.426705E+03
    55.000  -190.560   1.428778E+03
    55.000  -195.320   1.430851E+03
    55.000  -200.080   1.432924E+03
    55.000  -204.840   1.434998E+03
    55.000  -209.600   1.437071E+03
    55.000  -214.360   1.439144E+03
    55.000  -219.120   1.441217E+03
    55.000  -228.640   1.445364E+03
    55.000  -238.160   1.449510E+03
    55.000  -247.680   1.453657E+03
    55.000  -257.200   1.457803E+03
    55.000  -266.720   1.461950E+03
    55.000  -276.240   1.466096E+03
    55.000  -285.760   1.470242E+03
    55.000  -290.520   1.472316E+03
    55.000  -295.280   1.474389E+03
    55.000  -300.040   1.476462E+03
    55.000  -304.800   1.478535E+03
    55.000  -314.320   1.482682E+03
    55.000  -323.840   1.486828E+03
    55.000  -333.360   1.490975E+03
    55.000  -342.880   1.495121E+03
    55.000  -352.400   1.499268E+03
    55.000  -361.920   1.503414E+03
    55.000  -371.440   1.507561E+03
    55.000  -380.960   1.511707E+03
    55.000  -390.480   1.515854E+03
    55.000  -400.000   1.520000E+03
    60.000    -0.107   0.000000E+00
    60.000    -0.583   1.139842E+01
    60.000    -1.535   3.390882E+01
    60.000    -2.011   4.501010E+01
    61.132    -2.479   5.661031E+01
    60.000    -2.963   6.497630E+01
    59.468    -3.445   7.322978E+01
    61.875    -3.902   8.208624E+01
    60.000    -4.392   9.110696E+01
    60.000    -5.344   1.087664E+02
    60.000    -5.820   1.174740E+02
    60.000    -6.296   1.260407E+02
    60.000    -6.772   1.344996E+02
    60.000    -7.724   1.510934E+02
    60.000    -8.676   1.672543E+02
    60.000    -9.628   1.829814E+02
    62.000   -10.984   2.053037E+02
    60.000   -11.533   2.130675E+02
    60.000   -12.485   2.276127E+02
    60.000   -13.437   2.418832E+02
    60.000   -14.389   2.558776E+02
    60.000   -16.293   2.830357E+02
    60.000   -18.197   3.090801E+02
    60.000   -20.102   3.413301E+02
    60.000   -22.006   3.724873E+02
    60.000   -23.261   3.924325E+02
    60.000   -25.814   4.324720E+02
    60.000   -27.719   4.622611E+02
    60.000   -29.623   4.919634E+02
    60.000   -31.527   5.215976E+02
    60.000   -33.431   5.511676E+02
    60.000   -35.336   5.806932E+02
    60.000   -38.192   6.248544E+02
    60.000   -41.048   6.689080E+02
    60.000   -43.905   7.128883E+02
    60.000   -46.761   7.567848E+02
    60.000   -49.618   8.006512E+02
    60.000   -52.474   8.444821E+02
    60.000   -55.330   8.883222E+02
    60.000   -58.187   9.322202E+02
    60.000   -61.043   9.761849E+02
    60.000   -63.899   1.020277E+03
    60.000   -66.756   1.064565E+03
    60.000   -71.516   1.138872E+03
    60.000   -76.277   1.214026E+03
    60.000   -82.915   1.320000E+03
    60.000   -85.798   1.325766E+03
    60.000   -90.559   1.335288E+03
    60.000   -95.320   1.344810E+03
    60.000  -100.080   1.354330E+03
    60.000  -104.841   1.363852E+03
    60.000  -109.602   1.373374E+03
    60.000  -114.362   1.382894E+03
    60.000  -119.123   1.392416E+03
    60.000  -123.883   1.400419E+03
    60.000  -128.644   1.402481E+03
    60.000  -133.405   1.404543E+03
    60.000  -138.165   1.406604E+03
    60.000  -142.926   1.408666E+03
    60.000  -147.687   1.410728E+03
    60.000  -152.447   1.412790E+03
    60.000  -157.208   1.414852E+03
    60.000  -161.968   1.416913E+03
    60.000  -166.729   1.418975E+03
    60.000  -171.490   1.421037E+03
    60.000  -176.250   1.423098E+03
    60.000  -181.011   1.425160E+03
    60.000  -185.772   1.427222E+03
    60.000  -190.532   1.429284E+03
    60.000  -195.293   1.431345E+03
    60.000  -200.054   1.433407E+03
    60.000  -204.814   1.435469E+03
    60.000  -209.575   1.437531E+03
    60.000  -214.335   1.439592E+03
    60.000  -219.096   1.441654E+03
    60.000  -228.617   1.445777E+03
    60.000  -238.139   1.449901E+03
    60.000  -247.660   1.454025E+03
    60.000  -257.181   1.458148E+03
    60.000  -266.702   1.462271E+03
    60.000  -276.224   1.466395E+03
    60.000  -285.745   1.470518E+03
    60.000  -290.505   1.472580E+03
    60.000  -295.266   1.474642E+03
    60.000  -300.027   1.476704E+03
    60.000  -304.787   1.478765E+03
    60.000  -314.309   1.482889E+03
    60.000  -323.830   1.487012E+03
    60.000  -333.351   1.491136E+03
    60.000  -342.872   1.495259E+03
    60.000  -352.394   1.499383E+03
    60.000  -361.915   1.503506E+03
    60.000  -371.436   1.507629E+03
    60.000  -380.957   1.511753E+03
    60.000  -390.479   1.515877E+03
    60.000  -400.000   1.520000E+03
    65.000    -0.069   0.000000E+00
    65.000    -0.545   1.210802E+01
    65.000    -1.497   3.608423E+01
    65.309    -1.976   4.820690E+01
    65.000    -2.450   5.726634E+01
    65.000    -2.926   6.611472E+01
    65.000    -3.402   7.469744E+01
    65.000    -3.878   8.308586E+01
    64.285    -4.359   9.103159E+01
    67.000    -4.875   1.011125E+02
    65.000    -5.782   1.175088E+02
    65.000    -6.258   1.262209E+02
    65.000    -6.735   1.348293E+02
    65.000    -7.687   1.516615E+02
    65.000    -8.639   1.680314E+02
    65.000    -9.591   1.839395E+02
    65.000   -10.966   2.062146E+02
    65.000   -11.496   2.145427E+02
    65.000   -12.448   2.292759E+02
    65.000   -13.400   2.437238E+02
    65.000   -14.352   2.578860E+02
    65.000   -16.257   2.853650E+02
    65.000   -18.161   3.116806E+02
    65.000   -20.066   3.442484E+02
    65.000   -21.970   3.757116E+02
    65.000   -23.167   3.949300E+02
    65.000   -25.779   4.363306E+02
    65.000   -27.683   4.664055E+02
    65.000   -29.588   4.964153E+02
    65.000   -31.492   5.263345E+02
    65.000   -33.397   5.562009E+02
    65.000   -35.301   5.859899E+02
    65.000   -38.158   6.305855E+02
    65.000   -41.014   6.750658E+02
    65.000   -43.871   7.194861E+02
    65.000   -46.728   7.638567E+02
    65.000   -49.584   8.081898E+02
    65.000   -52.441   8.525471E+02
    65.000   -55.298   8.969486E+02
    65.000   -58.154   9.414205E+02
    65.000   -61.011   9.860459E+02
    65.000   -63.868   1.030877E+03
    65.000   -66.724   1.075990E+03
    65.000   -71.485   1.152170E+03
    65.000   -76.246   1.230796E+03
    65.000   -81.342   1.320000E+03
    65.000   -85.769   1.328854E+03
    65.000   -90.530   1.338376E+03
    65.000   -95.291   1.347898E+03
    65.000  -100.052   1.357420E+03
    65.000  -104.813   1.366942E+03
    65.000  -109.574   1.376464E+03
    65.000  -114.335   1.385986E+03
    65.000  -119.096   1.395508E+03
    65.000  -123.857   1.401083E+03
    65.000  -128.618   1.403133E+03
    65.000  -133.379   1.405184E+03
    65.000  -138.140   1.407234E+03
    65.000  -142.902   1.409284E+03
    65.000  -147.663   1.411335E+03
    65.000  -152.424   1.413385E+03
    65.000  -157.185   1.415435E+03
    65.000  -161.946   1.417486E+03
    65.000  -166.707   1.419536E+03
    65.000  -171.468   1.421586E+03
    65.000  -176.229   1.423636E+03
    65.000  -180.990   1.425687E+03
    65.000  -185.751   1.427737E+03
    65.000  -190.512   1.429787E+03
    65.000  -195.273   1.431837E+03
    65.000  -200.035   1.433888E+03
    65.000  -204.796   1.435938E+03
    65.000  -209.557   1.437989E+03
    65.000  -214.318   1.440039E+03
    65.000  -219.079   1.442089E+03
    65.000  -228.601   1.446190E+03
    65.000  -238.123   1.450290E+03
    65.000  -247.645   1.454391E+03
    65.000  -257.168   1.458491E+03
    65.000  -266.690   1.462592E+03
    65.000  -276.212   1.466693E+03
    65.000  -285.734   1.470793E+03
    65.000  -290.495   1.472843E+03
    65.000  -295.256   1.474894E+03
    65.000  -300.017   1.476944E+03
    65.000  -304.778   1.478994E+03
    65.000  -314.301   1.483095E+03
    65.000  -323.823   1.487195E+03
    65.000  -333.345   1.491296E+03
    65.000  -342.867   1.495397E+03
    65.000  -352.389   1.499497E+03
    65.000  -361.911   1.503598E+03
    65.000  -371.434   1.507698E+03
    65.000  -380.956   1.511799E+03
    65.000  -390.478   1.515899E+03
    65.000  -400.000   1.520000E+03
    70.000    -0.113   0.000000E+00
    70.000    -0.589   1.328973E+01
    70.000    -1.411   3.599396E+01
    70.000    -2.017   4.875396E+01
    70.000    -2.493   5.845830E+01
    70.000    -2.969   6.788500E+01
    70.000    -3.445   7.703789E+01
    70.000    -3.921   8.592046E+01
    70.000    -4.398   9.451638E+01
    70.000    -5.350   1.111843E+02
    72.200    -5.818   1.205949E+02
    70.000    -6.302   1.286990E+02
    70.000    -6.778   1.373481E+02
    70.000    -7.730   1.543399E+02
    70.000    -8.682   1.708671E+02
    70.000    -9.634   1.869287E+02
    70.000   -10.935   2.081157E+02
    70.000   -11.538   2.177129E+02
    70.000   -12.490   2.326165E+02
    70.000   -13.443   2.472393E+02
    70.000   -14.395   2.615537E+02
    70.000   -16.299   2.893119E+02
    70.000   -18.203   3.159210E+02
    70.000   -20.107   3.488184E+02
    70.000   -22.012   3.805889E+02
    70.000   -23.074   3.978010E+02
    70.000   -25.820   4.417458E+02
    70.000   -27.724   4.720837E+02
    70.000   -29.628   5.023256E+02
    70.000   -31.533   5.324983E+02
    70.000   -33.437   5.625807E+02
    70.000   -35.341   5.925986E+02
    70.000   -38.197   6.375223E+02
    70.000   -41.054   6.823678E+02
    70.000   -43.910   7.271321E+02
    70.000   -46.766   7.718598E+02
    70.000   -49.623   8.165960E+02
    70.000   -52.479   8.613410E+02
    70.000   -55.335   9.061457E+02
    70.000   -58.192   9.510660E+02
    70.000   -61.048   9.961180E+02
    70.000   -63.904   1.041374E+03
    70.000   -66.761   1.086921E+03
    70.000   -71.521   1.163603E+03
    70.000   -76.282   1.241766E+03
    70.000   -80.942   1.320000E+03
    70.000   -85.803   1.329722E+03
    70.000   -90.564   1.339244E+03
    70.000   -95.324   1.348764E+03
    70.000  -100.085   1.358286E+03
    70.000  -104.845   1.367806E+03
    70.000  -109.606   1.377328E+03
    70.000  -114.366   1.386848E+03
    70.000  -119.127   1.396370E+03
    70.000  -123.888   1.401267E+03
    70.000  -128.648   1.403314E+03
    70.000  -133.409   1.405361E+03
    70.000  -138.169   1.407408E+03
    70.000  -142.930   1.409455E+03
    70.000  -147.690   1.411502E+03
    70.000  -152.451   1.413549E+03
    70.000  -157.211   1.415596E+03
    70.000  -161.972   1.417644E+03
    70.000  -166.733   1.419691E+03
    70.000  -171.493   1.421738E+03
    70.000  -176.254   1.423785E+03
    70.000  -181.014   1.425832E+03
    70.000  -185.775   1.427879E+03
    70.000  -190.535   1.429926E+03
    70.000  -195.296   1.431974E+03
    70.000  -200.057   1.434021E+03
    70.000  -204.817   1.436068E+03
    70.000  -209.578   1.438115E+03
    70.000  -214.338   1.440162E+03
    70.000  -219.099   1.442209E+03
    70.000  -228.620   1.446303E+03
    70.000  -238.141   1.450398E+03
    70.000  -247.662   1.454492E+03
    70.000  -257.183   1.458586E+03
    70.000  -266.704   1.462680E+03
    70.000  -276.225   1.466775E+03
    70.000  -285.747   1.470869E+03
    70.000  -290.507   1.472916E+03
    70.000  -295.268   1.474963E+03
    70.000  -300.028   1.477010E+03
    70.000  -304.789   1.479058E+03
    70.000  -314.310   1.483152E+03
    70.000  -323.831   1.487246E+03
    70.000  -333.352   1.491340E+03
    70.000  -342.873   1.495434E+03
    70.000  -352.394   1.499529E+03
    70.000  -361.916   1.503623E+03
    70.000  -371.437   1.507717E+03
    70.000  -380.958   1.511812E+03
    70.000  -390.479   1.515906E+03
    70.000  -400.000   1.520000E+03
    75.000    -0.094   0.000000E+00
    75.000    -0.570   1.339615E+01
    75.000    -1.674   4.413111E+01
    75.000    -1.998   5.098148E+01
    75.000    -2.474   6.085932E+01
    75.000    -2.950   7.047525E+01
    75.000    -3.427   7.985277E+01
    75.000    -3.903   8.895209E+01
    75.000    -4.379   9.779246E+01
    75.000    -5.331   1.146966E+02
    75.000    -5.807   1.228366E+02
    74.000    -6.144   1.275384E+02
    75.000    -6.759   1.395173E+02
    75.000    -7.711   1.567102E+02
    75.000    -8.663   1.734521E+02
    75.000    -9.616   1.897466E+02
    77.000   -10.892   2.121874E+02
    75.000   -11.520   2.208032E+02
    75.000   -12.472   2.357915E+02
    75.000   -13.424   2.504935E+02
    75.000   -14.376   2.649116E+02
    75.000   -16.281   2.929237E+02
    75.000   -18.185   3.198703E+02
    75.000   -20.089   3.531319E+02
    75.000   -21.994   3.851428E+02
    75.000   -22.980   4.012140E+02
    75.000   -25.802   4.467216E+02
    75.000   -27.707   4.772670E+02
    75.000   -29.611   5.076836E+02
    75.000   -31.515   5.380077E+02
    75.000   -33.420   5.682711E+02
    75.000   -35.324   5.984550E+02
    75.000   -38.180   6.436326E+02
    75.000   -41.037   6.887412E+02
    75.000   -43.893   7.337787E+02
    75.000   -46.750   7.788047E+02
    75.000   -49.606   8.238155E+02
    75.000   -52.463   8.688711E+02
    75.000   -55.319   9.139700E+02
    75.000   -58.176   9.591758E+02
    75.000   -61.032   1.004492E+03
    75.000   -63.889   1.049987E+03
    75.000   -66.745   1.095668E+03
    75.000   -71.506   1.172351E+03
    75.000   -76.267   1.249819E+03
    75.000   -80.543   1.320000E+03
    75.000   -85.788   1.330490E+03
    75.000   -90.549   1.340012E+03
    75.000   -95.310   1.349534E+03
    75.000  -100.071   1.359056E+03
    75.000  -104.831   1.368576E+03
    75.000  -109.592   1.378098E+03
    75.000  -114.353   1.387620E+03
    75.000  -119.114   1.397142E+03
    75.000  -123.874   1.401430E+03
    75.000  -128.635   1.403475E+03
    75.000  -133.396   1.405519E+03
    75.000  -138.157   1.407564E+03
    75.000  -142.918   1.409608E+03
    75.000  -147.678   1.411652E+03
    75.000  -152.439   1.413696E+03
    75.000  -157.200   1.415741E+03
    75.000  -161.961   1.417785E+03
    75.000  -166.722   1.419829E+03
    75.000  -171.482   1.421873E+03
    75.000  -176.243   1.423918E+03
    75.000  -181.004   1.425962E+03
    75.000  -185.765   1.428007E+03
    75.000  -190.525   1.430051E+03
    75.000  -195.286   1.432095E+03
    75.000  -200.047   1.434139E+03
    75.000  -204.808   1.436184E+03
    75.000  -209.569   1.438228E+03
    75.000  -214.329   1.440272E+03
    75.000  -219.090   1.442316E+03
    75.000  -228.612   1.446405E+03
    75.000  -238.133   1.450494E+03
    75.000  -247.655   1.454582E+03
    75.000  -257.176   1.458671E+03
    75.000  -266.698   1.462760E+03
    75.000  -276.220   1.466848E+03
    75.000  -285.741   1.470937E+03
    75.000  -290.502   1.472981E+03
    75.000  -295.263   1.475025E+03
    75.000  -300.024   1.477070E+03
    75.000  -304.784   1.479114E+03
    75.000  -314.306   1.483203E+03
    75.000  -323.827   1.487291E+03
    75.000  -333.349   1.491380E+03
    75.000  -342.871   1.495469E+03
    75.000  -352.392   1.499557E+03
    75.000  -361.914   1.503646E+03
    75.000  -371.435   1.507734E+03
    75.000  -380.957   1.511823E+03
    75.000  -390.478   1.515911E+03
    75.000  -400.000   1.520000E+03
    80.000    -0.084   0.000000E+00
    80.000    -0.560   1.358783E+01
    80.000    -1.512   4.047754E+01
    80.000    -1.936   5.234786E+01
    80.000    -2.464   6.357459E+01
    80.000    -2.941   7.347178E+01
    80.000    -3.417   8.309144E+01
    80.000    -3.893   9.245434E+01
    80.000    -4.369   1.015602E+02
    80.000    -5.321   1.190000E+02
    80.000    -5.797   1.273335E+02
    80.000    -6.273   1.354020E+02
    81.000    -6.978   1.479663E+02
    80.000    -7.701   1.601703E+02
    80.000    -8.654   1.769756E+02
    80.000    -9.606   1.932577E+02
    80.000   -10.877   2.143182E+02
    80.000   -11.510   2.245141E+02
    80.000   -12.462   2.395753E+02
    80.000   -13.415   2.543220E+02
    80.000   -14.367   2.687184E+02
    80.000   -16.271   2.964863E+02
    80.000   -18.175   3.261458E+02
    80.000   -20.080   3.591931E+02
    82.000   -22.849   4.077002E+02
    80.000   -23.889   4.219590E+02
    80.000   -25.793   4.525710E+02
    80.000   -27.697   4.830998E+02
    80.000   -29.602   5.135668E+02
    80.000   -31.506   5.439487E+02
    80.000   -33.410   5.742710E+02
    80.000   -35.315   6.045590E+02
    80.000   -38.171   6.498894E+02
    80.000   -41.028   6.951700E+02
    80.000   -43.884   7.403944E+02
    80.000   -46.741   7.856178E+02
    80.000   -49.597   8.308317E+02
    80.000   -52.454   8.760906E+02
    80.000   -55.310   9.213854E+02
    80.000   -58.167   9.667706E+02
    80.000   -61.024   1.012253E+03
    80.000   -63.880   1.057836E+03
    80.000   -66.737   1.103571E+03
    80.000   -71.498   1.180110E+03
    80.000   -76.258   1.257029E+03
    80.000   -80.143   1.320000E+03
    80.000   -85.780   1.331274E+03
    80.000   -90.541   1.340796E+03
    80.000   -95.302   1.350318E+03
    80.000  -100.063   1.359840E+03
    80.000  -104.824   1.369362E+03
    80.000  -109.585   1.378884E+03
    80.000  -114.346   1.388406E+03
    80.000  -119.107   1.397928E+03
    80.000  -123.868   1.401597E+03
    80.000  -128.628   1.403638E+03
    80.000  -133.389   1.405680E+03
    80.000  -138.150   1.407721E+03
    80.000  -142.911   1.409763E+03
    80.000  -147.672   1.411804E+03
    80.000  -152.433   1.413846E+03
    80.000  -157.194   1.415887E+03
    80.000  -161.955   1.417929E+03
    80.000  -166.716   1.419970E+03
    80.000  -171.477   1.422012E+03
    80.000  -176.237   1.424053E+03
    80.000  -180.998   1.426094E+03
    80.000  -185.759   1.428136E+03
    80.000  -190.520   1.430177E+03
    80.000  -195.281   1.432218E+03
    80.000  -200.042   1.434260E+03
    80.000  -204.803   1.436301E+03
    80.000  -209.564   1.438343E+03
    80.000  -214.325   1.440384E+03
    80.000  -219.086   1.442426E+03
    80.000  -228.607   1.446508E+03
    80.000  -238.129   1.450591E+03
    80.000  -247.651   1.454674E+03
    80.000  -257.173   1.458757E+03
    80.000  -266.695   1.462840E+03
    80.000  -276.216   1.466923E+03
    80.000  -285.738   1.471006E+03
    80.000  -290.499   1.473047E+03
    80.000  -295.260   1.475088E+03
    80.000  -300.021   1.477130E+03
    80.000  -304.782   1.479171E+03
    80.000  -314.304   1.483254E+03
    80.000  -323.826   1.487337E+03
    80.000  -333.347   1.491420E+03
    80.000  -342.869   1.495503E+03
    80.000  -352.391   1.499586E+03
    80.000  -361.913   1.503669E+03
    80.000  -371.435   1.507752E+03
    80.000  -380.956   1.511834E+03
    80.000  -390.478   1.515917E+03
    80.000  -400.000   1.520000E+03
    85.000    -0.087   0.000000E+00
    85.000    -0.563   1.382567E+01
    85.000    -1.515   4.119687E+01
    85.000    -2.226   6.140502E+01
    85.000    -2.467   6.662495E+01
    85.000    -2.944   7.677834E+01
    85.000    -3.420   8.668952E+01
    85.000    -3.896   9.634043E+01
    85.000    -4.372   1.057306E+02
    85.000    -5.324   1.237270E+02
    85.000    -5.800   1.323314E+02
    85.000    -6.276   1.406726E+02
    85.000    -6.752   1.487689E+02
    85.000    -7.407   1.595552E+02
    85.000    -8.657   1.819334E+02
    85.000    -9.609   1.984459E+02
    85.000   -10.853   2.192742E+02
    85.000   -11.513   2.300243E+02
    85.000   -12.465   2.452522E+02
    85.000   -13.417   2.601467E+02
    85.000   -14.370   2.747192E+02
    85.000   -16.274   3.028175E+02
    84.000   -17.388   3.175028E+02
    85.000   -20.083   3.657828E+02
    85.000   -22.854   4.116659E+02
    85.000   -23.891   4.283612E+02
    85.000   -25.796   4.589489E+02
    85.000   -27.700   4.894385E+02
    85.000   -29.604   5.198637E+02
    85.000   -31.509   5.502534E+02
    85.000   -33.413   5.805857E+02
    85.000   -35.317   6.108846E+02
    85.000   -38.174   6.562992E+02
    85.000   -41.030   7.016586E+02
    85.000   -43.887   7.470126E+02
    85.000   -46.744   7.923629E+02
    85.000   -49.600   8.377102E+02
    85.000   -52.457   8.831028E+02
    85.000   -55.313   9.285244E+02
    85.000   -58.170   9.740214E+02
    85.000   -61.026   1.019575E+03
    85.000   -63.883   1.065226E+03
    85.000   -66.739   1.110948E+03
    85.000   -71.500   1.187358E+03
    85.000   -76.261   1.263946E+03
    85.000   -79.744   1.320000E+03
    85.000   -85.783   1.332078E+03
    85.000   -90.544   1.341600E+03
    85.000   -95.304   1.351120E+03
    85.000  -100.065   1.360642E+03
    85.000  -104.826   1.370164E+03
    85.000  -109.587   1.379686E+03
    85.000  -114.348   1.389208E+03
    85.000  -119.109   1.398730E+03
    85.000  -123.870   1.401767E+03
    85.000  -128.630   1.403805E+03
    85.000  -133.391   1.405843E+03
    85.000  -138.152   1.407882E+03
    85.000  -142.913   1.409921E+03
    85.000  -147.674   1.411959E+03
    85.000  -152.435   1.413998E+03
    85.000  -157.196   1.416036E+03
    85.000  -161.957   1.418075E+03
    85.000  -166.717   1.420113E+03
    85.000  -171.478   1.422151E+03
    85.000  -176.239   1.424190E+03
    85.000  -181.000   1.426229E+03
    85.000  -185.761   1.428267E+03
    85.000  -190.522   1.430306E+03
    85.000  -195.283   1.432344E+03
    85.000  -200.044   1.434383E+03
    85.000  -204.804   1.436421E+03
    85.000  -209.565   1.438460E+03
    85.000  -214.326   1.440498E+03
    85.000  -219.087   1.442537E+03
    85.000  -228.609   1.446614E+03
    85.000  -238.130   1.450691E+03
    85.000  -247.652   1.454768E+03
    85.000  -257.174   1.458845E+03
    85.000  -266.696   1.462922E+03
    85.000  -276.217   1.466999E+03
    85.000  -285.739   1.471076E+03
    85.000  -290.500   1.473114E+03
    85.000  -295.261   1.475153E+03
    85.000  -300.022   1.477191E+03
    85.000  -304.783   1.479230E+03
    85.000  -314.304   1.483307E+03
    85.000  -323.826   1.487384E+03
    85.000  -333.348   1.491461E+03
    85.000  -342.870   1.495538E+03
    85.000  -352.391   1.499615E+03
    85.000  -361.913   1.503692E+03
    85.000  -371.435   1.507769E+03
    85.000  -380.957   1.511846E+03
    85.000  -390.478   1.515923E+03
    85.000  -400.000   1.520000E+03
    90.000    -0.098   0.000000E+00
    90.000    -0.574   1.418924E+01
    90.000    -1.526   4.226352E+01
    90.000    -2.002   5.613737E+01
    89.000    -2.458   6.900020E+01
    90.000    -2.954   8.060874E+01
    90.000    -3.431   9.094481E+01
    90.000    -3.907   1.009386E+02
    90.000    -4.383   1.106727E+02
    90.000    -5.335   1.293532E+02
    90.000    -5.811   1.382902E+02
    90.000    -6.287   1.469553E+02
    90.000    -6.763   1.553456E+02
    90.000    -7.943   1.755636E+02
    90.000    -8.667   1.886190E+02
    90.000    -9.619   2.053750E+02
    90.000   -10.829   2.258495E+02
    90.000   -11.524   2.372673E+02
    90.000   -12.476   2.528495E+02
    90.000   -13.428   2.680102E+02
    90.000   -14.380   2.827577E+02
    90.000   -16.285   3.110455E+02
    89.000   -17.343   3.241539E+02
    90.000   -20.093   3.733815E+02
    90.000   -22.863   4.188072E+02
    90.000   -23.902   4.354014E+02
    90.000   -25.806   4.657645E+02
    90.000   -27.710   4.960946E+02
    90.000   -29.615   5.264207E+02
    90.000   -31.519   5.567172E+02
    90.000   -33.423   5.870035E+02
    90.000   -35.327   6.172817E+02
    90.000   -38.184   6.627030E+02
    90.000   -41.040   7.081010E+02
    90.000   -43.897   7.535160E+02
    90.000   -46.753   7.989258E+02
    90.000   -49.610   8.443725E+02
    90.000   -52.466   8.898349E+02
    90.000   -55.323   9.353548E+02
    90.000   -58.179   9.809091E+02
    90.000   -61.035   1.026520E+03
    90.000   -63.892   1.072207E+03
    90.000   -66.748   1.117936E+03
    90.000   -71.509   1.194282E+03
    90.000   -76.270   1.270697E+03
    90.000   -79.344   1.320000E+03
    90.000   -85.791   1.332894E+03
    90.000   -90.552   1.342416E+03
    90.000   -95.313   1.351938E+03
    90.000  -100.074   1.361460E+03
    90.000  -104.834   1.370980E+03
    90.000  -109.595   1.380502E+03
    90.000  -114.356   1.390024E+03
    90.000  -119.116   1.399544E+03
    90.000  -123.877   1.401938E+03
    90.000  -128.638   1.403974E+03
    90.000  -133.399   1.406009E+03
    90.000  -138.159   1.408045E+03
    90.000  -142.920   1.410080E+03
    90.000  -147.681   1.412116E+03
    90.000  -152.442   1.414152E+03
    90.000  -157.202   1.416187E+03
    90.000  -161.963   1.418223E+03
    90.000  -166.724   1.420258E+03
    90.000  -171.485   1.422294E+03
    90.000  -176.245   1.424329E+03
    90.000  -181.006   1.426365E+03
    90.000  -185.767   1.428400E+03
    90.000  -190.528   1.430436E+03
    90.000  -195.288   1.432471E+03
    90.000  -200.049   1.434507E+03
    90.000  -204.810   1.436543E+03
    90.000  -209.570   1.438578E+03
    90.000  -214.331   1.440614E+03
    90.000  -219.092   1.442649E+03
    90.000  -228.613   1.446720E+03
    90.000  -238.135   1.450791E+03
    90.000  -247.656   1.454862E+03
    90.000  -257.178   1.458934E+03
    90.000  -266.699   1.463005E+03
    90.000  -276.221   1.467076E+03
    90.000  -285.742   1.471147E+03
    90.000  -290.503   1.473182E+03
    90.000  -295.264   1.475218E+03
    90.000  -300.025   1.477254E+03
    90.000  -304.785   1.479289E+03
    90.000  -314.307   1.483360E+03
    90.000  -323.828   1.487431E+03
    90.000  -333.350   1.491502E+03
    90.000  -342.871   1.495573E+03
    90.000  -352.393   1.499645E+03
    90.000  -361.914   1.503716E+03
    90.000  -371.436   1.507787E+03
    90.000  -380.957   1.511858E+03
    90.000  -390.479   1.515929E+03
    90.000  -400.000   1.520000E+03
    95.000    -0.085   0.000000E+00
    95.000    -0.561   1.461694E+01
    95.000    -1.513   4.355652E+01
    95.000    -1.989   5.788045E+01
    95.000    -2.603   7.617638E+01
    96.076    -2.900   8.401766E+01
    95.000    -3.418   9.484743E+01
    95.000    -3.894   1.054557E+02
    95.000    -4.370   1.158806E+02
    95.000    -5.322   1.359385E+02
    95.000    -5.798   1.455561E+02
    95.000    -6.274   1.549022E+02
    98.292    -6.664   1.681230E+02
    95.000    -7.702   1.811302E+02
    97.000    -8.694   2.031699E+02
    95.000    -9.607   2.151811E+02
    93.000   -10.814   2.314246E+02
    95.000   -11.511   2.486234E+02
    95.000   -12.463   2.642791E+02
    95.000   -13.416   2.795013E+02
    95.000   -14.368   2.942933E+02
    95.000   -16.272   3.226323E+02
    95.000   -18.176   3.494552E+02
    95.000   -20.081   3.816053E+02
    95.000   -22.871   4.262770E+02
    95.000   -23.889   4.422329E+02
    95.000   -25.794   4.722207E+02
    95.000   -27.698   5.023009E+02
    95.000   -29.603   5.324677E+02
    95.000   -31.507   5.626641E+02
    95.000   -33.411   5.928899E+02
    95.000   -35.316   6.231504E+02
    95.000   -38.172   6.685415E+02
    95.000   -41.029   7.139686E+02
    95.000   -43.885   7.593990E+02
    95.000   -46.742   8.048680E+02
    95.000   -49.598   8.503498E+02
    95.000   -52.455   8.958831E+02
    95.000   -55.311   9.414425E+02
    95.000   -58.168   9.870657E+02
    95.000   -61.024   1.032724E+03
    95.000   -63.881   1.078450E+03
    95.000   -66.738   1.124224E+03
    95.000   -71.498   1.200571E+03
    95.000   -76.259   1.276966E+03
    95.000   -78.944   1.320000E+03
    95.000   -85.781   1.333674E+03
    95.000   -90.542   1.343196E+03
    95.000   -95.303   1.352718E+03
    95.000  -100.064   1.362240E+03
    95.000  -104.825   1.371762E+03
    95.000  -109.586   1.381284E+03
    95.000  -114.346   1.390804E+03
    95.000  -119.107   1.400070E+03
    95.000  -123.868   1.402102E+03
    95.000  -128.629   1.404135E+03
    95.000  -133.390   1.406168E+03
    95.000  -138.151   1.408201E+03
    95.000  -142.912   1.410233E+03
    95.000  -147.673   1.412266E+03
    95.000  -152.434   1.414299E+03
    95.000  -157.194   1.416331E+03
    95.000  -161.955   1.418364E+03
    95.000  -166.716   1.420397E+03
    95.000  -171.477   1.422430E+03
    95.000  -176.238   1.424462E+03
    95.000  -180.999   1.426495E+03
    95.000  -185.760   1.428528E+03
    95.000  -190.521   1.430561E+03
    95.000  -195.282   1.432593E+03
    95.000  -200.043   1.434626E+03
    95.000  -204.803   1.436658E+03
    95.000  -209.564   1.438691E+03
    95.000  -214.325   1.440724E+03
    95.000  -219.086   1.442757E+03
    95.000  -228.608   1.446822E+03
    95.000  -238.130   1.450888E+03
    95.000  -247.651   1.454953E+03
    95.000  -257.173   1.459018E+03
    95.000  -266.695   1.463084E+03
    95.000  -276.217   1.467149E+03
    95.000  -285.739   1.471215E+03
    95.000  -290.499   1.473247E+03
    95.000  -295.260   1.475280E+03
    95.000  -300.021   1.477313E+03
    95.000  -304.782   1.479346E+03
    95.000  -314.304   1.483411E+03
    95.000  -323.826   1.487477E+03
    95.000  -333.348   1.491542E+03
    95.000  -342.869   1.495607E+03
    95.000  -352.391   1.499673E+03
    95.000  -361.913   1.503738E+03
    95.000  -371.435   1.507804E+03
    95.000  -380.956   1.511869E+03
    95.000  -390.478   1.515934E+03
    95.000  -400.000   1.520000E+03
   100.000    -0.058   0.000000E+00
   100.000    -0.534   1.499548E+01
   100.000    -1.486   4.470128E+01
   100.000    -1.962   5.939679E+01
    99.000    -2.634   7.926664E+01
   101.000    -2.706   8.317665E+01
    97.900    -3.402   9.790540E+01
   100.000    -3.981   1.140021E+02
    99.769    -4.344   1.217111E+02
    99.161    -5.300   1.414412E+02
    98.857    -5.777   1.509688E+02
    98.552    -6.256   1.603193E+02
   102.000    -6.568   1.768037E+02
    97.640    -7.688   1.862956E+02
   101.000    -8.457   2.123169E+02
   100.509    -9.579   2.318734E+02
   100.000   -10.741   2.509296E+02
   101.580   -11.482   2.686076E+02
   101.000   -12.505   2.841614E+02
   101.000   -13.387   2.984934E+02
   101.000   -14.311   3.129532E+02
   100.407   -16.245   3.394034E+02
   101.000   -18.817   3.800579E+02
   100.000   -20.847   4.058071E+02
   100.000   -22.880   4.320981E+02
   100.000   -23.864   4.474813E+02
   100.000   -25.769   4.774895E+02
   100.000   -27.673   5.075769E+02
   100.000   -29.578   5.377568E+02
   100.000   -31.482   5.679653E+02
   100.000   -33.387   5.982168E+02
   100.000   -35.291   6.284700E+02
   100.000   -38.148   6.738896E+02
   100.000   -41.004   7.193163E+02
   100.000   -43.861   7.647828E+02
   100.000   -46.718   8.102770E+02
   100.000   -49.575   8.558046E+02
   100.000   -52.431   9.013561E+02
   100.000   -55.288   9.469697E+02
   100.000   -58.145   9.926350E+02
   100.000   -61.002   1.038356E+03
   100.000   -63.858   1.084117E+03
   100.000   -66.715   1.129947E+03
   100.000   -71.476   1.206411E+03
   100.000   -78.545   1.320000E+03
   100.000   -80.999   1.324908E+03
   100.000   -85.760   1.334430E+03
   100.000   -90.521   1.343952E+03
   100.000   -95.282   1.353474E+03
   100.000  -100.044   1.362998E+03
   100.000  -104.805   1.372520E+03
   100.000  -109.566   1.382042E+03
   100.000  -114.327   1.391564E+03
   100.000  -119.088   1.400232E+03
   100.000  -123.850   1.402262E+03
   100.000  -128.611   1.404292E+03
   100.000  -133.372   1.406322E+03
   100.000  -138.133   1.408351E+03
   100.000  -142.894   1.410381E+03
   100.000  -147.656   1.412412E+03
   100.000  -152.417   1.414442E+03
   100.000  -157.178   1.416471E+03
   100.000  -161.939   1.418501E+03
   100.000  -166.701   1.420532E+03
   100.000  -171.462   1.422561E+03
   100.000  -176.223   1.424591E+03
   100.000  -180.984   1.426621E+03
   100.000  -185.745   1.428651E+03
   100.000  -190.507   1.430681E+03
   100.000  -195.268   1.432711E+03
   100.000  -200.029   1.434741E+03
   100.000  -204.790   1.436771E+03
   100.000  -209.551   1.438801E+03
   100.000  -214.313   1.440831E+03
   100.000  -219.074   1.442861E+03
   100.000  -228.596   1.446921E+03
   100.000  -238.119   1.450981E+03
   100.000  -247.641   1.455041E+03
   100.000  -257.164   1.459101E+03
   100.000  -266.686   1.463161E+03
   100.000  -276.208   1.467221E+03
   100.000  -285.731   1.471281E+03
   100.000  -290.492   1.473311E+03
   100.000  -295.253   1.475340E+03
   100.000  -300.015   1.477371E+03
   100.000  -304.776   1.479401E+03
   100.000  -314.298   1.483460E+03
   100.000  -323.821   1.487521E+03
   100.000  -333.343   1.491580E+03
   100.000  -342.865   1.495640E+03
   100.000  -352.388   1.499700E+03
   100.000  -361.910   1.503760E+03
   100.000  -371.433   1.507820E+03
   100.000  -380.955   1.511880E+03
   100.000  -390.478   1.515940E+03
   100.000  -400.000   1.520000E+03
   105.000    -0.048   0.000000E+00
   105.000    -0.524   1.593594E+01
   105.000    -1.476   4.749602E+01
   105.000    -1.953   6.314987E+01
   105.000    -2.429   7.857489E+01
   104.000    -2.810   8.985808E+01
   103.636    -3.385   1.042826E+02
   103.310    -3.899   1.169366E+02
   103.000    -4.388   1.285716E+02
   102.586    -5.291   1.493444E+02
   102.367    -5.768   1.598551E+02
   102.148    -6.246   1.700944E+02
   105.000    -6.714   1.852673E+02
   101.413    -7.677   1.986373E+02
   105.000    -8.618   2.256371E+02
   105.000    -9.571   2.444012E+02
   105.000   -10.712   2.655248E+02
   105.000   -11.475   2.790460E+02
   105.000   -12.427   2.952919E+02
   105.000   -13.380   3.108948E+02
   105.000   -14.332   3.258228E+02
   105.000   -16.237   3.536811E+02
   105.000   -17.598   3.718241E+02
   105.000   -20.046   4.026056E+02
   105.000   -21.950   4.251871E+02
   105.000   -22.954   4.365190E+02
   105.000   -25.759   4.818149E+02
   105.000   -27.664   5.123372E+02
   105.000   -29.568   5.427373E+02
   105.000   -31.473   5.730952E+02
   105.000   -33.377   6.034061E+02
   105.000   -35.282   6.337178E+02
   105.000   -38.139   6.791673E+02
   105.000   -40.995   7.246074E+02
   105.000   -43.852   7.700819E+02
   105.000   -46.709   8.155841E+02
   105.000   -49.566   8.611222E+02
   105.000   -52.423   9.067046E+02
   105.000   -55.279   9.523236E+02
   105.000   -58.136   9.980195E+02
   105.000   -60.993   1.043784E+03
   105.000   -63.850   1.089625E+03
   105.000   -66.707   1.135545E+03
   105.000   -71.468   1.212239E+03
   105.000   -78.145   1.320000E+03
   105.000   -80.991   1.325692E+03
   105.000   -85.752   1.335214E+03
   105.000   -90.513   1.344736E+03
   105.000   -95.275   1.354260E+03
   105.000  -100.036   1.363782E+03
   105.000  -104.797   1.373304E+03
   105.000  -109.559   1.382828E+03
   105.000  -114.320   1.392350E+03
   105.000  -119.081   1.400399E+03
   105.000  -123.843   1.402426E+03
   105.000  -128.604   1.404453E+03
   105.000  -133.365   1.406480E+03
   105.000  -138.127   1.408507E+03
   105.000  -142.888   1.410534E+03
   105.000  -147.649   1.412561E+03
   105.000  -152.411   1.414589E+03
   105.000  -157.172   1.416616E+03
   105.000  -161.933   1.418643E+03
   105.000  -166.695   1.420670E+03
   105.000  -171.456   1.422697E+03
   105.000  -176.217   1.424724E+03
   105.000  -180.979   1.426752E+03
   105.000  -185.740   1.428779E+03
   105.000  -190.501   1.430806E+03
   105.000  -195.263   1.432833E+03
   105.000  -200.024   1.434860E+03
   105.000  -204.785   1.436887E+03
   105.000  -209.547   1.438914E+03
   105.000  -214.308   1.440941E+03
   105.000  -219.069   1.442968E+03
   105.000  -228.592   1.447023E+03
   105.000  -238.115   1.451077E+03
   105.000  -247.637   1.455131E+03
   105.000  -257.160   1.459186E+03
   105.000  -266.683   1.463240E+03
   105.000  -276.205   1.467294E+03
   105.000  -285.728   1.471349E+03
   105.000  -290.489   1.473376E+03
   105.000  -295.251   1.475403E+03
   105.000  -300.012   1.477430E+03
   105.000  -304.773   1.479457E+03
   105.000  -314.296   1.483511E+03
   105.000  -323.819   1.487566E+03
   105.000  -333.341   1.491620E+03
   105.000  -342.864   1.495674E+03
   105.000  -352.387   1.499729E+03
   105.000  -361.909   1.503783E+03
   105.000  -371.432   1.507837E+03
   105.000  -380.955   1.511892E+03
   105.000  -390.477   1.515946E+03
   105.000  -400.000   1.520000E+03
   110.000    -0.011   0.000000E+00
   110.000    -0.487   1.695093E+01
   110.000    -1.440   5.058666E+01
   110.000    -1.916   6.724870E+01
   110.000    -2.392   8.382290E+01
   108.000    -2.789   9.515445E+01
   110.000    -3.344   1.123217E+02
   110.000    -3.820   1.247415E+02
   110.000    -4.297   1.369209E+02
   110.000    -5.249   1.604223E+02
   110.000    -5.725   1.717919E+02
   110.000    -6.201   1.828980E+02
   110.000    -6.677   1.939234E+02
   110.000    -7.630   2.148063E+02
   110.000    -8.582   2.347308E+02
   110.000    -9.535   2.537008E+02
   110.000   -10.664   2.749027E+02
   110.000   -11.439   2.887356E+02
   110.000   -12.392   3.050666E+02
   110.000   -13.344   3.206268E+02
   110.000   -14.296   3.354290E+02
   110.000   -16.201   3.627546E+02
   110.000   -17.554   3.802550E+02
   110.000   -20.010   4.098355E+02
   110.000   -21.915   4.316234E+02
   110.000   -23.028   4.438500E+02
   110.000   -25.725   4.868496E+02
   110.000   -27.629   5.171776E+02
   110.000   -29.534   5.474990E+02
   110.000   -31.439   5.778030E+02
   110.000   -33.343   6.080800E+02
   110.000   -35.248   6.383674E+02
   110.000   -38.105   6.837893E+02
   110.000   -40.962   7.292223E+02
   110.000   -43.819   7.746764E+02
   110.000   -46.676   8.201606E+02
   110.000   -49.533   8.656837E+02
   110.000   -52.391   9.112709E+02
   110.000   -55.248   9.569010E+02
   110.000   -58.105   1.002602E+03
   110.000   -60.962   1.048390E+03
   110.000   -63.819   1.094281E+03
   110.000   -66.676   1.140297E+03
   110.000   -71.438   1.217319E+03
   110.000   -77.746   1.320000E+03
   110.000   -80.961   1.326430E+03
   110.000   -85.723   1.335954E+03
   110.000   -90.485   1.345478E+03
   110.000   -95.246   1.355000E+03
   110.000  -100.008   1.364524E+03
   110.000  -104.770   1.374048E+03
   110.000  -109.532   1.383572E+03
   110.000  -114.294   1.393096E+03
   110.000  -119.055   1.400557E+03
   110.000  -123.817   1.402581E+03
   110.000  -128.579   1.404606E+03
   110.000  -133.341   1.406630E+03
   110.000  -138.102   1.408654E+03
   110.000  -142.864   1.410679E+03
   110.000  -147.626   1.412703E+03
   110.000  -152.388   1.414728E+03
   110.000  -157.150   1.416753E+03
   110.000  -161.911   1.418777E+03
   110.000  -166.673   1.420801E+03
   110.000  -171.435   1.422826E+03
   110.000  -176.197   1.424850E+03
   110.000  -180.958   1.426875E+03
   110.000  -185.720   1.428899E+03
   110.000  -190.482   1.430924E+03
   110.000  -195.244   1.432948E+03
   110.000  -200.006   1.434973E+03
   110.000  -204.767   1.436997E+03
   110.000  -209.529   1.439021E+03
   110.000  -214.291   1.441046E+03
   110.000  -219.053   1.443071E+03
   110.000  -228.576   1.447119E+03
   110.000  -238.100   1.451168E+03
   110.000  -247.623   1.455217E+03
   110.000  -257.147   1.459266E+03
   110.000  -266.670   1.463315E+03
   110.000  -276.194   1.467364E+03
   110.000  -285.717   1.471413E+03
   110.000  -290.479   1.473437E+03
   110.000  -295.241   1.475462E+03
   110.000  -300.003   1.477486E+03
   110.000  -304.765   1.479511E+03
   110.000  -314.288   1.483560E+03
   110.000  -323.812   1.487609E+03
   110.000  -333.335   1.491657E+03
   110.000  -342.859   1.495707E+03
   110.000  -352.382   1.499755E+03
   110.000  -361.906   1.503804E+03
   110.000  -371.429   1.507853E+03
   110.000  -380.953   1.511902E+03
   110.000  -390.476   1.515951E+03
   110.000  -400.000   1.520000E+03
   115.000     0.054   0.000000E+00
   115.000    -0.422   1.748741E+01
   115.000    -1.375   5.224079E+01
   115.000    -1.851   6.947804E+01
   115.000    -2.327   8.663709E+01
   113.000    -2.643   9.583972E+01
   115.000    -3.280   1.143630E+02
   115.000    -3.756   1.270475E+02
   115.000    -4.232   1.394667E+02
   115.000    -5.185   1.635358E+02
   115.000    -5.661   1.751627E+02
   115.000    -6.137   1.865267E+02
   115.000    -6.614   1.976519E+02
   115.000    -7.566   2.190650E+02
   115.000    -8.519   2.394528E+02
   115.000    -9.471   2.587757E+02
   115.000   -10.615   2.806224E+02
   115.000   -11.376   2.944315E+02
   115.000   -12.329   3.109464E+02
   115.000   -13.281   3.266408E+02
   115.000   -14.234   3.415445E+02
   115.000   -16.139   3.689052E+02
   115.000   -17.511   3.865866E+02
   115.000   -19.949   4.156976E+02
   115.000   -21.854   4.372903E+02
   115.000   -23.102   4.508774E+02
   115.000   -25.664   4.913815E+02
   115.000   -27.569   5.215449E+02
   115.000   -29.474   5.517338E+02
   115.000   -31.379   5.819399E+02
   115.000   -33.284   6.121587E+02
   115.000   -35.189   6.423882E+02
   115.000   -38.046   6.877432E+02
   115.000   -40.904   7.331378E+02
   115.000   -43.761   7.785440E+02
   115.000   -46.619   8.239990E+02
   115.000   -49.476   8.694777E+02
   115.000   -52.334   9.150206E+02
   115.000   -55.192   9.606231E+02
   115.000   -58.049   1.006284E+03
   115.000   -60.907   1.052055E+03
   115.000   -63.764   1.097932E+03
   115.000   -66.622   1.143992E+03
   115.000   -71.384   1.221261E+03
   115.000   -77.346   1.320000E+03
   115.000   -80.909   1.327126E+03
   115.000   -85.672   1.336652E+03
   115.000   -90.434   1.346176E+03
   115.000   -95.197   1.355702E+03
   115.000   -99.960   1.365228E+03
   115.000  -104.722   1.374752E+03
   115.000  -109.485   1.384278E+03
   115.000  -114.247   1.393802E+03
   115.000  -119.010   1.400706E+03
   115.000  -123.772   1.402728E+03
   115.000  -128.535   1.404750E+03
   115.000  -133.297   1.406772E+03
   115.000  -138.060   1.408794E+03
   115.000  -142.822   1.410816E+03
   115.000  -147.585   1.412838E+03
   115.000  -152.348   1.414860E+03
   115.000  -157.110   1.416882E+03
   115.000  -161.873   1.418904E+03
   115.000  -166.635   1.420926E+03
   115.000  -171.398   1.422948E+03
   115.000  -176.160   1.424969E+03
   115.000  -180.923   1.426991E+03
   115.000  -185.685   1.429013E+03
   115.000  -190.448   1.431035E+03
   115.000  -195.210   1.433057E+03
   115.000  -199.973   1.435079E+03
   115.000  -204.736   1.437101E+03
   115.000  -209.498   1.439123E+03
   115.000  -214.261   1.441145E+03
   115.000  -219.023   1.443167E+03
   115.000  -228.548   1.447211E+03
   115.000  -238.073   1.451254E+03
   115.000  -247.598   1.455298E+03
   115.000  -257.124   1.459342E+03
   115.000  -266.649   1.463386E+03
   115.000  -276.174   1.467430E+03
   115.000  -285.699   1.471474E+03
   115.000  -290.461   1.473496E+03
   115.000  -295.224   1.475518E+03
   115.000  -299.987   1.477540E+03
   115.000  -304.749   1.479561E+03
   115.000  -314.274   1.483605E+03
   115.000  -323.799   1.487649E+03
   115.000  -333.324   1.491693E+03
   115.000  -342.849   1.495737E+03
   115.000  -352.375   1.499781E+03
   115.000  -363.000   1.304292E+03
   115.000  -371.425   1.507869E+03
   115.000  -380.950   1.511912E+03
   115.000  -390.475   1.515956E+03
   115.000  -400.000   1.520000E+03
   120.000     0.097   0.000000E+00
   120.000    -0.379   1.777262E+01
   120.000    -1.332   5.310202E+01
   120.000    -1.808   7.061140E+01
   118.000    -2.468   9.362073E+01
   120.000    -2.761   1.024579E+02
   120.000    -3.237   1.155953E+02
   120.000    -3.713   1.284693E+02
   120.000    -4.190   1.411053E+02
   120.000    -5.142   1.655287E+02
   120.000    -5.619   1.773667E+02
   120.000    -6.095   1.889136E+02
   120.000    -6.571   2.001942E+02
   120.000    -7.524   2.219780E+02
   120.000    -8.477   2.426930E+02
   120.000    -9.429   2.623188E+02
   121.000   -10.557   2.849282E+02
   120.000   -11.334   2.983539E+02
   120.000   -12.287   3.151143E+02
   120.000   -13.240   3.310307E+02
   120.000   -14.192   3.460884E+02
   120.000   -16.097   3.736912E+02
   120.000   -17.467   3.914554E+02
   120.000   -19.908   4.207057E+02
   120.000   -21.813   4.423284E+02
   120.000   -23.176   4.571530E+02
   120.000   -25.624   4.957422E+02
   120.000   -27.529   5.258213E+02
   120.000   -29.434   5.559335E+02
   120.000   -31.339   5.860717E+02
   120.000   -33.244   6.162305E+02
   120.000   -35.150   6.464222E+02
   120.000   -38.007   6.917058E+02
   120.000   -40.865   7.370348E+02
   120.000   -43.723   7.823928E+02
   120.000   -46.581   8.277819E+02
   120.000   -49.439   8.732060E+02
   120.000   -52.297   9.186711E+02
   120.000   -55.154   9.641694E+02
   120.000   -58.012   1.009744E+03
   120.000   -60.870   1.055395E+03
   120.000   -63.728   1.101143E+03
   120.000   -66.586   1.147016E+03
   120.000   -73.423   1.257433E+03
   120.000   -77.287   1.320000E+03
   120.000   -80.875   1.327176E+03
   120.000   -85.638   1.336702E+03
   120.000   -90.401   1.346228E+03
   120.000   -95.164   1.355754E+03
   120.000   -99.927   1.365280E+03
   120.000  -104.690   1.374806E+03
   120.000  -109.453   1.384332E+03
   120.000  -114.216   1.393858E+03
   120.000  -118.979   1.400718E+03
   120.000  -123.743   1.402740E+03
   120.000  -128.506   1.404762E+03
   120.000  -133.269   1.406784E+03
   120.000  -138.032   1.408805E+03
   120.000  -142.795   1.410827E+03
   120.000  -147.558   1.412849E+03
   120.000  -152.321   1.414870E+03
   120.000  -157.084   1.416892E+03
   120.000  -161.847   1.418914E+03
   120.000  -166.610   1.420936E+03
   120.000  -171.373   1.422957E+03
   120.000  -176.136   1.424979E+03
   120.000  -180.899   1.427001E+03
   120.000  -185.662   1.429022E+03
   120.000  -190.425   1.431044E+03
   120.000  -195.188   1.433066E+03
   120.000  -199.952   1.435088E+03
   120.000  -204.715   1.437110E+03
   120.000  -209.478   1.439131E+03
   120.000  -214.241   1.441153E+03
   120.000  -219.004   1.443175E+03
   120.000  -228.530   1.447218E+03
   120.000  -238.056   1.451261E+03
   120.000  -247.582   1.455305E+03
   120.000  -257.108   1.459348E+03
   120.000  -266.634   1.463392E+03
   120.000  -276.160   1.467435E+03
   120.000  -285.687   1.471479E+03
   120.000  -290.450   1.473501E+03
   120.000  -295.213   1.475522E+03
   120.000  -299.976   1.477544E+03
   120.000  -304.739   1.479566E+03
   120.000  -314.265   1.483609E+03
   120.000  -323.791   1.487652E+03
   120.000  -333.317   1.491696E+03
   120.000  -342.843   1.495739E+03
   120.000  -352.667   1.299909E+03
   120.000  -364.611   1.304979E+03
   120.000  -371.422   1.507870E+03
   120.000  -380.948   1.511913E+03
   120.000  -390.474   1.515957E+03
   120.000  -400.000   1.520000E+03
   125.000     0.098   0.000000E+00
   125.000    -0.378   1.846187E+01
   125.000    -1.331   5.513642E+01
   125.000    -1.807   7.331787E+01
   125.000    -2.059   8.276613E+01
   125.000    -2.760   1.029818E+02
   125.000    -3.236   1.163844E+02
   125.000    -3.712   1.295074E+02
   125.000    -4.189   1.423783E+02
   125.000    -5.141   1.672313E+02
   125.000    -5.618   1.792669E+02
   125.000    -6.094   1.910006E+02
   125.000    -6.570   2.024580E+02
   125.000    -7.523   2.245681E+02
   125.000    -8.476   2.455752E+02
   125.000    -9.428   2.654611E+02
   125.000   -10.577   2.880836E+02
   125.000   -11.333   3.021062E+02
   125.000   -12.286   3.190218E+02
   125.000   -13.239   3.350819E+02
   125.000   -14.191   3.502706E+02
   125.000   -16.096   3.780993E+02
   125.000   -17.423   3.954559E+02
   125.000   -19.907   4.253654E+02
   125.000   -21.812   4.470955E+02
   125.000   -23.250   4.627728E+02
   125.000   -25.623   5.001847E+02
   125.000   -27.528   5.302485E+02
   125.000   -29.433   5.603352E+02
   125.000   -31.338   5.904417E+02
   125.000   -33.244   6.205811E+02
   125.000   -35.149   6.507194E+02
   125.000   -38.007   6.959592E+02
   125.000   -40.864   7.412084E+02
   125.000   -43.722   7.864969E+02
   125.000   -46.580   8.318085E+02
   125.000   -49.438   8.771444E+02
   125.000   -52.296   9.225067E+02
   125.000   -55.154   9.678991E+02
   125.000   -58.011   1.013310E+03
   125.000   -60.869   1.058778E+03
   125.000   -63.727   1.104295E+03
   125.000   -66.585   1.149798E+03
   125.000   -69.499   1.196454E+03
   125.000   -77.228   1.320000E+03
   125.000   -80.874   1.327292E+03
   125.000   -85.637   1.336818E+03
   125.000   -90.400   1.346344E+03
   125.000   -95.163   1.355870E+03
   125.000   -99.927   1.365398E+03
   125.000  -104.690   1.374924E+03
   125.000  -109.453   1.384450E+03
   125.000  -114.216   1.393976E+03
   125.000  -118.979   1.400743E+03
   125.000  -123.742   1.402764E+03
   125.000  -128.505   1.404786E+03
   125.000  -133.268   1.406807E+03
   125.000  -138.031   1.408828E+03
   125.000  -142.794   1.410849E+03
   125.000  -147.557   1.412871E+03
   125.000  -152.320   1.414892E+03
   125.000  -157.083   1.416913E+03
   125.000  -161.846   1.418935E+03
   125.000  -166.610   1.420956E+03
   125.000  -171.373   1.422978E+03
   125.000  -176.136   1.424999E+03
   125.000  -180.899   1.427020E+03
   125.000  -185.662   1.429041E+03
   125.000  -190.425   1.431063E+03
   125.000  -195.188   1.433084E+03
   125.000  -199.951   1.435105E+03
   125.000  -204.714   1.437126E+03
   125.000  -209.477   1.439148E+03
   125.000  -214.240   1.441169E+03
   125.000  -219.003   1.443190E+03
   125.000  -228.529   1.447233E+03
   125.000  -238.056   1.451276E+03
   125.000  -247.582   1.455318E+03
   125.000  -257.108   1.459361E+03
   125.000  -266.634   1.463403E+03
   125.000  -276.160   1.467446E+03
   125.000  -285.686   1.471489E+03
   125.000  -290.449   1.473510E+03
   125.000  -295.212   1.475531E+03
   125.000  -299.976   1.477553E+03
   125.000  -304.739   1.479574E+03
   125.000  -314.265   1.483617E+03
   125.000  -323.791   1.487659E+03
   125.000  -333.317   1.491702E+03
   124.753  -342.843   1.295744E+03
   125.000  -352.369   1.299787E+03
   125.000  -366.222   1.305666E+03
   125.000  -371.422   1.507872E+03
   125.000  -380.948   1.511915E+03
   125.000  -390.474   1.515957E+03
   125.000  -400.000   1.520000E+03
   130.000     0.110   0.000000E+00
   130.000    -0.366   1.887406E+01
   130.000    -1.319   5.635710E+01
   128.000    -1.883   7.759741E+01
   130.000    -2.272   8.960729E+01
   130.000    -2.748   1.034768E+02
   130.000    -3.224   1.170604E+02
   130.000    -3.701   1.303863E+02
   130.000    -4.177   1.433995E+02
   130.000    -5.130   1.686006E+02
   130.000    -5.606   1.807635E+02
   130.000    -6.082   1.926445E+02
   130.000    -6.559   2.042680E+02
   130.000    -7.511   2.266231E+02
   130.000    -8.464   2.478793E+02
   130.000    -9.416   2.679948E+02
   130.000   -10.601   2.914835E+02
   130.000   -11.322   3.050148E+02
   130.000   -12.274   3.220967E+02
   130.000   -13.227   3.383186E+02
   130.000   -14.180   3.536639E+02
   130.000   -16.085   3.817123E+02
   129.000   -17.388   3.981619E+02
   130.000   -19.896   4.294676E+02
   130.000   -21.801   4.512968E+02
   130.000   -23.324   4.679470E+02
   130.000   -25.611   5.040331E+02
   130.000   -27.517   5.341209E+02
   130.000   -29.422   5.642044E+02
   130.000   -31.327   5.942985E+02
   130.000   -33.233   6.244183E+02
   130.000   -35.138   6.545310E+02
   130.000   -37.996   6.997229E+02
   130.000   -40.854   7.449299E+02
   130.000   -43.712   7.901497E+02
   130.000   -46.570   8.353805E+02
   130.000   -49.427   8.806052E+02
   130.000   -52.285   9.258541E+02
   130.000   -55.143   9.711101E+02
   130.000   -58.001   1.016371E+03
   130.000   -60.859   1.061633E+03
   132.389   -63.702   1.107959E+03
   128.724   -66.578   1.151657E+03
   130.000   -71.338   1.227677E+03
   130.000   -77.170   1.320000E+03
   130.000   -80.865   1.327390E+03
   130.000   -85.628   1.336916E+03
   130.000   -90.391   1.346442E+03
   130.000   -95.154   1.355968E+03
   130.000   -99.918   1.365496E+03
   130.000  -104.681   1.375022E+03
   130.000  -109.444   1.384548E+03
   130.000  -114.207   1.394074E+03
   130.000  -118.970   1.400764E+03
   130.000  -123.734   1.402785E+03
   130.000  -128.497   1.404806E+03
   130.000  -133.260   1.406827E+03
   130.000  -138.023   1.408848E+03
   130.000  -142.786   1.410868E+03
   130.000  -147.550   1.412890E+03
   130.000  -152.313   1.414911E+03
   130.000  -157.076   1.416931E+03
   130.000  -161.839   1.418952E+03
   130.000  -166.603   1.420974E+03
   130.000  -171.366   1.422994E+03
   130.000  -176.129   1.425015E+03
   130.000  -180.892   1.427036E+03
   130.000  -185.655   1.429057E+03
   130.000  -190.419   1.431078E+03
   130.000  -195.182   1.433099E+03
   130.000  -199.945   1.435120E+03
   130.000  -204.708   1.437141E+03
   130.000  -209.471   1.439162E+03
   130.000  -214.235   1.441183E+03
   130.000  -218.998   1.443204E+03
   130.000  -228.524   1.447246E+03
   130.000  -238.051   1.451288E+03
   130.000  -247.577   1.455329E+03
   130.000  -257.104   1.459372E+03
   130.000  -266.630   1.463413E+03
   130.000  -276.156   1.467455E+03
   130.000  -285.683   1.471497E+03
   130.000  -290.446   1.473518E+03
   130.000  -295.209   1.475539E+03
   130.000  -299.973   1.477560E+03
   130.000  -304.736   1.479581E+03
   130.000  -314.262   1.483623E+03
   130.000  -323.789   1.487665E+03
   129.364  -333.315   1.291707E+03
   130.000  -342.841   1.295748E+03
   130.000  -352.368   1.299791E+03
   130.000  -361.894   1.303832E+03
   130.000  -367.833   1.306352E+03
   130.000  -380.947   1.511916E+03
   130.000  -390.474   1.515958E+03
   130.000  -400.000   1.520000E+03
   135.000     0.148   0.000000E+00
   135.000    -0.328   1.901205E+01
   135.000    -1.281   5.671103E+01
   135.000    -1.810   7.741302E+01
   135.000    -2.234   9.012636E+01
   135.000    -2.710   1.041171E+02
   135.000    -3.187   1.178459E+02
   135.000    -3.663   1.312567E+02
   135.000    -4.139   1.443800E+02
   135.000    -5.092   1.697949E+02
   135.000    -5.568   1.820624E+02
   135.000    -6.045   1.940720E+02
   135.000    -6.521   2.057739E+02
   135.000    -7.474   2.283578E+02
   135.000    -8.427   2.498199E+02
   135.000    -9.379   2.701445E+02
   136.000   -10.631   2.957192E+02
   135.000   -11.285   3.074055E+02
   135.000   -12.238   3.247240E+02
   135.000   -13.190   3.410801E+02
   135.000   -14.143   3.565806E+02
   135.000   -16.048   3.849567E+02
   135.000   -17.512   4.043665E+02
   135.000   -19.859   4.329466E+02
   135.000   -21.765   4.548955E+02
   135.000   -23.398   4.727947E+02
   135.000   -25.576   5.071984E+02
   135.000   -27.481   5.372820E+02
   135.000   -29.387   5.673830E+02
   135.000   -31.292   5.974709E+02
   135.000   -33.198   6.275775E+02
   135.000   -35.103   6.576710E+02
   135.000   -37.961   7.028235E+02
   135.000   -40.820   7.479951E+02
   135.000   -43.678   7.931517E+02
   135.000   -46.536   8.383062E+02
   135.000   -49.394   8.834554E+02
   135.000   -52.252   9.285954E+02
   135.000   -55.111   9.737367E+02
   135.000   -57.969   1.018846E+03
   135.000   -61.653   1.076962E+03
   135.000   -63.685   1.108970E+03
   135.000   -66.543   1.154004E+03
   135.000   -71.307   1.228928E+03
   135.000   -77.111   1.320000E+03
   135.000   -80.834   1.327446E+03
   135.000   -85.598   1.336974E+03
   135.000   -90.362   1.346502E+03
   135.000   -95.125   1.356028E+03
   135.000   -99.889   1.365556E+03
   135.000  -104.653   1.375084E+03
   135.000  -109.416   1.384610E+03
   135.000  -114.180   1.394138E+03
   135.000  -118.944   1.400778E+03
   135.000  -123.707   1.402798E+03
   135.000  -128.471   1.404819E+03
   135.000  -133.235   1.406840E+03
   135.000  -137.998   1.408860E+03
   135.000  -142.762   1.410881E+03
   135.000  -147.526   1.412902E+03
   135.000  -152.289   1.414922E+03
   135.000  -157.053   1.416943E+03
   135.000  -161.817   1.418964E+03
   135.000  -166.580   1.420984E+03
   135.000  -171.344   1.423005E+03
   135.000  -176.108   1.425026E+03
   135.000  -180.871   1.427047E+03
   135.000  -185.635   1.429068E+03
   135.000  -190.399   1.431088E+03
   135.000  -195.162   1.433109E+03
   135.000  -199.926   1.435130E+03
   135.000  -204.690   1.437151E+03
   135.000  -209.453   1.439171E+03
   135.000  -214.217   1.441192E+03
   135.000  -218.981   1.443213E+03
   135.000  -228.508   1.447254E+03
   135.000  -238.035   1.451295E+03
   135.000  -247.563   1.455337E+03
   135.000  -257.090   1.459378E+03
   135.000  -266.617   1.463420E+03
   135.000  -276.145   1.467461E+03
   135.000  -285.672   1.471503E+03
   135.000  -290.436   1.473524E+03
   135.000  -295.199   1.475544E+03
   135.000  -299.963   1.477565E+03
   135.000  -304.727   1.479586E+03
   135.000  -314.254   1.483627E+03
   133.976  -323.783   1.287669E+03
   135.000  -333.309   1.291710E+03
   135.000  -342.836   1.295751E+03
   135.000  -352.363   1.299793E+03
   135.000  -361.891   1.303834E+03
   135.000  -369.444   1.307038E+03
   135.000  -380.945   1.511917E+03
   135.000  -390.473   1.515959E+03
   135.000  -400.000   1.520000E+03
   140.000     0.274   0.000000E+00
   140.000    -0.203   1.873141E+01
   140.000    -1.156   5.590366E+01
   142.000    -1.738   7.988290E+01
   140.000    -2.109   8.968190E+01
   140.000    -2.585   1.036435E+02
   140.000    -3.062   1.173597E+02
   140.000    -3.538   1.307732E+02
   140.000    -4.015   1.439400E+02
   140.000    -4.968   1.694217E+02
   140.000    -5.444   1.817375E+02
   140.000    -5.921   1.938038E+02
   140.000    -6.397   2.055699E+02
   140.000    -7.350   2.283002E+02
   140.000    -8.303   2.499274E+02
   140.000    -9.256   2.704498E+02
   140.000   -10.209   2.898716E+02
   140.000   -10.728   3.000343E+02
   140.000   -12.115   3.256639E+02
   140.000   -13.068   3.422356E+02
   140.000   -14.022   3.579502E+02
   140.000   -15.928   3.867247E+02
   140.000   -17.616   4.093535E+02
   140.000   -19.740   4.353069E+02
   140.000   -21.646   4.574093E+02
   142.000   -23.502   4.792898E+02
   140.000   -25.458   5.088188E+02
   140.000   -27.364   5.389147E+02
   140.000   -29.270   5.690109E+02
   140.000   -31.176   5.991066E+02
   140.000   -33.082   6.292013E+02
   140.000   -34.988   6.592943E+02
   140.000   -37.847   7.044299E+02
   140.000   -40.706   7.495584E+02
   140.000   -43.566   7.946926E+02
   140.000   -46.425   8.397973E+02
   140.000   -49.284   8.848839E+02
   140.000   -52.143   9.299474E+02
   140.000   -55.002   9.749656E+02
   139.827   -57.865   1.019915E+03
   140.000   -60.720   1.064883E+03
   140.000   -63.579   1.109745E+03
   140.000   -66.438   1.154534E+03
   140.000   -71.204   1.228998E+03
   140.000   -77.052   1.320000E+03
   140.000   -80.734   1.327364E+03
   140.000   -85.499   1.336894E+03
   140.000   -90.264   1.346424E+03
   140.000   -95.029   1.355954E+03
   140.000   -99.795   1.365486E+03
   140.000  -104.560   1.375016E+03
   140.000  -109.325   1.384546E+03
   140.000  -114.090   1.394076E+03
   140.000  -118.855   1.400765E+03
   140.000  -123.620   1.402786E+03
   140.000  -128.386   1.404807E+03
   140.000  -133.151   1.406828E+03
   140.000  -137.916   1.408849E+03
   140.000  -142.681   1.410869E+03
   140.000  -147.446   1.412890E+03
   140.000  -152.211   1.414911E+03
   140.000  -156.977   1.416932E+03
   140.000  -161.742   1.418953E+03
   140.000  -166.507   1.420974E+03
   140.000  -171.272   1.422995E+03
   140.000  -176.037   1.425016E+03
   140.000  -180.802   1.427037E+03
   140.000  -185.568   1.429058E+03
   140.000  -190.333   1.431079E+03
   140.000  -195.098   1.433100E+03
   140.000  -199.863   1.435121E+03
   140.000  -204.628   1.437142E+03
   140.000  -209.393   1.439162E+03
   140.000  -214.159   1.441184E+03
   140.000  -218.924   1.443205E+03
   140.000  -228.454   1.447246E+03
   140.000  -237.984   1.451288E+03
   140.000  -247.515   1.455330E+03
   140.000  -257.045   1.459372E+03
   140.000  -266.575   1.463414E+03
   140.000  -276.106   1.467456E+03
   140.000  -285.636   1.471498E+03
   140.000  -290.401   1.473518E+03
   140.000  -295.166   1.475539E+03
   140.000  -299.932   1.477561E+03
   140.000  -304.697   1.479581E+03
   138.596  -314.235   1.283627E+03
   140.000  -323.757   1.287665E+03
   140.000  -333.288   1.291707E+03
   140.000  -342.818   1.295749E+03
   140.000  -352.348   1.299790E+03
   140.000  -361.879   1.303833E+03
   140.000  -371.056   1.307725E+03
   140.000  -380.939   1.511916E+03
   140.000  -390.470   1.515958E+03
   140.000  -400.000   1.520000E+03
   145.000     0.366   0.000000E+00
   145.000    -0.111   1.865093E+01
   145.000    -1.064   5.576587E+01
   145.000    -1.700   8.040645E+01
   145.000    -2.017   8.981148E+01
   145.000    -2.494   1.037459E+02
   145.000    -2.970   1.174002E+02
   145.000    -3.447   1.308284E+02
   145.000    -3.924   1.439988E+02
   145.000    -4.877   1.695317E+02
   145.000    -5.354   1.819163E+02
   145.000    -5.830   1.940099E+02
   145.000    -6.307   2.058621E+02
   145.000    -7.260   2.287365E+02
   145.000    -8.213   2.505310E+02
   145.000    -9.167   2.712607E+02
   145.000   -10.120   2.908770E+02
   145.000   -10.850   3.051944E+02
   145.000   -12.026   3.270244E+02
   145.000   -12.980   3.437776E+02
   145.000   -13.933   3.596454E+02
   145.000   -15.839   3.887649E+02
   145.000   -17.719   4.141276E+02
   145.000   -19.652   4.378232E+02
   145.000   -21.559   4.600344E+02
   145.000   -23.585   4.824702E+02
   145.000   -25.372   5.106945E+02
   145.000   -27.278   5.407963E+02
   145.000   -29.185   5.709096E+02
   145.000   -31.091   6.010020E+02
   145.000   -32.998   6.311046E+02
   145.000   -34.904   6.611856E+02
   145.000   -37.764   7.063116E+02
   145.000   -40.624   7.514223E+02
   145.000   -43.484   7.965146E+02
   145.000   -46.343   8.415679E+02
   145.000   -49.203   8.866071E+02
   147.281   -52.083   9.332370E+02
   145.000   -53.806   9.590214E+02
   145.000   -57.782   1.021451E+03
   145.000   -60.642   1.066264E+03
   145.000   -63.502   1.110978E+03
   145.000   -66.362   1.155572E+03
   145.000   -71.128   1.229564E+03
   145.000   -76.993   1.320000E+03
   145.000   -80.660   1.327334E+03
   145.000   -85.427   1.336868E+03
   145.000   -90.193   1.346400E+03
   145.000   -94.959   1.355932E+03
   145.000   -99.726   1.365466E+03
   145.000  -104.492   1.374998E+03
   145.000  -109.258   1.384530E+03
   145.000  -114.024   1.394062E+03
   145.000  -118.791   1.400762E+03
   145.000  -123.557   1.402783E+03
   145.000  -128.323   1.404804E+03
   145.000  -133.089   1.406825E+03
   145.000  -137.856   1.408846E+03
   145.000  -142.622   1.410867E+03
   145.000  -147.388   1.412888E+03
   145.000  -152.154   1.414909E+03
   145.000  -156.921   1.416930E+03
   145.000  -161.687   1.418951E+03
   145.000  -166.453   1.420972E+03
   145.000  -171.219   1.422993E+03
   145.000  -175.986   1.425014E+03
   145.000  -180.752   1.427035E+03
   145.000  -185.518   1.429056E+03
   145.000  -190.284   1.431077E+03
   145.000  -195.051   1.433098E+03
   145.000  -199.817   1.435119E+03
   145.000  -204.583   1.437140E+03
   145.000  -209.350   1.439161E+03
   145.000  -214.116   1.441182E+03
   145.000  -218.882   1.443203E+03
   145.000  -228.415   1.447245E+03
   145.000  -237.947   1.451287E+03
   145.000  -247.480   1.455329E+03
   145.000  -257.012   1.459371E+03
   145.000  -266.545   1.463413E+03
   145.000  -276.077   1.467454E+03
   145.000  -285.610   1.471497E+03
   145.000  -290.376   1.473517E+03
   145.000  -295.142   1.475538E+03
   145.527  -299.910   1.277560E+03
   143.218  -304.683   1.279584E+03
   145.000  -314.207   1.283622E+03
   145.000  -323.740   1.287664E+03
   145.000  -333.272   1.291706E+03
   145.000  -342.805   1.295748E+03
   145.000  -352.337   1.299790E+03
   145.000  -361.870   1.303832E+03
   145.000  -372.667   1.308410E+03
   145.000  -380.935   1.511916E+03
   145.000  -390.467   1.515958E+03
   145.000  -400.000   1.520000E+03
   150.000     0.316   0.000000E+00
   150.000    -0.161   1.915855E+01
   150.000    -1.114   5.713977E+01
   150.000    -1.638   7.785409E+01
   150.000    -2.067   9.078697E+01
   150.000    -2.543   1.049601E+02
   150.000    -3.020   1.188811E+02
   150.000    -3.497   1.325210E+02
   150.000    -3.973   1.458530E+02
   150.000    -4.926   1.717091E+02
   150.000    -5.403   1.842335E+02
   150.000    -5.879   1.964548E+02
   150.000    -6.356   2.084244E+02
   150.000    -7.309   2.315086E+02
   150.000    -8.262   2.534878E+02
   150.000    -9.215   2.743627E+02
   150.000   -10.168   2.941343E+02
   150.000   -10.972   3.099697E+02
   150.000   -12.075   3.304848E+02
   150.000   -13.028   3.473255E+02
   150.000   -13.981   3.632918E+02
   150.000   -15.887   3.926029E+02
   150.000   -17.823   4.188157E+02
   150.000   -19.700   4.418998E+02
   150.000   -21.606   4.642020E+02
   150.000   -23.723   4.876326E+02
   150.000   -25.419   5.144498E+02
   150.000   -27.325   5.445700E+02
   150.000   -29.231   5.746745E+02
   150.000   -31.137   6.047660E+02
   150.000   -33.044   6.348621E+02
   150.000   -34.950   6.649326E+02
   150.000   -37.809   7.100219E+02
   150.000   -40.669   7.551080E+02
   150.000   -43.528   8.001567E+02
   150.000   -46.388   8.451938E+02
   150.000   -50.029   9.024856E+02
   150.000   -52.106   9.351358E+02
   150.000   -54.966   9.800465E+02
   150.000   -57.825   1.024868E+03
   150.000   -60.685   1.069608E+03
   150.000   -63.544   1.114206E+03
   150.000   -66.403   1.158637E+03
   150.000   -71.169   1.232205E+03
   152.000   -76.911   1.320000E+03
   150.000   -80.700   1.327578E+03
   150.000   -85.466   1.337110E+03
   150.000   -90.232   1.346642E+03
   150.000   -94.997   1.356172E+03
   150.000   -99.763   1.365704E+03
   150.000  -104.529   1.375236E+03
   150.000  -109.294   1.384766E+03
   150.000  -114.060   1.394298E+03
   150.000  -118.826   1.400812E+03
   150.000  -123.591   1.402832E+03
   150.000  -128.357   1.404852E+03
   150.000  -133.123   1.406872E+03
   150.000  -137.888   1.408892E+03
   150.000  -142.654   1.410912E+03
   150.000  -147.420   1.412933E+03
   150.000  -152.185   1.414952E+03
   150.000  -156.951   1.416973E+03
   150.000  -161.717   1.418993E+03
   150.000  -166.482   1.421013E+03
   150.000  -171.248   1.423033E+03
   150.000  -176.014   1.425053E+03
   150.000  -180.779   1.427073E+03
   150.000  -185.545   1.429094E+03
   150.000  -190.311   1.431114E+03
   150.000  -195.076   1.433134E+03
   150.000  -199.842   1.435154E+03
   150.000  -204.608   1.437174E+03
   150.000  -209.373   1.439194E+03
   150.000  -214.139   1.441214E+03
   150.000  -218.905   1.443235E+03
   150.000  -228.436   1.447275E+03
   150.000  -237.967   1.451315E+03
   150.000  -247.499   1.455356E+03
   150.000  -257.030   1.459396E+03
   150.000  -266.561   1.463436E+03
   150.000  -276.093   1.467476E+03
   152.438  -285.628   1.271518E+03
   150.134  -290.390   1.273537E+03
   147.831  -295.149   1.275554E+03
   150.000  -299.921   1.277577E+03
   150.000  -304.687   1.279597E+03
   150.000  -314.218   1.283637E+03
   150.000  -323.749   1.287678E+03
   150.000  -333.281   1.291718E+03
   150.000  -342.812   1.295758E+03
   150.000  -352.343   1.299798E+03
   150.000  -361.875   1.303839E+03
   150.000  -374.278   1.309097E+03
   150.000  -380.937   1.511919E+03
   150.000  -390.469   1.515960E+03
   150.000  -400.000   1.520000E+03
   155.000     0.283   0.000000E+00
   155.000    -0.194   1.949633E+01
   155.000    -1.147   5.812595E+01
   153.000    -1.600   7.631328E+01
   155.000    -2.100   9.181389E+01
   155.000    -2.576   1.061057E+02
   155.000    -3.053   1.201436E+02
   155.000    -3.529   1.338695E+02
   155.000    -4.006   1.473418E+02
   155.000    -4.959   1.734133E+02
   155.000    -5.435   1.860145E+02
   155.000    -5.912   1.983615E+02
   155.000    -6.388   2.104028E+02
   155.000    -7.341   2.336719E+02
   155.000    -8.294   2.558232E+02
   155.000    -9.248   2.768791E+02
   155.000   -10.201   2.967958E+02
   154.000   -11.069   3.135818E+02
   155.000   -12.107   3.335297E+02
   155.000   -13.060   3.504825E+02
   155.000   -14.013   3.665575E+02
   155.000   -15.919   3.960699E+02
   155.000   -17.926   4.233375E+02
   155.000   -19.731   4.456614E+02
   155.000   -21.637   4.680553E+02
   155.000   -23.861   4.927193E+02
   155.000   -25.449   5.178292E+02
   155.000   -27.356   5.479601E+02
   155.000   -29.262   5.780543E+02
   155.000   -31.168   6.081317E+02
   155.000   -33.074   6.381957E+02
   155.000   -34.980   6.682492E+02
   155.000   -37.839   7.133144E+02
   155.000   -40.698   7.583693E+02
   155.000   -43.558   8.034232E+02
   154.783   -46.416   8.482930E+02
   155.000   -49.276   8.934104E+02
   155.000   -52.135   9.383641E+02
   155.000   -54.994   9.832685E+02
   155.000   -57.853   1.028105E+03
   155.000   -60.713   1.072865E+03
   155.000   -63.572   1.117487E+03
   155.000   -66.431   1.161947E+03
   155.000   -71.196   1.235573E+03
   155.000   -76.726   1.320000E+03
   155.000   -80.727   1.328002E+03
   155.000   -85.492   1.337532E+03
   155.000   -90.257   1.347062E+03
   155.000   -95.022   1.356592E+03
   155.000   -99.788   1.366124E+03
   155.000  -104.553   1.375654E+03
   155.000  -109.318   1.385184E+03
   155.000  -114.084   1.394716E+03
   155.000  -118.849   1.400899E+03
   155.000  -123.614   1.402918E+03
   155.000  -128.379   1.404936E+03
   155.000  -133.145   1.406955E+03
   155.000  -137.910   1.408974E+03
   155.000  -142.675   1.410992E+03
   155.000  -147.440   1.413011E+03
   155.000  -152.206   1.415030E+03
   155.000  -156.971   1.417049E+03
   155.000  -161.736   1.419067E+03
   155.000  -166.502   1.421086E+03
   155.000  -171.267   1.423105E+03
   155.000  -176.032   1.425123E+03
   155.000  -180.797   1.427142E+03
   155.000  -185.563   1.429161E+03
   155.000  -190.328   1.431179E+03
   155.000  -195.093   1.433198E+03
   155.000  -199.859   1.435217E+03
   155.000  -204.624   1.437235E+03
   155.000  -209.389   1.439254E+03
   155.000  -214.154   1.441272E+03
   155.000  -218.920   1.443291E+03
   155.000  -228.450   1.447328E+03
   155.000  -237.981   1.451366E+03
   155.000  -247.511   1.455403E+03
   155.000  -257.042   1.459440E+03
   155.000  -266.572   1.463477E+03
   155.000  -280.333   1.269307E+03
   155.000  -285.633   1.271552E+03
   155.000  -290.399   1.273571E+03
   155.000  -295.164   1.275590E+03
   155.000  -299.929   1.277608E+03
   155.000  -304.695   1.279627E+03
   155.000  -314.225   1.283664E+03
   155.000  -323.756   1.287702E+03
   155.000  -333.286   1.291739E+03
   155.000  -342.817   1.295776E+03
   155.000  -352.347   1.299813E+03
   155.000  -361.878   1.303851E+03
   155.000  -375.889   1.309786E+03
   155.000  -380.939   1.511925E+03
   155.000  -390.469   1.515962E+03
   155.000  -400.000   1.520000E+03
   160.000     0.298   0.000000E+00
   160.000    -0.179   1.932013E+01
   160.000    -1.132   5.767600E+01
   160.000    -1.684   7.975828E+01
   160.000    -2.085   9.205777E+01
   160.000    -2.561   1.064079E+02
   160.000    -3.038   1.205124E+02
   160.000    -3.514   1.343115E+02
   160.000    -3.991   1.478626E+02
   160.000    -4.944   1.741049E+02
   160.000    -5.421   1.868234E+02
   160.000    -5.897   1.992379E+02
   160.000    -6.374   2.114004E+02
   160.000    -7.327   2.348662E+02
   160.000    -8.280   2.572210E+02
   160.000    -9.233   2.784650E+02
   160.000   -10.186   2.985993E+02
   160.000   -11.104   3.169105E+02
   160.000   -12.092   3.356299E+02
   160.000   -13.045   3.527940E+02
   160.000   -13.998   3.690848E+02
   160.000   -15.905   3.990685E+02
   162.000   -18.071   4.299821E+02
   160.000   -19.717   4.488913E+02
   160.000   -21.623   4.713830E+02
   160.000   -23.999   4.977695E+02
   160.000   -25.435   5.204517E+02
   160.000   -27.342   5.505456E+02
   160.000   -29.248   5.806013E+02
   160.000   -31.154   6.106411E+02
   160.000   -33.060   6.406698E+02
   160.000   -34.966   6.706892E+02
   160.000   -37.826   7.157229E+02
   162.352   -40.699   7.621170E+02
   158.580   -43.548   8.051138E+02
   160.000   -46.403   8.508015E+02
   160.000   -49.263   8.958412E+02
   160.000   -52.122   9.408448E+02
   160.000   -54.981   9.858171E+02
   160.000   -57.841   1.030758E+03
   160.000   -60.700   1.075616E+03
   160.000   -63.559   1.120385E+03
   160.000   -66.418   1.165038E+03
   160.000   -71.184   1.239165E+03
   160.000   -76.417   1.320000E+03
   160.000   -80.715   1.328596E+03
   160.000   -85.480   1.338126E+03
   160.000   -90.246   1.347658E+03
   160.000   -95.011   1.357188E+03
   160.000   -99.777   1.366720E+03
   160.000  -104.542   1.376250E+03
   160.000  -109.307   1.385780E+03
   160.000  -114.073   1.395312E+03
   160.000  -118.838   1.401024E+03
   160.000  -123.604   1.403041E+03
   160.000  -128.369   1.405058E+03
   160.000  -133.135   1.407074E+03
   160.000  -137.900   1.409091E+03
   160.000  -142.666   1.411107E+03
   160.000  -147.431   1.413124E+03
   160.000  -152.196   1.415140E+03
   160.000  -156.962   1.417157E+03
   160.000  -161.727   1.419173E+03
   160.000  -166.493   1.421190E+03
   160.000  -171.258   1.423206E+03
   160.000  -176.024   1.425223E+03
   160.000  -180.789   1.427239E+03
   160.000  -185.555   1.429256E+03
   160.000  -190.320   1.431273E+03
   160.000  -195.086   1.433289E+03
   160.000  -199.851   1.435306E+03
   160.000  -204.616   1.437322E+03
   160.000  -209.382   1.439339E+03
   160.000  -214.147   1.441355E+03
   160.000  -218.913   1.443372E+03
   160.000  -228.444   1.447405E+03
   160.000  -237.975   1.451438E+03
   160.000  -247.506   1.455471E+03
   160.000  -257.036   1.459504E+03
   160.000  -270.000   1.264990E+03
   160.000  -276.098   1.267570E+03
   160.000  -285.629   1.271603E+03
   160.000  -290.395   1.273620E+03
   160.000  -295.160   1.275636E+03
   160.000  -299.926   1.277653E+03
   160.000  -304.691   1.279669E+03
   160.000  -314.222   1.283702E+03
   160.000  -323.753   1.287736E+03
   160.000  -333.284   1.291769E+03
   160.000  -342.815   1.295802E+03
   160.000  -352.345   1.299834E+03
   160.000  -361.876   1.303868E+03
   160.000  -371.407   1.307901E+03
   160.000  -377.500   1.310479E+03
   160.000  -390.469   1.515967E+03
   160.000  -400.000   1.520000E+03
   165.000     0.266   0.000000E+00
   165.000    -0.211   1.958952E+01
   165.000    -1.164   5.839601E+01
   165.000    -1.745   8.184879E+01
   165.000    -2.117   9.334554E+01
   165.000    -2.593   1.078102E+02
   165.000    -3.070   1.220203E+02
   165.000    -3.546   1.359174E+02
   165.000    -4.023   1.495607E+02
   165.000    -4.976   1.759729E+02
   165.000    -5.452   1.887441E+02
   165.000    -5.929   2.012616E+02
   165.000    -6.405   2.134730E+02
   165.000    -7.358   2.370829E+02
   165.000    -8.311   2.595753E+02
   165.000    -9.264   2.809510E+02
   165.000   -10.217   3.012102E+02
   165.000   -11.133   3.196294E+02
   165.000   -12.123   3.384922E+02
   165.000   -13.076   3.557578E+02
   165.000   -14.029   3.721382E+02
   165.000   -15.935   4.022348E+02
   165.000   -18.362   4.358929E+02
   165.000   -19.747   4.528548E+02
   165.000   -21.653   4.753609E+02
   165.000   -24.137   5.028558E+02
   165.000   -25.465   5.237485E+02
   165.000   -27.371   5.537250E+02
   165.000   -29.277   5.836955E+02
   165.000   -31.183   6.136663E+02
   165.000   -33.090   6.436614E+02
   165.000   -34.996   6.736250E+02
   165.000   -38.698   7.318631E+02
   165.000   -40.714   7.636048E+02
   165.000   -43.573   8.086211E+02
   165.000   -46.432   8.536690E+02
   165.000   -49.291   8.987421E+02
   165.000   -52.150   9.438290E+02
   165.000   -55.009   9.889171E+02
   165.000   -57.868   1.033991E+03
   165.000   -60.727   1.079033E+03
   165.000   -63.586   1.124023E+03
   165.000   -66.445   1.168941E+03
   165.000   -71.210   1.243605E+03
   165.000   -76.108   1.320000E+03
   165.000   -80.740   1.329264E+03
   165.000   -85.505   1.338794E+03
   165.000   -90.270   1.348324E+03
   165.000   -95.035   1.357854E+03
   165.000   -99.801   1.367386E+03
   165.000  -104.566   1.376916E+03
   165.000  -109.331   1.386446E+03
   165.000  -114.096   1.395976E+03
   165.000  -118.861   1.401164E+03
   165.000  -123.626   1.403178E+03
   165.000  -128.391   1.405192E+03
   165.000  -133.156   1.407206E+03
   165.000  -137.921   1.409220E+03
   165.000  -142.686   1.411234E+03
   165.000  -147.451   1.413249E+03
   165.000  -152.216   1.415263E+03
   165.000  -156.981   1.417277E+03
   165.000  -161.746   1.419291E+03
   165.000  -166.512   1.421306E+03
   165.000  -171.277   1.423320E+03
   165.000  -176.042   1.425334E+03
   165.000  -180.807   1.427348E+03
   165.000  -185.572   1.429362E+03
   165.000  -190.337   1.431376E+03
   165.000  -195.102   1.433390E+03
   165.000  -199.867   1.435405E+03
   165.000  -204.632   1.437419E+03
   165.000  -209.397   1.439433E+03
   165.000  -214.162   1.441447E+03
   165.000  -218.927   1.443461E+03
   165.000  -228.457   1.447489E+03
   165.000  -237.988   1.451518E+03
   165.000  -247.518   1.455546E+03
   165.000  -259.667   1.260682E+03
   165.000  -266.578   1.263603E+03
   165.000  -276.108   1.267631E+03
   165.000  -285.638   1.271660E+03
   165.000  -290.403   1.273674E+03
   165.000  -295.168   1.275688E+03
   165.000  -299.934   1.277703E+03
   165.000  -304.699   1.279717E+03
   165.000  -314.229   1.283745E+03
   165.000  -323.759   1.287773E+03
   165.000  -333.289   1.291802E+03
   165.000  -342.819   1.295830E+03
   165.000  -352.349   1.299858E+03
   165.000  -361.879   1.303886E+03
   165.000  -371.410   1.307915E+03
   165.000  -379.111   1.311170E+03
   165.000  -390.470   1.515972E+03
   165.000  -400.000   1.520000E+03
   170.000     0.286   0.000000E+00
   170.000    -0.191   1.950359E+01
   170.000    -1.144   5.821130E+01
   170.000    -1.805   8.485772E+01
   170.000    -2.097   9.387321E+01
   170.000    -2.573   1.083469E+02
   170.000    -3.050   1.225786E+02
   170.000    -3.526   1.365079E+02
   170.000    -4.003   1.501927E+02
   170.000    -4.956   1.767110E+02
   170.000    -5.432   1.895447E+02
   170.000    -5.909   2.021301E+02
   170.000    -6.385   2.144142E+02
   170.000    -7.338   2.381819E+02
   170.000    -8.292   2.608709E+02
   170.000    -9.245   2.824339E+02
   170.000   -10.198   3.028961E+02
   170.000   -11.162   3.224868E+02
   170.000   -12.104   3.405280E+02
   170.000   -13.057   3.580125E+02
   170.000   -14.010   3.746265E+02
   170.000   -15.916   4.052476E+02
   170.000   -17.822   4.322423E+02
   170.000   -18.847   4.455075E+02
   170.000   -21.634   4.786173E+02
   170.000   -24.275   5.077775E+02
   170.000   -25.447   5.261290E+02
   170.000   -27.353   5.559686E+02
   170.000   -29.259   5.858101E+02
   170.000   -31.165   6.156561E+02
   172.494   -33.073   6.465785E+02
   171.000   -34.166   6.631200E+02
   170.000   -37.836   7.203700E+02
   170.000   -40.696   7.653544E+02
   170.000   -43.555   8.103854E+02
   170.000   -46.414   8.554809E+02
   170.000   -49.273   9.006374E+02
   170.000   -52.132   9.458468E+02
   170.000   -54.992   9.911133E+02
   170.000   -57.851   1.036391E+03
   170.000   -60.710   1.081677E+03
   170.000   -63.569   1.126952E+03
   170.000   -66.428   1.172195E+03
   170.000   -71.194   1.247495E+03
   170.000   -75.799   1.320000E+03
   170.000   -80.724   1.329850E+03
   170.000   -85.490   1.339382E+03
   170.000   -90.255   1.348912E+03
   170.000   -95.020   1.358442E+03
   170.000   -99.786   1.367974E+03
   170.000  -104.551   1.377504E+03
   170.000  -109.316   1.387034E+03
   170.000  -114.081   1.396564E+03
   170.000  -118.847   1.401287E+03
   170.000  -123.612   1.403299E+03
   170.000  -128.377   1.405311E+03
   170.000  -133.143   1.407323E+03
   170.000  -137.908   1.409335E+03
   170.000  -142.673   1.411347E+03
   170.000  -147.439   1.413360E+03
   170.000  -152.204   1.415372E+03
   170.000  -156.969   1.417383E+03
   170.000  -161.735   1.419396E+03
   170.000  -166.500   1.421408E+03
   170.000  -171.265   1.423420E+03
   170.000  -176.030   1.425432E+03
   170.000  -180.796   1.427444E+03
   170.000  -185.561   1.429456E+03
   170.000  -190.326   1.431468E+03
   170.000  -195.092   1.433480E+03
   170.000  -199.857   1.435492E+03
   170.000  -204.622   1.437504E+03
   170.000  -209.388   1.439517E+03
   170.000  -214.153   1.441529E+03
   170.000  -218.918   1.443541E+03
   170.000  -228.449   1.447565E+03
   170.000  -237.979   1.451589E+03
   170.000  -249.333   1.256383E+03
   170.000  -257.041   1.259638E+03
   170.000  -266.571   1.263661E+03
   170.000  -276.102   1.267686E+03
   170.000  -285.633   1.271710E+03
   170.000  -290.398   1.273722E+03
   170.000  -295.163   1.275734E+03
   170.000  -299.929   1.277746E+03
   170.000  -304.694   1.279758E+03
   170.000  -314.224   1.283782E+03
   170.000  -323.755   1.287807E+03
   170.000  -333.286   1.291831E+03
   170.000  -342.816   1.295855E+03
   170.000  -352.347   1.299879E+03
   170.000  -361.878   1.303904E+03
   170.000  -371.408   1.307927E+03
   170.000  -380.722   1.311860E+03
   170.000  -390.469   1.515976E+03
   170.000  -400.000   1.520000E+03
   175.000     0.281   0.000000E+00
   175.000    -0.196   1.950917E+01
   175.000    -1.149   5.822440E+01
   173.000    -1.841   8.623665E+01
   175.000    -2.102   9.438730E+01
   175.000    -2.578   1.089536E+02
   175.000    -3.055   1.232747E+02
   175.000    -3.531   1.372903E+02
   175.000    -4.008   1.510590E+02
   175.000    -4.961   1.777383E+02
   175.000    -5.437   1.906498E+02
   175.000    -5.914   2.033112E+02
   175.000    -6.390   2.156695E+02
   175.000    -7.343   2.395805E+02
   175.000    -8.296   2.623816E+02
   175.000    -9.250   2.840935E+02
   175.000   -10.203   3.046686E+02
   173.000   -11.179   3.239379E+02
   175.000   -12.109   3.428184E+02
   175.000   -13.062   3.604587E+02
   175.000   -14.015   3.772323E+02
   175.000   -15.921   4.081789E+02
   175.000   -17.827   4.356614E+02
   175.000   -19.332   4.550448E+02
   175.000   -21.639   4.820918E+02
   175.000   -24.413   5.125254E+02
   175.000   -25.451   5.286591E+02
   175.000   -27.357   5.583056E+02
   175.000   -29.264   5.880169E+02
   175.000   -31.242   6.188852E+02
   175.000   -33.076   6.474992E+02
   175.000   -34.982   6.772946E+02
   175.000   -37.841   7.220992E+02
   175.000   -40.700   7.670216E+02
   175.000   -43.559   8.120608E+02
   175.000   -46.418   8.572150E+02
   175.000   -49.278   9.024957E+02
   175.000   -52.137   9.478632E+02
   175.000   -54.996   9.933219E+02
   175.000   -57.855   1.038856E+03
   175.000   -60.714   1.084448E+03
   175.000   -63.573   1.130073E+03
   175.000   -66.433   1.175721E+03
   175.000   -71.198   1.251729E+03
   175.000   -75.490   1.320000E+03
   175.000   -80.728   1.330476E+03
   175.000   -85.494   1.340008E+03
   175.000   -90.259   1.349538E+03
   175.000   -95.024   1.359068E+03
   175.000   -99.789   1.368598E+03
   175.000  -104.555   1.378130E+03
   175.000  -109.320   1.387660E+03
   175.000  -114.085   1.397190E+03
   175.000  -118.850   1.401417E+03
   175.000  -123.616   1.403427E+03
   175.000  -128.381   1.405437E+03
   175.000  -133.146   1.407447E+03
   175.000  -137.911   1.409457E+03
   175.000  -142.677   1.411467E+03
   175.000  -147.442   1.413477E+03
   175.000  -152.207   1.415486E+03
   175.000  -156.972   1.417496E+03
   175.000  -161.738   1.419506E+03
   175.000  -166.503   1.421516E+03
   175.000  -171.268   1.423526E+03
   175.000  -176.033   1.425536E+03
   175.000  -180.799   1.427546E+03
   175.000  -185.564   1.429556E+03
   175.000  -190.329   1.431565E+03
   175.000  -195.094   1.433575E+03
   175.000  -199.860   1.435585E+03
   175.000  -204.625   1.437595E+03
   175.000  -209.390   1.439605E+03
   175.000  -214.155   1.441615E+03
   175.000  -218.921   1.443625E+03
   175.000  -228.451   1.447644E+03
   175.000  -239.000   1.252094E+03
   175.000  -247.512   1.255684E+03
   175.000  -257.043   1.259704E+03
   175.000  -266.573   1.263723E+03
   175.000  -276.104   1.267743E+03
   175.000  -285.634   1.271763E+03
   175.000  -290.399   1.273773E+03
   175.000  -295.165   1.275783E+03
   175.000  -299.930   1.277793E+03
   175.000  -304.695   1.279802E+03
   175.000  -314.226   1.283822E+03
   175.000  -323.756   1.287842E+03
   175.000  -333.287   1.291862E+03
   175.000  -342.817   1.295881E+03
   175.000  -352.348   1.299901E+03
   175.000  -361.878   1.303921E+03
   175.000  -371.409   1.307941E+03
   175.000  -382.333   1.312548E+03
   175.000  -390.470   1.515980E+03
   175.000  -400.000   1.520000E+03
   180.000     0.249   0.000000E+00
   180.000    -0.227   1.979343E+01
   180.000    -1.180   5.910223E+01
   180.000    -1.860   8.682066E+01
   180.000    -2.133   9.536611E+01
   180.000    -2.610   1.100758E+02
   180.000    -3.086   1.244717E+02
   180.000    -3.563   1.386153E+02
   180.000    -4.039   1.524476E+02
   180.000    -4.992   1.792989E+02
   180.000    -5.469   1.923180E+02
   180.000    -5.945   2.050308E+02
   180.000    -6.422   2.174912E+02
   180.000    -7.375   2.415510E+02
   180.000    -8.328   2.645016E+02
   180.000    -9.281   2.863470E+02
   180.000   -10.234   3.070917E+02
   180.000   -11.222   3.273550E+02
   180.000   -12.140   3.452799E+02
   180.000   -13.093   3.630441E+02
   180.000   -14.046   3.799441E+02
   180.000   -15.952   4.111603E+02
   180.000   -17.858   4.389439E+02
   180.000   -19.817   4.640802E+02
   180.000   -21.669   4.854664E+02
   180.000   -23.575   5.063804E+02
   180.000   -24.552   5.167431E+02
   180.273   -27.387   5.605666E+02
   177.684   -29.280   5.891735E+02
   180.000   -31.199   6.195080E+02
   180.000   -33.105   6.491698E+02
   180.000   -35.011   6.788920E+02
   180.000   -37.870   7.236051E+02
   180.000   -40.729   7.684865E+02
   180.000   -43.588   8.135411E+02
   180.000   -46.447   8.587692E+02
   180.000   -49.306   9.041678E+02
   180.000   -52.165   9.497301E+02
   180.000   -55.023   9.954292E+02
   180.000   -57.882   1.041281E+03
   180.000   -60.741   1.087248E+03
   180.000   -63.600   1.133303E+03
   180.000   -66.459   1.179413E+03
   180.000   -71.224   1.256298E+03
   180.000   -75.181   1.320000E+03
   180.000   -80.754   1.331146E+03
   180.000   -85.519   1.340676E+03
   180.000   -90.284   1.350206E+03
   180.000   -95.048   1.359734E+03
   180.000   -99.813   1.369264E+03
   180.000  -104.578   1.378794E+03
   180.000  -109.343   1.388324E+03
   180.000  -114.108   1.397854E+03
   180.000  -118.873   1.401556E+03
   180.000  -123.638   1.403563E+03
   180.000  -128.402   1.405570E+03
   180.000  -133.167   1.407578E+03
   180.000  -137.932   1.409585E+03
   180.000  -142.697   1.411593E+03
   180.000  -147.462   1.413601E+03
   180.000  -152.227   1.415608E+03
   180.000  -156.992   1.417616E+03
   180.000  -161.757   1.419623E+03
   180.000  -166.521   1.421631E+03
   180.000  -171.286   1.423638E+03
   180.000  -176.051   1.425646E+03
   180.000  -180.816   1.427653E+03
   180.000  -185.581   1.429661E+03
   180.000  -190.346   1.431669E+03
   180.000  -195.111   1.433676E+03
   180.000  -199.876   1.435684E+03
   180.000  -204.640   1.437691E+03
   180.000  -209.405   1.439698E+03
   180.000  -214.170   1.441706E+03
   180.000  -218.935   1.443714E+03
   180.000  -228.667   1.247814E+03
   180.000  -237.994   1.251744E+03
   180.000  -247.524   1.255759E+03
   180.000  -257.054   1.259774E+03
   180.000  -266.584   1.263789E+03
   180.000  -276.113   1.267804E+03
   180.000  -285.643   1.271819E+03
   180.000  -290.408   1.273827E+03
   180.000  -295.173   1.275834E+03
   180.000  -299.938   1.277842E+03
   180.000  -304.703   1.279849E+03
   180.000  -314.232   1.283864E+03
   180.000  -323.762   1.287879E+03
   180.000  -333.292   1.291895E+03
   180.000  -342.822   1.295910E+03
   180.000  -352.351   1.299925E+03
   180.000  -361.881   1.303940E+03
   180.000  -371.411   1.307955E+03
   180.000  -383.944   1.313235E+03
   180.000  -390.470   1.515985E+03
   180.000  -400.000   1.520000E+03
   185.000     0.257   0.000000E+00
   185.000    -0.219   1.980907E+01
   185.000    -1.172   5.915315E+01
   185.000    -1.873   8.782967E+01
   185.000    -2.125   9.573829E+01
   185.000    -2.602   1.105149E+02
   185.000    -3.078   1.249572E+02
   185.000    -3.555   1.391464E+02
   185.000    -4.031   1.530237E+02
   185.000    -4.984   1.799627E+02
   185.000    -5.461   1.930251E+02
   185.000    -5.937   2.057806E+02
   185.000    -6.414   2.182835E+02
   185.000    -7.367   2.424271E+02
   185.000    -8.320   2.654604E+02
   185.000    -9.273   2.873868E+02
   185.000   -10.226   3.082096E+02
   185.000   -11.254   3.294450E+02
   185.000   -12.132   3.466535E+02
   185.000   -13.085   3.645160E+02
   185.000   -14.038   3.815214E+02
   185.000   -15.944   4.129703E+02
   185.000   -17.850   4.410199E+02
   185.000   -20.302   4.723190E+02
   185.000   -21.662   4.876983E+02
   185.000   -23.568   5.085345E+02
   184.000   -24.662   5.197016E+02
   185.000   -27.380   5.614742E+02
   185.000   -29.286   5.907873E+02
   185.000   -31.192   6.201488E+02
   185.000   -33.098   6.496255E+02
   185.000   -35.004   6.792120E+02
   185.000   -37.863   7.237940E+02
   185.000   -40.722   7.686180E+02
   185.000   -43.581   8.136846E+02
   185.000   -46.440   8.589943E+02
   185.000   -49.299   9.045459E+02
   185.000   -52.158   9.503352E+02
   185.000   -55.017   9.963538E+02
   185.000   -57.876   1.042587E+03
   185.000   -60.735   1.089013E+03
   185.000   -63.594   1.135601E+03
   185.000   -66.453   1.182306E+03
   185.000   -71.217   1.260277E+03
   185.000   -74.873   1.320000E+03
   185.000   -80.747   1.331748E+03
   185.000   -85.512   1.341278E+03
   185.000   -90.277   1.350808E+03
   185.000   -95.042   1.360338E+03
   185.000   -99.807   1.369868E+03
   185.000  -104.572   1.379398E+03
   185.000  -109.337   1.388928E+03
   185.000  -114.102   1.398458E+03
   185.000  -118.867   1.401681E+03
   185.000  -123.632   1.403686E+03
   185.000  -128.397   1.405692E+03
   185.000  -133.162   1.407697E+03
   185.000  -137.927   1.409703E+03
   185.000  -142.692   1.411708E+03
   185.000  -147.457   1.413713E+03
   185.000  -152.222   1.415719E+03
   185.000  -156.987   1.417724E+03
   185.000  -161.752   1.419730E+03
   185.000  -166.517   1.421735E+03
   185.000  -171.282   1.423741E+03
   185.000  -176.047   1.425746E+03
   185.000  -180.812   1.427751E+03
   185.000  -185.577   1.429757E+03
   185.000  -190.342   1.431762E+03
   185.000  -195.107   1.433768E+03
   185.000  -199.872   1.435773E+03
   185.000  -204.636   1.437778E+03
   185.000  -209.401   1.439784E+03
   187.020  -214.159   1.241786E+03
   184.711  -218.931   1.243794E+03
   185.000  -228.461   1.247805E+03
   185.000  -237.991   1.251816E+03
   185.000  -247.521   1.255827E+03
   185.000  -257.051   1.259838E+03
   185.000  -266.581   1.263849E+03
   185.000  -276.111   1.267859E+03
   185.000  -285.641   1.271870E+03
   185.000  -290.406   1.273876E+03
   185.000  -295.171   1.275881E+03
   185.000  -299.936   1.277887E+03
   185.000  -304.701   1.279892E+03
   185.000  -314.231   1.283903E+03
   185.000  -323.761   1.287914E+03
   185.000  -333.291   1.291925E+03
   185.000  -342.820   1.295935E+03
   185.000  -352.350   1.299946E+03
   185.000  -361.880   1.303957E+03
   185.000  -371.410   1.307967E+03
   185.000  -385.556   1.313921E+03
   185.000  -390.470   1.515989E+03
   185.000  -400.000   1.520000E+03
   190.000     0.295   0.000000E+00
   190.000    -0.182   1.979808E+01
   190.000    -1.135   5.902403E+01
   190.000    -1.611   7.845356E+01
   190.000    -1.886   8.963755E+01
   190.000    -2.564   1.106540E+02
   190.000    -3.041   1.251066E+02
   190.000    -3.517   1.392477E+02
   190.000    -3.994   1.531381E+02
   190.000    -4.947   1.800518E+02
   190.000    -5.424   1.931058E+02
   190.000    -5.900   2.058559E+02
   190.000    -6.377   2.183564E+02
   190.000    -7.330   2.425045E+02
   190.000    -8.283   2.655549E+02
   190.000    -9.236   2.875114E+02
   190.000   -10.189   3.083780E+02
   190.000   -11.285   3.310483E+02
   190.000   -12.095   3.469568E+02
   190.000   -13.048   3.648568E+02
   190.000   -14.001   3.819171E+02
   190.000   -15.907   4.135240E+02
   190.000   -17.814   4.418069E+02
   190.000   -19.720   4.665840E+02
   190.000   -20.787   4.792109E+02
   190.000   -23.532   5.092312E+02
   190.000   -24.773   5.221422E+02
   190.000   -27.344   5.610845E+02
   190.000   -29.251   5.901456E+02
   190.000   -31.157   6.193314E+02
   190.000   -33.063   6.486559E+02
   190.000   -34.969   6.781182E+02
   190.000   -37.828   7.225689E+02
   190.000   -40.688   7.673453E+02
   190.000   -43.547   8.124193E+02
   190.000   -46.406   8.578111E+02
   190.000   -49.265   9.035249E+02
   190.000   -52.125   9.495798E+02
   190.000   -54.984   9.959427E+02
   190.000   -57.843   1.042622E+03
   190.000   -60.702   1.089601E+03
   190.000   -63.562   1.136865E+03
   190.000   -66.421   1.184330E+03
   190.000   -71.186   1.263759E+03
   190.000   -74.564   1.320000E+03
   190.000   -80.717   1.332306E+03
   190.000   -85.483   1.341838E+03
   190.000   -90.248   1.351368E+03
   190.000   -95.013   1.360898E+03
   190.000   -99.779   1.370430E+03
   190.000  -104.544   1.379960E+03
   190.000  -109.310   1.389492E+03
   190.000  -114.075   1.399022E+03
   190.000  -118.840   1.401798E+03
   190.000  -123.606   1.403801E+03
   190.000  -128.371   1.405805E+03
   190.000  -133.137   1.407808E+03
   190.000  -137.902   1.409812E+03
   190.000  -142.668   1.411815E+03
   190.000  -147.433   1.413818E+03
   190.000  -152.198   1.415822E+03
   190.000  -156.964   1.417825E+03
   190.000  -161.729   1.419829E+03
   190.000  -166.495   1.421832E+03
   190.000  -171.260   1.423836E+03
   190.000  -176.025   1.425839E+03
   190.000  -180.791   1.427842E+03
   190.000  -185.556   1.429846E+03
   190.000  -190.322   1.431849E+03
   190.000  -195.087   1.433853E+03
   190.000  -199.853   1.435856E+03
   191.643  -204.604   1.237854E+03
   189.330  -209.385   1.239864E+03
   190.000  -214.149   1.241866E+03
   190.000  -218.914   1.243870E+03
   190.000  -228.445   1.247877E+03
   190.000  -237.976   1.251884E+03
   190.000  -247.507   1.255890E+03
   190.000  -257.038   1.259897E+03
   190.000  -266.568   1.263904E+03
   190.000  -276.099   1.267911E+03
   190.000  -285.630   1.271918E+03
   190.000  -290.395   1.273921E+03
   190.000  -295.161   1.275925E+03
   190.000  -299.926   1.277928E+03
   190.000  -304.692   1.279932E+03
   190.000  -314.223   1.283939E+03
   190.000  -323.753   1.287945E+03
   190.000  -333.284   1.291952E+03
   190.000  -342.815   1.295959E+03
   190.000  -352.346   1.299966E+03
   190.000  -361.877   1.303973E+03
   190.000  -371.408   1.307980E+03
   190.000  -380.938   1.311986E+03
   190.000  -387.167   1.314605E+03
   190.000  -400.000   1.520000E+03
   195.000     0.383   0.000000E+00
   195.000    -0.094   1.938406E+01
   195.000    -1.047   5.791148E+01
   195.000    -1.524   7.708647E+01
   195.000    -1.899   9.211098E+01
   195.000    -2.477   1.098082E+02
   195.000    -2.954   1.241248E+02
   195.000    -3.430   1.381488E+02
   195.000    -3.907   1.519382E+02
   195.000    -4.860   1.786927E+02
   195.000    -5.337   1.916844E+02
   195.000    -5.813   2.043825E+02
   195.000    -6.290   2.168397E+02
   195.000    -7.243   2.409245E+02
   195.000    -8.197   2.639604E+02
   195.000    -9.150   2.858971E+02
   195.000   -10.103   3.067581E+02
   197.000   -11.328   3.317796E+02
   195.000   -12.010   3.452455E+02
   195.000   -12.963   3.632291E+02
   195.000   -13.916   3.803636E+02
   195.000   -15.823   4.121107E+02
   195.000   -17.730   4.405011E+02
   195.000   -19.636   4.655373E+02
   195.000   -20.785   4.790512E+02
   195.000   -23.449   5.080341E+02
   195.000   -24.865   5.226824E+02
   195.000   -27.262   5.587323E+02
   195.000   -29.169   5.875972E+02
   195.000   -31.076   6.166248E+02
   195.000   -32.982   6.457991E+02
   195.000   -34.889   6.751506E+02
   195.000   -37.749   7.194755E+02
   195.000   -40.609   7.641714E+02
   195.000   -43.468   8.092317E+02
   195.000   -46.328   8.546999E+02
   195.000   -49.188   9.005752E+02
   195.000   -52.048   9.468735E+02
   195.000   -54.908   9.936100E+02
   195.000   -57.768   1.040796E+03
   195.000   -60.628   1.088432E+03
   195.000   -63.488   1.136502E+03
   195.000   -66.348   1.184959E+03
   195.000   -71.114   1.266359E+03
   195.000   -74.255   1.320000E+03
   195.000   -80.647   1.332784E+03
   195.000   -85.413   1.342316E+03
   195.000   -90.180   1.351850E+03
   195.000   -94.946   1.361382E+03
   195.000   -99.713   1.370916E+03
   195.000  -104.479   1.380448E+03
   195.000  -109.246   1.389982E+03
   195.000  -114.012   1.399514E+03
   195.000  -118.779   1.401900E+03
   195.000  -123.545   1.403901E+03
   195.000  -128.312   1.405903E+03
   195.000  -133.078   1.407905E+03
   195.000  -137.844   1.409906E+03
   195.000  -142.611   1.411908E+03
   195.000  -147.377   1.413910E+03
   195.000  -152.144   1.415912E+03
   195.000  -156.910   1.417913E+03
   195.000  -161.677   1.419915E+03
   195.000  -166.443   1.421917E+03
   195.000  -171.210   1.423919E+03
   195.000  -175.976   1.425920E+03
   195.000  -180.743   1.427922E+03
   195.000  -185.509   1.429923E+03
   195.000  -190.276   1.431925E+03
   196.270  -195.041   1.233926E+03
   193.959  -199.818   1.235933E+03
   195.000  -204.575   1.237930E+03
   195.000  -209.341   1.239932E+03
   195.000  -214.108   1.241934E+03
   195.000  -218.874   1.243935E+03
   195.000  -228.407   1.247939E+03
   195.000  -237.940   1.251942E+03
   195.000  -247.473   1.255946E+03
   195.000  -257.006   1.259949E+03
   195.000  -266.539   1.263952E+03
   195.000  -276.072   1.267956E+03
   195.000  -285.605   1.271959E+03
   195.000  -290.371   1.273961E+03
   195.000  -295.138   1.275963E+03
   195.000  -299.904   1.277964E+03
   195.000  -304.671   1.279966E+03
   195.000  -314.204   1.283970E+03
   195.000  -323.737   1.287973E+03
   195.000  -333.270   1.291976E+03
   195.000  -342.802   1.295979E+03
   195.000  -352.335   1.299983E+03
   195.000  -361.868   1.303986E+03
   195.000  -371.401   1.307990E+03
   195.000  -380.934   1.311993E+03
   195.000  -388.778   1.315287E+03
   195.000  -400.000   1.520000E+03
   200.000     0.388   0.000000E+00
   200.000    -0.089   1.934189E+01
   200.000    -1.042   5.775728E+01
   200.000    -1.519   7.686781E+01
   200.000    -1.912   9.255387E+01
   200.000    -2.472   1.096388E+02
   200.000    -2.949   1.239054E+02
   200.000    -3.425   1.378787E+02
   200.000    -3.902   1.516167E+02
   200.000    -4.855   1.782694E+02
   200.000    -5.332   1.912111E+02
   200.000    -5.808   2.038602E+02
   200.000    -6.285   2.162695E+02
   200.000    -7.238   2.402629E+02
   200.000    -8.192   2.632132E+02
   200.000    -9.145   2.850719E+02
   200.000   -10.098   3.058630E+02
   200.000   -11.389   3.324555E+02
   200.000   -12.005   3.444166E+02
   200.000   -12.958   3.622531E+02
   200.000   -13.912   3.792827E+02
   200.000   -15.818   4.108255E+02
   200.000   -17.725   4.390752E+02
   200.000   -19.631   4.640040E+02
   200.000   -20.783   4.774722E+02
   200.000   -23.445   5.062871E+02
   200.000   -24.957   5.218290E+02
   200.000   -27.258   5.561995E+02
   200.000   -29.164   5.848686E+02
   200.000   -31.071   6.137331E+02
   200.000   -32.978   6.427781E+02
   200.000   -34.884   6.719890E+02
   200.000   -37.744   7.161637E+02
   200.000   -40.604   7.607596E+02
   200.000   -43.464   8.057923E+02
   200.000   -46.324   8.512842E+02
   200.000   -49.184   8.972640E+02
   200.000   -52.044   9.437673E+02
   200.000   -54.904   9.908352E+02
   200.000   -57.764   1.038513E+03
   200.000   -60.624   1.086847E+03
   200.000   -63.483   1.135856E+03
   200.000   -66.343   1.185575E+03
   200.000   -71.110   1.269817E+03
   200.000   -73.946   1.320000E+03
   200.000   -80.643   1.333394E+03
   200.000   -85.409   1.342926E+03
   200.000   -90.176   1.352460E+03
   200.000   -94.942   1.361992E+03
   200.000   -99.709   1.371526E+03
   200.000  -104.476   1.381060E+03
   200.000  -109.242   1.390592E+03
   200.000  -114.009   1.400026E+03
   200.000  -118.775   1.402026E+03
   200.000  -123.542   1.404026E+03
   200.000  -128.308   1.406025E+03
   200.000  -133.075   1.408025E+03
   200.000  -137.841   1.410024E+03
   200.000  -142.608   1.412024E+03
   200.000  -147.374   1.414023E+03
   200.000  -152.141   1.416023E+03
   200.000  -156.907   1.418022E+03
   200.000  -161.674   1.420022E+03
   200.000  -166.440   1.422021E+03
   200.000  -171.207   1.424021E+03
   200.000  -175.973   1.426020E+03
   200.000  -180.740   1.428020E+03
   200.882  -185.511   1.230022E+03
   198.577  -190.274   1.232020E+03
   200.000  -195.039   1.234019E+03
   200.000  -199.806   1.236018E+03
   200.000  -204.573   1.238018E+03
   200.000  -209.339   1.240017E+03
   200.000  -214.106   1.242017E+03
   200.000  -218.872   1.244017E+03
   200.000  -228.405   1.248016E+03
   200.000  -237.938   1.252015E+03
   200.000  -247.471   1.256014E+03
   200.000  -257.004   1.260013E+03
   200.000  -266.537   1.264012E+03
   200.000  -276.070   1.268011E+03
   200.000  -285.603   1.272010E+03
   200.000  -290.370   1.274010E+03
   200.000  -295.136   1.276009E+03
   200.000  -299.903   1.278009E+03
   200.000  -304.670   1.280009E+03
   200.000  -314.203   1.284008E+03
   200.000  -323.736   1.288007E+03
   200.000  -333.269   1.292006E+03
   200.000  -342.802   1.296005E+03
   200.000  -352.335   1.300004E+03
   200.000  -361.868   1.304004E+03
   200.000  -371.401   1.308003E+03
   200.000  -380.934   1.312002E+03
   200.000  -390.389   1.315968E+03
   200.000  -400.000   1.520000E+03
   205.000     0.339   0.000000E+00
   205.000    -0.138   1.943069E+01
   205.000    -1.091   5.796743E+01
   205.000    -1.567   7.707323E+01
   204.000    -1.923   9.162242E+01
   205.000    -2.521   1.094340E+02
   205.000    -2.997   1.236521E+02
   205.000    -3.474   1.376292E+02
   205.000    -3.950   1.513069E+02
   205.000    -4.904   1.779080E+02
   205.000    -5.380   1.907762E+02
   205.000    -5.857   2.034017E+02
   205.000    -6.333   2.157316E+02
   205.000    -7.287   2.396350E+02
   205.000    -8.240   2.624386E+02
   205.000    -9.193   2.841704E+02
   205.000   -10.146   3.048328E+02
   205.000   -11.492   3.322124E+02
   205.000   -12.052   3.430057E+02
   205.000   -13.006   3.607405E+02
   205.000   -13.959   3.776262E+02
   205.000   -15.865   4.089150E+02
   205.000   -17.772   4.369217E+02
   205.000   -19.678   4.616268E+02
   205.000   -20.782   4.744275E+02
   205.000   -23.491   5.035693E+02
   205.000   -25.049   5.194739E+02
   205.000   -27.303   5.529174E+02
   205.000   -29.210   5.814276E+02
   205.000   -31.116   6.101183E+02
   205.000   -33.023   6.390186E+02
   205.000   -34.929   6.680982E+02
   205.000   -37.789   7.121003E+02
   205.000   -40.648   7.565400E+02
   205.000   -43.508   8.014695E+02
   205.000   -46.367   8.468894E+02
   205.000   -49.227   8.928747E+02
   205.000   -52.086   9.394502E+02
   205.000   -54.946   9.867213E+02
   205.000   -57.805   1.034748E+03
   205.000   -60.665   1.083685E+03
   205.000   -63.525   1.133671E+03
   205.000   -66.384   1.184892E+03
   205.000   -71.150   1.273629E+03
   205.000   -73.637   1.320000E+03
   205.000   -80.682   1.334090E+03
   205.000   -85.448   1.343622E+03
   205.000   -90.214   1.353154E+03
   205.000   -94.980   1.362686E+03
   205.000   -99.746   1.372218E+03
   205.000  -104.512   1.381750E+03
   205.000  -109.278   1.391282E+03
   205.000  -114.044   1.400171E+03
   205.000  -118.810   1.402168E+03
   205.000  -123.575   1.404165E+03
   205.000  -128.341   1.406162E+03
   205.000  -133.107   1.408159E+03
   205.000  -137.873   1.410156E+03
   205.000  -142.639   1.412153E+03
   205.000  -147.405   1.414150E+03
   205.000  -152.171   1.416148E+03
   205.000  -156.937   1.418145E+03
   205.000  -161.703   1.420142E+03
   205.000  -166.469   1.422139E+03
   205.000  -171.235   1.424136E+03
   205.482  -176.004   1.226135E+03
   203.182  -180.757   1.228127E+03
   205.000  -185.533   1.230128E+03
   205.000  -190.299   1.232125E+03
   205.000  -195.065   1.234122E+03
   205.000  -199.831   1.236119E+03
   205.000  -204.596   1.238116E+03
   205.000  -209.362   1.240113E+03
   205.000  -214.128   1.242111E+03
   205.000  -218.894   1.244108E+03
   205.000  -228.426   1.248102E+03
   205.000  -237.958   1.252097E+03
   205.000  -247.490   1.256091E+03
   205.000  -257.022   1.260085E+03
   205.000  -266.554   1.264080E+03
   205.000  -276.086   1.268074E+03
   205.000  -285.617   1.272068E+03
   205.000  -290.383   1.274065E+03
   205.000  -295.149   1.276062E+03
   205.000  -299.915   1.278060E+03
   205.000  -304.681   1.280057E+03
   205.000  -314.213   1.284051E+03
   205.000  -323.745   1.288045E+03
   205.000  -333.277   1.292040E+03
   205.000  -342.809   1.296034E+03
   205.000  -352.341   1.300029E+03
   205.000  -361.872   1.304023E+03
   205.000  -371.404   1.308017E+03
   205.000  -380.936   1.312011E+03
   205.000  -392.000   1.316648E+03
   205.000  -400.000   1.520000E+03
   210.000     0.290   0.000000E+00
   210.000    -0.187   1.953607E+01
   210.000    -1.140   5.823708E+01
   210.000    -1.804   8.496388E+01
   210.000    -2.093   9.389604E+01
   210.000    -2.569   1.083603E+02
   210.000    -3.046   1.225728E+02
   210.000    -3.522   1.364754E+02
   210.000    -3.999   1.501281E+02
   210.000    -4.952   1.765717E+02
   210.000    -5.428   1.893669E+02
   210.000    -5.905   2.019142E+02
   210.000    -6.382   2.141876E+02
   210.000    -7.335   2.378906E+02
   210.000    -8.288   2.605095E+02
   210.000    -9.241   2.820497E+02
   210.000   -10.194   3.025163E+02
   210.000   -11.594   3.306587E+02
   210.000   -12.100   3.402810E+02
   210.000   -13.053   3.578519E+02
   210.000   -14.006   3.745436E+02
   210.000   -15.912   4.054795E+02
   210.000   -17.818   4.331656E+02
   210.000   -19.725   4.576237E+02
   210.000   -20.780   4.697521E+02
   210.000   -23.537   4.992146E+02
   210.000   -25.141   5.154856E+02
   210.000   -27.349   5.480454E+02
   210.000   -29.255   5.763808E+02
   210.000   -31.161   6.049211E+02
   210.000   -33.068   6.336767E+02
   210.000   -34.974   6.626150E+02
   210.000   -37.833   7.063930E+02
   210.000   -40.692   7.506272E+02
   210.000   -43.551   7.953415E+02
   210.000   -46.411   8.405896E+02
   210.000   -49.270   8.863923E+02
   210.000   -52.129   9.328355E+02
   210.000   -54.988   9.800112E+02
   210.000   -57.847   1.028041E+03
   210.000   -60.707   1.077110E+03
   210.000   -63.566   1.127428E+03
   210.000   -66.425   1.179414E+03
   209.000   -73.390   1.320000E+03
   210.000   -75.956   1.325132E+03
   210.000   -80.721   1.334662E+03
   210.000   -85.486   1.344192E+03
   210.000   -90.252   1.353724E+03
   210.000   -95.017   1.363254E+03
   210.000   -99.783   1.372786E+03
   210.000  -104.548   1.382316E+03
   210.000  -109.313   1.391846E+03
   210.000  -114.079   1.400288E+03
   210.000  -118.844   1.402284E+03
   210.000  -123.609   1.404279E+03
   210.000  -128.375   1.406274E+03
   210.000  -133.140   1.408269E+03
   210.000  -137.905   1.410264E+03
   210.000  -142.671   1.412260E+03
   210.000  -147.436   1.414255E+03
   210.000  -152.201   1.416250E+03
   210.000  -156.967   1.418245E+03
   212.388  -161.732   1.220240E+03
   210.082  -166.498   1.222236E+03
   207.782  -171.251   1.224226E+03
   210.000  -176.028   1.226226E+03
   210.000  -180.794   1.228221E+03
   210.000  -185.559   1.230216E+03
   210.000  -190.324   1.232211E+03
   210.000  -195.090   1.234207E+03
   210.000  -199.855   1.236202E+03
   210.000  -204.620   1.238197E+03
   210.000  -209.386   1.240192E+03
   210.000  -214.151   1.242187E+03
   210.000  -218.916   1.244182E+03
   210.000  -228.447   1.248173E+03
   210.000  -237.978   1.252163E+03
   210.000  -247.509   1.256154E+03
   210.000  -257.039   1.260144E+03
   210.000  -266.570   1.264135E+03
   210.000  -276.101   1.268125E+03
   210.000  -285.631   1.272115E+03
   210.000  -290.397   1.274111E+03
   210.000  -295.162   1.276106E+03
   210.000  -299.928   1.278101E+03
   210.000  -304.693   1.280096E+03
   210.000  -314.224   1.284087E+03
   210.000  -323.754   1.288077E+03
   210.000  -333.285   1.292067E+03
   210.000  -342.816   1.296058E+03
   210.000  -352.346   1.300048E+03
   210.000  -361.877   1.304038E+03
   210.000  -371.408   1.308029E+03
   210.761  -380.939   1.312019E+03
   210.000  -390.469   1.516009E+03
   210.000  -400.000   1.520000E+03
   215.000     0.292   0.000000E+00
   215.000    -0.185   1.927442E+01
   215.000    -1.138   5.752502E+01
   215.000    -1.704   8.007012E+01
   215.000    -2.091   9.189217E+01
   215.000    -2.567   1.061727E+02
   215.000    -3.044   1.202086E+02
   215.000    -3.520   1.339411E+02
   215.000    -3.997   1.474282E+02
   215.000    -4.950   1.735526E+02
   215.000    -5.426   1.861931E+02
   215.000    -5.903   1.985880E+02
   215.000    -6.380   2.107114E+02
   215.000    -7.333   2.341219E+02
   215.000    -8.286   2.564587E+02
   215.000    -9.239   2.777287E+02
   215.000   -10.192   2.979392E+02
   215.000   -11.145   3.170115E+02
   215.000   -11.696   3.276240E+02
   215.000   -13.051   3.524213E+02
   215.000   -14.004   3.688977E+02
   215.000   -15.910   3.994530E+02
   215.000   -17.816   4.268526E+02
   215.000   -19.723   4.511272E+02
   215.000   -20.778   4.632003E+02
   215.000   -23.535   4.925371E+02
   215.000   -25.233   5.097068E+02
   215.000   -27.347   5.407600E+02
   215.000   -29.253   5.689809E+02
   215.000   -31.160   5.974143E+02
   215.000   -33.066   6.260215E+02
   215.000   -34.972   6.548125E+02
   215.000   -37.831   6.983410E+02
   215.000   -40.690   7.422892E+02
   215.000   -43.550   7.866970E+02
   215.000   -46.409   8.315724E+02
   215.000   -49.268   8.769850E+02
   215.000   -52.127   9.230049E+02
   215.000   -54.986   9.697182E+02
   215.000   -57.846   1.017244E+03
   215.000   -60.705   1.065661E+03
   215.000   -63.564   1.115094E+03
   215.000   -66.423   1.165597E+03
   215.000   -71.189   1.253972E+03
   215.000   -74.777   1.320000E+03
   215.000   -80.719   1.331884E+03
   215.000   -85.485   1.341416E+03
   215.000   -90.250   1.350946E+03
   215.000   -95.016   1.360478E+03
   215.000   -99.781   1.370008E+03
   215.000  -104.546   1.379538E+03
   215.000  -109.312   1.389070E+03
   215.000  -114.077   1.398600E+03
   215.000  -118.843   1.401711E+03
   215.000  -123.608   1.403715E+03
   215.000  -128.373   1.405720E+03
   215.000  -133.139   1.407725E+03
   215.000  -137.904   1.409730E+03
   215.000  -142.669   1.411735E+03
   215.000  -147.435   1.413740E+03
   216.997  -152.207   1.215748E+03
   214.694  -156.966   1.217750E+03
   215.000  -161.731   1.219755E+03
   215.000  -166.496   1.221759E+03
   215.000  -171.262   1.223765E+03
   215.000  -176.027   1.225769E+03
   215.000  -180.792   1.227774E+03
   215.000  -185.558   1.229779E+03
   215.000  -190.323   1.231784E+03
   215.000  -195.089   1.233789E+03
   215.000  -199.854   1.235794E+03
   215.000  -204.619   1.237799E+03
   215.000  -209.385   1.239804E+03
   215.000  -214.150   1.241809E+03
   215.000  -218.916   1.243814E+03
   215.000  -228.446   1.247823E+03
   215.000  -237.977   1.251833E+03
   215.000  -247.508   1.255843E+03
   215.000  -257.039   1.259853E+03
   215.000  -266.569   1.263862E+03
   215.000  -276.100   1.267872E+03
   215.000  -285.631   1.271882E+03
   215.000  -290.396   1.273887E+03
   215.000  -295.162   1.275892E+03
   215.000  -299.927   1.277897E+03
   215.000  -304.692   1.279902E+03
   215.000  -314.223   1.283912E+03
   215.000  -323.754   1.287922E+03
   215.000  -333.285   1.291931E+03
   215.000  -342.815   1.295941E+03
   215.000  -352.346   1.299951E+03
   215.000  -361.877   1.303961E+03
   215.725  -371.408   1.307971E+03
   215.000  -380.938   1.511980E+03
   215.000  -390.469   1.515990E+03
   215.000  -400.000   1.520000E+03
   220.000     0.263   0.000000E+00
   220.000    -0.214   1.930620E+01
   220.000    -1.167   5.745729E+01
   220.000    -1.604   7.478319E+01
   220.000    -2.120   9.035326E+01
   220.000    -2.596   1.044543E+02
   220.000    -3.073   1.182909E+02
   220.000    -3.549   1.318088E+02
   220.000    -4.026   1.450681E+02
   220.000    -4.979   1.707081E+02
   220.000    -5.455   1.830981E+02
   220.000    -5.932   1.952381E+02
   220.000    -6.408   2.070796E+02
   220.000    -7.361   2.299737E+02
   220.000    -8.314   2.517979E+02
   220.000    -9.267   2.725654E+02
   220.000   -10.220   2.922884E+02
   220.000   -11.173   3.109779E+02
   220.000   -11.798   3.226895E+02
   220.000   -13.079   3.454703E+02
   220.000   -14.032   3.615425E+02
   220.000   -15.938   3.913969E+02
   220.000   -17.844   4.183327E+02
   220.000   -19.750   4.424952E+02
   220.000   -20.941   4.561628E+02
   220.000   -23.562   4.841798E+02
   220.000   -25.326   5.020973E+02
   220.000   -27.374   5.322110E+02
   220.000   -29.280   5.604140E+02
   220.000   -31.186   5.887744E+02
   220.000   -33.092   6.172842E+02
   220.000   -34.998   6.459397E+02
   220.000   -37.857   6.891936E+02
   220.000   -40.716   7.327848E+02
   220.000   -43.575   7.767390E+02
   220.000   -46.434   8.210959E+02
   220.000   -49.293   8.659093E+02
   220.000   -52.152   9.112474E+02
   220.000   -55.011   9.571928E+02
   220.000   -57.870   1.003843E+03
   220.000   -60.729   1.051305E+03
   220.000   -63.588   1.099695E+03
   220.000   -66.448   1.149143E+03
   220.000   -71.213   1.234044E+03
   220.000   -75.933   1.320000E+03
   220.000   -80.743   1.329620E+03
   220.000   -85.508   1.339150E+03
   220.000   -90.273   1.348680E+03
   220.000   -95.038   1.358210E+03
   220.000   -99.803   1.367740E+03
   220.000  -104.568   1.377270E+03
   220.000  -109.333   1.386800E+03
   220.000  -114.098   1.396330E+03
   220.000  -118.863   1.401238E+03
   220.000  -123.628   1.403251E+03
   220.000  -128.393   1.405264E+03
   220.000  -133.158   1.407276E+03
   220.000  -137.923   1.409289E+03
   221.615  -142.662   1.211291E+03
   219.298  -147.450   1.213314E+03
   220.000  -152.218   1.215328E+03
   220.000  -156.983   1.217341E+03
   220.000  -161.748   1.219354E+03
   220.000  -166.513   1.221367E+03
   220.000  -171.278   1.223380E+03
   220.000  -176.043   1.225393E+03
   220.000  -180.808   1.227406E+03
   220.000  -185.573   1.229418E+03
   220.000  -190.338   1.231431E+03
   220.000  -195.103   1.233444E+03
   220.000  -199.869   1.235458E+03
   220.000  -204.634   1.237470E+03
   220.000  -209.399   1.239483E+03
   220.000  -214.164   1.241496E+03
   220.000  -218.929   1.243509E+03
   220.000  -228.459   1.247535E+03
   220.000  -237.989   1.251561E+03
   220.000  -247.519   1.255587E+03
   220.000  -257.049   1.259612E+03
   220.000  -266.579   1.263638E+03
   220.000  -276.109   1.267664E+03
   220.000  -285.639   1.271690E+03
   220.000  -290.404   1.273703E+03
   220.000  -295.169   1.275716E+03
   220.000  -299.934   1.277729E+03
   220.000  -304.699   1.279741E+03
   220.000  -314.229   1.283767E+03
   220.000  -323.759   1.287793E+03
   220.000  -333.290   1.291819E+03
   220.000  -342.820   1.295845E+03
   220.000  -352.350   1.299871E+03
   220.688  -361.878   1.303896E+03
   220.000  -371.410   1.507923E+03
   220.000  -380.940   1.511948E+03
   220.000  -390.470   1.515974E+03
   220.000  -400.000   1.520000E+03
   225.000     0.389   0.000000E+00
   225.000    -0.088   1.831024E+01
   225.000    -1.041   5.465912E+01
   226.000    -1.485   7.165040E+01
   225.000    -1.994   8.646961E+01
   225.000    -2.471   1.000557E+02
   225.000    -2.948   1.133715E+02
   225.000    -3.424   1.263910E+02
   225.000    -3.901   1.391694E+02
   225.000    -4.854   1.638966E+02
   225.000    -5.331   1.758785E+02
   225.000    -5.807   1.875745E+02
   225.000    -6.284   1.990356E+02
   225.000    -7.237   2.211598E+02
   225.000    -8.191   2.422865E+02
   225.000    -9.144   2.623812E+02
   225.000   -10.097   2.814788E+02
   225.000   -11.051   2.996071E+02
   225.000   -11.900   3.149526E+02
   225.000   -12.957   3.330913E+02
   225.000   -13.911   3.486474E+02
   225.000   -15.817   3.771006E+02
   225.000   -17.724   4.027994E+02
   222.590   -19.688   4.344309E+02
   225.000   -21.336   4.499170E+02
   225.000   -23.444   4.726805E+02
   225.000   -25.418   4.929533E+02
   225.000   -27.257   5.201261E+02
   225.000   -29.164   5.484003E+02
   225.000   -31.070   5.767481E+02
   225.000   -32.977   6.051952E+02
   225.000   -34.883   6.337107E+02
   225.000   -37.743   6.766596E+02
   225.000   -40.603   7.198175E+02
   225.000   -43.463   7.632131E+02
   225.000   -46.323   8.068860E+02
   225.000   -49.183   8.508880E+02
   225.000   -52.043   8.952843E+02
   225.000   -54.903   9.401552E+02
   225.000   -57.763   9.855988E+02
   225.000   -60.623   1.031735E+03
   225.000   -63.483   1.078712E+03
   225.000   -66.343   1.126713E+03
   225.000   -71.109   1.209469E+03
   225.000   -77.089   1.320000E+03
   225.000   -80.642   1.327106E+03
   225.000   -85.409   1.336640E+03
   225.000   -90.175   1.346172E+03
   225.000   -94.942   1.355706E+03
   225.000   -99.708   1.365238E+03
   225.000  -104.475   1.374772E+03
   225.000  -109.241   1.384304E+03
   225.000  -114.008   1.393838E+03
   225.000  -118.774   1.400715E+03
   225.000  -123.541   1.402737E+03
   225.000  -128.307   1.404758E+03
   226.262  -133.059   1.206774E+03
   223.939  -137.858   1.208809E+03
   225.000  -142.607   1.210824E+03
   225.000  -147.374   1.212846E+03
   225.000  -152.140   1.214867E+03
   225.000  -156.907   1.216889E+03
   225.000  -161.673   1.218911E+03
   225.000  -166.440   1.220933E+03
   225.000  -171.206   1.222954E+03
   225.000  -175.973   1.224976E+03
   225.000  -180.739   1.226998E+03
   225.000  -185.506   1.229020E+03
   225.000  -190.272   1.231041E+03
   225.000  -195.039   1.233063E+03
   225.000  -199.806   1.235085E+03
   225.000  -204.572   1.237107E+03
   225.000  -209.339   1.239129E+03
   225.000  -214.105   1.241150E+03
   225.000  -218.872   1.243172E+03
   225.000  -228.405   1.247216E+03
   225.000  -237.938   1.251260E+03
   225.000  -247.471   1.255303E+03
   225.000  -257.004   1.259347E+03
   225.000  -266.537   1.263390E+03
   225.000  -276.070   1.267434E+03
   225.000  -285.603   1.271477E+03
   225.000  -290.370   1.273499E+03
   225.000  -295.136   1.275521E+03
   225.000  -299.903   1.277543E+03
   225.000  -304.669   1.279564E+03
   225.000  -314.202   1.283608E+03
   225.000  -323.735   1.287651E+03
   225.000  -333.269   1.291695E+03
   225.000  -342.802   1.295739E+03
   225.660  -352.334   1.299782E+03
   225.000  -361.868   1.503826E+03
   225.000  -371.401   1.507869E+03
   225.000  -380.934   1.511913E+03
   225.000  -390.467   1.515956E+03
   225.000  -400.000   1.520000E+03
   230.000     0.479   0.000000E+00
   230.000     0.002   1.728129E+01
   230.000    -0.951   5.157826E+01
   230.000    -1.612   7.506045E+01
   230.000    -1.905   8.309026E+01
   230.000    -2.382   9.599676E+01
   230.000    -2.858   1.086356E+02
   230.000    -3.335   1.210689E+02
   230.000    -3.812   1.332736E+02
   230.000    -4.765   1.565640E+02
   230.000    -5.242   1.678721E+02
   230.000    -5.719   1.789498E+02
   230.000    -6.196   1.898028E+02
   230.000    -7.149   2.107885E+02
   230.000    -8.103   2.308658E+02
   230.000    -9.056   2.499095E+02
   230.000   -10.010   2.680882E+02
   230.000   -10.963   2.853269E+02
   229.000   -11.982   3.057552E+02
   230.000   -12.870   3.170646E+02
   232.000   -14.584   3.366100E+02
   230.158   -15.729   3.590794E+02
   228.000   -17.070   3.844078E+02
   230.000   -19.545   4.134962E+02
   230.000   -21.731   4.425445E+02
   230.000   -23.359   4.604183E+02
   230.000   -25.510   4.828459E+02
   230.000   -27.173   5.076147E+02
   230.000   -29.080   5.360107E+02
   230.000   -30.987   5.643988E+02
   230.000   -32.894   5.927831E+02
   230.000   -34.801   6.211693E+02
   230.000   -37.662   6.637728E+02
   230.000   -40.522   7.064074E+02
   230.000   -43.383   7.491346E+02
   230.000   -46.244   7.919774E+02
   230.000   -49.104   8.349669E+02
   230.000   -51.965   8.781897E+02
   230.000   -54.825   9.216852E+02
   230.000   -57.686   9.655713E+02
   230.000   -60.546   1.009931E+03
   230.000   -63.407   1.054951E+03
   230.000   -66.268   1.100852E+03
   230.000   -71.035   1.180167E+03
   230.000   -75.803   1.267188E+03
   231.000   -78.476   1.320000E+03
   230.000   -85.338   1.333724E+03
   230.000   -90.106   1.343260E+03
   230.000   -94.873   1.352794E+03
   230.000   -99.641   1.362330E+03
   230.000  -104.408   1.371864E+03
   230.000  -109.176   1.381400E+03
   230.000  -113.944   1.390936E+03
   230.000  -118.711   1.400100E+03
   230.901  -123.471   1.202129E+03
   228.582  -128.263   1.204172E+03
   230.000  -133.014   1.206197E+03
   230.000  -137.782   1.208229E+03
   230.000  -142.549   1.210261E+03
   230.000  -147.317   1.212294E+03
   230.000  -152.084   1.214325E+03
   230.000  -156.852   1.216358E+03
   230.000  -161.620   1.218390E+03
   230.000  -166.387   1.220422E+03
   230.000  -171.155   1.222454E+03
   230.000  -175.922   1.224486E+03
   230.000  -180.690   1.226519E+03
   230.000  -185.458   1.228551E+03
   230.000  -190.225   1.230583E+03
   230.000  -194.993   1.232615E+03
   230.000  -199.761   1.234648E+03
   230.000  -204.528   1.236680E+03
   230.000  -209.296   1.238712E+03
   230.000  -214.063   1.240744E+03
   230.000  -218.831   1.242776E+03
   230.000  -228.366   1.246841E+03
   230.000  -237.901   1.250905E+03
   230.000  -247.437   1.254970E+03
   230.000  -256.972   1.259034E+03
   230.000  -266.507   1.263098E+03
   230.000  -276.042   1.267163E+03
   230.000  -285.577   1.271227E+03
   230.000  -290.345   1.273259E+03
   230.000  -295.113   1.275292E+03
   230.000  -299.880   1.277324E+03
   230.000  -304.648   1.279356E+03
   230.000  -314.183   1.283420E+03
   230.000  -323.718   1.287485E+03
   230.000  -333.254   1.291549E+03
   230.631  -342.788   1.295613E+03
   230.000  -352.324   1.499678E+03
   230.000  -361.859   1.503742E+03
   230.000  -371.394   1.507807E+03
   230.000  -380.930   1.511871E+03
   230.000  -390.465   1.515936E+03
   230.000  -400.000   1.520000E+03
   235.000     0.547   0.000000E+00
   235.000     0.070   1.547707E+01
   235.000    -0.884   4.620362E+01
   235.000    -1.360   6.141499E+01
   235.000    -1.770   7.445942E+01
   235.000    -2.314   8.802089E+01
   235.000    -2.791   9.965714E+01
   235.000    -3.268   1.110448E+02
   237.495    -3.739   1.172235E+02
   237.238    -4.693   1.394087E+02
   237.109    -5.170   1.502530E+02
   237.000    -5.574   1.592886E+02
   236.810    -6.125   1.715079E+02
   236.480    -7.079   1.920892E+02
   236.000    -8.467   2.208520E+02
   236.000    -8.988   2.306921E+02
   235.000    -9.944   2.512171E+02
   235.000   -10.897   2.679913E+02
   234.000   -11.995   2.894745E+02
   233.358   -12.826   3.048979E+02
   235.000   -13.758   3.152929E+02
   235.000   -15.666   3.446615E+02
   235.000   -17.573   3.726845E+02
   235.000   -19.480   3.996159E+02
   235.000   -22.126   4.351375E+02
   235.000   -23.295   4.480899E+02
   235.000   -25.602   4.725654E+02
   235.000   -27.110   4.952276E+02
   235.000   -29.017   5.237453E+02
   235.000   -30.925   5.521527E+02
   235.000   -32.832   5.804417E+02
   235.000   -34.739   6.086436E+02
   235.000   -37.600   6.508145E+02
   235.000   -40.461   6.928528E+02
   235.000   -43.322   7.347895E+02
   235.000   -46.183   7.766555E+02
   235.000   -49.045   8.184995E+02
   235.000   -51.906   8.603315E+02
   235.000   -54.767   9.022117E+02
   235.000   -57.628   9.441913E+02
   235.000   -60.489   9.863265E+02
   235.000   -63.350   1.028676E+03
   235.000   -66.211   1.071265E+03
   235.000   -70.979   1.142766E+03
   233.659   -75.763   1.230549E+03
   235.000   -80.516   1.273337E+03
   234.118   -85.294   1.320000E+03
   236.293   -90.051   1.329514E+03
   235.000   -94.821   1.339054E+03
   235.000   -99.590   1.348592E+03
   235.000  -104.358   1.358128E+03
   235.000  -109.127   1.367666E+03
   235.000  -115.000   1.179412E+03
   233.219  -118.680   1.186772E+03
   235.000  -123.432   1.196276E+03
   235.000  -128.200   1.201269E+03
   235.000  -132.969   1.203353E+03
   235.000  -137.737   1.205435E+03
   235.000  -142.506   1.207519E+03
   235.000  -147.274   1.209602E+03
   235.000  -152.042   1.211684E+03
   235.000  -156.811   1.213768E+03
   235.000  -161.579   1.215850E+03
   235.000  -166.348   1.217934E+03
   235.000  -171.116   1.220016E+03
   235.000  -175.884   1.222099E+03
   235.000  -180.653   1.224183E+03
   235.000  -185.421   1.226265E+03
   235.000  -190.190   1.228349E+03
   235.000  -194.958   1.230431E+03
   235.000  -199.727   1.232515E+03
   235.000  -204.495   1.234597E+03
   235.000  -209.263   1.236680E+03
   235.000  -214.032   1.238763E+03
   235.000  -218.800   1.240846E+03
   235.000  -228.337   1.245012E+03
   235.000  -237.874   1.249178E+03
   235.000  -247.411   1.253344E+03
   235.000  -256.948   1.257511E+03
   235.000  -266.484   1.261676E+03
   235.000  -276.021   1.265842E+03
   235.000  -285.558   1.270008E+03
   235.000  -290.326   1.272091E+03
   235.000  -295.095   1.274174E+03
   235.000  -299.863   1.276257E+03
   235.000  -304.632   1.278340E+03
   235.000  -314.169   1.282506E+03
   235.000  -323.705   1.286672E+03
   235.603  -333.242   1.290838E+03
   235.000  -342.779   1.495004E+03
   235.000  -352.316   1.499170E+03
   235.000  -361.853   1.503336E+03
   235.000  -371.390   1.507502E+03
   235.000  -380.926   1.511668E+03
   235.000  -390.463   1.515834E+03
   235.000  -400.000   1.520000E+03
   240.000     0.559   0.000000E+00
   240.000     0.082   1.377111E+01
   240.000    -0.872   4.110720E+01
   240.000    -1.348   5.462372E+01
   238.000    -1.865   7.229823E+01
   237.881    -2.307   8.298391E+01
   237.752    -2.784   9.439497E+01
   237.623    -3.262   1.057030E+02
   240.000    -3.733   1.118733E+02
   240.000    -4.686   1.326669E+02
   240.000    -5.163   1.428630E+02
   240.000    -5.640   1.529184E+02
   240.000    -6.117   1.628275E+02
   240.000    -7.071   1.822075E+02
   240.000    -8.024   2.009339E+02
   240.000    -8.978   2.191065E+02
   240.000    -9.932   2.366710E+02
   240.000   -10.886   2.536541E+02
   240.000   -12.210   2.762632E+02
   240.000   -12.793   2.859019E+02
   240.000   -13.747   3.014175E+02
   240.000   -15.654   3.313047E+02
   240.000   -17.562   3.598112E+02
   240.000   -19.469   3.870020E+02
   240.000   -21.376   4.128810E+02
   240.000   -22.521   4.279313E+02
   240.000   -25.339   4.580637E+02
   240.000   -27.099   4.844561E+02
   240.000   -29.006   5.128785E+02
   240.000   -30.913   5.411263E+02
   240.000   -32.821   5.692247E+02
   240.000   -34.728   5.971551E+02
   240.000   -37.589   6.387890E+02
   240.000   -40.451   6.801384E+02
   240.000   -43.312   7.211928E+02
   240.000   -46.173   7.619818E+02
   240.000   -49.034   8.025209E+02
   240.000   -51.895   8.428299E+02
   240.000   -54.756   8.829306E+02
   240.000   -57.617   9.228415E+02
   240.000   -60.479   9.625870E+02
   240.000   -63.340   1.002200E+03
   241.000   -68.271   1.063932E+03
   238.353   -70.972   1.117051E+03
   240.000   -75.738   1.164792E+03
   240.000   -80.507   1.216276E+03
   240.000   -85.275   1.255297E+03
   240.000   -90.044   1.285184E+03
   238.472   -94.815   1.320000E+03
   240.657   -99.592   1.329554E+03
   240.000  -104.349   1.339068E+03
   240.000  -109.118   1.348606E+03
   240.000  -113.886   1.358142E+03
   240.000  -116.947   1.164264E+03
   240.000  -123.424   1.177218E+03
   240.000  -128.192   1.186754E+03
   240.000  -132.961   1.196292E+03
   240.000  -137.729   1.201319E+03
   240.000  -142.498   1.203477E+03
   240.000  -147.266   1.205634E+03
   240.000  -152.035   1.207792E+03
   240.000  -156.803   1.209950E+03
   240.000  -161.572   1.212108E+03
   240.000  -166.341   1.214266E+03
   240.000  -171.109   1.216424E+03
   240.000  -175.878   1.218582E+03
   240.000  -180.646   1.220739E+03
   240.000  -185.415   1.222897E+03
   240.000  -190.183   1.225055E+03
   240.000  -194.952   1.227213E+03
   240.000  -199.721   1.229371E+03
   240.000  -204.489   1.231528E+03
   240.000  -209.258   1.233687E+03
   240.000  -214.026   1.235844E+03
   240.000  -218.795   1.238002E+03
   240.000  -228.332   1.242318E+03
   240.000  -237.869   1.246633E+03
   240.000  -247.406   1.250949E+03
   240.000  -256.943   1.255265E+03
   240.000  -266.480   1.259580E+03
   240.000  -276.017   1.263896E+03
   240.000  -285.555   1.268212E+03
   240.000  -290.323   1.270370E+03
   240.000  -295.092   1.272528E+03
   240.000  -299.860   1.274685E+03
   240.000  -304.629   1.276843E+03
   240.000  -314.166   1.281159E+03
   240.570  -323.706   1.285476E+03
   240.000  -333.240   1.489790E+03
   240.000  -342.777   1.494106E+03
   240.000  -352.314   1.498421E+03
   240.000  -361.852   1.502737E+03
   240.000  -371.389   1.507053E+03
   240.000  -380.926   1.511369E+03
   240.000  -390.463   1.515684E+03
   240.000  -400.000   1.520000E+03
   245.000     0.443   0.000000E+00
   245.000    -0.034   1.277145E+01
   245.000    -0.987   3.793530E+01
   245.000    -1.464   5.033340E+01
   245.000    -1.840   6.016348E+01
   245.000    -2.417   7.341673E+01
   245.000    -2.894   8.421066E+01
   245.000    -3.371   9.486052E+01
   245.000    -3.847   1.053357E+02
   245.000    -4.801   1.258716E+02
   245.000    -5.278   1.359149E+02
   245.000    -5.754   1.457892E+02
   245.000    -6.231   1.555373E+02
   245.000    -7.184   1.745755E+02
   245.000    -8.138   1.930573E+02
   245.000    -9.091   2.109514E+02
   245.000   -10.045   2.283021E+02
   245.000   -10.998   2.450800E+02
   245.000   -12.374   2.683447E+02
   245.000   -12.905   2.770421E+02
   245.000   -13.859   2.924077E+02
   245.000   -15.765   3.219996E+02
   245.000   -17.672   3.502227E+02
   245.000   -19.579   3.771108E+02
   245.000   -21.486   4.027192E+02
   245.000   -23.161   4.242613E+02
   245.000   -25.076   4.445013E+02
   245.000   -27.207   4.764651E+02
   245.000   -29.114   5.047345E+02
   245.000   -31.020   5.327354E+02
   245.000   -32.927   5.605268E+02
   245.000   -34.834   5.881095E+02
   245.000   -37.694   6.290995E+02
   245.000   -40.555   6.696591E+02
   245.000   -43.415   7.097549E+02
   245.000   -46.275   7.493891E+02
   245.000   -49.136   7.885609E+02
   245.000   -51.996   8.272503E+02
   245.000   -54.856   8.654863E+02
   245.000   -57.717   9.032811E+02
   245.000   -60.577   9.403875E+02
   245.000   -63.623   9.796251E+02
   245.000   -66.298   1.013317E+03
   245.000   -71.065   1.071829E+03
   245.000   -75.832   1.125676E+03
   245.000   -80.599   1.173298E+03
   245.000   -85.366   1.213188E+03
   245.000   -90.133   1.246045E+03
   245.000   -94.901   1.272338E+03
   245.000   -99.668   1.293725E+03
   242.854  -104.398   1.320000E+03
   244.000  -106.903   1.325010E+03
   245.000  -113.969   1.339142E+03
   245.000  -118.895   1.148994E+03
   245.000  -123.504   1.158212E+03
   245.000  -128.271   1.167746E+03
   245.000  -133.038   1.177280E+03
   245.000  -137.805   1.186814E+03
   245.000  -142.572   1.196348E+03
   245.000  -147.340   1.201381E+03
   245.000  -152.107   1.203619E+03
   245.000  -156.874   1.205857E+03
   245.000  -161.641   1.208095E+03
   245.000  -166.408   1.210333E+03
   245.000  -171.175   1.212571E+03
   245.000  -175.943   1.214810E+03
   245.000  -180.710   1.217048E+03
   245.000  -185.477   1.219286E+03
   245.000  -190.244   1.221524E+03
   245.000  -195.011   1.223762E+03
   245.000  -199.779   1.226000E+03
   245.000  -204.546   1.228238E+03
   245.000  -209.313   1.230476E+03
   245.000  -214.080   1.232714E+03
   245.000  -218.847   1.234952E+03
   245.000  -228.382   1.239429E+03
   245.000  -237.916   1.243905E+03
   245.000  -247.450   1.248381E+03
   245.000  -256.985   1.252857E+03
   245.000  -266.519   1.257333E+03
   245.000  -276.053   1.261809E+03
   245.000  -285.588   1.266286E+03
   245.000  -290.355   1.268524E+03
   245.000  -295.122   1.270762E+03
   245.000  -299.889   1.273000E+03
   245.000  -304.656   1.275238E+03
   245.525  -314.192   1.279715E+03
   245.000  -323.725   1.484190E+03
   245.000  -333.260   1.488667E+03
   245.000  -342.794   1.493143E+03
   245.000  -352.328   1.497619E+03
   245.000  -361.863   1.502095E+03
   245.000  -371.397   1.506571E+03
   245.000  -380.931   1.511047E+03
   245.000  -390.466   1.515524E+03
   245.000  -400.000   1.520000E+03
   250.000     0.378   0.000000E+00
   250.000    -0.099   1.256332E+01
   250.000    -1.052   3.725529E+01
   250.000    -1.529   4.941757E+01
   250.000    -1.822   5.682253E+01
   250.000    -2.482   7.154622E+01
   250.000    -2.958   8.196669E+01
   250.000    -3.435   9.227045E+01
   250.000    -3.912   1.024363E+02
   250.000    -4.865   1.223354E+02
   250.000    -5.342   1.320918E+02
   250.000    -5.818   1.416928E+02
   250.000    -6.295   1.511793E+02
   250.000    -7.248   1.697299E+02
   250.000    -8.202   1.877669E+02
   250.000    -9.155   2.052558E+02
   250.000   -10.108   2.222188E+02
   250.000   -11.061   2.386590E+02
   250.000   -12.015   2.545657E+02
   250.000   -12.537   2.630708E+02
   250.000   -13.921   2.850051E+02
   250.000   -15.828   3.140466E+02
   250.000   -17.734   3.416771E+02
   250.000   -19.641   3.679156E+02
   250.000   -21.547   3.927010E+02
   251.000   -23.928   4.195077E+02
   250.000   -25.361   4.418074E+02
   250.000   -27.267   4.696220E+02
   250.000   -29.174   4.973604E+02
   250.000   -31.080   5.249309E+02
   250.000   -32.987   5.523260E+02
   250.000   -34.893   5.794943E+02
   250.000   -37.753   6.198333E+02
   250.000   -40.613   6.596177E+02
   250.000   -43.473   6.988038E+02
   250.000   -46.333   7.373362E+02
   250.000   -49.193   7.750982E+02
   250.000   -52.052   8.121158E+02
   250.000   -54.912   8.484977E+02
   250.000   -57.813   8.853645E+02
   247.597   -60.606   9.295595E+02
   250.000   -63.492   9.542476E+02
   250.000   -66.352   9.880013E+02
   250.000   -71.118   1.042205E+03
   250.000   -75.884   1.092614E+03
   250.000   -80.651   1.138218E+03
   250.000   -85.417   1.178332E+03
   250.000   -90.184   1.213124E+03
   250.000   -94.950   1.243124E+03
   250.000   -99.717   1.269488E+03
   250.000  -104.483   1.292358E+03
   250.000  -109.890   1.320000E+03
   250.000  -114.016   1.328252E+03
   250.000  -120.842   1.141904E+03
   250.000  -123.549   1.147318E+03
   250.000  -128.315   1.156850E+03
   250.000  -133.081   1.166382E+03
   250.000  -137.848   1.175916E+03
   250.000  -142.614   1.185448E+03
   250.000  -147.381   1.194982E+03
   250.000  -152.147   1.201083E+03
   250.000  -156.913   1.203370E+03
   250.000  -161.680   1.205657E+03
   250.000  -166.446   1.207943E+03
   250.000  -171.213   1.210231E+03
   250.000  -175.979   1.212517E+03
   250.000  -180.745   1.214804E+03
   250.000  -185.512   1.217091E+03
   250.000  -190.278   1.219378E+03
   250.000  -195.045   1.221665E+03
   250.000  -199.811   1.223952E+03
   250.000  -204.577   1.226238E+03
   250.000  -209.344   1.228525E+03
   250.000  -214.110   1.230812E+03
   250.000  -218.877   1.233099E+03
   250.000  -228.409   1.237673E+03
   250.000  -237.942   1.242246E+03
   250.000  -247.475   1.246820E+03
   250.000  -257.008   1.251394E+03
   250.000  -266.541   1.255968E+03
   250.000  -276.073   1.260541E+03
   250.000  -285.606   1.265115E+03
   250.000  -290.373   1.267402E+03
   250.000  -295.139   1.269689E+03
   250.000  -299.906   1.271976E+03
   250.485  -304.669   1.274261E+03
   250.000  -314.205   1.478837E+03
   250.000  -323.738   1.483410E+03
   250.000  -333.270   1.487984E+03
   250.000  -342.803   1.492558E+03
   250.000  -352.336   1.497131E+03
   250.000  -361.869   1.501705E+03
   250.000  -371.402   1.506279E+03
   250.000  -380.934   1.510852E+03
   250.000  -390.467   1.515426E+03
   250.000  -400.000   1.520000E+03
   255.000     0.501   0.000000E+00
   255.000     0.024   1.206984E+01
   255.000    -0.929   3.586696E+01
   255.000    -1.406   4.762677E+01
   254.000    -1.807   5.705814E+01
   255.000    -2.360   6.893129E+01
   255.000    -2.837   7.896642E+01
   255.000    -3.313   8.886679E+01
   255.000    -3.790   9.867291E+01
   255.000    -4.744   1.179369E+02
   255.000    -5.220   1.273726E+02
   255.000    -5.697   1.367099E+02
   255.000    -6.174   1.459282E+02
   255.000    -7.128   1.640067E+02
   255.000    -8.081   1.815858E+02
   255.000    -9.035   1.987000E+02
   255.000    -9.988   2.153112E+02
   255.000   -10.942   2.314528E+02
   255.000   -11.895   2.470891E+02
   255.000   -12.701   2.599498E+02
   255.000   -13.803   2.770093E+02
   255.000   -15.710   3.056096E+02
   255.000   -17.617   3.328719E+02
   255.000   -19.524   3.588145E+02
   255.000   -21.431   3.834237E+02
   257.000   -24.007   4.117908E+02
   255.000   -25.245   4.327170E+02
   255.000   -27.153   4.606104E+02
   255.000   -29.060   4.882709E+02
   255.000   -30.967   5.156976E+02
   255.000   -32.874   5.428737E+02
   255.000   -34.781   5.697847E+02
   255.000   -37.642   6.096471E+02
   255.000   -40.503   6.488523E+02
   255.000   -43.363   6.873356E+02
   257.000   -47.043   7.316749E+02
   256.266   -49.041   7.585035E+02
   255.000   -52.486   8.041504E+02
   252.778   -54.853   8.388879E+02
   255.000   -57.667   8.650311E+02
   255.000   -60.528   8.986772E+02
   255.000   -63.388   9.314225E+02
   255.000   -66.249   9.634373E+02
   255.000   -71.017   1.014852E+03
   255.000   -75.785   1.063117E+03
   255.000   -80.553   1.107609E+03
   255.000   -85.321   1.147968E+03
   255.000   -90.089   1.184246E+03
   255.000   -94.856   1.216836E+03
   255.000   -99.624   1.246476E+03
   255.000  -104.392   1.274021E+03
   255.000  -109.160   1.301165E+03
   255.000  -112.380   1.320000E+03
   255.000  -118.696   1.332632E+03
   255.000  -122.789   1.140818E+03
   255.000  -128.231   1.151702E+03
   255.000  -132.999   1.161238E+03
   255.000  -137.767   1.170774E+03
   255.000  -142.535   1.180310E+03
   255.000  -147.303   1.189846E+03
   255.000  -152.071   1.199382E+03
   255.000  -156.839   1.202161E+03
   255.000  -161.607   1.204472E+03
   255.000  -166.374   1.206782E+03
   255.000  -171.142   1.209092E+03
   255.000  -175.910   1.211403E+03
   255.000  -180.678   1.213714E+03
   255.000  -185.446   1.216024E+03
   255.000  -190.214   1.218335E+03
   255.000  -194.982   1.220646E+03
   255.000  -199.750   1.222956E+03
   255.000  -204.517   1.225266E+03
   255.000  -209.285   1.227577E+03
   255.000  -214.053   1.229888E+03
   255.000  -218.821   1.232198E+03
   255.000  -228.357   1.236819E+03
   255.000  -237.892   1.241440E+03
   255.000  -247.428   1.246062E+03
   255.000  -256.964   1.250683E+03
   255.000  -266.500   1.255304E+03
   255.000  -276.035   1.259925E+03
   255.000  -285.571   1.264546E+03
   255.000  -290.339   1.266857E+03
   255.468  -295.102   1.269165E+03
   252.975  -299.888   1.271484E+03
   255.000  -304.643   1.473789E+03
   255.000  -314.178   1.478409E+03
   255.000  -323.714   1.483031E+03
   255.000  -333.250   1.487652E+03
   255.000  -342.786   1.492273E+03
   255.000  -352.321   1.496894E+03
   255.000  -361.857   1.501515E+03
   255.000  -371.393   1.506137E+03
   255.000  -380.929   1.510758E+03
   255.000  -390.464   1.515379E+03
   255.000  -400.000   1.520000E+03
   260.000     0.698   0.000000E+00
   260.000     0.221   1.131721E+01
   260.000    -0.733   3.378438E+01
   262.000    -1.361   4.888142E+01
   260.000    -1.687   5.545184E+01
   260.000    -2.164   6.533471E+01
   260.000    -2.641   7.510854E+01
   260.000    -3.118   8.477681E+01
   260.000    -3.595   9.433855E+01
   260.000    -4.549   1.131400E+02
   260.000    -5.026   1.223771E+02
   260.000    -5.503   1.315046E+02
   260.000    -5.980   1.405218E+02
   260.000    -6.934   1.582235E+02
   260.000    -7.888   1.754773E+02
   260.000    -8.842   1.922798E+02
   260.000    -9.796   2.086281E+02
   260.000   -10.751   2.245361E+02
   260.000   -11.705   2.399684E+02
   260.000   -12.659   2.549190E+02
   260.000   -13.203   2.633161E+02
   260.000   -15.521   2.977574E+02
   260.000   -17.429   3.247915E+02
   260.000   -19.337   3.505820E+02
   260.000   -21.245   3.751010E+02
   261.000   -24.091   4.084111E+02
   260.000   -25.061   4.238128E+02
   260.000   -26.969   4.518349E+02
   260.000   -28.877   4.795601E+02
   260.000   -30.785   5.069783E+02
   260.000   -32.694   5.340823E+02
   260.000   -34.602   5.608113E+02
   260.000   -37.464   6.003504E+02
   260.000   -40.326   6.391574E+02
   260.000   -43.058   6.756090E+02
   260.000   -46.050   7.138475E+02
   260.000   -48.912   7.484817E+02
   260.000   -50.454   7.664040E+02
   260.000   -54.636   8.145384E+02
   260.000   -57.499   8.468217E+02
   260.000   -60.361   8.787319E+02
   260.000   -63.223   9.100826E+02
   260.000   -66.085   9.407691E+02
   260.000   -70.855   9.902038E+02
   260.000   -75.625   1.037012E+03
   260.000   -80.396   1.080805E+03
   260.000   -85.166   1.121346E+03
   260.000   -89.936   1.158678E+03
   260.000   -94.706   1.193078E+03
   260.000   -99.477   1.225046E+03
   260.000  -104.247   1.255220E+03
   260.000  -109.017   1.284438E+03
   260.000  -114.869   1.320000E+03
   260.000  -118.557   1.327376E+03
   260.000  -124.737   1.139736E+03
   260.000  -128.098   1.146458E+03
   260.000  -132.868   1.155998E+03
   260.000  -137.638   1.165538E+03
   260.000  -142.408   1.175078E+03
   260.000  -147.179   1.184620E+03
   260.000  -151.949   1.194160E+03
   260.000  -156.719   1.200906E+03
   260.000  -161.489   1.203241E+03
   260.000  -166.260   1.205576E+03
   260.000  -171.030   1.207911E+03
   260.000  -175.800   1.210246E+03
   260.000  -180.570   1.212582E+03
   260.000  -185.340   1.214917E+03
   260.000  -190.111   1.217252E+03
   260.000  -194.881   1.219587E+03
   260.000  -199.651   1.221922E+03
   260.000  -204.421   1.224257E+03
   260.000  -209.191   1.226592E+03
   260.000  -213.962   1.228928E+03
   260.000  -218.732   1.231263E+03
   260.000  -228.272   1.235933E+03
   260.000  -237.813   1.240604E+03
   260.000  -247.353   1.245274E+03
   260.000  -256.894   1.249945E+03
   260.000  -266.434   1.254615E+03
   260.000  -275.974   1.259285E+03
   260.461  -285.515   1.263956E+03
   257.965  -290.307   1.266302E+03
   260.000  -295.055   1.468626E+03
   260.000  -299.826   1.470961E+03
   260.000  -304.596   1.473296E+03
   260.000  -314.136   1.477967E+03
   260.000  -323.677   1.482637E+03
   260.000  -333.217   1.487307E+03
   260.000  -342.757   1.491978E+03
   260.000  -352.298   1.496648E+03
   260.000  -361.838   1.501318E+03
   260.000  -371.379   1.505989E+03
   260.000  -380.919   1.510659E+03
   260.000  -390.460   1.515330E+03
   260.000  -400.000   1.520000E+03
   265.000     0.693   0.000000E+00
   265.000     0.216   1.142265E+01
   265.000    -0.738   3.399758E+01
   265.000    -1.215   4.508998E+01
   265.000    -1.567   5.322342E+01
   265.000    -2.169   6.544509E+01
   265.000    -2.646   7.502237E+01
   265.000    -3.123   8.449410E+01
   265.000    -3.600   9.385992E+01
   265.000    -4.554   1.122728E+02
   265.000    -5.031   1.213189E+02
   265.000    -5.508   1.302578E+02
   265.000    -5.985   1.390891E+02
   265.000    -6.939   1.564283E+02
   265.000    -7.893   1.733344E+02
   265.000    -8.847   1.898060E+02
   265.000    -9.801   2.058421E+02
   265.000   -10.755   2.214426E+02
   265.000   -12.172   2.437998E+02
   262.628   -12.661   2.530263E+02
   265.000   -13.617   2.657294E+02
   265.000   -15.526   2.937051E+02
   265.000   -17.434   3.205376E+02
   265.000   -19.342   3.462213E+02
   265.000   -21.250   3.707365E+02
   266.000   -24.091   4.042639E+02
   265.000   -25.066   4.194456E+02
   265.000   -26.974   4.476182E+02
   265.000   -28.882   4.754402E+02
   265.000   -30.790   5.029581E+02
   265.000   -32.698   5.301454E+02
   267.915   -34.613   5.549857E+02
   267.000   -37.224   5.911649E+02
   263.275   -40.329   6.359914E+02
   265.000   -43.192   6.704502E+02
   265.000   -46.055   7.048747E+02
   265.000   -48.421   7.317227E+02
   265.000   -51.779   7.688794E+02
   265.000   -54.641   8.003708E+02
   265.000   -57.503   8.315079E+02
   265.000   -60.365   8.622274E+02
   265.000   -63.227   8.924399E+02
   265.000   -66.089   9.220600E+02
   265.000   -70.859   9.699282E+02
   265.000   -75.629   1.015575E+03
   265.000   -80.400   1.058743E+03
   265.000   -85.170   1.099279E+03
   265.000   -89.940   1.137221E+03
   265.000   -94.710   1.172762E+03
   265.000   -99.480   1.206241E+03
   265.000  -104.250   1.238092E+03
   265.000  -109.021   1.268782E+03
   265.000  -113.791   1.298490E+03
   266.000  -117.856   1.320000E+03
   265.000  -123.331   1.330950E+03
   265.000  -126.684   1.137656E+03
   265.000  -132.871   1.150030E+03
   265.000  -137.641   1.159570E+03
   265.000  -142.412   1.169112E+03
   265.000  -147.182   1.178652E+03
   265.000  -151.952   1.188192E+03
   265.000  -156.722   1.197732E+03
   265.000  -161.492   1.201802E+03
   265.000  -166.262   1.204166E+03
   265.000  -171.033   1.206530E+03
   265.000  -175.803   1.208894E+03
   265.000  -180.573   1.211258E+03
   265.000  -185.343   1.213622E+03
   265.000  -190.113   1.215986E+03
   265.000  -194.883   1.218350E+03
   265.000  -199.654   1.220714E+03
   265.000  -204.424   1.223078E+03
   265.000  -209.194   1.225442E+03
   265.000  -213.964   1.227806E+03
   265.000  -218.734   1.230169E+03
   265.000  -228.274   1.234897E+03
   265.000  -237.815   1.239626E+03
   265.000  -247.355   1.244353E+03
   265.000  -256.895   1.249081E+03
   265.000  -266.436   1.253809E+03
   265.429  -275.976   1.258537E+03
   265.000  -285.516   1.463265E+03
   265.000  -290.286   1.465629E+03
   265.000  -295.057   1.467993E+03
   265.000  -299.827   1.470357E+03
   265.000  -304.597   1.472721E+03
   265.000  -314.137   1.477449E+03
   265.000  -323.678   1.482177E+03
   265.000  -333.218   1.486905E+03
   265.000  -342.758   1.491632E+03
   265.000  -352.298   1.496360E+03
   265.000  -361.839   1.501088E+03
   265.000  -371.379   1.505816E+03
   265.000  -380.919   1.510544E+03
   265.000  -390.460   1.515272E+03
   265.000  -400.000   1.520000E+03
   270.000     0.679   0.000000E+00
   270.000     0.202   1.122490E+01
   270.000    -0.752   3.339092E+01
   270.000    -1.229   4.433455E+01
   270.000    -1.909   5.979218E+01
   270.000    -2.183   6.524532E+01
   270.000    -2.660   7.466979E+01
   270.000    -3.137   8.398120E+01
   270.000    -3.614   9.318710E+01
   270.000    -4.568   1.112814E+02
   270.000    -5.045   1.201689E+02
   270.000    -5.522   1.289497E+02
   270.000    -5.999   1.376235E+02
   270.000    -6.953   1.546490E+02
   270.000    -7.907   1.712427E+02
   270.000    -8.861   1.874024E+02
   270.000    -9.815   2.031256E+02
   271.000   -11.083   2.227245E+02
   270.000   -11.723   2.333405E+02
   270.000   -12.677   2.479372E+02
   270.000   -13.631   2.622665E+02
   270.000   -15.539   2.901079E+02
   270.000   -17.447   3.168747E+02
   270.000   -19.355   3.425834E+02
   270.000   -21.263   3.672488E+02
   272.000   -23.711   3.959466E+02
   270.000   -25.079   4.172651E+02
   270.000   -26.987   4.456899E+02
   271.000   -28.219   4.635592E+02
   269.000   -31.519   5.117351E+02
   268.583   -32.707   5.285931E+02
   272.057   -34.623   5.529800E+02
   270.000   -37.481   5.921180E+02
   270.000   -40.343   6.284856E+02
   270.000   -43.205   6.626555E+02
   270.788   -46.069   6.932309E+02
   270.000   -48.929   7.258452E+02
   270.000   -51.791   7.566001E+02
   270.000   -54.653   7.871171E+02
   270.000   -57.515   8.173118E+02
   270.000   -60.377   8.471115E+02
   270.000   -63.239   8.764459E+02
   270.000   -66.101   9.052481E+02
   270.000   -70.871   9.519300E+02
   270.000   -75.641   9.967043E+02
   270.000   -80.411   1.039385E+03
   270.000   -85.181   1.079882E+03
   270.000   -89.951   1.118218E+03
   270.000   -94.721   1.154528E+03
   270.000   -99.491   1.189045E+03
   270.000  -104.261   1.222065E+03
   270.000  -109.031   1.253890E+03
   270.000  -113.801   1.284736E+03
   270.000  -119.331   1.320000E+03
   270.000  -123.341   1.328020E+03
   270.000  -128.632   1.138602E+03
   270.000  -132.881   1.147100E+03
   270.000  -137.651   1.156640E+03
   270.000  -142.421   1.166180E+03
   270.000  -147.191   1.175720E+03
   270.000  -151.961   1.185260E+03
   270.000  -156.731   1.194800E+03
   270.000  -161.501   1.201082E+03
   270.000  -166.271   1.203460E+03
   270.000  -171.041   1.205839E+03
   270.000  -175.811   1.208217E+03
   270.000  -180.581   1.210595E+03
   270.000  -185.351   1.212974E+03
   270.000  -190.121   1.215352E+03
   270.000  -194.891   1.217731E+03
   270.000  -199.661   1.220109E+03
   270.000  -204.430   1.222487E+03
   270.000  -209.200   1.224865E+03
   270.000  -213.970   1.227244E+03
   270.000  -218.740   1.229622E+03
   270.000  -228.280   1.234379E+03
   270.000  -237.820   1.239135E+03
   270.000  -247.360   1.243892E+03
   270.000  -256.900   1.248649E+03
   270.396  -266.440   1.253406E+03
   270.000  -275.980   1.458162E+03
   270.000  -285.520   1.462919E+03
   270.000  -290.290   1.465297E+03
   270.000  -295.060   1.467676E+03
   270.000  -299.830   1.470054E+03
   270.000  -304.600   1.472433E+03
   270.000  -314.140   1.477189E+03
   270.000  -323.680   1.481946E+03
   270.000  -333.220   1.486703E+03
   270.000  -342.760   1.491460E+03
   270.000  -352.300   1.496216E+03
   270.000  -361.840   1.500973E+03
   270.000  -371.380   1.505730E+03
   270.000  -380.920   1.510487E+03
   270.000  -390.460   1.515243E+03
   270.000  -400.000   1.520000E+03
   275.000     0.668   0.000000E+00
   275.000     0.191   1.092081E+01
   275.000    -0.763   3.249623E+01
   275.000    -1.240   4.314278E+01
   275.000    -1.717   5.368637E+01
   277.000    -2.389   6.773463E+01
   275.000    -2.671   7.377490E+01
   275.000    -3.148   8.295950E+01
   275.000    -3.625   9.203924E+01
   275.000    -4.579   1.098831E+02
   275.000    -5.056   1.186462E+02
   275.000    -5.533   1.273030E+02
   275.000    -6.010   1.358532E+02
   275.000    -6.964   1.526322E+02
   275.000    -7.918   1.689797E+02
   275.000    -8.872   1.848924E+02
   275.000    -9.826   2.003673E+02
   275.000   -10.322   2.082244E+02
   275.000   -11.734   2.301353E+02
   275.000   -12.688   2.446187E+02
   275.000   -13.642   2.588309E+02
   275.000   -15.550   2.864521E+02
   275.000   -17.457   3.130300E+02
   275.000   -19.365   3.386634E+02
   277.000   -22.043   3.713232E+02
   276.000   -23.276   3.885352E+02
   274.000   -25.015   4.154214E+02
   273.000   -26.352   4.357046E+02
   275.000   -28.905   4.726910E+02
   275.000   -30.813   4.995593E+02
   275.741   -32.728   5.253232E+02
   275.000   -34.629   5.508802E+02
   275.000   -37.491   5.871819E+02
   275.000   -40.353   6.216028E+02
   275.000   -44.356   6.660584E+02
   275.000   -46.077   6.843926E+02
   275.000   -48.939   7.147047E+02
   275.000   -51.800   7.447702E+02
   275.000   -54.662   7.745711E+02
   275.000   -57.524   8.040458E+02
   275.000   -60.386   8.331406E+02
   275.000   -63.248   8.618020E+02
   275.000   -66.110   8.899788E+02
   275.000   -70.880   9.357570E+02
   275.000   -75.650   9.798660E+02
   275.000   -80.420   1.022171E+03
   275.000   -85.189   1.062598E+03
   275.000   -89.959   1.101180E+03
   275.000   -94.729   1.138006E+03
   275.000   -99.499   1.173240E+03
   275.000  -104.269   1.207098E+03
   275.000  -109.039   1.239824E+03
   275.000  -113.809   1.271684E+03
   275.000  -118.578   1.302970E+03
   275.000  -121.175   1.320000E+03
   275.000  -128.118   1.333886E+03
   275.000  -130.579   1.138808E+03
   275.000  -137.658   1.152966E+03
   275.000  -142.428   1.162506E+03
   275.000  -147.198   1.172046E+03
   275.000  -151.967   1.181584E+03
   275.000  -156.737   1.191124E+03
   275.000  -161.507   1.200167E+03
   275.000  -166.277   1.202564E+03
   275.000  -171.047   1.204960E+03
   275.000  -175.817   1.207357E+03
   275.000  -180.587   1.209754E+03
   275.000  -185.356   1.212150E+03
   275.000  -190.126   1.214547E+03
   275.000  -194.896   1.216943E+03
   275.000  -199.666   1.219340E+03
   275.000  -204.436   1.221737E+03
   275.000  -209.206   1.224134E+03
   275.000  -213.976   1.226530E+03
   275.000  -218.745   1.228927E+03
   275.000  -228.285   1.233720E+03
   275.000  -237.825   1.238514E+03
   275.000  -247.365   1.243307E+03
   275.362  -256.905   1.248100E+03
   275.000  -266.444   1.452893E+03
   275.000  -275.984   1.457687E+03
   275.000  -285.523   1.462480E+03
   275.000  -290.293   1.464877E+03
   275.000  -295.063   1.467273E+03
   275.000  -299.833   1.469670E+03
   275.000  -304.603   1.472067E+03
   275.000  -314.143   1.476860E+03
   275.000  -323.682   1.481653E+03
   275.000  -333.222   1.486447E+03
   275.000  -342.762   1.491240E+03
   275.000  -352.301   1.496033E+03
   275.000  -361.841   1.500827E+03
   275.000  -371.381   1.505620E+03
   275.000  -380.921   1.510414E+03
   275.000  -390.460   1.515207E+03
   275.000  -400.000   1.520000E+03
   280.000     0.614   0.000000E+00
   280.000     0.137   1.091706E+01
   280.000    -0.817   3.248969E+01
   280.000    -1.294   4.314453E+01
   280.000    -1.771   5.371147E+01
   280.000    -2.149   6.205968E+01
   280.000    -2.724   7.313285E+01
   280.000    -3.201   8.221325E+01
   280.000    -3.678   9.119319E+01
   280.000    -4.632   1.088476E+02
   280.000    -5.109   1.175191E+02
   280.000    -5.586   1.260857E+02
   280.000    -6.063   1.345467E+02
   280.000    -7.017   1.511491E+02
   280.000    -7.971   1.673197E+02
   280.000    -8.924   1.830372E+02
   278.000    -9.751   1.974150E+02
   280.000   -10.832   2.131124E+02
   280.000   -11.786   2.276694E+02
   280.000   -12.740   2.419466E+02
   280.000   -13.694   2.559325E+02
   280.000   -15.601   2.830128E+02
   280.000   -17.509   3.089164E+02
   280.000   -20.084   3.419573E+02
   280.000   -21.324   3.606566E+02
   280.000   -23.232   3.888283E+02
   280.000   -25.140   4.169792E+02
   280.000   -27.047   4.445769E+02
   280.000   -28.955   4.712849E+02
   280.000   -30.538   4.928424E+02
   280.000   -32.771   5.222839E+02
   280.000   -34.678   5.465384E+02
   280.000   -37.540   5.812924E+02
   282.000   -41.511   6.226253E+02
   277.743   -43.241   6.490371E+02
   280.000   -46.124   6.746900E+02
   280.000   -48.986   7.044256E+02
   280.000   -51.847   7.339277E+02
   280.000   -54.709   7.631645E+02
   280.000   -57.570   7.920688E+02
   280.000   -60.432   8.206168E+02
   280.000   -63.293   8.487464E+02
   280.000   -66.155   8.764375E+02
   280.000   -70.924   9.215019E+02
   280.000   -75.693   9.650749E+02
   280.000   -80.463   1.007063E+03
   280.000   -85.232   1.047401E+03
   280.000   -90.001   1.086107E+03
   280.000   -94.770   1.123248E+03
   280.000   -99.540   1.158952E+03
   280.000  -104.309   1.193366E+03
   280.000  -109.078   1.226688E+03
   280.000  -113.847   1.259135E+03
   280.000  -118.616   1.290944E+03
   280.000  -123.018   1.320000E+03
   280.000  -128.155   1.330274E+03
   280.000  -132.526   1.139016E+03
   280.000  -137.693   1.149350E+03
   280.000  -142.462   1.158888E+03
   280.000  -147.232   1.168428E+03
   280.000  -152.001   1.177966E+03
   280.000  -156.770   1.187504E+03
   280.000  -161.539   1.197042E+03
   280.000  -166.309   1.201666E+03
   280.000  -171.078   1.204081E+03
   280.000  -175.847   1.206496E+03
   280.000  -180.616   1.208911E+03
   280.000  -185.385   1.211326E+03
   280.000  -190.155   1.213741E+03
   280.000  -194.924   1.216156E+03
   280.000  -199.693   1.218571E+03
   280.000  -204.462   1.220986E+03
   280.000  -209.231   1.223401E+03
   280.000  -214.001   1.225816E+03
   280.000  -218.770   1.228231E+03
   280.000  -228.308   1.233061E+03
   280.000  -237.847   1.237891E+03
   280.319  -247.387   1.242722E+03
   280.000  -256.924   1.447551E+03
   280.000  -266.462   1.452381E+03
   280.000  -276.000   1.457210E+03
   280.000  -285.539   1.462041E+03
   280.000  -290.308   1.464456E+03
   280.000  -295.077   1.466870E+03
   280.000  -299.847   1.469286E+03
   280.000  -304.616   1.471701E+03
   280.000  -314.154   1.476530E+03
   280.000  -323.693   1.481361E+03
   280.000  -333.231   1.486190E+03
   280.000  -342.769   1.491020E+03
   280.000  -352.308   1.495850E+03
   280.000  -361.846   1.500680E+03
   280.000  -371.385   1.505510E+03
   280.000  -380.923   1.510340E+03
   280.000  -390.462   1.515170E+03
   280.000  -400.000   1.520000E+03
   285.000     0.522   0.000000E+00
   285.000     0.045   1.094179E+01
   285.000    -0.908   3.254251E+01
   285.000    -1.385   4.321874E+01
   285.000    -1.750   5.131582E+01
   285.000    -2.339   6.286346E+01
   285.000    -2.816   7.209208E+01
   285.000    -3.292   8.119085E+01
   285.000    -3.769   9.019790E+01
   285.000    -4.723   1.078786E+02
   285.000    -5.200   1.165520E+02
   285.000    -5.677   1.251140E+02
   285.000    -6.153   1.335467E+02
   285.000    -7.107   1.501121E+02
   285.000    -8.061   1.662286E+02
   285.000    -9.014   1.818781E+02
   285.000    -9.968   1.971004E+02
   285.000   -11.176   2.158587E+02
   285.000   -11.875   2.263199E+02
   285.000   -12.829   2.403826E+02
   285.000   -13.782   2.541496E+02
   285.000   -15.690   2.808393E+02
   285.000   -17.597   3.063328E+02
   285.000   -20.057   3.374337E+02
   285.000   -21.411   3.584346E+02
   285.000   -23.319   3.872095E+02
   285.000   -25.226   4.151127E+02
   285.000   -27.133   4.421643E+02
   285.548   -29.054   4.679792E+02
   285.000   -30.948   4.936284E+02
   285.000   -32.855   5.180046E+02
   285.000   -34.762   5.414603E+02
   285.000   -37.623   5.748801E+02
   285.000   -40.817   6.095731E+02
   285.000   -43.345   6.359517E+02
   285.000   -46.206   6.655608E+02
   285.000   -49.066   6.949117E+02
   285.000   -51.927   7.240070E+02
   285.000   -54.788   7.528081E+02
   285.000   -57.649   7.812832E+02
   285.000   -60.510   8.093994E+02
   285.000   -63.371   8.371247E+02
   285.000   -66.232   8.644285E+02
   285.000   -71.000   9.089319E+02
   285.000   -75.768   9.520745E+02
   285.000   -80.536   9.937774E+02
   285.000   -85.304   1.034001E+03
   285.000   -90.072   1.072749E+03
   285.000   -94.840   1.110068E+03
   285.000   -99.609   1.146052E+03
   285.000  -104.377   1.180805E+03
   285.000  -109.145   1.214481E+03
   285.000  -113.913   1.247245E+03
   285.000  -118.681   1.279279E+03
   285.000  -124.862   1.320000E+03
   285.000  -128.217   1.326710E+03
   285.000  -134.474   1.139224E+03
   285.000  -137.753   1.145782E+03
   285.000  -142.522   1.155320E+03
   285.000  -147.290   1.164856E+03
   285.000  -152.058   1.174392E+03
   285.000  -156.826   1.183928E+03
   285.000  -161.594   1.193464E+03
   285.000  -166.362   1.200766E+03
   285.000  -171.130   1.203199E+03
   285.000  -175.898   1.205632E+03
   285.000  -180.667   1.208066E+03
   285.000  -185.435   1.210499E+03
   285.000  -190.203   1.212932E+03
   285.000  -194.971   1.215366E+03
   285.000  -199.739   1.217799E+03
   285.000  -204.507   1.220232E+03
   285.000  -209.275   1.222666E+03
   285.000  -214.043   1.225099E+03
   285.000  -218.811   1.227532E+03
   285.000  -228.348   1.232399E+03
   285.267  -237.887   1.237267E+03
   285.000  -247.420   1.442133E+03
   285.000  -256.956   1.446999E+03
   285.000  -266.493   1.451866E+03
   285.000  -276.029   1.456733E+03
   285.000  -285.565   1.461599E+03
   285.000  -290.333   1.464033E+03
   285.000  -295.101   1.466466E+03
   285.000  -299.870   1.468900E+03
   285.000  -304.638   1.471333E+03
   285.000  -314.174   1.476200E+03
   285.000  -323.710   1.481066E+03
   285.000  -333.246   1.485933E+03
   285.000  -342.783   1.490800E+03
   285.000  -352.319   1.495667E+03
   285.000  -361.855   1.500533E+03
   285.000  -371.391   1.505400E+03
   285.000  -380.928   1.510267E+03
   285.000  -390.464   1.515133E+03
   285.000  -400.000   1.520000E+03
   290.000     0.383   0.000000E+00
   290.000    -0.094   1.121868E+01
   290.000    -1.047   3.329286E+01
   289.000    -1.430   4.239233E+01
   290.000    -2.000   5.342887E+01
   290.000    -2.477   6.282782E+01
   290.000    -2.954   7.210292E+01
   290.000    -3.430   8.123687E+01
   290.000    -3.907   9.026944E+01
   290.000    -4.860   1.079585E+02
   290.000    -5.337   1.166363E+02
   290.000    -5.813   1.251798E+02
   290.000    -6.290   1.336257E+02
   290.000    -7.243   1.501554E+02
   290.000    -8.197   1.662466E+02
   290.000    -9.150   1.818691E+02
   290.000   -10.103   1.970424E+02
   290.000   -11.057   2.117647E+02
   290.000   -12.195   2.288392E+02
   290.000   -12.963   2.399778E+02
   290.000   -13.916   2.535709E+02
   290.000   -15.823   2.799503E+02
   290.000   -17.730   3.051490E+02
   289.000   -20.241   3.371913E+02
   290.000   -21.543   3.563633E+02
   290.000   -23.449   3.849570E+02
   290.000   -25.356   4.125479E+02
   291.000   -27.596   4.427371E+02
   290.000   -29.169   4.649025E+02
   290.000   -31.076   4.896297E+02
   290.000   -32.982   5.133775E+02
   290.000   -34.889   5.361593E+02
   290.000   -37.749   5.684684E+02
   290.000   -39.659   5.886642E+02
   290.000   -43.468   6.280487E+02
   290.000   -46.328   6.573397E+02
   290.000   -49.188   6.863766E+02
   290.000   -52.048   7.151364E+02
   290.000   -54.908   7.435946E+02
   290.000   -57.768   7.717258E+02
   290.000   -60.628   7.995042E+02
   290.000   -63.488   8.269046E+02
   290.000   -66.348   8.539030E+02
   290.000   -71.114   8.979529E+02
   290.000   -75.880   9.407369E+02
   290.000   -80.647   9.822000E+02
   290.000   -85.413   1.022290E+03
   290.000   -90.180   1.061023E+03
   290.000   -94.946   1.098410E+03
   290.000   -99.713   1.134527E+03
   290.000  -104.479   1.169443E+03
   290.000  -109.246   1.203282E+03
   290.000  -114.012   1.236151E+03
   290.000  -118.779   1.268195E+03
   290.000  -123.545   1.299532E+03
   290.000  -126.705   1.320000E+03
   290.000  -133.078   1.332746E+03
   290.000  -136.421   1.139432E+03
   290.000  -142.611   1.151812E+03
   290.000  -147.377   1.161344E+03
   290.000  -152.144   1.170878E+03
   290.000  -156.910   1.180410E+03
   290.000  -161.677   1.189944E+03
   290.000  -166.443   1.199476E+03
   290.000  -171.210   1.202317E+03
   290.000  -175.976   1.204769E+03
   290.000  -180.743   1.207221E+03
   290.000  -185.509   1.209672E+03
   290.000  -190.276   1.212124E+03
   290.000  -195.042   1.214576E+03
   290.000  -199.809   1.217028E+03
   290.000  -204.575   1.219479E+03
   290.000  -209.341   1.221931E+03
   290.000  -214.108   1.224383E+03
   290.000  -218.874   1.226834E+03
   290.204  -228.407   1.231738E+03
   290.000  -237.940   1.436641E+03
   290.000  -247.473   1.441545E+03
   290.000  -257.006   1.446448E+03
   290.000  -266.539   1.451352E+03
   290.000  -276.072   1.456255E+03
   290.000  -285.605   1.461159E+03
   290.000  -290.371   1.463610E+03
   290.000  -295.138   1.466062E+03
   290.000  -299.904   1.468514E+03
   290.000  -304.671   1.470966E+03
   290.000  -314.204   1.475869E+03
   290.000  -323.737   1.480773E+03
   290.000  -333.270   1.485676E+03
   290.000  -342.802   1.490579E+03
   290.000  -352.335   1.495483E+03
   290.000  -361.868   1.500386E+03
   290.000  -371.401   1.505290E+03
   290.000  -380.934   1.510193E+03
   290.000  -390.467   1.515097E+03
   290.000  -400.000   1.520000E+03
   295.000     0.360   0.000000E+00
   295.000    -0.117   1.092718E+01
   295.000    -1.070   3.246885E+01
   297.000    -1.731   4.668879E+01
   295.000    -2.023   5.285464E+01
   295.000    -2.500   6.212402E+01
   295.000    -2.976   7.126599E+01
   295.000    -3.453   8.031866E+01
   295.000    -3.930   8.926240E+01
   295.000    -4.883   1.068043E+02
   295.000    -5.359   1.154024E+02
   295.000    -5.836   1.239092E+02
   295.000    -6.313   1.323064E+02
   295.000    -7.266   1.487550E+02
   295.000    -8.219   1.647662E+02
   295.000    -9.172   1.803404E+02
   295.000   -10.126   1.954942E+02
   295.000   -11.079   2.101966E+02
   295.000   -12.032   2.244517E+02
   293.857   -12.980   2.387395E+02
   297.000   -13.620   2.464867E+02
   295.000   -15.845   2.779082E+02
   295.000   -17.752   3.029905E+02
   295.000   -19.658   3.268997E+02
   295.000   -20.852   3.414136E+02
   295.000   -23.471   3.805345E+02
   295.000   -25.377   4.078525E+02
   295.000   -27.293   4.342726E+02
   295.000   -29.190   4.594378E+02
   295.000   -31.097   4.837320E+02
   295.000   -33.003   5.069942E+02
   295.000   -34.910   5.292423E+02
   296.000   -38.270   5.643176E+02
   295.000   -40.629   5.902610E+02
   295.000   -43.489   6.195521E+02
   295.000   -46.349   6.486127E+02
   295.000   -49.208   6.774044E+02
   295.000   -52.068   7.059235E+02
   295.000   -54.928   7.341378E+02
   295.000   -57.788   7.620258E+02
   295.000   -60.647   7.895569E+02
   295.000   -63.507   8.167302E+02
   295.000   -66.367   8.435165E+02
   295.000   -71.133   8.872548E+02
   295.000   -75.899   9.297964E+02
   295.000   -80.665   9.710869E+02
   295.000   -85.431   1.011093E+03
   295.000   -90.198   1.049813E+03
   295.000   -94.964   1.087245E+03
   295.000   -99.730   1.123431E+03
   295.000  -104.496   1.158430E+03
   295.000  -109.262   1.192313E+03
   295.000  -114.029   1.225174E+03
   295.000  -118.795   1.257099E+03
   295.000  -123.561   1.288207E+03
   295.000  -128.549   1.320000E+03
   295.000  -133.093   1.329088E+03
   295.000  -138.368   1.139638E+03
   295.000  -142.626   1.148154E+03
   295.000  -147.392   1.157686E+03
   295.000  -152.158   1.167218E+03
   295.000  -156.924   1.176750E+03
   295.000  -161.690   1.186282E+03
   295.000  -166.457   1.195816E+03
   295.000  -171.223   1.201386E+03
   295.000  -175.989   1.203857E+03
   295.000  -180.755   1.206328E+03
   295.000  -185.521   1.208799E+03
   295.000  -190.288   1.211271E+03
   295.000  -195.054   1.213742E+03
   295.000  -199.820   1.216213E+03
   295.000  -204.586   1.218684E+03
   295.000  -209.352   1.221155E+03
   295.000  -214.119   1.223627E+03
   295.164  -218.885   1.226098E+03
   295.000  -228.417   1.431040E+03
   295.000  -237.950   1.435982E+03
   295.000  -247.482   1.440924E+03
   295.000  -257.014   1.445866E+03
   295.000  -266.547   1.450809E+03
   295.000  -276.079   1.455751E+03
   295.000  -285.611   1.460693E+03
   295.000  -290.378   1.463164E+03
   295.000  -295.144   1.465635E+03
   295.000  -299.910   1.468107E+03
   295.000  -304.676   1.470578E+03
   295.000  -314.209   1.475520E+03
   295.000  -323.741   1.480462E+03
   295.000  -333.273   1.485404E+03
   295.000  -342.806   1.490347E+03
   295.000  -352.338   1.495289E+03
   295.000  -361.870   1.500231E+03
   295.000  -371.403   1.505173E+03
   295.000  -380.935   1.510115E+03
   295.000  -390.468   1.515058E+03
   295.000  -400.000   1.520000E+03
   300.000     0.338   0.000000E+00
   300.000    -0.139   1.080770E+01
   300.000    -1.092   3.214364E+01
   300.000    -1.602   4.343305E+01
   300.000    -2.045   5.206275E+01
   300.000    -2.522   6.125332E+01
   300.000    -2.998   7.032223E+01
   300.000    -3.475   7.930671E+01
   300.000    -3.951   8.816844E+01
   300.000    -4.905   1.056146E+02
   300.000    -5.381   1.141611E+02
   300.000    -5.858   1.226195E+02
   300.000    -6.334   1.309537E+02
   300.000    -7.287   1.473196E+02
   300.000    -8.241   1.632734E+02
   300.000    -9.194   1.787802E+02
   300.000   -10.147   1.938563E+02
   300.000   -11.100   2.085011E+02
   300.000   -12.053   2.227146E+02
   300.000   -13.378   2.417935E+02
   300.000   -13.960   2.499445E+02
   300.000   -15.866   2.758902E+02
   300.000   -17.773   3.007854E+02
   300.000   -19.679   3.245813E+02
   302.000   -21.565   3.459954E+02
   300.000   -23.492   3.760734E+02
   300.000   -25.398   4.030121E+02
   298.000   -27.066   4.279419E+02
   300.000   -29.211   4.538213E+02
   300.000   -31.117   4.776825E+02
   300.000   -33.024   5.005134E+02
   300.000   -34.930   5.222778E+02
   300.000   -37.698   5.519578E+02
   300.000   -40.649   5.823307E+02
   300.000   -43.509   6.115095E+02
   300.000   -46.368   6.404160E+02
   300.000   -49.228   6.690554E+02
   300.000   -52.087   6.973915E+02
   300.000   -54.947   7.254276E+02
   300.000   -57.806   7.531270E+02
   300.000   -60.666   7.804924E+02
   300.000   -63.525   8.074882E+02
   300.000   -66.385   8.341177E+02
   300.000   -71.151   8.776247E+02
   300.000   -75.917   9.199847E+02
   300.000   -80.683   9.611484E+02
   300.000   -85.449   1.001082E+03
   300.000   -90.215   1.039767E+03
   300.000   -94.981   1.077204E+03
   300.000   -99.747   1.113407E+03
   300.000  -104.512   1.148399E+03
   300.000  -109.278   1.182237E+03
   300.000  -114.044   1.214968E+03
   300.000  -118.810   1.246655E+03
   300.000  -123.576   1.277374E+03
   300.000  -130.457   1.320000E+03
   300.000  -133.108   1.325302E+03
   300.000  -137.874   1.334834E+03
   300.000  -140.316   1.139718E+03
   300.000  -147.406   1.153898E+03
   300.000  -152.172   1.163430E+03
   300.000  -156.938   1.172962E+03
   300.000  -161.704   1.182494E+03
   300.000  -166.470   1.192026E+03
   300.000  -171.235   1.200407E+03
   300.000  -176.001   1.202898E+03
   300.000  -180.767   1.205390E+03
   300.000  -185.533   1.207881E+03
   300.000  -190.299   1.210373E+03
   300.000  -195.065   1.212865E+03
   300.000  -199.831   1.215356E+03
   300.000  -204.597   1.217848E+03
   300.123  -209.364   1.220340E+03
   297.644  -214.124   1.222828E+03
   300.000  -218.895   1.425322E+03
   300.000  -228.427   1.430305E+03
   300.000  -237.958   1.435288E+03
   300.000  -247.490   1.440271E+03
   300.000  -257.022   1.445254E+03
   300.000  -266.554   1.450237E+03
   300.000  -276.086   1.455221E+03
   300.000  -285.618   1.460204E+03
   300.000  -290.384   1.462695E+03
   300.000  -295.150   1.465187E+03
   300.000  -299.916   1.467678E+03
   300.000  -304.681   1.470169E+03
   300.000  -314.213   1.475152E+03
   300.000  -323.745   1.480136E+03
   300.000  -333.277   1.485119E+03
   300.000  -342.809   1.490102E+03
   300.000  -352.341   1.495085E+03
   300.000  -361.873   1.500068E+03
   300.000  -371.404   1.505051E+03
   300.000  -380.936   1.510034E+03
   300.000  -390.468   1.515017E+03
   300.000  -400.000   1.520000E+03
   305.000     0.265   0.000000E+00
   305.000    -0.212   1.083735E+01
   305.000    -1.165   3.220730E+01
   304.000    -1.430   3.839369E+01
   305.000    -2.118   5.141411E+01
   305.000    -2.594   6.059348E+01
   305.000    -3.071   6.968373E+01
   305.000    -3.547   7.864652E+01
   305.000    -4.024   8.751947E+01
   305.000    -4.977   1.049204E+02
   305.000    -5.453   1.134487E+02
   305.000    -5.930   1.218859E+02
   305.000    -6.406   1.301965E+02
   305.000    -7.359   1.465080E+02
   305.000    -8.312   1.623832E+02
   305.000    -9.265   1.778222E+02
   305.000   -10.218   1.928252E+02
   305.000   -11.171   2.073926E+02
   305.000   -12.124   2.215252E+02
   305.000   -12.975   2.337226E+02
   305.000   -14.030   2.485262E+02
   305.000   -15.936   2.744334E+02
   305.000   -17.842   2.992563E+02
   305.000   -21.120   3.396143E+02
   305.000   -22.253   3.528754E+02
   305.000   -23.560   3.717971E+02
   305.000   -25.850   4.037584E+02
   305.000   -27.372   4.241812E+02
   305.000   -29.278   4.487270E+02
   305.000   -31.184   4.722208E+02
   305.000   -33.090   4.946523E+02
   305.000   -34.996   5.160163E+02
   305.000   -36.983   5.370123E+02
   305.000   -40.715   5.753996E+02
   305.000   -43.574   6.044849E+02
   305.000   -46.433   6.332878E+02
   305.000   -49.292   6.617995E+02
   305.000   -52.151   6.900088E+02
   305.000   -55.010   7.179034E+02
   305.000   -57.869   7.454701E+02
   305.000   -60.728   7.726955E+02
   305.000   -63.587   7.995662E+02
   305.000   -66.446   8.260690E+02
   305.000   -71.211   8.693946E+02
   305.000   -75.976   9.116086E+02
   305.000   -80.741   9.526648E+02
   305.000   -85.506   9.925266E+02
   305.000   -90.271   1.031168E+03
   305.000   -95.036   1.068576E+03
   305.000   -99.801   1.104745E+03
   305.000  -104.566   1.139681E+03
   305.000  -109.331   1.173400E+03
   305.000  -114.096   1.205921E+03
   305.000  -118.861   1.237268E+03
   305.000  -123.627   1.267467E+03
   305.000  -128.392   1.296583E+03
   305.000  -132.366   1.320000E+03
   305.000  -137.922   1.331112E+03
   305.000  -142.263   1.139794E+03
   305.000  -147.452   1.150172E+03
   305.000  -152.217   1.159702E+03
   305.000  -156.982   1.169232E+03
   305.000  -161.747   1.178762E+03
   305.000  -166.512   1.188292E+03
   305.000  -171.277   1.197822E+03
   305.000  -176.042   1.201938E+03
   305.000  -180.807   1.204450E+03
   305.000  -185.572   1.206962E+03
   305.000  -190.337   1.209474E+03
   305.000  -195.102   1.211986E+03
   305.068  -199.869   1.214499E+03
   302.596  -204.616   1.217001E+03
   305.000  -209.398   1.419522E+03
   305.000  -214.163   1.422034E+03
   305.000  -218.928   1.424546E+03
   305.000  -228.458   1.429570E+03
   305.000  -237.988   1.434593E+03
   305.000  -247.518   1.439617E+03
   305.000  -257.048   1.444641E+03
   305.000  -266.578   1.449665E+03
   305.000  -276.108   1.454689E+03
   305.000  -285.639   1.459713E+03
   305.000  -290.404   1.462225E+03
   305.000  -295.169   1.464737E+03
   305.000  -299.934   1.467249E+03
   305.000  -304.699   1.469761E+03
   305.000  -314.229   1.474785E+03
   305.000  -323.759   1.479809E+03
   305.000  -333.289   1.484832E+03
   305.000  -342.819   1.489856E+03
   305.000  -352.349   1.494880E+03
   305.000  -361.880   1.499905E+03
   305.000  -371.410   1.504928E+03
   305.000  -380.940   1.509952E+03
   305.000  -390.470   1.514976E+03
   305.000  -400.000   1.520000E+03
   310.000     0.183   0.000000E+00
   310.000    -0.293   1.100855E+01
   312.000    -0.895   2.425521E+01
   310.000    -1.723   4.148602E+01
   310.000    -2.199   5.080306E+01
   310.000    -2.675   6.000383E+01
   310.000    -3.152   6.910797E+01
   310.000    -3.628   7.807793E+01
   310.000    -4.105   8.695185E+01
   310.000    -5.057   1.043202E+02
   310.000    -5.534   1.128522E+02
   310.000    -6.010   1.212531E+02
   310.000    -6.487   1.295587E+02
   310.000    -7.440   1.458144E+02
   310.000    -8.392   1.616046E+02
   310.000    -9.345   1.769637E+02
   310.000   -10.298   1.918759E+02
   310.000   -11.251   2.063417E+02
   310.000   -12.572   2.256927E+02
   310.000   -13.156   2.340057E+02
   310.000   -14.109   2.473255E+02
   310.000   -16.015   2.731461E+02
   310.000   -17.921   2.978667E+02
   308.000   -20.675   3.326221E+02
   308.000   -22.603   3.551625E+02
   312.000   -23.304   3.611283E+02
   310.000   -24.981   3.865182E+02
   310.000   -27.449   4.195416E+02
   310.000   -29.354   4.438217E+02
   310.000   -31.260   4.670095E+02
   310.000   -33.166   4.890832E+02
   310.000   -36.267   5.227105E+02
   310.000   -37.930   5.398652E+02
   310.000   -40.788   5.691486E+02
   310.000   -43.647   5.981629E+02
   310.000   -46.505   6.268780E+02
   310.000   -49.363   6.552950E+02
   310.000   -52.222   6.834144E+02
   310.000   -55.080   7.112068E+02
   310.000   -57.939   7.386810E+02
   310.000   -60.797   7.658068E+02
   310.000   -63.656   7.925921E+02
   310.000   -66.514   8.190067E+02
   310.000   -71.278   8.622099E+02
   310.000   -76.042   9.043284E+02
   310.000   -80.806   9.453164E+02
   310.000   -85.571   9.851420E+02
   310.000   -90.335   1.023754E+03
   310.000   -95.099   1.061134E+03
   310.000   -99.863   1.097260E+03
   310.000  -104.627   1.132115E+03
   310.000  -109.391   1.165688E+03
   310.000  -114.155   1.197968E+03
   310.000  -118.919   1.228950E+03
   310.000  -123.683   1.258636E+03
   310.000  -128.447   1.287054E+03
   310.000  -134.274   1.320000E+03
   310.000  -137.975   1.327402E+03
   310.000  -144.211   1.139874E+03
   310.000  -147.504   1.146460E+03
   310.000  -152.268   1.155988E+03
   310.000  -157.032   1.165516E+03
   310.000  -161.796   1.175044E+03
   310.000  -166.560   1.184572E+03
   310.000  -171.324   1.194100E+03
   310.000  -176.088   1.200964E+03
   310.000  -180.852   1.203497E+03
   312.485  -185.628   1.206036E+03
   310.010  -190.380   1.208562E+03
   307.540  -195.123   1.211084E+03
   310.000  -199.909   1.413628E+03
   310.000  -204.673   1.416161E+03
   310.000  -209.437   1.418693E+03
   310.000  -214.201   1.421226E+03
   310.000  -218.965   1.423759E+03
   310.000  -228.493   1.428824E+03
   310.000  -238.021   1.433889E+03
   310.000  -247.549   1.438954E+03
   310.000  -257.078   1.444020E+03
   310.000  -266.606   1.449085E+03
   310.000  -276.134   1.454151E+03
   310.000  -285.662   1.459216E+03
   310.000  -290.426   1.461748E+03
   310.000  -295.190   1.464281E+03
   310.000  -299.954   1.466814E+03
   310.000  -304.718   1.469346E+03
   310.000  -314.247   1.474412E+03
   310.000  -323.775   1.479477E+03
   310.000  -333.303   1.484543E+03
   310.000  -342.831   1.489608E+03
   310.000  -352.359   1.494673E+03
   310.000  -361.887   1.499738E+03
   310.000  -371.416   1.504804E+03
   310.000  -380.944   1.509869E+03
   310.000  -390.472   1.514935E+03
   310.000  -400.000   1.520000E+03
   315.000     0.136   0.000000E+00
   315.000    -0.340   1.084050E+01
   315.000    -1.056   2.693896E+01
   315.000    -1.769   4.102989E+01
   315.000    -2.246   5.032102E+01
   315.000    -2.722   5.947799E+01
   315.000    -3.198   6.852044E+01
   315.000    -3.675   7.746729E+01
   315.000    -4.151   8.628117E+01
   315.000    -5.104   1.035851E+02
   315.000    -5.580   1.120576E+02
   315.000    -6.057   1.204342E+02
   315.000    -6.533   1.286800E+02
   315.000    -7.486   1.448495E+02
   315.000    -8.438   1.605517E+02
   315.000    -9.391   1.758214E+02
   315.000   -10.344   1.906436E+02
   315.000   -11.296   2.050059E+02
   315.000   -12.169   2.177294E+02
   315.000   -13.202   2.324671E+02
   315.000   -14.155   2.457784E+02
   315.000   -16.060   2.715681E+02
   315.000   -17.965   2.962992E+02
   314.000   -19.353   3.139671E+02
   315.000   -21.776   3.423417E+02
   315.000   -24.112   3.690225E+02
   315.000   -25.587   3.895386E+02
   315.000   -27.492   4.148466E+02
   315.000   -29.398   4.389662E+02
   315.000   -31.303   4.619134E+02
   315.000   -33.209   4.837428E+02
   317.000   -35.266   5.035317E+02
   315.000   -37.972   5.339371E+02
   315.000   -40.830   5.631961E+02
   315.000   -43.688   5.921621E+02
   315.000   -46.547   6.208397E+02
   315.000   -49.405   6.492032E+02
   315.000   -52.263   6.772564E+02
   315.000   -55.121   7.049918E+02
   315.000   -57.979   7.324010E+02
   315.000   -60.837   7.594749E+02
   315.000   -63.695   7.862040E+02
   315.000   -66.553   8.125781E+02
   315.000   -71.317   8.557296E+02
   315.000   -76.080   8.978101E+02
   315.000   -80.844   9.387901E+02
   315.000   -85.607   9.786076E+02
   315.000   -90.371   1.017236E+03
   315.000   -95.134   1.054620E+03
   315.000   -99.898   1.090735E+03
   315.000  -104.662   1.125536E+03
   315.000  -109.425   1.158977E+03
   315.000  -114.189   1.191035E+03
   315.000  -118.952   1.221655E+03
   315.000  -123.716   1.250812E+03
   315.000  -128.479   1.278456E+03
   315.000  -133.243   1.304628E+03
   315.000  -136.182   1.320000E+03
   315.000  -142.770   1.333176E+03
   315.000  -146.158   1.139952E+03
   315.000  -152.297   1.152230E+03
   315.000  -157.060   1.161756E+03
   315.000  -161.824   1.171284E+03
   315.000  -166.587   1.180810E+03
   315.000  -171.351   1.190338E+03
   317.434  -176.128   1.199892E+03
   314.959  -180.878   1.202518E+03
   315.000  -185.641   1.405071E+03
   315.000  -190.405   1.407626E+03
   315.000  -195.168   1.410179E+03
   315.000  -199.932   1.412734E+03
   315.000  -204.696   1.415288E+03
   315.000  -209.459   1.417841E+03
   315.000  -214.223   1.420396E+03
   315.000  -218.986   1.422949E+03
   315.000  -228.513   1.428057E+03
   315.000  -238.040   1.433165E+03
   315.000  -247.567   1.438273E+03
   315.000  -257.094   1.443381E+03
   315.000  -266.621   1.448489E+03
   315.000  -276.148   1.453597E+03
   315.000  -285.675   1.458705E+03
   315.000  -290.439   1.461259E+03
   315.000  -295.202   1.463813E+03
   315.000  -299.966   1.466367E+03
   315.000  -304.730   1.468921E+03
   315.000  -314.257   1.474029E+03
   315.000  -323.784   1.479137E+03
   315.000  -333.311   1.484245E+03
   315.000  -342.838   1.489353E+03
   315.000  -352.365   1.494460E+03
   315.000  -361.892   1.499568E+03
   315.000  -371.419   1.504676E+03
   315.000  -380.946   1.509784E+03
   315.000  -390.473   1.514892E+03
   315.000  -400.000   1.520000E+03
   320.000     0.086   0.000000E+00
   320.000    -0.390   1.076723E+01
   320.000    -1.325   3.164091E+01
   320.000    -1.819   4.127965E+01
   320.000    -2.295   5.047546E+01
   320.000    -2.772   5.958999E+01
   320.000    -3.248   6.857045E+01
   320.000    -3.724   7.743632E+01
   320.000    -4.201   8.620608E+01
   320.000    -5.153   1.033658E+02
   320.000    -5.630   1.117920E+02
   320.000    -6.106   1.200866E+02
   320.000    -6.582   1.282672E+02
   320.000    -7.535   1.443036E+02
   320.000    -8.487   1.598681E+02
   320.000    -9.440   1.749934E+02
   320.000   -10.392   1.896477E+02
   320.000   -11.766   2.100383E+02
   320.000   -12.298   2.177002E+02
   320.000   -13.250   2.311686E+02
   320.000   -14.203   2.443690E+02
   320.000   -16.108   2.699090E+02
   318.000   -17.751   2.920439E+02
   320.000   -19.918   3.177535E+02
   320.000   -21.823   3.399881E+02
   320.000   -23.897   3.629598E+02
   320.000   -25.634   3.865412E+02
   320.000   -27.539   4.113172E+02
   320.000   -29.444   4.349629E+02
   320.000   -31.349   4.574724E+02
   320.000   -33.255   4.788495E+02
   320.000   -34.936   4.967660E+02
   320.000   -38.017   5.286754E+02
   320.000   -40.875   5.579320E+02
   320.000   -43.733   5.868757E+02
   320.000   -46.591   6.155123E+02
   320.000   -49.448   6.438320E+02
   320.000   -52.306   6.718514E+02
   320.000   -55.164   6.995551E+02
   320.000   -58.022   7.269365E+02
   320.000   -60.879   7.539784E+02
   320.000   -63.737   7.806911E+02
   320.000   -66.595   8.070558E+02
   320.000   -71.358   8.501993E+02
   320.000   -76.121   8.923020E+02
   320.000   -80.884   9.333147E+02
   320.000   -85.647   9.731873E+02
   320.000   -90.410   1.011868E+03
   320.000   -95.173   1.049305E+03
   320.000   -99.936   1.085442E+03
   320.000  -104.698   1.120214E+03
   320.000  -109.461   1.153573E+03
   320.000  -114.224   1.185442E+03
   320.000  -118.987   1.215746E+03
   320.000  -123.750   1.244406E+03
   320.000  -128.513   1.271346E+03
   320.000  -133.276   1.296521E+03
   320.000  -138.090   1.320000E+03
   320.000  -142.802   1.329424E+03
   320.000  -148.105   1.140030E+03
   320.000  -152.328   1.148476E+03
   320.000  -157.091   1.158002E+03
   320.000  -161.854   1.167528E+03
   322.384  -166.624   1.177068E+03
   319.907  -171.378   1.186576E+03
   320.000  -176.142   1.396104E+03
   320.000  -180.905   1.401522E+03
   320.000  -185.668   1.404098E+03
   320.000  -190.431   1.406674E+03
   320.000  -195.194   1.409249E+03
   320.000  -199.957   1.411825E+03
   320.000  -204.720   1.414400E+03
   320.000  -209.483   1.416976E+03
   320.000  -214.246   1.419552E+03
   320.000  -219.009   1.422127E+03
   320.000  -228.535   1.427279E+03
   320.000  -238.060   1.432429E+03
   320.000  -247.586   1.437581E+03
   320.000  -257.112   1.442732E+03
   320.000  -266.638   1.447883E+03
   320.000  -276.164   1.453034E+03
   320.000  -285.690   1.458186E+03
   320.000  -290.453   1.460761E+03
   320.000  -295.216   1.463337E+03
   320.000  -299.979   1.465913E+03
   320.000  -304.741   1.468488E+03
   320.000  -314.267   1.473639E+03
   320.000  -323.793   1.478790E+03
   320.000  -333.319   1.483942E+03
   320.000  -342.845   1.489093E+03
   320.000  -352.371   1.494244E+03
   320.000  -361.897   1.499395E+03
   320.000  -371.422   1.504546E+03
   320.000  -380.948   1.509697E+03
   320.000  -390.474   1.514849E+03
   320.000  -400.000   1.520000E+03
   325.000     0.061   0.000000E+00
   325.000    -0.415   1.069706E+01
   325.000    -1.594   3.681888E+01
   326.464    -1.855   4.194398E+01
   325.000    -2.320   5.082918E+01
   325.000    -2.797   5.984953E+01
   325.000    -3.273   6.874435E+01
   325.000    -3.749   7.753925E+01
   325.000    -4.225   8.622023E+01
   325.000    -5.178   1.032588E+02
   325.000    -5.654   1.115989E+02
   325.000    -6.130   1.198257E+02
   325.000    -6.607   1.279561E+02
   325.000    -7.559   1.438434E+02
   325.000    -8.512   1.592945E+02
   325.000    -9.464   1.742774E+02
   325.000   -10.417   1.888238E+02
   325.000   -11.363   2.027844E+02
   325.000   -12.322   2.165097E+02
   325.000   -13.274   2.298878E+02
   325.000   -14.227   2.429971E+02
   323.000   -15.641   2.625636E+02
   325.000   -18.037   2.923845E+02
   325.000   -19.942   3.154132E+02
   325.000   -21.847   3.373194E+02
   325.000   -23.682   3.573416E+02
   325.000   -25.657   3.837619E+02
   325.000   -27.562   4.081091E+02
   325.000   -29.467   4.313514E+02
   325.000   -31.372   4.534838E+02
   325.000   -33.277   4.745047E+02
   325.000   -34.387   4.861928E+02
   325.000   -38.040   5.239585E+02
   325.000   -40.898   5.531626E+02
   325.000   -43.755   5.820588E+02
   325.000   -46.613   6.106668E+02
   325.000   -49.470   6.389648E+02
   325.000   -52.328   6.669688E+02
   325.000   -55.186   6.946640E+02
   325.000   -58.043   7.220346E+02
   325.000   -60.901   7.490924E+02
   325.000   -63.758   7.758104E+02
   325.000   -66.616   8.021983E+02
   325.000   -71.378   8.453905E+02
   325.000   -76.141   8.875744E+02
   325.000   -80.904   9.286888E+02
   325.000   -85.666   9.686698E+02
   325.000   -90.429   1.007474E+03
   325.000   -95.192   1.045030E+03
   325.000   -99.954   1.081259E+03
   325.000  -104.717   1.116099E+03
   325.000  -109.480   1.149455E+03
   325.000  -114.242   1.181223E+03
   325.000  -119.005   1.211302E+03
   325.000  -123.767   1.239552E+03
   325.000  -128.530   1.265840E+03
   325.000  -133.293   1.290029E+03
   325.000  -139.999   1.320000E+03
   325.000  -142.818   1.325638E+03
   325.000  -147.581   1.335164E+03
   325.000  -150.053   1.140108E+03
   327.335  -157.116   1.154234E+03
   324.861  -161.868   1.163738E+03
   325.000  -166.631   1.373264E+03
   325.000  -171.394   1.382790E+03
   325.000  -176.156   1.392314E+03
   325.000  -180.919   1.400502E+03
   325.000  -185.682   1.403100E+03
   325.000  -190.444   1.405697E+03
   325.000  -195.207   1.408295E+03
   325.000  -199.970   1.410893E+03
   325.000  -204.732   1.413491E+03
   325.000  -209.495   1.416089E+03
   325.000  -214.257   1.418686E+03
   325.000  -219.020   1.421284E+03
   325.000  -228.545   1.426480E+03
   325.000  -238.071   1.431675E+03
   325.000  -247.596   1.436871E+03
   325.000  -257.121   1.442066E+03
   325.000  -266.646   1.447262E+03
   325.000  -276.172   1.452458E+03
   325.000  -285.697   1.457653E+03
   325.000  -290.459   1.460251E+03
   325.000  -295.222   1.462849E+03
   325.000  -299.985   1.465447E+03
   325.000  -304.747   1.468044E+03
   325.000  -314.273   1.473240E+03
   325.000  -323.798   1.478435E+03
   325.000  -333.323   1.483631E+03
   325.000  -342.848   1.488826E+03
   325.000  -352.374   1.494022E+03
   325.000  -361.899   1.499218E+03
   325.000  -371.424   1.504413E+03
   325.000  -380.949   1.509609E+03
   325.000  -390.475   1.514805E+03
   325.000  -400.000   1.520000E+03
   330.000     0.025   0.000000E+00
   330.000    -0.451   1.050476E+01
   330.000    -1.404   3.123383E+01
   330.000    -1.880   4.145969E+01
   329.251    -2.351   5.169379E+01
   332.021    -2.844   6.118476E+01
   330.000    -3.309   6.966551E+01
   330.000    -3.785   7.836196E+01
   330.000    -4.261   8.695015E+01
   330.000    -5.213   1.037964E+02
   330.000    -5.690   1.120708E+02
   330.000    -6.166   1.202170E+02
   330.000    -6.642   1.282522E+02
   330.000    -7.595   1.440057E+02
   330.000    -8.547   1.592976E+02
   330.000    -9.499   1.741438E+02
   330.000   -10.452   1.885586E+02
   330.000   -11.404   2.025114E+02
   330.088   -12.357   2.160915E+02
   330.000   -13.309   2.291841E+02
   330.000   -14.495   2.451503E+02
   330.000   -16.166   2.670093E+02
   330.000   -18.071   2.908183E+02
   330.000   -19.976   3.135055E+02
   330.000   -21.881   3.350714E+02
   330.000   -23.467   3.521520E+02
   330.000   -25.691   3.815323E+02
   330.000   -27.596   4.054965E+02
   330.000   -29.501   4.283622E+02
   330.000   -31.406   4.501228E+02
   330.000   -33.838   4.763362E+02
   330.000   -35.215   4.905994E+02
   330.000   -38.073   5.200193E+02
   330.000   -40.930   5.491577E+02
   330.000   -43.787   5.780166E+02
   330.000   -46.645   6.066013E+02
   330.000   -49.502   6.348877E+02
   330.000   -52.359   6.628812E+02
   330.000   -55.217   6.905862E+02
   330.000   -58.074   7.179768E+02
   330.000   -60.931   7.450557E+02
   330.000   -63.789   7.718240E+02
   330.000   -66.646   7.982542E+02
   330.000   -71.408   8.415555E+02
   330.000   -76.170   8.838672E+02
   330.000   -80.932   9.251343E+02
   330.000   -85.695   9.653043E+02
   330.000   -90.457   1.004293E+03
   330.000   -95.219   1.042034E+03
   330.000   -99.981   1.078445E+03
   330.000  -104.743   1.113430E+03
   330.000  -109.506   1.146890E+03
   330.000  -114.268   1.178685E+03
   330.000  -119.030   1.208672E+03
   330.000  -123.792   1.236669E+03
   330.000  -128.554   1.262440E+03
   330.000  -133.317   1.285668E+03
   330.000  -138.079   1.306069E+03
   330.000  -141.907   1.320000E+03
   330.000  -147.603   1.331392E+03
   330.000  -152.000   1.140186E+03
   330.000  -157.128   1.350442E+03
   330.000  -161.890   1.359966E+03
   330.000  -166.652   1.369490E+03
   330.000  -171.414   1.379014E+03
   330.000  -176.176   1.388538E+03
   330.000  -180.939   1.398064E+03
   330.000  -185.701   1.402088E+03
   330.000  -190.463   1.404708E+03
   330.000  -195.225   1.407328E+03
   330.000  -199.988   1.409949E+03
   330.000  -204.750   1.412569E+03
   330.000  -209.512   1.415189E+03
   330.000  -214.274   1.417809E+03
   330.000  -219.036   1.420429E+03
   330.000  -228.561   1.425670E+03
   330.000  -238.085   1.430910E+03
   330.000  -247.610   1.436151E+03
   330.000  -257.134   1.441392E+03
   330.000  -266.658   1.446632E+03
   330.000  -276.183   1.451873E+03
   330.000  -285.707   1.457113E+03
   330.000  -290.469   1.459733E+03
   330.000  -295.232   1.462354E+03
   330.000  -299.994   1.464974E+03
   330.000  -304.756   1.467594E+03
   330.000  -314.280   1.472835E+03
   330.000  -323.805   1.478076E+03
   330.000  -333.329   1.483316E+03
   330.000  -342.854   1.488557E+03
   330.000  -352.378   1.493797E+03
   330.000  -361.902   1.499038E+03
   330.000  -371.427   1.504278E+03
   330.000  -380.951   1.509519E+03
   330.000  -390.476   1.514760E+03
   330.000  -400.000   1.520000E+03
   335.000    -0.004   0.000000E+00
   335.000    -0.480   1.034573E+01
   335.000    -1.433   3.076324E+01
   335.000    -1.909   4.081147E+01
   335.000    -2.385   5.077093E+01
   335.000    -2.861   6.061796E+01
   335.000    -3.374   7.112798E+01
   335.000    -3.813   7.909176E+01
   335.000    -4.290   8.764309E+01
   335.000    -5.242   1.043943E+02
   335.000    -5.718   1.125863E+02
   335.000    -6.194   1.206674E+02
   335.000    -6.671   1.286547E+02
   335.000    -7.623   1.442651E+02
   335.000    -8.575   1.594363E+02
   335.000    -9.528   1.741847E+02
   335.000   -10.480   1.884800E+02
   335.000   -11.432   2.023385E+02
   335.000   -12.385   2.157744E+02
   336.000   -13.513   2.310735E+02
   335.000   -14.290   2.415408E+02
   335.000   -16.194   2.660493E+02
   335.000   -18.099   2.894885E+02
   335.000   -20.004   3.118338E+02
   335.000   -21.909   3.330755E+02
   335.000   -23.252   3.473665E+02
   335.000   -25.718   3.795812E+02
   335.000   -27.623   4.032107E+02
   335.000   -29.528   4.257501E+02
   335.000   -31.432   4.471788E+02
   335.000   -33.289   4.669670E+02
   335.000   -35.242   4.872146E+02
   335.000   -38.099   5.166001E+02
   335.000   -40.956   5.457090E+02
   335.000   -43.813   5.745460E+02
   335.000   -46.670   6.031108E+02
   335.000   -49.527   6.314005E+02
   335.000   -52.384   6.594107E+02
   335.000   -55.242   6.871456E+02
   335.000   -58.099   7.145794E+02
   335.000   -60.956   7.417144E+02
   335.000   -63.813   7.685426E+02
   335.000   -66.670   7.950548E+02
   335.000   -71.432   8.385212E+02
   335.000   -76.194   8.810318E+02
   335.000   -80.956   9.225285E+02
   335.000   -85.717   9.629378E+02
   335.000   -90.479   1.002203E+03
   335.000   -95.241   1.040231E+03
   335.000  -100.003   1.076928E+03
   335.000  -104.765   1.112187E+03
   335.000  -109.527   1.145882E+03
   335.000  -114.289   1.177869E+03
   335.000  -119.050   1.207967E+03
   335.000  -123.812   1.235971E+03
   335.000  -128.574   1.261583E+03
   335.000  -133.336   1.284387E+03
   335.000  -138.098   1.303710E+03
   336.000  -144.197   1.320000E+03
   335.000  -147.622   1.326850E+03
   335.000  -152.383   1.336372E+03
   335.000  -157.145   1.345896E+03
   335.000  -161.907   1.355420E+03
   335.000  -166.669   1.364944E+03
   335.000  -171.431   1.374468E+03
   335.000  -176.193   1.383992E+03
   335.000  -180.955   1.393516E+03
   335.000  -185.716   1.400845E+03
   335.000  -190.478   1.403493E+03
   335.000  -195.240   1.406141E+03
   335.000  -200.002   1.408789E+03
   335.000  -204.764   1.411437E+03
   335.000  -209.526   1.414085E+03
   335.000  -214.288   1.416732E+03
   335.000  -219.049   1.419380E+03
   335.000  -228.573   1.424676E+03
   335.000  -238.097   1.429972E+03
   335.000  -247.621   1.435268E+03
   335.000  -257.144   1.440563E+03
   335.000  -266.668   1.445859E+03
   335.000  -276.192   1.451155E+03
   335.000  -285.715   1.456450E+03
   335.000  -290.477   1.459098E+03
   335.000  -295.239   1.461746E+03
   335.000  -300.001   1.464394E+03
   335.000  -304.763   1.467042E+03
   335.000  -314.287   1.472338E+03
   335.000  -323.810   1.477634E+03
   335.000  -333.334   1.482930E+03
   335.000  -342.858   1.488225E+03
   335.000  -352.381   1.493521E+03
   335.000  -361.905   1.498817E+03
   335.000  -371.429   1.504113E+03
   335.000  -380.953   1.509409E+03
   335.000  -390.476   1.514704E+03
   335.000  -400.000   1.520000E+03
   340.000    -0.017   0.000000E+00
   340.000    -0.493   1.026790E+01
   340.000    -1.446   3.053735E+01
   340.000    -1.922   4.051711E+01
   340.000    -2.398   5.040050E+01
   340.000    -2.874   6.018734E+01
   340.000    -3.350   6.987634E+01
   337.503    -3.820   7.964645E+01
   339.000    -4.086   8.472486E+01
   340.000    -5.255   1.049494E+02
   340.000    -5.731   1.130312E+02
   340.000    -6.207   1.210118E+02
   340.000    -6.683   1.288900E+02
   340.000    -7.636   1.443531E+02
   340.000    -8.588   1.593820E+02
   340.000    -9.540   1.739893E+02
   340.000   -10.493   1.881871E+02
   340.000   -11.445   2.019437E+02
   340.000   -12.397   2.152730E+02
   340.000   -13.605   2.315795E+02
   340.000   -14.302   2.407081E+02
   340.000   -16.207   2.649414E+02
   340.000   -18.111   2.880892E+02
   340.000   -20.016   3.101684E+02
   340.000   -21.921   3.311627E+02
   340.000   -23.037   3.429089E+02
   340.000   -25.730   3.777296E+02
   340.000   -27.635   4.011047E+02
   340.000   -29.540   4.233903E+02
   340.000   -31.444   4.445729E+02
   338.000   -32.959   4.616935E+02
   340.000   -35.254   4.843371E+02
   340.000   -38.111   5.136460E+02
   340.000   -40.968   5.427123E+02
   340.000   -43.825   5.715303E+02
   340.000   -46.682   6.000956E+02
   340.000   -49.539   6.284035E+02
   340.000   -52.396   6.564486E+02
   340.000   -55.253   6.842249E+02
   340.000   -58.110   7.117258E+02
   340.000   -60.967   7.389437E+02
   340.000   -63.824   7.658703E+02
   340.000   -66.681   7.924965E+02
   340.000   -71.443   8.361869E+02
   340.000   -76.204   8.789541E+02
   340.000   -80.966   9.207558E+02
   340.000   -85.728   9.615143E+02
   340.000   -90.489   1.001142E+03
   340.000   -95.251   1.039565E+03
   340.000  -100.013   1.076672E+03
   340.000  -104.774   1.112336E+03
   340.000  -109.536   1.146439E+03
   340.000  -114.298   1.178815E+03
   340.000  -119.060   1.209281E+03
   340.000  -123.821   1.237608E+03
   340.000  -128.583   1.263528E+03
   340.000  -133.345   1.286659E+03
   340.000  -138.106   1.306501E+03
   340.000  -142.233   1.320000E+03
   340.000  -147.630   1.330794E+03
   340.000  -152.391   1.340316E+03
   340.000  -157.153   1.349840E+03
   340.000  -161.915   1.359364E+03
   340.000  -166.677   1.368888E+03
   340.000  -171.438   1.378410E+03
   340.000  -176.200   1.387934E+03
   340.000  -180.962   1.397458E+03
   340.000  -185.723   1.401923E+03
   340.000  -190.485   1.404547E+03
   340.000  -195.247   1.407171E+03
   340.000  -200.009   1.409795E+03
   340.000  -204.770   1.412419E+03
   340.000  -209.532   1.415043E+03
   340.000  -214.294   1.417667E+03
   340.000  -219.055   1.420291E+03
   340.000  -228.579   1.425539E+03
   340.000  -238.102   1.430786E+03
   340.000  -247.626   1.436035E+03
   340.000  -257.149   1.441282E+03
   340.000  -266.672   1.446530E+03
   340.000  -276.196   1.451778E+03
   340.000  -285.719   1.457026E+03
   340.000  -290.481   1.459650E+03
   340.000  -295.243   1.462274E+03
   340.000  -300.004   1.464897E+03
   340.000  -304.766   1.467522E+03
   340.000  -314.289   1.472769E+03
   340.000  -323.813   1.478017E+03
   340.000  -333.336   1.483265E+03
   340.000  -342.860   1.488513E+03
   340.000  -352.383   1.493761E+03
   340.000  -361.906   1.499008E+03
   340.000  -371.430   1.504257E+03
   340.000  -380.953   1.509504E+03
   340.000  -390.477   1.514752E+03
   340.000  -400.000   1.520000E+03
   345.000    -0.024   0.000000E+00
   345.000    -0.500   1.021295E+01
   345.000    -1.452   3.035653E+01
   345.000    -1.929   4.030676E+01
   345.000    -2.405   5.014070E+01
   345.000    -2.881   5.987894E+01
   345.000    -3.357   6.952106E+01
   345.000    -3.998   8.237827E+01
   345.000    -4.309   8.787758E+01
   345.000    -5.262   1.044202E+02
   345.000    -5.738   1.125176E+02
   345.000    -6.214   1.205052E+02
   345.000    -6.690   1.283835E+02
   345.000    -7.643   1.438287E+02
   345.000    -8.595   1.588224E+02
   345.000    -9.547   1.733815E+02
   345.000   -10.500   1.875210E+02
   345.000   -11.452   2.012113E+02
   345.000   -12.404   2.144671E+02
   345.000   -13.720   2.320862E+02
   345.000   -14.309   2.397266E+02
   345.000   -16.214   2.637450E+02
   345.000   -18.118   2.866676E+02
   345.000   -20.023   3.085107E+02
   345.000   -22.822   3.387068E+02
   345.000   -23.832   3.519898E+02
   345.000   -25.737   3.761739E+02
   345.000   -27.641   3.992873E+02
   345.000   -29.546   4.213406E+02
   345.000   -31.451   4.423101E+02
   345.000   -32.730   4.557697E+02
   345.000   -35.260   4.818703E+02
   345.000   -38.117   5.111356E+02
   345.000   -40.974   5.401769E+02
   345.000   -43.831   5.689904E+02
   345.000   -46.688   5.975713E+02
   345.000   -49.545   6.259141E+02
   345.000   -52.402   6.540131E+02
   345.000   -55.259   6.818619E+02
   345.000   -58.116   7.094534E+02
   345.000   -60.973   7.367802E+02
   345.000   -63.830   7.638339E+02
   345.000   -66.687   7.906054E+02
   345.000   -71.448   8.345691E+02
   345.000   -76.210   8.776780E+02
   345.000   -80.972   9.198619E+02
   345.000   -85.733   9.610408E+02
   345.000   -90.495   1.001149E+03
   345.000   -95.256   1.040074E+03
   345.000  -100.018   1.077722E+03
   345.000  -104.780   1.113958E+03
   345.000  -109.541   1.148633E+03
   345.000  -114.303   1.181603E+03
   345.000  -119.064   1.212671E+03
   345.000  -123.826   1.241648E+03
   345.000  -128.588   1.268289E+03
   345.000  -133.349   1.292295E+03
   345.000  -139.778   1.320000E+03
   345.000  -142.873   1.326190E+03
   345.000  -147.634   1.335712E+03
   345.000  -152.396   1.345236E+03
   345.000  -157.157   1.354758E+03
   345.000  -161.919   1.364282E+03
   345.000  -166.681   1.373806E+03
   345.000  -171.442   1.383328E+03
   345.000  -176.204   1.392852E+03
   345.000  -180.966   1.400647E+03
   345.000  -185.727   1.403242E+03
   345.000  -190.489   1.405836E+03
   345.000  -195.250   1.408431E+03
   345.000  -200.012   1.411026E+03
   345.000  -204.774   1.413620E+03
   345.000  -209.535   1.416215E+03
   345.000  -214.297   1.418810E+03
   345.000  -219.058   1.421404E+03
   345.000  -228.582   1.426594E+03
   345.000  -238.105   1.431783E+03
   345.000  -247.628   1.436972E+03
   345.000  -257.151   1.442161E+03
   345.000  -266.675   1.447351E+03
   345.000  -276.198   1.452540E+03
   345.000  -285.721   1.457729E+03
   345.000  -290.483   1.460324E+03
   345.000  -295.244   1.462918E+03
   345.000  -300.006   1.465513E+03
   345.000  -304.768   1.468108E+03
   345.000  -314.291   1.473297E+03
   345.000  -323.814   1.478486E+03
   345.000  -333.337   1.483675E+03
   345.000  -342.861   1.488865E+03
   345.000  -352.384   1.494054E+03
   345.000  -361.907   1.499243E+03
   345.000  -371.430   1.504432E+03
   345.000  -380.954   1.509622E+03
   345.000  -390.477   1.514811E+03
   345.000  -400.000   1.520000E+03
   350.000    -0.035   0.000000E+00
   350.000    -0.511   1.020661E+01
   350.000    -1.463   3.033560E+01
   350.000    -1.940   4.027886E+01
   350.000    -2.416   5.010657E+01
   350.000    -2.892   5.983974E+01
   350.000    -3.368   6.947843E+01
   350.000    -3.925   8.063422E+01
   350.000    -4.320   8.759482E+01
   350.000    -5.273   1.040712E+02
   350.000    -5.749   1.121379E+02
   350.000    -6.225   1.200960E+02
   350.000    -6.701   1.279455E+02
   350.000    -7.653   1.433184E+02
   350.000    -8.606   1.582715E+02
   350.000    -9.558   1.727731E+02
   350.000   -10.510   1.868385E+02
   350.000   -11.463   2.004815E+02
   350.000   -12.415   2.136730E+02
   350.000   -13.836   2.325603E+02
   350.000   -14.319   2.387716E+02
   350.000   -16.224   2.626448E+02
   350.000   -18.129   2.854042E+02
   350.000   -20.033   3.070691E+02
   350.000   -22.607   3.346078E+02
   350.000   -23.842   3.507709E+02
   350.000   -25.747   3.748046E+02
   350.000   -27.652   3.977721E+02
   350.000   -29.556   4.196599E+02
   350.000   -31.461   4.404895E+02
   350.000   -32.567   4.520460E+02
   350.000   -35.270   4.798837E+02
   350.000   -38.127   5.091132E+02
   350.000   -40.984   5.381419E+02
   350.000   -43.841   5.669653E+02
   350.000   -46.698   5.955778E+02
   350.000   -49.554   6.239634E+02
   350.000   -52.411   6.521356E+02
   350.000   -55.268   6.800780E+02
   350.000   -58.125   7.077834E+02
   350.000   -60.982   7.352444E+02
   350.000   -63.839   7.624528E+02
   350.000   -66.696   7.893999E+02
   350.000   -71.457   8.337033E+02
   350.000   -76.219   8.772119E+02
   350.000   -80.980   9.198471E+02
   350.000   -85.742   9.615548E+02
   350.000   -90.503   1.002232E+03
   350.000   -95.265   1.041797E+03
   350.000  -100.026   1.080115E+03
   350.000  -104.788   1.117072E+03
   350.000  -109.549   1.152503E+03
   350.000  -114.311   1.186262E+03
   350.000  -119.072   1.218165E+03
   350.000  -123.834   1.248046E+03
   350.000  -128.595   1.275724E+03
   350.000  -133.357   1.301100E+03
   350.000  -137.323   1.320000E+03
   350.000  -142.880   1.331114E+03
   350.000  -147.641   1.340636E+03
   350.000  -152.403   1.350160E+03
   350.000  -157.164   1.359682E+03
   350.000  -161.926   1.369206E+03
   350.000  -166.687   1.378728E+03
   350.000  -171.449   1.388252E+03
   350.000  -176.210   1.397774E+03
   350.000  -180.972   1.401966E+03
   350.000  -185.733   1.404532E+03
   350.000  -190.495   1.407098E+03
   350.000  -195.256   1.409664E+03
   350.000  -200.018   1.412230E+03
   350.000  -204.779   1.414796E+03
   350.000  -209.540   1.417362E+03
   350.000  -214.302   1.419928E+03
   350.000  -219.063   1.422494E+03
   350.000  -228.586   1.427625E+03
   350.000  -238.109   1.432757E+03
   350.000  -247.632   1.437889E+03
   350.000  -257.155   1.443021E+03
   350.000  -266.678   1.448153E+03
   350.000  -276.201   1.453285E+03
   350.000  -285.724   1.458417E+03
   350.000  -290.486   1.460983E+03
   350.000  -295.247   1.463549E+03
   350.000  -300.009   1.466115E+03
   350.000  -304.770   1.468681E+03
   350.000  -314.293   1.473813E+03
   350.000  -323.816   1.478945E+03
   350.000  -333.339   1.484077E+03
   350.000  -342.862   1.489208E+03
   350.000  -352.385   1.494340E+03
   350.000  -361.908   1.499472E+03
   350.000  -371.431   1.504604E+03
   350.000  -380.954   1.509736E+03
   350.000  -390.477   1.514868E+03
   350.000  -400.000   1.520000E+03
   355.000    -0.044   0.000000E+00
   355.000    -0.520   1.019441E+01
   355.000    -1.472   3.029941E+01
   355.000    -1.949   4.023072E+01
   355.000    -2.425   5.004650E+01
   355.000    -2.901   5.976767E+01
   355.000    -3.377   6.939425E+01
   355.000    -3.798   7.782569E+01
   355.000    -4.329   8.718023E+01
   355.000    -5.282   1.036183E+02
   355.000    -5.758   1.116650E+02
   355.000    -6.234   1.196026E+02
   355.000    -6.710   1.274310E+02
   355.000    -7.662   1.427607E+02
   355.000    -8.614   1.576538E+02
   355.000    -9.567   1.721254E+02
   355.000   -10.519   1.861451E+02
   355.000   -11.471   1.997282E+02
   355.000   -12.424   2.128885E+02
   355.000   -13.376   2.255624E+02
   355.000   -13.951   2.330331E+02
   355.000   -16.233   2.615593E+02
   355.000   -18.137   2.841603E+02
   355.000   -20.042   3.056861E+02
   355.000   -22.392   3.307130E+02
   355.000   -23.851   3.497376E+02
   355.000   -25.755   3.736120E+02
   355.000   -27.660   3.964369E+02
   355.000   -29.565   4.181945E+02
   355.000   -32.403   4.487247E+02
   355.000   -33.374   4.587111E+02
   355.000   -35.278   4.782506E+02
   355.000   -38.135   5.074474E+02
   355.000   -40.992   5.364773E+02
   355.000   -43.849   5.653281E+02
   355.000   -46.706   5.939911E+02
   355.000   -49.562   6.224491E+02
   355.000   -52.419   6.507151E+02
   355.000   -55.276   6.787726E+02
   355.000   -58.133   7.066150E+02
   355.000   -60.990   7.342353E+02
   355.000   -63.847   7.616258E+02
   355.000   -66.703   7.887690E+02
   355.000   -71.465   8.334781E+02
   355.000   -76.226   8.774444E+02
   355.000   -80.987   9.206195E+02
   355.000   -85.749   9.629417E+02
   355.000   -90.510   1.004308E+03
   355.000   -95.272   1.044632E+03
   355.000  -100.033   1.083775E+03
   355.000  -104.794   1.121608E+03
   355.000  -109.556   1.157980E+03
   355.000  -114.317   1.192713E+03
   355.000  -119.079   1.225652E+03
   355.000  -123.840   1.256620E+03
   355.000  -128.601   1.285463E+03
   355.000  -134.867   1.320000E+03
   355.000  -138.124   1.326514E+03
   355.000  -142.885   1.336036E+03
   355.000  -147.647   1.345560E+03
   355.000  -152.408   1.355082E+03
   355.000  -157.170   1.364606E+03
   355.000  -161.931   1.374128E+03
   355.000  -166.692   1.383650E+03
   355.000  -171.454   1.393174E+03
   355.000  -176.215   1.400719E+03
   355.000  -180.976   1.403256E+03
   355.000  -185.738   1.405794E+03
   355.000  -190.499   1.408332E+03
   355.000  -195.261   1.410870E+03
   355.000  -200.022   1.413408E+03
   355.000  -204.783   1.415946E+03
   355.000  -209.545   1.418484E+03
   355.000  -214.306   1.421022E+03
   355.000  -219.068   1.423560E+03
   355.000  -228.590   1.428635E+03
   355.000  -238.113   1.433711E+03
   355.000  -247.636   1.438787E+03
   355.000  -257.159   1.443863E+03
   355.000  -266.681   1.448939E+03
   355.000  -276.204   1.454014E+03
   355.000  -285.727   1.459090E+03
   355.000  -290.488   1.461628E+03
   355.000  -295.250   1.464166E+03
   355.000  -300.011   1.466704E+03
   355.000  -304.772   1.469242E+03
   355.000  -314.295   1.474318E+03
   355.000  -323.818   1.479394E+03
   355.000  -333.341   1.484470E+03
   355.000  -342.863   1.489545E+03
   355.000  -352.386   1.494621E+03
   355.000  -361.909   1.499697E+03
   355.000  -371.432   1.504773E+03
   355.000  -380.954   1.509848E+03
   355.000  -390.477   1.514924E+03
   355.000  -400.000   1.520000E+03
   360.000    -0.052   0.000000E+00
   360.000    -0.528   1.018281E+01
   360.000    -1.480   3.026417E+01
   360.000    -1.957   4.018352E+01
   360.000    -2.433   4.998738E+01
   360.000    -2.909   5.969661E+01
   360.000    -3.385   6.931128E+01
   360.000    -3.670   7.501707E+01
   360.000    -4.337   8.674676E+01
   360.000    -5.289   1.031302E+02
   360.000    -5.766   1.111744E+02
   360.000    -6.242   1.190922E+02
   360.000    -6.718   1.269005E+02
   360.000    -7.670   1.421887E+02
   360.000    -8.622   1.570391E+02
   360.000    -9.575   1.714665E+02
   360.000   -10.527   1.854407E+02
   360.000   -11.479   1.989766E+02
   360.000   -12.431   2.120742E+02
   360.000   -13.384   2.247462E+02
   361.000   -14.089   2.336524E+02
   360.000   -16.240   2.605109E+02
   360.000   -18.145   2.829993E+02
   360.000   -20.049   3.043860E+02
   360.000   -22.177   3.269778E+02
   360.000   -23.858   3.488212E+02
   360.000   -25.763   3.725938E+02
   360.000   -27.667   3.952993E+02
   360.000   -29.572   4.169612E+02
   360.000   -32.240   4.455042E+02
   360.000   -33.381   4.572592E+02
   360.000   -35.286   4.768303E+02
   360.000   -38.142   5.060449E+02
   360.000   -40.999   5.351130E+02
   360.000   -43.856   5.640183E+02
   360.000   -46.713   5.927545E+02
   360.000   -49.569   6.213056E+02
   360.000   -52.426   6.496857E+02
   360.000   -55.283   6.778792E+02
   360.000   -58.140   7.058802E+02
   360.000   -60.996   7.336732E+02
   360.000   -63.853   7.612710E+02
   360.000   -66.710   7.886571E+02
   360.000   -71.471   8.338063E+02
   360.000   -76.233   8.783130E+02
   360.000   -80.994   9.221061E+02
   360.000   -85.755   9.651285E+02
   360.000   -90.516   1.007297E+03
   360.000   -95.278   1.048515E+03
   360.000  -100.039   1.088639E+03
   360.000  -104.800   1.127526E+03
   360.000  -109.562   1.165016E+03
   360.000  -114.323   1.200914E+03
   360.000  -119.084   1.235056E+03
   360.000  -123.845   1.267297E+03
   360.000  -128.607   1.297573E+03
   360.000  -132.412   1.320000E+03
   360.000  -138.129   1.331434E+03
   360.000  -142.891   1.340958E+03
   360.000  -147.652   1.350480E+03
   360.000  -152.413   1.360002E+03
   360.000  -157.174   1.369524E+03
   360.000  -161.936   1.379048E+03
   360.000  -166.697   1.388570E+03
   360.000  -171.458   1.398092E+03
   360.000  -176.220   1.402008E+03
   360.000  -180.981   1.404518E+03
   360.000  -185.742   1.407028E+03
   360.000  -190.503   1.409539E+03
   360.000  -195.265   1.412050E+03
   360.000  -200.026   1.414560E+03
   360.000  -204.787   1.417070E+03
   360.000  -209.549   1.419581E+03
   360.000  -214.310   1.422091E+03
   360.000  -219.071   1.424602E+03
   360.000  -228.594   1.429623E+03
   360.000  -238.116   1.434644E+03
   360.000  -247.639   1.439665E+03
   360.000  -257.161   1.444685E+03
   360.000  -266.684   1.449707E+03
   360.000  -276.207   1.454728E+03
   360.000  -285.729   1.459748E+03
   360.000  -290.490   1.462259E+03
   360.000  -295.252   1.464770E+03
   360.000  -300.013   1.467280E+03
   360.000  -304.774   1.469790E+03
   360.000  -314.297   1.474812E+03
   360.000  -323.819   1.479832E+03
   360.000  -333.342   1.484853E+03
   360.000  -342.865   1.489875E+03
   360.000  -352.387   1.494895E+03
   360.000  -361.910   1.499916E+03
   360.000  -371.432   1.504937E+03
   360.000  -380.955   1.509958E+03
   360.000  -390.477   1.514979E+03
   360.000  -400.000   1.520000E+03
   365.000    -0.058   0.000000E+00
   365.000    -0.534   1.016685E+01
   365.000    -1.486   3.021659E+01
   365.000    -1.962   4.009933E+01
   365.000    -2.439   4.990779E+01
   365.000    -2.915   5.960077E+01
   365.000    -3.543   7.225043E+01
   365.000    -3.867   7.799422E+01
   365.000    -4.343   8.632860E+01
   365.000    -5.295   1.026697E+02
   365.000    -5.771   1.106762E+02
   365.000    -6.248   1.185900E+02
   365.000    -6.724   1.263777E+02
   365.000    -7.676   1.416251E+02
   365.000    -8.628   1.564348E+02
   365.000    -9.580   1.708067E+02
   365.000   -10.533   1.847551E+02
   365.000   -11.485   1.982506E+02
   365.000   -12.437   2.113077E+02
   365.000   -13.389   2.239262E+02
   365.000   -14.168   2.339371E+02
   365.000   -16.246   2.595593E+02
   365.000   -18.151   2.819197E+02
   365.000   -20.055   3.031753E+02
   364.000   -22.005   3.240661E+02
   365.000   -23.864   3.480220E+02
   365.000   -25.769   3.716780E+02
   365.000   -27.673   3.942803E+02
   365.000   -29.578   4.158467E+02
   365.000   -32.076   4.425125E+02
   365.000   -33.387   4.560280E+02
   365.000   -35.291   4.756073E+02
   365.000   -38.148   5.048739E+02
   365.000   -41.004   5.339893E+02
   365.000   -43.861   5.629686E+02
   365.000   -46.718   5.917966E+02
   365.000   -49.575   6.204687E+02
   365.000   -52.431   6.489706E+02
   365.000   -55.288   6.773179E+02
   365.000   -58.145   7.054962E+02
   365.000   -61.002   7.335012E+02
   365.000   -63.858   7.613183E+02
   365.000   -66.715   7.889618E+02
   365.000   -71.476   8.346072E+02
   365.000   -76.237   8.796939E+02
   365.000   -80.999   9.241878E+02
   365.000   -85.760   9.680121E+02
   365.000   -90.521   1.011098E+03
   365.000   -95.282   1.053343E+03
   365.000  -100.044   1.094621E+03
   365.000  -104.805   1.134751E+03
   365.000  -109.566   1.173547E+03
   365.000  -114.327   1.210802E+03
   365.000  -119.088   1.246316E+03
   365.000  -123.850   1.279910E+03
   365.000  -129.957   1.320000E+03
   365.000  -133.372   1.326830E+03
   365.000  -138.133   1.336352E+03
   365.000  -142.894   1.345874E+03
   365.000  -147.656   1.355398E+03
   365.000  -152.417   1.364920E+03
   365.000  -157.178   1.374442E+03
   365.000  -161.939   1.383964E+03
   365.000  -166.701   1.393488E+03
   365.000  -171.462   1.400785E+03
   365.000  -176.223   1.403269E+03
   365.000  -180.984   1.405752E+03
   365.000  -185.745   1.408236E+03
   365.000  -190.507   1.410720E+03
   365.000  -195.268   1.413203E+03
   365.000  -200.029   1.415687E+03
   365.000  -204.790   1.418170E+03
   365.000  -209.551   1.420654E+03
   365.000  -214.313   1.423138E+03
   365.000  -219.074   1.425621E+03
   365.000  -228.596   1.430589E+03
   365.000  -238.119   1.435556E+03
   365.000  -247.641   1.440523E+03
   365.000  -257.164   1.445491E+03
   365.000  -266.686   1.450458E+03
   365.000  -276.208   1.455425E+03
   365.000  -285.731   1.460393E+03
   365.000  -290.492   1.462876E+03
   365.000  -295.253   1.465360E+03
   365.000  -300.015   1.467844E+03
   365.000  -304.776   1.470327E+03
   365.000  -314.298   1.475294E+03
   365.000  -323.821   1.480262E+03
   365.000  -333.343   1.485229E+03
   365.000  -342.865   1.490196E+03
   365.000  -352.388   1.495164E+03
   365.000  -361.910   1.500131E+03
   365.000  -371.433   1.505098E+03
   365.000  -380.955   1.510065E+03
   365.000  -390.478   1.515033E+03
   365.000  -400.000   1.520000E+03
   370.000    -0.063   0.000000E+00
   370.000    -0.539   1.015626E+01
   370.000    -1.491   3.018395E+01
   370.000    -1.967   4.005549E+01
   370.000    -2.444   4.985262E+01
   370.000    -2.920   5.953430E+01
   370.000    -3.415   6.949732E+01
   370.000    -3.872   7.759020E+01
   370.000    -4.348   8.590737E+01
   370.000    -5.300   1.022134E+02
   370.000    -5.776   1.102023E+02
   370.000    -6.253   1.180982E+02
   370.000    -6.729   1.258680E+02
   370.000    -7.681   1.410795E+02
   370.000    -8.633   1.558534E+02
   370.000    -9.585   1.701897E+02
   370.000   -10.538   1.841029E+02
   370.000   -11.490   1.975638E+02
   370.000   -12.442   2.105872E+02
   370.000   -13.394   2.231731E+02
   370.000   -14.267   2.343367E+02
   370.000   -16.251   2.586800E+02
   370.000   -18.155   2.809467E+02
   370.000   -20.060   3.021431E+02
   370.000   -21.858   3.211209E+02
   370.000   -23.869   3.471862E+02
   370.000   -25.773   3.707742E+02
   370.000   -27.678   3.933254E+02
   370.000   -29.582   4.148155E+02
   370.000   -31.912   4.396666E+02
   370.000   -33.391   4.549382E+02
   370.000   -35.296   4.745606E+02
   370.000   -38.152   5.038766E+02
   370.000   -41.009   5.330759E+02
   370.000   -43.866   5.621443E+02
   370.000   -46.722   5.910683E+02
   370.000   -49.579   6.198653E+02
   370.000   -52.436   6.485222E+02
   370.000   -55.292   6.770266E+02
   370.000   -58.149   7.053960E+02
   370.000   -61.006   7.336180E+02
   370.000   -63.862   7.616802E+02
   370.000   -66.719   7.895994E+02
   370.000   -71.480   8.357777E+02
   370.000   -76.241   8.815019E+02
   370.000   -81.003   9.267519E+02
   370.000   -85.764   9.714644E+02
   370.000   -90.525   1.015583E+03
   370.000   -95.286   1.059010E+03
   370.000  -100.047   1.101609E+03
   370.000  -104.808   1.143193E+03
   370.000  -109.570   1.183541E+03
   370.000  -114.331   1.222376E+03
   370.000  -119.092   1.259464E+03
   370.000  -123.853   1.294661E+03
   370.000  -127.502   1.320000E+03
   370.000  -133.375   1.331746E+03
   370.000  -138.136   1.341268E+03
   370.000  -142.898   1.350792E+03
   370.000  -147.659   1.360314E+03
   370.000  -152.420   1.369836E+03
   370.000  -157.181   1.379358E+03
   370.000  -161.942   1.388880E+03
   370.000  -166.703   1.398402E+03
   370.000  -171.465   1.402045E+03
   370.000  -176.226   1.404503E+03
   370.000  -180.987   1.406960E+03
   370.000  -185.748   1.409417E+03
   370.000  -190.509   1.411875E+03
   370.000  -195.270   1.414332E+03
   370.000  -200.032   1.416790E+03
   370.000  -204.793   1.419247E+03
   370.000  -209.554   1.421704E+03
   370.000  -214.315   1.424162E+03
   370.000  -219.076   1.426619E+03
   370.000  -228.598   1.431534E+03
   370.000  -238.121   1.436449E+03
   370.000  -247.643   1.441363E+03
   370.000  -257.165   1.446278E+03
   370.000  -266.688   1.451193E+03
   370.000  -276.210   1.456108E+03
   370.000  -285.732   1.461022E+03
   370.000  -290.493   1.463480E+03
   370.000  -295.255   1.465938E+03
   370.000  -300.016   1.468395E+03
   370.000  -304.777   1.470852E+03
   370.000  -314.299   1.475767E+03
   370.000  -323.822   1.480682E+03
   370.000  -333.344   1.485597E+03
   370.000  -342.866   1.490511E+03
   370.000  -352.388   1.495426E+03
   370.000  -361.911   1.500341E+03
   370.000  -371.433   1.505256E+03
   370.000  -380.955   1.510170E+03
   370.000  -390.478   1.515085E+03
   370.000  -400.000   1.520000E+03
   375.000    -0.065   0.000000E+00
   375.000    -0.541   1.014108E+01
   375.000    -1.493   3.013995E+01
   375.000    -1.969   3.999772E+01
   375.000    -2.446   4.978146E+01
   375.000    -2.922   5.945016E+01
   375.000    -3.288   6.681108E+01
   375.000    -3.874   7.717325E+01
   375.000    -4.350   8.547241E+01
   375.000    -5.302   1.017425E+02
   375.000    -5.778   1.097135E+02
   375.000    -6.254   1.175751E+02
   375.000    -6.731   1.253435E+02
   375.000    -7.683   1.405196E+02
   375.000    -8.635   1.552584E+02
   375.000    -9.587   1.695600E+02
   375.000   -10.539   1.834244E+02
   375.000   -11.492   1.968655E+02
   375.000   -12.444   2.098553E+02
   375.000   -13.396   2.224081E+02
   375.000   -14.366   2.347563E+02
   375.000   -16.253   2.578120E+02
   375.000   -18.157   2.799984E+02
   375.000   -20.062   3.011170E+02
   375.000   -21.735   3.187610E+02
   375.000   -23.871   3.464078E+02
   375.000   -25.775   3.699335E+02
   375.000   -27.680   3.924260E+02
   375.000   -29.584   4.138607E+02
   375.000   -31.749   4.369446E+02
   375.000   -33.393   4.539555E+02
   375.000   -35.297   4.736104E+02
   375.000   -38.154   5.030099E+02
   375.000   -41.011   5.322948E+02
   375.000   -43.867   5.614527E+02
   375.000   -46.724   5.905025E+02
   375.000   -49.581   6.194327E+02
   375.000   -52.437   6.482326E+02
   375.000   -55.294   6.769217E+02
   375.000   -58.151   7.054898E+02
   375.000   -61.007   7.339270E+02
   375.000   -63.864   7.622533E+02
   375.000   -66.721   7.904587E+02
   375.000   -71.482   8.371924E+02
   375.000   -76.243   8.835870E+02
   375.000   -81.004   9.296327E+02
   375.000   -85.765   9.753069E+02
   375.000   -90.526   1.020565E+03
   375.000   -95.288   1.065336E+03
   375.000  -100.049   1.109469E+03
   375.000  -104.810   1.152765E+03
   375.000  -109.571   1.194933E+03
   375.000  -114.332   1.235616E+03
   375.000  -119.093   1.274437E+03
   375.000  -125.047   1.320000E+03
   375.000  -128.616   1.327138E+03
   375.000  -133.377   1.336660E+03
   375.000  -138.138   1.346182E+03
   375.000  -142.899   1.355704E+03
   375.000  -147.660   1.365226E+03
   375.000  -152.421   1.374748E+03
   375.000  -157.182   1.384270E+03
   375.000  -161.943   1.393792E+03
   375.000  -166.705   1.400847E+03
   375.000  -171.466   1.403278E+03
   375.000  -176.227   1.405710E+03
   375.000  -180.988   1.408142E+03
   375.000  -185.749   1.410573E+03
   375.000  -190.510   1.413005E+03
   375.000  -195.271   1.415437E+03
   375.000  -200.033   1.417869E+03
   375.000  -204.794   1.420300E+03
   375.000  -209.555   1.422732E+03
   375.000  -214.316   1.425164E+03
   375.000  -219.077   1.427595E+03
   375.000  -228.599   1.432459E+03
   375.000  -238.122   1.437322E+03
   375.000  -247.644   1.442186E+03
   375.000  -257.166   1.447049E+03
   375.000  -266.688   1.451912E+03
   375.000  -276.211   1.456776E+03
   375.000  -285.733   1.461639E+03
   375.000  -290.494   1.464071E+03
   375.000  -295.255   1.466502E+03
   375.000  -300.016   1.468934E+03
   375.000  -304.777   1.471366E+03
   375.000  -314.300   1.476230E+03
   375.000  -323.822   1.481093E+03
   375.000  -333.344   1.485956E+03
   375.000  -342.866   1.490819E+03
   375.000  -352.389   1.495683E+03
   375.000  -361.911   1.500546E+03
   375.000  -371.433   1.505410E+03
   375.000  -380.955   1.510273E+03
   375.000  -390.478   1.515137E+03
   375.000  -400.000   1.520000E+03
   380.000    -0.067   0.000000E+00
   380.000    -0.543   1.012832E+01
   380.000    -1.495   3.010014E+01
   380.000    -1.971   3.994373E+01
   380.000    -2.448   4.971284E+01
   380.000    -3.160   6.412918E+01
   380.000    -3.400   6.840445E+01
   380.000    -3.876   7.679270E+01
   380.000    -4.352   8.507180E+01
   380.000    -5.304   1.013026E+02
   380.000    -5.780   1.092542E+02
   380.000    -6.256   1.170967E+02
   380.000    -6.733   1.248462E+02
   380.000    -7.685   1.399848E+02
   380.000    -8.637   1.546868E+02
   380.000    -9.589   1.689520E+02
   380.000   -10.541   1.827806E+02
   380.000   -11.494   1.961863E+02
   380.000   -12.446   2.091409E+02
   380.000   -13.398   2.216590E+02
   380.000   -14.306   2.331872E+02
   380.000   -16.255   2.569566E+02
   380.000   -18.159   2.790814E+02
   380.000   -20.064   3.001380E+02
   380.000   -21.612   3.164430E+02
   380.000   -23.873   3.456821E+02
   380.000   -25.777   3.691545E+02
   380.000   -27.681   3.915844E+02
   380.000   -29.586   4.129820E+02
   380.000   -31.585   4.342962E+02
   380.000   -33.395   4.530707E+02
   380.000   -35.299   4.727752E+02
   380.000   -38.156   5.022563E+02
   380.000   -41.013   5.316334E+02
   380.000   -43.869   5.608960E+02
   380.000   -46.726   5.900649E+02
   380.000   -49.583   6.191309E+02
   380.000   -52.439   6.480851E+02
   380.000   -55.296   6.769495E+02
   380.000   -58.153   7.057164E+02
   380.000   -61.009   7.343785E+02
   380.000   -63.866   7.629589E+02
   380.000   -66.723   7.914510E+02
   380.000   -71.484   8.387435E+02
   380.000   -76.245   8.858195E+02
   380.000   -81.006   9.326954E+02
   380.000   -85.767   9.793804E+02
   380.000   -90.528   1.025867E+03
   380.000   -95.289   1.072111E+03
   380.000  -100.050   1.118005E+03
   380.000  -104.811   1.163333E+03
   380.000  -109.572   1.207728E+03
   380.000  -114.334   1.250680E+03
   380.000  -119.095   1.291669E+03
   380.000  -122.592   1.320000E+03
   380.000  -128.617   1.332050E+03
   380.000  -133.378   1.341572E+03
   380.000  -138.139   1.351094E+03
   380.000  -142.900   1.360616E+03
   380.000  -147.661   1.370138E+03
   380.000  -152.422   1.379660E+03
   380.000  -157.184   1.389184E+03
   380.000  -161.945   1.398706E+03
   380.000  -166.706   1.402079E+03
   380.000  -171.467   1.404486E+03
   380.000  -176.228   1.406892E+03
   380.000  -180.989   1.409299E+03
   380.000  -185.750   1.411705E+03
   380.000  -190.511   1.414112E+03
   380.000  -195.272   1.416518E+03
   380.000  -200.034   1.418925E+03
   380.000  -204.795   1.421332E+03
   380.000  -209.556   1.423738E+03
   380.000  -214.317   1.426145E+03
   380.000  -219.078   1.428551E+03
   380.000  -228.600   1.433364E+03
   380.000  -238.122   1.438177E+03
   380.000  -247.645   1.442991E+03
   380.000  -257.167   1.447804E+03
   380.000  -266.689   1.452617E+03
   380.000  -276.211   1.457430E+03
   380.000  -285.733   1.462243E+03
   380.000  -290.495   1.464650E+03
   380.000  -295.256   1.467056E+03
   380.000  -300.017   1.469463E+03
   380.000  -304.778   1.471869E+03
   380.000  -314.300   1.476682E+03
   380.000  -323.822   1.481495E+03
   380.000  -333.345   1.486309E+03
   380.000  -342.867   1.491122E+03
   380.000  -352.389   1.495935E+03
   380.000  -361.911   1.500748E+03
   380.000  -371.433   1.505561E+03
   380.000  -380.956   1.510374E+03
   380.000  -390.478   1.515187E+03
   380.000  -400.000   1.520000E+03
   385.000    -0.066   0.000000E+00
   385.000    -0.542   1.011071E+01
   385.000    -1.494   3.004988E+01
   385.000    -1.970   3.987819E+01
   385.000    -2.447   4.963265E+01
   385.000    -3.033   6.148150E+01
   385.000    -3.399   6.799498E+01
   385.000    -3.875   7.636469E+01
   385.000    -4.351   8.462535E+01
   385.000    -5.303   1.008195E+02
   385.000    -5.779   1.087531E+02
   385.000    -6.255   1.165775E+02
   385.000    -6.732   1.243090E+02
   385.000    -7.684   1.394122E+02
   385.000    -8.636   1.540789E+02
   385.000    -9.588   1.683093E+02
   385.000   -10.540   1.821031E+02
   385.000   -11.493   1.954741E+02
   385.000   -12.445   2.083941E+02
   385.000   -13.397   2.208772E+02
   385.000   -14.247   2.316496E+02
   385.000   -16.254   2.560907E+02
   385.000   -18.158   2.781633E+02
   385.000   -20.063   2.991652E+02
   385.000   -21.489   3.141673E+02
   385.000   -23.872   3.449575E+02
   385.000   -25.776   3.683846E+02
   385.000   -27.680   3.907717E+02
   385.000   -29.585   4.121257E+02
   385.000   -31.422   4.317080E+02
   385.000   -33.394   4.522289E+02
   385.000   -35.298   4.719868E+02
   385.000   -38.155   5.015525E+02
   385.000   -41.012   5.310224E+02
   385.000   -43.868   5.603886E+02
   385.000   -46.725   5.896742E+02
   385.000   -49.582   6.188719E+02
   385.000   -52.438   6.479750E+02
   385.000   -55.295   6.770079E+02
   385.000   -58.152   7.059654E+02
   385.000   -61.008   7.348428E+02
   385.000   -63.865   7.636668E+02
   385.000   -66.722   7.924342E+02
   385.000   -71.483   8.402657E+02
   385.000   -76.244   8.880051E+02
   385.000   -81.005   9.357012E+02
   385.000   -85.766   9.834061E+02
   385.000   -90.527   1.031168E+03
   385.000   -95.288   1.079014E+03
   385.000  -100.050   1.126918E+03
   385.000  -104.811   1.174685E+03
   385.000  -109.572   1.221877E+03
   385.000  -114.333   1.267634E+03
   385.000  -120.136   1.320000E+03
   385.000  -123.855   1.327438E+03
   385.000  -128.616   1.336960E+03
   385.000  -133.377   1.346482E+03
   385.000  -138.138   1.356004E+03
   385.000  -142.900   1.365528E+03
   385.000  -147.661   1.375050E+03
   385.000  -152.422   1.384572E+03
   385.000  -157.183   1.394094E+03
   385.000  -161.944   1.400905E+03
   385.000  -166.705   1.403286E+03
   385.000  -171.466   1.405668E+03
   385.000  -176.227   1.408050E+03
   385.000  -180.989   1.410432E+03
   385.000  -185.750   1.412814E+03
   385.000  -190.511   1.415196E+03
   385.000  -195.272   1.417578E+03
   385.000  -200.033   1.419960E+03
   385.000  -204.794   1.422342E+03
   385.000  -209.555   1.424724E+03
   385.000  -214.316   1.427105E+03
   385.000  -219.077   1.429487E+03
   385.000  -228.600   1.434251E+03
   385.000  -238.122   1.439015E+03
   385.000  -247.644   1.443779E+03
   385.000  -257.166   1.448543E+03
   385.000  -266.689   1.453307E+03
   385.000  -276.211   1.458070E+03
   385.000  -285.733   1.462834E+03
   385.000  -290.494   1.465216E+03
   385.000  -295.255   1.467598E+03
   385.000  -300.017   1.469980E+03
   385.000  -304.778   1.472362E+03
   385.000  -314.300   1.477126E+03
   385.000  -323.822   1.481889E+03
   385.000  -333.344   1.486653E+03
   385.000  -342.867   1.491417E+03
   385.000  -352.389   1.496181E+03
   385.000  -361.911   1.500945E+03
   385.000  -371.433   1.505708E+03
   385.000  -380.956   1.510473E+03
   385.000  -390.478   1.515236E+03
   385.000  -400.000   1.520000E+03
   390.000    -0.067   0.000000E+00
   390.000    -0.543   1.010023E+01
   390.000    -1.495   3.001609E+01
   390.000    -1.971   3.983146E+01
   390.000    -2.448   4.957200E+01
   390.000    -2.905   5.881030E+01
   390.000    -3.400   6.761661E+01
   390.000    -3.876   7.596663E+01
   390.000    -4.352   8.420812E+01
   390.000    -5.304   1.003653E+02
   390.000    -5.780   1.082808E+02
   390.000    -6.256   1.160875E+02
   390.000    -6.733   1.238015E+02
   390.000    -7.685   1.388703E+02
   390.000    -8.637   1.535033E+02
   390.000    -9.589   1.677004E+02
   390.000   -10.541   1.814614E+02
   390.000   -11.494   1.947999E+02
   390.000   -12.446   2.076878E+02
   390.000   -13.398   2.201393E+02
   390.000   -14.187   2.301242E+02
   390.000   -16.255   2.552841E+02
   390.000   -18.159   2.773182E+02
   390.000   -20.064   2.982849E+02
   390.000   -21.412   3.124640E+02
   390.000   -23.873   3.442630E+02
   390.000   -25.777   3.676688E+02
   390.000   -27.681   3.900389E+02
   390.000   -29.586   4.113878E+02
   392.000   -31.193   4.282164E+02
   390.000   -33.395   4.514758E+02
   390.000   -35.299   4.712813E+02
   390.000   -38.156   5.009243E+02
   390.000   -41.013   5.304801E+02
   390.000   -43.869   5.599421E+02
   390.000   -46.726   5.893352E+02
   390.000   -49.583   6.186538E+02
   390.000   -52.439   6.478931E+02
   390.000   -55.296   6.770798E+02
   390.000   -58.153   7.062108E+02
   390.000   -61.009   7.352841E+02
   390.000   -63.866   7.643296E+02
   390.000   -66.723   7.933478E+02
   390.000   -71.484   8.416713E+02
   390.000   -76.245   8.900204E+02
   390.000   -81.006   9.384791E+02
   390.000   -85.767   9.871506E+02
   390.000   -90.528   1.036160E+03
   390.000   -95.289   1.085646E+03
   390.000  -100.050   1.135734E+03
   390.000  -104.811   1.186432E+03
   390.000  -109.572   1.237368E+03
   390.000  -114.334   1.287350E+03
   390.000  -117.681   1.320000E+03
   390.000  -123.856   1.332350E+03
   390.000  -128.617   1.341872E+03
   390.000  -133.378   1.351394E+03
   390.000  -138.139   1.360916E+03
   390.000  -142.900   1.370438E+03
   390.000  -147.661   1.379960E+03
   390.000  -152.422   1.389482E+03
   390.000  -157.184   1.399006E+03
   390.000  -161.945   1.402112E+03
   390.000  -166.706   1.404469E+03
   390.000  -171.467   1.406827E+03
   390.000  -176.228   1.409185E+03
   390.000  -180.989   1.411542E+03
   390.000  -185.750   1.413900E+03
   390.000  -190.511   1.416258E+03
   390.000  -195.272   1.418616E+03
   390.000  -200.034   1.420974E+03
   390.000  -204.795   1.423332E+03
   390.000  -209.556   1.425689E+03
   390.000  -214.317   1.428047E+03
   390.000  -219.078   1.430405E+03
   390.000  -228.600   1.435120E+03
   390.000  -238.122   1.439836E+03
   390.000  -247.645   1.444552E+03
   390.000  -257.167   1.449267E+03
   390.000  -266.689   1.453982E+03
   390.000  -276.211   1.458698E+03
   390.000  -285.733   1.463413E+03
   390.000  -290.495   1.465771E+03
   390.000  -295.256   1.468129E+03
   390.000  -300.017   1.470487E+03
   390.000  -304.778   1.472845E+03
   390.000  -314.300   1.477560E+03
   390.000  -323.822   1.482276E+03
   390.000  -333.345   1.486991E+03
   390.000  -342.867   1.491707E+03
   390.000  -352.389   1.496422E+03
   390.000  -361.911   1.501138E+03
   390.000  -371.433   1.505853E+03
   390.000  -380.956   1.510569E+03
   390.000  -390.478   1.515285E+03
   390.000  -400.000   1.520000E+03
   395.000    -0.066   0.000000E+00
   395.000    -0.542   1.009801E+01
   395.000    -1.494   3.001082E+01
   395.000    -1.970   3.982567E+01
   395.000    -2.447   4.956650E+01
   395.000    -2.703   5.475068E+01
   395.000    -3.399   6.713057E+01
   395.000    -3.875   7.547106E+01
   395.000    -4.351   8.370230E+01
   395.000    -5.303   9.983712E+01
   395.000    -5.779   1.077408E+02
   395.000    -6.255   1.155353E+02
   395.000    -6.732   1.232366E+02
   395.000    -7.684   1.382794E+02
   395.000    -8.636   1.528856E+02
   395.000    -9.588   1.670552E+02
   395.000   -10.540   1.807881E+02
   395.000   -11.493   1.940981E+02
   395.000   -12.445   2.069571E+02
   395.000   -13.397   2.193791E+02
   395.000   -14.128   2.286174E+02
   395.000   -16.254   2.544842E+02
   395.000   -18.158   2.764778E+02
   395.000   -20.063   2.974090E+02
   395.000   -21.334   3.107704E+02
   395.000   -23.872   3.435542E+02
   395.000   -25.776   3.669280E+02
   395.000   -27.680   3.892588E+02
   395.000   -29.585   4.105529E+02
   395.000   -31.158   4.273927E+02
   395.000   -33.394   4.507486E+02
   395.000   -35.298   4.705947E+02
   395.000   -38.155   5.003045E+02
   395.000   -41.012   5.299347E+02
   395.000   -43.868   5.594798E+02
   395.000   -46.725   5.889659E+02
   395.000   -49.582   6.183887E+02
   395.000   -52.438   6.477451E+02
   395.000   -55.295   6.770636E+02
   395.000   -58.152   7.063430E+02
   395.000   -61.008   7.355836E+02
   395.000   -63.865   7.648178E+02
   395.000   -66.722   7.940491E+02
   395.000   -71.483   8.427902E+02
   395.000   -76.244   8.916566E+02
   395.000   -81.005   9.407638E+02
   395.000   -85.766   9.902645E+02
   395.000   -90.527   1.040366E+03
   395.000   -95.288   1.091355E+03
   395.000  -100.050   1.143638E+03
   395.000  -104.811   1.197680E+03
   395.000  -109.572   1.253686E+03
   395.000  -115.226   1.320000E+03
   395.000  -119.094   1.327736E+03
   395.000  -123.855   1.337258E+03
   395.000  -128.616   1.346780E+03
   395.000  -133.377   1.356302E+03
   395.000  -138.138   1.365824E+03
   395.000  -142.900   1.375348E+03
   395.000  -147.661   1.384870E+03
   395.000  -152.422   1.394392E+03
   395.000  -157.183   1.400959E+03
   395.000  -161.944   1.403293E+03
   395.000  -166.705   1.405628E+03
   395.000  -171.466   1.407962E+03
   395.000  -176.227   1.410296E+03
   395.000  -180.989   1.412630E+03
   395.000  -185.750   1.414964E+03
   395.000  -190.511   1.417298E+03
   395.000  -195.272   1.419632E+03
   395.000  -200.033   1.421967E+03
   395.000  -204.794   1.424301E+03
   395.000  -209.555   1.426635E+03
   395.000  -214.316   1.428969E+03
   395.000  -219.077   1.431303E+03
   395.000  -228.600   1.435971E+03
   395.000  -238.122   1.440640E+03
   395.000  -247.644   1.445308E+03
   395.000  -257.166   1.449976E+03
   395.000  -266.689   1.454645E+03
   395.000  -276.211   1.459313E+03
   395.000  -285.733   1.463981E+03
   395.000  -290.494   1.466315E+03
   395.000  -295.255   1.468649E+03
   395.000  -300.017   1.470984E+03
   395.000  -304.778   1.473318E+03
   395.000  -314.300   1.477986E+03
   395.000  -323.822   1.482654E+03
   395.000  -333.344   1.487322E+03
   395.000  -342.867   1.491991E+03
   395.000  -352.389   1.496659E+03
   395.000  -361.911   1.501327E+03
   395.000  -371.433   1.505995E+03
   395.000  -380.956   1.510664E+03
   395.000  -390.478   1.515332E+03
   395.000  -400.000   1.520000E+03
   400.000    -0.065   0.000000E+00
   400.000    -0.541   1.009538E+01
   400.000    -1.493   3.000181E+01
   400.000    -1.969   3.981284E+01
   400.000    -2.500   5.064763E+01
   400.000    -2.922   5.823131E+01
   400.000    -3.398   6.666671E+01
   400.000    -3.874   7.499312E+01
   400.000    -4.350   8.321051E+01
   400.000    -5.302   9.931819E+01
   400.000    -5.778   1.072084E+02
   400.000    -6.254   1.149896E+02
   400.000    -6.731   1.226777E+02
   400.000    -7.683   1.376942E+02
   400.000    -8.635   1.522742E+02
   400.000    -9.587   1.664178E+02
   400.000   -10.539   1.801248E+02
   400.000   -11.492   1.934088E+02
   400.000   -12.444   2.062420E+02
   400.000   -13.396   2.186381E+02
   401.000   -14.056   2.268186E+02
   400.000   -16.253   2.536492E+02
   400.000   -18.157   2.756309E+02
   400.000   -20.062   2.965431E+02
   400.000   -21.257   3.091055E+02
   400.000   -23.871   3.428772E+02
   400.000   -25.775   3.662373E+02
   400.000   -27.680   3.885710E+02
   400.000   -29.584   4.098556E+02
   400.000   -31.099   4.260482E+02
   400.000   -33.393   4.500475E+02
   400.000   -35.297   4.699266E+02
   400.000   -38.154   4.996901E+02
   400.000   -41.011   5.293801E+02
   400.000   -43.867   5.589917E+02
   400.000   -46.724   5.885520E+02
   400.000   -49.581   6.180577E+02
   400.000   -52.437   6.475067E+02
   400.000   -55.294   6.769289E+02
   400.000   -58.151   7.063246E+02
   400.000   -61.007   7.356957E+02
   400.000   -63.864   7.650763E+02
   400.000   -66.721   7.944722E+02
   400.000   -71.482   8.435328E+02
   400.000   -76.243   8.927890E+02
   400.000   -81.004   9.423760E+02
   400.000   -85.765   9.924774E+02
   400.000   -90.526   1.043355E+03
   400.000   -95.288   1.095421E+03
   400.000  -100.049   1.149340E+03
   400.000  -104.810   1.206512E+03
   400.000  -109.571   1.270429E+03
   400.000  -112.771   1.320000E+03
   400.000  -119.093   1.332644E+03
   400.000  -123.854   1.342166E+03
   400.000  -128.616   1.351690E+03
   400.000  -133.377   1.361212E+03
   400.000  -138.138   1.370734E+03
   400.000  -142.899   1.380256E+03
   400.000  -147.660   1.389778E+03
   400.000  -152.421   1.399300E+03
   400.000  -157.182   1.402141E+03
   400.000  -161.943   1.404452E+03
   400.000  -166.705   1.406763E+03
   400.000  -171.466   1.409074E+03
   400.000  -176.227   1.411385E+03
   400.000  -180.988   1.413696E+03
   400.000  -185.749   1.416007E+03
   400.000  -190.510   1.418318E+03
   400.000  -195.271   1.420629E+03
   400.000  -200.033   1.422940E+03
   400.000  -204.794   1.425251E+03
   400.000  -209.555   1.427562E+03
   400.000  -214.316   1.429873E+03
   400.000  -219.077   1.432184E+03
   400.000  -228.599   1.436805E+03
   400.000  -238.122   1.441428E+03
   400.000  -247.644   1.446049E+03
   400.000  -257.166   1.450671E+03
   400.000  -266.688   1.455293E+03
   400.000  -276.211   1.459915E+03
   400.000  -285.733   1.464537E+03
   400.000  -290.494   1.466848E+03
   400.000  -295.255   1.469159E+03
   400.000  -300.016   1.471470E+03
   400.000  -304.777   1.473781E+03
   400.000  -314.300   1.478403E+03
   400.000  -323.822   1.483025E+03
   400.000  -333.344   1.487647E+03
   400.000  -342.866   1.492268E+03
   400.000  -352.389   1.496891E+03
   400.000  -361.911   1.501512E+03
   400.000  -371.433   1.506134E+03
   400.000  -380.955   1.510756E+03
   400.000  -390.478   1.515378E+03
   400.000  -400.000   1.520000E+03
   405.000    -0.062   0.000000E+00
   405.000    -0.538   1.009193E+01
   405.000    -1.490   2.999306E+01
   405.000    -1.966   3.980224E+01
   405.000    -2.298   4.658531E+01
   405.000    -2.919   5.773277E+01
   405.000    -3.395   6.615703E+01
   405.000    -3.871   7.447211E+01
   405.000    -4.347   8.267801E+01
   405.000    -5.299   9.876237E+01
   405.000    -5.775   1.066409E+02
   405.000    -6.252   1.144265E+02
   405.000    -6.728   1.220865E+02
   405.000    -7.680   1.370793E+02
   405.000    -8.632   1.516359E+02
   405.000    -9.584   1.657564E+02
   405.000   -10.537   1.794552E+02
   405.000   -11.489   1.927038E+02
   405.000   -12.441   2.055173E+02
   405.000   -13.393   2.178965E+02
   405.000   -13.942   2.248213E+02
   405.000   -16.250   2.528441E+02
   405.000   -18.154   2.748024E+02
   405.000   -20.059   2.956893E+02
   405.000   -21.179   3.074586E+02
   405.000   -23.868   3.421928E+02
   405.000   -25.772   3.655370E+02
   405.000   -27.677   3.878575E+02
   405.000   -29.581   4.091303E+02
   405.000   -31.040   4.247265E+02
   405.000   -33.390   4.493377E+02
   405.000   -35.295   4.692504E+02
   405.000   -38.151   4.990422E+02
   405.000   -41.008   5.287750E+02
   405.000   -43.865   5.584443E+02
   405.000   -46.721   5.880463E+02
   405.000   -49.578   6.176098E+02
   405.000   -52.435   6.471333E+02
   405.000   -55.292   6.766269E+02
   405.000   -58.148   7.060917E+02
   405.000   -61.005   7.355613E+02
   405.000   -63.862   7.650399E+02
   405.000   -66.718   7.945340E+02
   405.000   -71.480   8.438109E+02
   405.000   -76.241   8.933078E+02
   405.000   -81.002   9.431720E+02
   405.000   -85.763   9.935853E+02
   405.000   -90.524   1.044796E+03
   405.000   -95.285   1.097159E+03
   405.000  -100.047   1.151203E+03
   405.000  -104.808   1.207653E+03
   405.000  -109.569   1.267362E+03
   405.000  -113.649   1.320000E+03
   405.000  -119.091   1.330884E+03
   405.000  -123.852   1.340406E+03
   405.000  -128.614   1.349930E+03
   405.000  -133.375   1.359452E+03
   405.000  -138.136   1.368974E+03
   405.000  -142.897   1.378496E+03
   405.000  -147.658   1.388018E+03
   405.000  -152.419   1.397540E+03
   405.000  -157.181   1.401720E+03
   405.000  -161.942   1.404040E+03
   405.000  -166.703   1.406359E+03
   405.000  -171.464   1.408678E+03
   405.000  -176.225   1.410997E+03
   405.000  -180.986   1.413316E+03
   405.000  -185.748   1.415636E+03
   405.000  -190.509   1.417955E+03
   405.000  -195.270   1.420274E+03
   405.000  -200.031   1.422593E+03
   405.000  -204.792   1.424912E+03
   405.000  -209.553   1.427231E+03
   405.000  -214.315   1.429551E+03
   405.000  -219.076   1.431870E+03
   405.000  -228.598   1.436508E+03
   405.000  -238.120   1.441147E+03
   405.000  -247.643   1.445785E+03
   405.000  -257.165   1.450424E+03
   405.000  -266.687   1.455062E+03
   405.000  -276.210   1.459701E+03
   405.000  -285.732   1.464339E+03
   405.000  -290.493   1.466658E+03
   405.000  -295.254   1.468977E+03
   405.000  -300.016   1.471297E+03
   405.000  -304.777   1.473616E+03
   405.000  -314.299   1.478254E+03
   405.000  -323.821   1.482892E+03
   405.000  -333.344   1.487531E+03
   405.000  -342.866   1.492169E+03
   405.000  -352.388   1.496808E+03
   405.000  -361.911   1.501446E+03
   405.000  -371.433   1.506085E+03
   405.000  -380.955   1.510723E+03
   405.000  -390.478   1.515362E+03
   405.000  -400.000   1.520000E+03
   410.000    -0.060   0.000000E+00
   410.000    -0.536   1.009086E+01
   410.000    -1.488   2.998929E+01
   412.000    -2.015   4.085018E+01
   410.000    -2.441   4.874492E+01
   410.000    -2.917   5.726450E+01
   410.000    -3.393   6.567514E+01
   410.000    -3.869   7.397677E+01
   410.000    -4.345   8.216935E+01
   410.000    -5.297   9.822727E+01
   410.000    -5.773   1.060925E+02
   410.000    -6.250   1.138647E+02
   410.000    -6.726   1.215113E+02
   410.000    -7.678   1.364768E+02
   410.000    -8.630   1.510050E+02
   410.000    -9.582   1.650958E+02
   410.000   -10.535   1.787627E+02
   410.000   -11.487   1.919768E+02
   410.000   -12.439   2.047521E+02
   410.000   -13.800   2.222961E+02
   410.000   -14.344   2.290815E+02
   410.000   -16.248   2.520979E+02
   410.000   -18.153   2.740512E+02
   410.000   -20.057   2.949156E+02
   410.000   -21.145   3.063523E+02
   410.000   -23.866   3.415083E+02
   410.000   -25.770   3.648448E+02
   410.000   -27.675   3.871548E+02
   410.000   -29.579   4.084156E+02
   410.000   -30.981   4.234042E+02
   410.000   -33.388   4.486337E+02
   410.000   -35.293   4.685627E+02
   410.000   -38.150   4.983895E+02
   410.000   -41.006   5.281371E+02
   410.000   -43.863   5.578326E+02
   410.000   -46.720   5.874731E+02
   410.000   -49.576   6.170566E+02
   410.000   -52.433   6.466133E+02
   410.000   -55.290   6.761432E+02
   410.000   -58.147   7.056582E+02
   410.000   -61.003   7.351609E+02
   410.000   -63.860   7.646865E+02
   410.000   -66.717   7.942410E+02
   410.000   -71.478   8.435967E+02
   410.000   -76.239   8.931833E+02
   410.000   -81.000   9.431244E+02
   410.000   -85.761   9.935749E+02
   410.000   -90.523   1.044740E+03
   410.000   -95.284   1.096840E+03
   410.000  -100.045   1.150164E+03
   410.000  -104.806   1.204962E+03
   410.000  -109.567   1.261209E+03
   410.000  -114.527   1.320000E+03
   410.000  -119.090   1.329126E+03
   410.000  -123.851   1.338648E+03
   410.000  -128.612   1.348170E+03
   410.000  -133.373   1.357692E+03
   410.000  -138.135   1.367216E+03
   410.000  -142.896   1.376738E+03
   410.000  -147.657   1.386260E+03
   410.000  -152.418   1.395782E+03
   410.000  -157.179   1.401296E+03
   410.000  -161.940   1.403624E+03
   410.000  -166.702   1.405952E+03
   410.000  -171.463   1.408279E+03
   410.000  -176.224   1.410607E+03
   410.000  -180.985   1.412934E+03
   410.000  -185.746   1.415261E+03
   410.000  -190.508   1.417589E+03
   410.000  -195.269   1.419917E+03
   410.000  -200.030   1.422244E+03
   410.000  -204.791   1.424572E+03
   410.000  -209.552   1.426899E+03
   410.000  -214.314   1.429227E+03
   410.000  -219.075   1.431554E+03
   410.000  -228.597   1.436209E+03
   410.000  -238.120   1.440865E+03
   410.000  -247.642   1.445519E+03
   410.000  -257.164   1.450174E+03
   410.000  -266.687   1.454830E+03
   410.000  -276.209   1.459485E+03
   410.000  -285.731   1.464139E+03
   410.000  -290.493   1.466467E+03
   410.000  -295.254   1.468795E+03
   410.000  -300.015   1.471122E+03
   410.000  -304.776   1.473450E+03
   410.000  -314.299   1.478105E+03
   410.000  -323.821   1.482760E+03
   410.000  -333.343   1.487415E+03
   410.000  -342.866   1.492070E+03
   410.000  -352.388   1.496725E+03
   410.000  -361.910   1.501380E+03
   410.000  -371.433   1.506035E+03
   410.000  -380.955   1.510690E+03
   410.000  -390.478   1.515345E+03
   410.000  -400.000   1.520000E+03
   415.000    -0.058   0.000000E+00
   415.000    -0.534   1.009270E+01
   415.000    -1.486   2.999435E+01
   415.000    -1.888   3.828415E+01
   415.000    -2.439   4.826997E+01
   415.000    -2.915   5.678143E+01
   415.000    -3.391   6.518354E+01
   415.000    -3.867   7.347632E+01
   415.000    -4.343   8.165977E+01
   415.000    -5.295   9.769874E+01
   415.000    -5.771   1.055543E+02
   415.000    -6.248   1.133166E+02
   415.000    -6.724   1.209532E+02
   415.000    -7.676   1.358984E+02
   415.000    -8.628   1.504062E+02
   415.000    -9.580   1.644765E+02
   415.000   -10.533   1.781231E+02
   415.000   -11.485   1.913175E+02
   415.000   -12.437   2.040739E+02
   415.000   -13.658   2.197800E+02
   415.000   -14.342   2.283273E+02
   415.000   -16.246   2.513540E+02
   415.000   -18.151   2.733087E+02
   415.000   -20.055   2.941693E+02
   415.000   -21.112   3.052815E+02
   415.000   -23.864   3.408404E+02
   415.000   -25.769   3.641784E+02
   415.000   -27.673   3.864631E+02
   415.000   -29.578   4.077186E+02
   415.000   -30.922   4.220850E+02
   415.000   -33.387   4.479364E+02
   415.000   -35.291   4.678632E+02
   415.000   -38.148   4.976989E+02
   415.000   -41.004   5.274523E+02
   415.000   -43.861   5.571515E+02
   415.000   -46.718   5.867943E+02
   415.000   -49.575   6.163896E+02
   415.000   -52.431   6.459369E+02
   415.000   -55.288   6.754674E+02
   415.000   -58.145   7.049823E+02
   415.000   -61.002   7.344941E+02
   415.000   -63.858   7.640064E+02
   415.000   -66.715   7.935548E+02
   415.000   -71.476   8.428896E+02
   415.000   -76.237   8.924296E+02
   415.000   -80.999   9.422874E+02
   415.000   -85.760   9.925607E+02
   415.000   -90.521   1.043393E+03
   415.000   -95.282   1.094922E+03
   415.000  -100.044   1.147274E+03
   415.000  -104.805   1.200448E+03
   415.000  -109.566   1.254251E+03
   415.000  -115.406   1.320000E+03
   415.000  -119.088   1.327364E+03
   415.000  -123.850   1.336888E+03
   415.000  -128.611   1.346410E+03
   415.000  -133.372   1.355932E+03
   415.000  -138.133   1.365454E+03
   415.000  -142.894   1.374976E+03
   415.000  -147.656   1.384500E+03
   415.000  -152.417   1.394022E+03
   415.000  -157.178   1.400869E+03
   415.000  -161.939   1.403205E+03
   415.000  -166.701   1.405541E+03
   415.000  -171.462   1.407877E+03
   415.000  -176.223   1.410213E+03
   415.000  -180.984   1.412549E+03
   415.000  -185.745   1.414885E+03
   415.000  -190.507   1.417221E+03
   415.000  -195.268   1.419557E+03
   415.000  -200.029   1.421892E+03
   415.000  -204.790   1.424228E+03
   415.000  -209.551   1.426564E+03
   415.000  -214.313   1.428900E+03
   415.000  -219.074   1.431236E+03
   415.000  -228.596   1.435908E+03
   415.000  -238.119   1.440580E+03
   415.000  -247.641   1.445251E+03
   415.000  -257.164   1.449923E+03
   415.000  -266.686   1.454595E+03
   415.000  -276.208   1.459267E+03
   415.000  -285.731   1.463939E+03
   415.000  -290.492   1.466274E+03
   415.000  -295.253   1.468610E+03
   415.000  -300.015   1.470946E+03
   415.000  -304.776   1.473282E+03
   415.000  -314.298   1.477954E+03
   415.000  -323.821   1.482626E+03
   415.000  -333.343   1.487297E+03
   415.000  -342.865   1.491969E+03
   415.000  -352.388   1.496641E+03
   415.000  -361.910   1.501313E+03
   415.000  -371.433   1.505985E+03
   415.000  -380.955   1.510656E+03
   415.000  -390.478   1.515328E+03
   415.000  -400.000   1.520000E+03
   420.000    -0.055   0.000000E+00
   420.000    -0.531   1.009319E+01
   420.000    -1.677   3.402098E+01
   420.000    -1.960   3.919793E+01
   420.000    -2.436   4.780785E+01
   420.000    -2.912   5.630887E+01
   420.000    -3.388   6.470092E+01
   420.000    -3.864   7.298395E+01
   420.000    -4.340   8.115792E+01
   420.000    -5.292   9.717851E+01
   420.000    -5.769   1.050414E+02
   420.000    -6.245   1.127785E+02
   420.000    -6.721   1.204063E+02
   420.000    -7.673   1.353342E+02
   420.000    -8.625   1.498249E+02
   420.000    -9.578   1.638929E+02
   420.000   -10.530   1.775087E+02
   420.000   -11.482   1.906873E+02
   420.000   -12.434   2.034291E+02
   421.000   -13.488   2.168717E+02
   420.000   -14.339   2.276362E+02
   420.000   -16.243   2.506607E+02
   420.000   -18.148   2.726112E+02
   420.000   -20.052   2.934639E+02
   420.000   -21.078   3.042485E+02
   420.000   -23.861   3.401972E+02
   420.000   -25.766   3.635217E+02
   420.000   -27.670   3.857904E+02
   420.000   -29.575   4.070232E+02
   420.000   -30.863   4.207793E+02
   420.000   -33.384   4.472261E+02
   420.000   -35.288   4.671536E+02
   420.000   -38.145   4.969800E+02
   420.000   -41.002   5.267273E+02
   420.000   -43.859   5.564050E+02
   420.000   -46.715   5.860123E+02
   420.000   -49.572   6.155793E+02
   420.000   -52.429   6.451056E+02
   420.000   -55.286   6.746013E+02
   420.000   -58.142   7.040673E+02
   420.000   -60.999   7.335358E+02
   420.000   -63.856   7.630091E+02
   420.000   -66.713   7.925005E+02
   420.000   -71.474   8.417184E+02
   420.000   -76.235   8.910989E+02
   420.000   -80.996   9.407217E+02
   420.000   -85.758   9.906814E+02
   420.000   -90.519   1.041039E+03
   420.000   -95.280   1.091872E+03
   420.000  -100.041   1.143206E+03
   420.000  -104.803   1.194991E+03
   420.000  -109.564   1.247007E+03
   420.000  -116.284   1.320000E+03
   420.000  -119.086   1.325604E+03
   420.000  -123.848   1.335128E+03
   420.000  -128.609   1.344650E+03
   420.000  -133.370   1.354172E+03
   420.000  -138.131   1.363694E+03
   420.000  -142.893   1.373218E+03
   420.000  -147.654   1.382740E+03
   420.000  -152.415   1.392262E+03
   420.000  -157.176   1.400439E+03
   420.000  -161.938   1.402784E+03
   420.000  -166.699   1.405128E+03
   420.000  -171.460   1.407472E+03
   420.000  -176.221   1.409817E+03
   420.000  -180.983   1.412161E+03
   420.000  -185.744   1.414505E+03
   420.000  -190.505   1.416850E+03
   420.000  -195.266   1.419194E+03
   420.000  -200.028   1.421539E+03
   420.000  -204.789   1.423883E+03
   420.000  -209.550   1.426227E+03
   420.000  -214.311   1.428571E+03
   420.000  -219.073   1.430916E+03
   420.000  -228.595   1.435604E+03
   420.000  -238.118   1.440293E+03
   420.000  -247.640   1.444982E+03
   420.000  -257.163   1.449670E+03
   420.000  -266.685   1.454359E+03
   420.000  -276.208   1.459048E+03
   420.000  -285.730   1.463736E+03
   420.000  -290.491   1.466080E+03
   420.000  -295.253   1.468425E+03
   420.000  -300.014   1.470769E+03
   420.000  -304.775   1.473113E+03
   420.000  -314.298   1.477802E+03
   420.000  -323.820   1.482491E+03
   420.000  -333.343   1.487180E+03
   420.000  -342.865   1.491868E+03
   420.000  -352.388   1.496557E+03
   420.000  -361.910   1.501245E+03
   420.000  -371.433   1.505934E+03
   420.000  -380.955   1.510623E+03
   420.000  -390.478   1.515312E+03
   420.000  -400.000   1.520000E+03
   425.000    -0.052   0.000000E+00
   425.000    -0.528   1.010149E+01
   425.000    -1.466   2.971772E+01
   425.000    -1.957   3.871827E+01
   425.000    -2.433   4.732491E+01
   425.000    -2.909   5.582228E+01
   425.000    -3.385   6.421035E+01
   425.000    -3.861   7.248906E+01
   425.000    -4.337   8.065838E+01
   425.000    -5.289   9.666868E+01
   425.000    -5.766   1.045259E+02
   425.000    -6.242   1.122570E+02
   425.000    -6.718   1.198785E+02
   425.000    -7.670   1.347926E+02
   425.000    -8.622   1.492679E+02
   425.000    -9.575   1.633186E+02
   425.000   -10.527   1.769149E+02
   425.000   -11.479   1.900713E+02
   425.000   -12.431   2.027873E+02
   425.000   -13.388   2.151361E+02
   425.000   -14.336   2.270142E+02
   425.000   -16.240   2.500440E+02
   425.000   -18.145   2.719959E+02
   425.000   -20.049   2.928457E+02
   425.000   -21.044   3.033060E+02
   425.000   -23.858   3.395777E+02
   425.000   -25.763   3.629179E+02
   425.000   -27.667   3.851930E+02
   425.000   -29.572   4.064340E+02
   427.000   -30.780   4.191085E+02
   425.000   -33.381   4.465839E+02
   425.000   -35.286   4.664930E+02
   425.000   -38.142   4.962657E+02
   425.000   -40.999   5.259666E+02
   425.000   -43.856   5.555943E+02
   425.000   -46.713   5.851578E+02
   425.000   -49.569   6.146561E+02
   425.000   -52.426   6.441192E+02
   425.000   -55.283   6.735466E+02
   425.000   -58.140   7.029484E+02
   425.000   -60.996   7.323249E+02
   425.000   -63.853   7.617078E+02
   425.000   -66.710   7.910983E+02
   425.000   -71.471   8.401193E+02
   425.000   -76.233   8.892633E+02
   425.000   -80.994   9.385689E+02
   425.000   -85.755   9.881032E+02
   425.000   -90.516   1.037913E+03
   425.000   -95.278   1.088033E+03
   425.000  -100.039   1.138427E+03
   425.000  -104.800   1.189018E+03
   425.000  -109.562   1.239632E+03
   425.000  -114.323   1.290195E+03
   425.000  -117.162   1.320000E+03
   425.000  -123.845   1.333366E+03
   425.000  -128.607   1.342890E+03
   425.000  -133.368   1.352412E+03
   425.000  -138.129   1.361934E+03
   425.000  -142.891   1.371458E+03
   425.000  -147.652   1.380980E+03
   425.000  -152.413   1.390502E+03
   425.000  -157.174   1.400006E+03
   425.000  -161.936   1.402359E+03
   425.000  -166.697   1.404712E+03
   425.000  -171.458   1.407064E+03
   425.000  -176.220   1.409418E+03
   425.000  -180.981   1.411770E+03
   425.000  -185.742   1.414123E+03
   425.000  -190.503   1.416476E+03
   425.000  -195.265   1.418829E+03
   425.000  -200.026   1.421182E+03
   425.000  -204.787   1.423534E+03
   425.000  -209.549   1.425887E+03
   425.000  -214.310   1.428240E+03
   425.000  -219.071   1.430593E+03
   425.000  -228.594   1.435299E+03
   425.000  -238.116   1.440004E+03
   425.000  -247.639   1.444710E+03
   425.000  -257.161   1.449415E+03
   425.000  -266.684   1.454121E+03
   425.000  -276.207   1.458827E+03
   425.000  -285.729   1.463532E+03
   425.000  -290.490   1.465885E+03
   425.000  -295.252   1.468238E+03
   425.000  -300.013   1.470591E+03
   425.000  -304.774   1.472943E+03
   425.000  -314.297   1.477649E+03
   425.000  -323.819   1.482355E+03
   425.000  -333.342   1.487061E+03
   425.000  -342.865   1.491766E+03
   425.000  -352.387   1.496472E+03
   425.000  -361.910   1.501178E+03
   425.000  -371.432   1.505883E+03
   425.000  -380.955   1.510589E+03
   425.000  -390.477   1.515294E+03
   425.000  -400.000   1.520000E+03
   430.000    -0.050   0.000000E+00
   430.000    -0.526   1.011624E+01
   430.000    -1.255   2.541579E+01
   430.000    -1.955   3.826954E+01
   430.000    -2.431   4.687838E+01
   430.000    -2.907   5.537728E+01
   430.000    -3.383   6.376624E+01
   430.000    -3.859   7.204524E+01
   430.000    -4.335   8.021429E+01
   430.000    -5.287   9.622247E+01
   430.000    -5.764   1.040780E+02
   430.000    -6.240   1.118069E+02
   430.000    -6.716   1.194258E+02
   430.000    -7.668   1.343338E+02
   430.000    -8.620   1.488018E+02
   430.000    -9.573   1.628443E+02
   430.000   -10.525   1.764318E+02
   430.000   -11.477   1.895793E+02
   430.000   -12.429   2.022869E+02
   430.000   -13.263   2.130497E+02
   430.000   -14.334   2.264990E+02
   430.000   -16.238   2.495426E+02
   430.000   -18.143   2.715026E+02
   430.000   -20.048   2.923637E+02
   428.000   -21.024   3.027821E+02
   430.000   -23.857   3.391832E+02
   430.000   -25.761   3.624417E+02
   430.000   -27.666   3.846817E+02
   430.000   -29.570   4.058655E+02
   430.000   -30.901   4.200916E+02
   430.000   -33.379   4.460045E+02
   430.000   -35.284   4.658715E+02
   430.000   -38.140   4.955753E+02
   430.000   -40.997   5.252027E+02
   430.000   -43.854   5.547525E+02
   430.000   -46.711   5.842336E+02
   430.000   -49.568   6.136548E+02
   430.000   -52.424   6.430146E+02
   430.000   -55.281   6.723425E+02
   430.000   -58.138   7.016374E+02
   430.000   -60.995   7.309086E+02
   430.000   -63.852   7.601657E+02
   430.000   -66.708   7.894083E+02
   430.000   -71.470   8.381788E+02
   430.000   -76.231   8.870001E+02
   430.000   -80.992   9.359261E+02
   430.000   -85.754   9.850043E+02
   430.000   -90.515   1.034239E+03
   430.000   -95.276   1.083645E+03
   430.000  -100.038   1.133202E+03
   430.000  -104.799   1.182817E+03
   430.000  -109.560   1.232382E+03
   430.000  -114.321   1.281762E+03
   430.000  -118.040   1.320000E+03
   430.000  -123.844   1.331608E+03
   430.000  -128.605   1.341130E+03
   430.000  -133.367   1.350654E+03
   430.000  -138.128   1.360176E+03
   430.000  -142.889   1.369698E+03
   430.000  -147.651   1.379222E+03
   430.000  -152.412   1.388744E+03
   430.000  -157.173   1.398266E+03
   430.000  -161.935   1.401932E+03
   430.000  -166.696   1.404293E+03
   430.000  -171.457   1.406654E+03
   430.000  -176.218   1.409015E+03
   430.000  -180.980   1.411377E+03
   430.000  -185.741   1.413738E+03
   430.000  -190.502   1.416100E+03
   430.000  -195.264   1.418461E+03
   430.000  -200.025   1.420822E+03
   430.000  -204.786   1.423184E+03
   430.000  -209.548   1.425545E+03
   430.000  -214.309   1.427907E+03
   430.000  -219.070   1.430268E+03
   430.000  -228.593   1.434991E+03
   430.000  -238.115   1.439713E+03
   430.000  -247.638   1.444436E+03
   430.000  -257.161   1.449159E+03
   430.000  -266.683   1.453881E+03
   430.000  -276.206   1.458604E+03
   430.000  -285.729   1.463327E+03
   430.000  -290.490   1.465689E+03
   430.000  -295.251   1.468050E+03
   430.000  -300.013   1.470411E+03
   430.000  -304.774   1.472773E+03
   430.000  -314.296   1.477495E+03
   430.000  -323.819   1.482218E+03
   430.000  -333.342   1.486941E+03
   430.000  -342.864   1.491663E+03
   430.000  -352.387   1.496386E+03
   430.000  -361.910   1.501109E+03
   430.000  -371.432   1.505832E+03
   430.000  -380.955   1.510555E+03
   430.000  -390.477   1.515277E+03
   430.000  -400.000   1.520000E+03
   435.000    -0.049   0.000000E+00
   435.000    -0.525   1.013997E+01
   434.000    -1.086   2.195819E+01
   435.000    -1.954   3.793018E+01
   435.000    -2.430   4.654272E+01
   435.000    -2.906   5.504420E+01
   435.000    -3.382   6.343477E+01
   435.000    -3.858   7.171455E+01
   435.000    -4.334   7.988365E+01
   435.000    -5.286   9.589007E+01
   435.000    -5.763   1.037439E+02
   435.000    -6.239   1.114708E+02
   435.000    -6.715   1.190874E+02
   435.000    -7.667   1.339895E+02
   435.000    -8.619   1.484504E+02
   435.000    -9.572   1.624848E+02
   435.000   -10.524   1.760630E+02
   435.000   -11.476   1.891998E+02
   435.000   -12.428   2.018947E+02
   435.000   -13.139   2.110802E+02
   435.000   -14.333   2.261303E+02
   435.000   -16.237   2.491964E+02
   435.000   -18.142   2.711838E+02
   435.000   -20.047   2.920786E+02
   435.000   -21.163   3.038062E+02
   435.000   -23.856   3.386051E+02
   435.000   -25.760   3.619373E+02
   435.000   -27.665   3.842283E+02
   435.000   -29.569   4.054586E+02
   435.000   -31.102   4.218069E+02
   435.000   -33.378   4.455209E+02
   435.000   -35.283   4.653201E+02
   435.000   -38.140   4.949338E+02
   435.000   -40.996   5.244488E+02
   435.000   -43.853   5.538935E+02
   435.000   -46.710   5.832653E+02
   435.000   -49.567   6.125721E+02
   435.000   -52.424   6.418217E+02
   435.000   -55.280   6.710118E+02
   435.000   -58.137   7.001711E+02
   435.000   -60.994   7.292975E+02
   435.000   -63.851   7.583990E+02
   435.000   -66.708   7.874839E+02
   435.000   -71.469   8.359328E+02
   435.000   -76.230   8.843939E+02
   435.000   -80.991   9.328991E+02
   435.000   -85.753   9.814835E+02
   435.000   -90.514   1.030139E+03
   435.000   -95.275   1.078872E+03
   435.000  -100.037   1.127664E+03
   435.000  -104.798   1.176435E+03
   435.000  -109.559   1.225109E+03
   435.000  -114.321   1.273585E+03
   435.000  -118.918   1.320000E+03
   435.000  -123.843   1.329850E+03
   435.000  -128.605   1.339374E+03
   435.000  -133.366   1.348896E+03
   435.000  -138.127   1.358418E+03
   435.000  -142.889   1.367942E+03
   435.000  -147.650   1.377464E+03
   435.000  -152.411   1.386986E+03
   435.000  -157.173   1.396510E+03
   435.000  -161.934   1.401501E+03
   435.000  -166.695   1.403871E+03
   435.000  -171.457   1.406241E+03
   435.000  -176.218   1.408611E+03
   435.000  -180.979   1.410981E+03
   435.000  -185.741   1.413351E+03
   435.000  -190.502   1.415721E+03
   435.000  -195.263   1.418091E+03
   435.000  -200.025   1.420461E+03
   435.000  -204.786   1.422831E+03
   435.000  -209.547   1.425201E+03
   435.000  -214.308   1.427571E+03
   435.000  -219.070   1.429941E+03
   435.000  -228.592   1.434681E+03
   435.000  -238.115   1.439421E+03
   435.000  -247.638   1.444161E+03
   435.000  -257.160   1.448901E+03
   435.000  -266.683   1.453641E+03
   435.000  -276.206   1.458381E+03
   435.000  -285.728   1.463120E+03
   435.000  -290.490   1.465491E+03
   435.000  -295.251   1.467861E+03
   435.000  -300.012   1.470230E+03
   435.000  -304.774   1.472601E+03
   435.000  -314.296   1.477340E+03
   435.000  -323.819   1.482080E+03
   435.000  -333.342   1.486821E+03
   435.000  -342.864   1.491560E+03
   435.000  -352.387   1.496300E+03
   435.000  -361.909   1.501040E+03
   435.000  -371.432   1.505780E+03
   435.000  -380.955   1.510520E+03
   435.000  -390.477   1.515260E+03
   435.000  -400.000   1.520000E+03
   440.000    -0.048   0.000000E+00
   440.000    -0.524   1.011637E+01
   440.000    -1.064   2.147525E+01
   440.000    -1.953   3.782666E+01
   440.000    -2.429   4.642416E+01
   440.000    -2.905   5.491216E+01
   440.000    -3.381   6.329060E+01
   440.000    -3.857   7.155943E+01
   440.000    -4.333   7.971862E+01
   440.000    -5.285   9.570797E+01
   440.000    -5.762   1.035544E+02
   440.000    -6.238   1.112745E+02
   440.000    -6.714   1.188850E+02
   440.000    -7.666   1.337766E+02
   440.000    -8.618   1.482294E+02
   440.000    -9.571   1.622582E+02
   440.000   -10.523   1.758337E+02
   440.000   -11.475   1.889716E+02
   440.000   -12.427   2.016726E+02
   442.000   -12.964   2.085411E+02
   440.000   -14.332   2.258493E+02
   440.000   -16.237   2.489704E+02
   440.000   -18.141   2.709854E+02
   440.000   -20.046   2.919198E+02
   440.000   -21.262   3.047185E+02
   440.000   -23.855   3.381975E+02
   440.000   -25.759   3.615496E+02
   440.000   -27.664   3.838639E+02
   440.000   -29.568   4.051182E+02
   440.000   -31.304   4.236013E+02
   440.000   -33.377   4.451076E+02
   440.000   -35.282   4.648245E+02
   440.000   -38.139   4.943145E+02
   440.000   -40.995   5.237038E+02
   440.000   -43.852   5.530197E+02
   440.000   -46.709   5.822582E+02
   440.000   -49.566   6.114264E+02
   440.000   -52.423   6.405311E+02
   440.000   -55.279   6.695692E+02
   440.000   -58.136   6.985679E+02
   440.000   -60.993   7.275243E+02
   440.000   -63.850   7.564452E+02
   440.000   -66.707   7.853374E+02
   440.000   -71.468   8.334356E+02
   440.000   -76.229   8.815012E+02
   440.000   -80.991   9.295685E+02
   440.000   -85.752   9.776346E+02
   440.000   -90.513   1.025717E+03
   440.000   -95.275   1.073819E+03
   440.000  -100.036   1.121899E+03
   440.000  -104.797   1.169922E+03
   440.000  -109.559   1.217838E+03
   440.000  -114.320   1.265546E+03
   440.000  -119.797   1.320000E+03
   440.000  -123.843   1.328092E+03
   440.000  -128.604   1.337614E+03
   440.000  -133.365   1.347136E+03
   440.000  -138.127   1.356660E+03
   440.000  -142.888   1.366182E+03
   440.000  -147.649   1.375704E+03
   440.000  -152.411   1.385228E+03
   440.000  -157.172   1.394750E+03
   440.000  -161.933   1.401067E+03
   440.000  -166.695   1.403446E+03
   440.000  -171.456   1.405825E+03
   440.000  -176.217   1.408203E+03
   440.000  -180.979   1.410582E+03
   440.000  -185.740   1.412961E+03
   440.000  -190.501   1.415339E+03
   440.000  -195.263   1.417718E+03
   440.000  -200.024   1.420097E+03
   440.000  -204.785   1.422475E+03
   440.000  -209.547   1.424854E+03
   440.000  -214.308   1.427232E+03
   440.000  -219.069   1.429611E+03
   440.000  -228.592   1.434368E+03
   440.000  -238.115   1.439126E+03
   440.000  -247.637   1.443883E+03
   440.000  -257.160   1.448640E+03
   440.000  -266.683   1.453398E+03
   440.000  -276.205   1.458155E+03
   440.000  -285.728   1.462912E+03
   440.000  -290.489   1.465291E+03
   440.000  -295.251   1.467670E+03
   440.000  -300.012   1.470048E+03
   440.000  -304.773   1.472427E+03
   440.000  -314.296   1.477184E+03
   440.000  -323.819   1.481942E+03
   440.000  -333.341   1.486699E+03
   440.000  -342.864   1.491456E+03
   440.000  -352.387   1.496214E+03
   440.000  -361.909   1.500971E+03
   440.000  -371.432   1.505728E+03
   440.000  -380.955   1.510486E+03
   440.000  -390.477   1.515243E+03
   440.000  -400.000   1.520000E+03
   445.000    -0.047   0.000000E+00
   445.000    -0.523   1.011010E+01
   445.000    -1.045   2.108815E+01
   445.000    -1.952   3.776034E+01
   445.000    -2.428   4.635063E+01
   445.000    -2.904   5.483161E+01
   445.000    -3.380   6.320322E+01
   445.000    -3.856   7.146539E+01
   445.000    -4.332   7.961806E+01
   445.000    -5.284   9.559470E+01
   445.000    -5.761   1.034348E+02
   445.000    -6.237   1.111487E+02
   445.000    -6.713   1.187527E+02
   445.000    -7.665   1.336313E+02
   445.000    -8.617   1.480701E+02
   445.000    -9.570   1.620830E+02
   445.000   -10.522   1.756402E+02
   445.000   -11.474   1.887558E+02
   445.000   -12.875   2.073017E+02
   445.000   -13.379   2.137634E+02
   445.000   -14.331   2.257310E+02
   445.000   -16.236   2.488670E+02
   445.000   -18.140   2.709050E+02
   445.000   -20.045   2.918661E+02
   445.000   -21.361   3.057165E+02
   445.000   -23.854   3.378879E+02
   445.000   -25.758   3.612551E+02
   445.000   -27.663   3.835844E+02
   445.000   -29.567   4.048534E+02
   445.000   -31.505   4.254450E+02
   445.000   -33.376   4.447623E+02
   445.000   -35.281   4.643858E+02
   445.000   -38.138   4.937336E+02
   445.000   -40.995   5.229880E+02
   445.000   -43.851   5.521444E+02
   445.000   -46.708   5.812289E+02
   445.000   -49.565   6.102372E+02
   445.000   -52.422   6.391756E+02
   445.000   -55.279   6.680500E+02
   445.000   -58.135   6.968567E+02
   445.000   -60.992   7.256217E+02
   445.000   -63.849   7.543411E+02
   445.000   -66.706   7.830205E+02
   445.000   -71.467   8.307363E+02
   445.000   -76.229   8.783897E+02
   445.000   -80.990   9.259798E+02
   445.000   -85.751   9.735299E+02
   445.000   -90.513   1.021055E+03
   445.000   -95.274   1.068533E+03
   445.000  -100.035   1.115957E+03
   445.000  -104.797   1.163312E+03
   445.000  -109.558   1.210538E+03
   445.000  -114.319   1.257597E+03
   445.000  -120.675   1.320000E+03
   445.000  -123.842   1.326334E+03
   445.000  -128.603   1.335856E+03
   445.000  -133.365   1.345380E+03
   445.000  -138.126   1.354902E+03
   445.000  -142.887   1.364424E+03
   445.000  -147.649   1.373948E+03
   445.000  -152.410   1.383470E+03
   445.000  -157.171   1.392992E+03
   445.000  -161.933   1.400631E+03
   445.000  -166.694   1.403018E+03
   445.000  -171.455   1.405405E+03
   445.000  -176.217   1.407793E+03
   445.000  -180.978   1.410180E+03
   445.000  -185.739   1.412567E+03
   445.000  -190.501   1.414955E+03
   445.000  -195.262   1.417342E+03
   445.000  -200.024   1.419730E+03
   445.000  -204.785   1.422117E+03
   445.000  -209.546   1.424504E+03
   445.000  -214.308   1.426892E+03
   445.000  -219.069   1.429279E+03
   445.000  -228.592   1.434054E+03
   445.000  -238.114   1.438829E+03
   445.000  -247.637   1.443604E+03
   445.000  -257.160   1.448379E+03
   445.000  -266.682   1.453153E+03
   445.000  -276.205   1.457928E+03
   445.000  -285.728   1.462703E+03
   445.000  -290.489   1.465090E+03
   445.000  -295.250   1.467477E+03
   445.000  -300.012   1.469865E+03
   445.000  -304.773   1.472252E+03
   445.000  -314.296   1.477027E+03
   445.000  -323.818   1.481802E+03
   445.000  -333.341   1.486576E+03
   445.000  -342.864   1.491351E+03
   445.000  -352.387   1.496126E+03
   445.000  -361.909   1.500901E+03
   445.000  -371.432   1.505676E+03
   445.000  -380.955   1.510451E+03
   445.000  -390.477   1.515225E+03
   445.000  -400.000   1.520000E+03
   450.000    -0.047   0.000000E+00
   450.000    -0.523   1.011469E+01
   450.000    -1.026   2.069901E+01
   450.000    -1.952   3.772692E+01
   450.000    -2.428   4.631809E+01
   450.000    -2.904   5.479968E+01
   450.000    -3.380   6.317165E+01
   450.000    -3.856   7.143396E+01
   450.000    -4.332   7.958658E+01
   450.000    -5.284   9.556266E+01
   450.000    -5.761   1.034023E+02
   450.000    -6.237   1.111156E+02
   450.000    -6.713   1.187190E+02
   450.000    -7.665   1.335963E+02
   450.000    -8.617   1.480339E+02
   450.000    -9.570   1.620462E+02
   450.000   -10.522   1.756039E+02
   450.000   -11.474   1.887218E+02
   450.000   -12.727   2.053026E+02
   450.000   -13.379   2.136800E+02
   450.000   -14.331   2.256745E+02
   450.000   -16.236   2.488546E+02
   450.000   -18.140   2.709287E+02
   450.000   -20.045   2.919207E+02
   450.000   -21.460   3.068124E+02
   450.000   -23.854   3.376879E+02
   450.000   -25.758   3.610655E+02
   450.000   -27.663   3.834034E+02
   450.000   -29.567   4.046795E+02
   450.000   -31.706   4.273505E+02
   450.000   -33.376   4.445012E+02
   450.000   -35.281   4.640214E+02
   450.000   -38.138   4.932111E+02
   450.000   -40.995   5.223033E+02
   450.000   -43.851   5.512927E+02
   450.000   -46.708   5.802047E+02
   450.000   -49.565   6.090346E+02
   450.000   -52.422   6.377878E+02
   450.000   -55.279   6.664697E+02
   450.000   -58.135   6.950757E+02
   450.000   -60.992   7.236312E+02
   450.000   -63.849   7.521313E+02
   450.000   -66.706   7.805811E+02
   450.000   -71.467   8.278889E+02
   450.000   -76.229   8.750990E+02
   450.000   -80.990   9.222074E+02
   450.000   -85.751   9.692352E+02
   450.000   -90.513   1.016198E+03
   450.000   -95.274   1.063077E+03
   450.000  -100.035   1.109875E+03
   450.000  -104.797   1.156593E+03
   450.000  -109.558   1.203195E+03
   450.000  -114.319   1.249669E+03
   450.000  -119.081   1.296036E+03
   450.000  -121.553   1.320000E+03
   450.000  -128.603   1.334100E+03
   450.000  -133.365   1.343624E+03
   450.000  -138.126   1.353146E+03
   450.000  -142.887   1.362668E+03
   450.000  -147.649   1.372192E+03
   450.000  -152.410   1.381714E+03
   450.000  -157.171   1.391236E+03
   450.000  -161.933   1.400191E+03
   450.000  -166.694   1.402587E+03
   450.000  -171.455   1.404983E+03
   450.000  -176.217   1.407380E+03
   450.000  -180.978   1.409776E+03
   450.000  -185.739   1.412172E+03
   450.000  -190.501   1.414568E+03
   450.000  -195.262   1.416964E+03
   450.000  -200.024   1.419361E+03
   450.000  -204.785   1.421757E+03
   450.000  -209.546   1.424153E+03
   450.000  -214.308   1.426549E+03
   450.000  -219.069   1.428945E+03
   450.000  -228.592   1.433738E+03
   450.000  -238.114   1.438530E+03
   450.000  -247.637   1.443322E+03
   450.000  -257.160   1.448115E+03
   450.000  -266.682   1.452907E+03
   450.000  -276.205   1.457699E+03
   450.000  -285.728   1.462492E+03
   450.000  -290.489   1.464888E+03
   450.000  -295.250   1.467284E+03
   450.000  -300.012   1.469680E+03
   450.000  -304.773   1.472076E+03
   450.000  -314.296   1.476869E+03
   450.000  -323.818   1.481661E+03
   450.000  -333.341   1.486453E+03
   450.000  -342.864   1.491246E+03
   450.000  -352.387   1.496038E+03
   450.000  -361.909   1.500830E+03
   450.000  -371.432   1.505623E+03
   450.000  -380.955   1.510415E+03
   450.000  -390.477   1.515207E+03
   450.000  -400.000   1.520000E+03
   455.000    -0.043   0.000000E+00
   455.000    -0.519   1.012080E+01
   455.000    -1.008   2.040223E+01
   455.000    -1.948   3.766957E+01
   455.000    -2.424   4.626726E+01
   455.000    -2.900   5.475488E+01
   455.000    -3.376   6.313240E+01
   455.000    -3.852   7.139984E+01
   455.000    -4.328   7.955718E+01
   455.000    -5.281   9.555816E+01
   455.000    -5.757   1.033849E+02
   455.000    -6.233   1.111015E+02
   455.000    -6.709   1.187078E+02
   455.000    -7.661   1.335900E+02
   455.000    -8.614   1.480461E+02
   455.000    -9.566   1.620456E+02
   455.000   -10.518   1.756038E+02
   455.000   -11.470   1.887204E+02
   455.000   -12.579   2.034304E+02
   455.000   -13.375   2.136933E+02
   455.000   -14.327   2.257087E+02
   455.000   -16.232   2.489278E+02
   455.000   -18.136   2.710361E+02
   455.000   -20.041   2.920571E+02
   455.000   -21.559   3.080288E+02
   455.000   -23.850   3.375506E+02
   455.000   -25.755   3.609451E+02
   455.000   -27.659   3.832742E+02
   455.000   -29.564   4.045626E+02
   455.000   -31.908   4.293356E+02
   455.000   -33.373   4.442940E+02
   455.000   -35.277   4.636916E+02
   455.000   -38.134   4.927090E+02
   455.000   -40.991   5.216238E+02
   455.000   -43.848   5.504406E+02
   455.000   -46.705   5.791640E+02
   455.000   -49.561   6.077889E+02
   455.000   -52.418   6.363403E+02
   455.000   -55.275   6.648132E+02
   455.000   -58.132   6.932123E+02
   455.000   -60.989   7.215425E+02
   455.000   -63.846   7.498083E+02
   455.000   -66.703   7.780141E+02
   455.000   -71.464   8.248926E+02
   455.000   -76.225   8.716323E+02
   455.000   -80.987   9.182563E+02
   455.000   -85.748   9.647554E+02
   455.000   -90.509   1.011146E+03
   455.000   -95.271   1.057442E+03
   455.000  -100.032   1.103626E+03
   455.000  -104.794   1.149724E+03
   455.000  -109.555   1.195727E+03
   455.000  -114.316   1.241677E+03
   455.000  -119.078   1.287637E+03
   455.000  -122.431   1.320000E+03
   455.000  -128.601   1.332340E+03
   455.000  -133.362   1.341862E+03
   455.000  -138.123   1.351384E+03
   455.000  -142.885   1.360908E+03
   455.000  -147.646   1.370430E+03
   455.000  -152.408   1.379954E+03
   455.000  -157.169   1.389476E+03
   455.000  -161.930   1.398998E+03
   455.000  -166.692   1.402152E+03
   455.000  -171.453   1.404557E+03
   455.000  -176.215   1.406963E+03
   455.000  -180.976   1.409367E+03
   455.000  -185.737   1.411772E+03
   455.000  -190.499   1.414178E+03
   455.000  -195.260   1.416582E+03
   455.000  -200.022   1.418988E+03
   455.000  -204.783   1.421393E+03
   455.000  -209.544   1.423798E+03
   455.000  -214.306   1.426203E+03
   455.000  -219.067   1.428608E+03
   455.000  -228.590   1.433418E+03
   455.000  -238.113   1.438228E+03
   455.000  -247.635   1.443038E+03
   455.000  -257.158   1.447848E+03
   455.000  -266.681   1.452658E+03
   455.000  -276.204   1.457469E+03
   455.000  -285.727   1.462279E+03
   455.000  -290.488   1.464684E+03
   455.000  -295.249   1.467089E+03
   455.000  -300.011   1.469494E+03
   455.000  -304.772   1.471899E+03
   455.000  -314.295   1.476709E+03
   455.000  -323.818   1.481519E+03
   455.000  -333.341   1.486329E+03
   455.000  -342.863   1.491139E+03
   455.000  -352.386   1.495949E+03
   455.000  -361.909   1.500760E+03
   455.000  -371.432   1.505570E+03
   455.000  -380.954   1.510380E+03
   455.000  -390.477   1.515190E+03
   455.000  -400.000   1.520000E+03
   460.000    -0.042   0.000000E+00
   459.000    -0.993   2.015977E+01
   460.000    -1.470   2.904531E+01
   460.000    -1.947   3.777667E+01
   460.000    -2.423   4.637965E+01
   460.000    -2.899   5.487262E+01
   460.000    -3.375   6.325555E+01
   460.000    -3.851   7.152839E+01
   460.000    -4.327   7.969111E+01
   460.000    -5.280   9.570261E+01
   460.000    -5.756   1.035344E+02
   460.000    -6.232   1.112559E+02
   460.000    -6.708   1.188669E+02
   460.000    -7.660   1.337578E+02
   460.000    -8.613   1.482212E+02
   460.000    -9.565   1.622261E+02
   460.000   -10.517   1.757873E+02
   460.000   -11.469   1.889038E+02
   460.000   -12.431   2.016936E+02
   460.000   -13.374   2.139059E+02
   460.000   -14.326   2.259442E+02
   460.000   -16.231   2.492030E+02
   460.000   -18.135   2.713429E+02
   460.000   -20.040   2.923865E+02
   460.000   -21.658   3.093962E+02
   460.000   -23.849   3.375779E+02
   460.000   -25.754   3.609661E+02
   460.000   -27.658   3.832896E+02
   460.000   -29.563   4.045710E+02
   460.000   -32.109   4.313916E+02
   460.000   -33.372   4.442065E+02
   460.000   -35.276   4.634825E+02
   460.000   -38.133   4.923137E+02
   460.000   -40.990   5.210371E+02
   460.000   -43.847   5.496566E+02
   460.000   -46.704   5.781765E+02
   460.000   -49.561   6.066012E+02
   460.000   -52.417   6.349257E+02
   460.000   -55.274   6.631745E+02
   460.000   -58.131   6.913421E+02
   460.000   -60.988   7.194330E+02
   460.000   -63.845   7.474512E+02
   460.000   -66.702   7.754006E+02
   460.000   -71.463   8.218315E+02
   460.000   -76.224   8.680956E+02
   460.000   -80.986   9.142142E+02
   460.000   -85.747   9.601771E+02
   460.000   -90.509   1.006011E+03
   460.000   -95.270   1.051701E+03
   460.000  -100.032   1.097275E+03
   460.000  -104.793   1.142728E+03
   460.000  -109.554   1.188101E+03
   460.000  -114.316   1.233476E+03
   460.000  -119.077   1.279016E+03
   461.000  -123.485   1.320000E+03
   460.000  -128.600   1.330230E+03
   460.000  -133.361   1.339752E+03
   460.000  -138.123   1.349276E+03
   460.000  -142.884   1.358798E+03
   460.000  -147.646   1.368322E+03
   460.000  -152.407   1.377844E+03
   460.000  -157.168   1.387366E+03
   460.000  -161.930   1.396890E+03
   460.000  -166.691   1.401627E+03
   460.000  -171.453   1.404043E+03
   460.000  -176.214   1.406458E+03
   460.000  -180.975   1.408874E+03
   460.000  -185.737   1.411290E+03
   460.000  -190.498   1.413706E+03
   460.000  -195.260   1.416122E+03
   460.000  -200.021   1.418537E+03
   460.000  -204.782   1.420953E+03
   460.000  -209.544   1.423369E+03
   460.000  -214.305   1.425784E+03
   460.000  -219.067   1.428200E+03
   460.000  -228.589   1.433032E+03
   460.000  -238.112   1.437863E+03
   460.000  -247.635   1.442695E+03
   460.000  -257.158   1.447527E+03
   460.000  -266.681   1.452358E+03
   460.000  -276.203   1.457189E+03
   460.000  -285.726   1.462021E+03
   460.000  -290.488   1.464437E+03
   460.000  -295.249   1.466853E+03
   460.000  -300.011   1.469269E+03
   460.000  -304.772   1.471684E+03
   460.000  -314.295   1.476516E+03
   460.000  -323.818   1.481348E+03
   460.000  -333.340   1.486179E+03
   460.000  -342.863   1.491011E+03
   460.000  -352.386   1.495842E+03
   460.000  -361.909   1.500674E+03
   460.000  -371.432   1.505506E+03
   460.000  -380.954   1.510337E+03
   460.000  -390.477   1.515168E+03
   460.000  -400.000   1.520000E+03
   465.000    -0.030   0.000000E+00
   465.000    -0.981   2.016392E+01
   465.000    -1.458   2.901753E+01
   465.000    -1.935   3.777938E+01
   465.000    -2.411   4.639467E+01
   465.000    -2.887   5.490011E+01
   465.000    -3.363   6.329568E+01
   465.000    -3.839   7.158136E+01
   465.000    -4.315   7.975712E+01
   465.000    -5.268   9.579528E+01
   465.000    -5.744   1.036408E+02
   465.000    -6.220   1.113762E+02
   465.000    -6.696   1.190014E+02
   465.000    -7.648   1.339213E+02
   465.000    -8.601   1.484149E+02
   465.000    -9.553   1.624516E+02
   465.000   -10.505   1.760463E+02
   465.000   -11.458   1.892126E+02
   466.000   -12.253   1.999455E+02
   465.000   -13.362   2.142014E+02
   465.000   -14.315   2.262782E+02
   465.000   -16.219   2.495696E+02
   465.000   -18.124   2.717617E+02
   465.000   -20.029   2.928454E+02
   465.000   -21.826   3.117364E+02
   465.000   -23.838   3.375831E+02
   465.000   -25.742   3.609688E+02
   465.000   -27.647   3.833077E+02
   465.000   -29.552   4.045882E+02
   465.000   -32.311   4.335595E+02
   465.000   -33.361   4.441352E+02
   465.000   -35.265   4.632760E+02
   465.000   -38.122   4.919104E+02
   465.000   -40.979   5.204313E+02
   465.000   -43.836   5.488408E+02
   465.000   -46.693   5.771434E+02
   465.000   -49.550   6.053439E+02
   465.000   -52.407   6.334473E+02
   465.000   -55.264   6.614583E+02
   465.000   -58.121   6.893813E+02
   465.000   -60.978   7.172204E+02
   465.000   -63.835   7.449795E+02
   465.000   -66.692   7.726620E+02
   465.000   -71.453   8.186297E+02
   465.000   -76.215   8.644152E+02
   465.000   -80.976   9.100092E+02
   465.000   -85.738   9.554382E+02
   465.000   -90.499   1.000689E+03
   465.000   -95.261   1.045786E+03
   465.000  -100.023   1.090725E+03
   465.000  -104.784   1.135509E+03
   465.000  -109.546   1.180178E+03
   465.000  -114.307   1.224759E+03
   465.000  -119.069   1.269353E+03
   465.000  -124.511   1.320000E+03
   465.000  -128.592   1.328162E+03
   465.000  -133.353   1.337684E+03
   465.000  -138.115   1.347208E+03
   465.000  -142.876   1.356730E+03
   465.000  -147.638   1.366254E+03
   465.000  -152.400   1.375778E+03
   465.000  -157.161   1.385300E+03
   465.000  -161.923   1.394824E+03
   465.000  -166.684   1.401107E+03
   465.000  -171.446   1.403534E+03
   465.000  -176.207   1.405960E+03
   465.000  -180.969   1.408387E+03
   465.000  -185.730   1.410813E+03
   465.000  -190.492   1.413239E+03
   465.000  -195.253   1.415665E+03
   465.000  -200.015   1.418092E+03
   465.000  -204.777   1.420519E+03
   465.000  -209.538   1.422945E+03
   465.000  -214.300   1.425371E+03
   465.000  -219.061   1.427797E+03
   465.000  -228.584   1.432650E+03
   465.000  -238.107   1.437503E+03
   465.000  -247.630   1.442356E+03
   465.000  -257.154   1.447209E+03
   465.000  -266.677   1.452062E+03
   465.000  -276.200   1.456914E+03
   465.000  -285.723   1.461767E+03
   465.000  -290.484   1.464193E+03
   465.000  -295.246   1.466620E+03
   465.000  -300.008   1.469046E+03
   465.000  -304.769   1.471472E+03
   465.000  -314.292   1.476325E+03
   465.000  -323.815   1.481178E+03
   465.000  -333.338   1.486031E+03
   465.000  -342.861   1.490883E+03
   465.000  -352.385   1.495736E+03
   465.000  -361.908   1.500589E+03
   465.000  -371.431   1.505442E+03
   465.000  -380.954   1.510295E+03
   465.000  -390.477   1.515147E+03
   465.000  -400.000   1.520000E+03
   470.000    -0.012   0.000000E+00
   470.000    -0.488   1.013374E+01
   470.000    -0.970   2.029884E+01
   470.000    -1.917   3.775454E+01
   470.000    -2.393   4.638439E+01
   470.000    -2.869   5.490562E+01
   470.000    -3.345   6.331805E+01
   470.000    -3.821   7.162153E+01
   470.000    -4.298   7.983302E+01
   470.000    -5.250   9.589342E+01
   470.000    -5.726   1.037593E+02
   470.000    -6.202   1.115155E+02
   470.000    -6.678   1.191619E+02
   470.000    -7.631   1.341403E+02
   470.000    -8.583   1.486617E+02
   470.000    -9.536   1.627555E+02
   470.000   -10.488   1.763907E+02
   470.000   -11.440   1.895806E+02
   470.000   -12.657   2.058595E+02
   470.000   -13.345   2.147352E+02
   470.000   -14.297   2.268104E+02
   470.000   -16.202   2.501282E+02
   470.000   -18.107   2.723405E+02
   470.000   -20.011   2.934377E+02
   470.000   -21.994   3.142571E+02
   470.000   -23.821   3.376797E+02
   470.000   -25.726   3.610786E+02
   470.000   -27.630   3.834066E+02
   470.000   -29.535   4.046879E+02
   470.000   -31.440   4.248265E+02
   470.000   -32.512   4.357543E+02
   470.000   -35.249   4.631158E+02
   470.000   -38.106   4.915685E+02
   470.000   -40.963   5.198805E+02
   470.000   -43.820   5.480669E+02
   470.000   -46.677   5.761374E+02
   470.000   -49.534   6.040988E+02
   470.000   -52.391   6.319570E+02
   470.000   -55.248   6.597170E+02
   470.000   -58.105   6.873830E+02
   470.000   -60.963   7.149687E+02
   470.000   -63.820   7.424583E+02
   470.000   -66.677   7.698644E+02
   470.000   -71.438   8.153557E+02
   470.000   -76.200   8.606425E+02
   470.000   -80.962   9.057230E+02
   470.000   -85.724   9.506024E+02
   470.000   -90.485   9.952748E+02
   470.000   -95.247   1.039761E+03
   470.000  -100.009   1.084053E+03
   470.000  -104.771   1.128153E+03
   470.000  -109.533   1.172062E+03
   470.000  -114.294   1.215767E+03
   470.000  -119.056   1.259264E+03
   470.000  -125.794   1.320000E+03
   470.000  -128.580   1.325572E+03
   470.000  -133.341   1.335094E+03
   470.000  -138.103   1.344618E+03
   470.000  -142.865   1.354142E+03
   470.000  -147.627   1.363666E+03
   470.000  -152.388   1.373188E+03
   470.000  -157.150   1.382712E+03
   470.000  -161.912   1.392236E+03
   470.000  -166.674   1.400451E+03
   470.000  -171.435   1.402890E+03
   470.000  -176.197   1.405330E+03
   470.000  -180.959   1.407770E+03
   470.000  -185.721   1.410210E+03
   470.000  -190.482   1.412649E+03
   470.000  -195.244   1.415089E+03
   470.000  -200.006   1.417529E+03
   470.000  -204.768   1.419969E+03
   470.000  -209.530   1.422409E+03
   470.000  -214.291   1.424848E+03
   470.000  -219.053   1.427288E+03
   470.000  -228.577   1.432168E+03
   470.000  -238.100   1.437047E+03
   470.000  -247.624   1.441927E+03
   470.000  -257.147   1.446806E+03
   470.000  -266.671   1.451686E+03
   470.000  -276.194   1.456566E+03
   470.000  -285.718   1.461445E+03
   470.000  -290.479   1.463885E+03
   470.000  -295.241   1.466325E+03
   470.000  -300.003   1.468765E+03
   470.000  -304.765   1.471204E+03
   470.000  -314.288   1.476084E+03
   470.000  -323.812   1.480964E+03
   470.000  -333.335   1.485843E+03
   470.000  -342.859   1.490723E+03
   470.000  -352.382   1.495602E+03
   470.000  -361.906   1.500482E+03
   470.000  -371.429   1.505361E+03
   470.000  -380.953   1.510241E+03
   470.000  -390.476   1.515120E+03
   470.000  -400.000   1.520000E+03
   475.000    -0.013   0.000000E+00
   474.000    -0.962   2.023626E+01
   475.000    -1.442   2.923323E+01
   475.000    -1.918   3.800289E+01
   475.000    -2.394   4.666379E+01
   475.000    -2.870   5.521585E+01
   475.000    -3.346   6.365898E+01
   475.000    -3.822   7.199311E+01
   475.000    -4.299   8.023528E+01
   475.000    -5.251   9.635752E+01
   475.000    -5.727   1.042547E+02
   475.000    -6.203   1.120425E+02
   475.000    -6.679   1.197209E+02
   475.000    -7.632   1.347649E+02
   475.000    -8.584   1.493545E+02
   475.000    -9.537   1.635200E+02
   475.000   -10.489   1.772311E+02
   475.000   -11.441   1.905024E+02
   475.000   -12.394   2.033263E+02
   475.000   -13.163   2.133988E+02
   475.000   -14.298   2.277798E+02
   475.000   -16.203   2.511102E+02
   475.000   -18.108   2.733230E+02
   475.000   -20.012   2.944250E+02
   475.000   -22.162   3.169574E+02
   475.000   -23.822   3.381626E+02
   475.000   -25.726   3.615352E+02
   475.000   -27.631   3.838626E+02
   475.000   -29.536   4.051326E+02
   475.000   -31.441   4.253459E+02
   477.000   -32.794   4.392514E+02
   475.000   -35.250   4.634100E+02
   475.000   -38.107   4.915894E+02
   475.000   -40.964   5.196452E+02
   475.000   -43.821   5.475788E+02
   475.000   -46.678   5.753951E+02
   475.000   -49.535   6.030993E+02
   475.000   -52.392   6.306965E+02
   475.000   -55.249   6.581913E+02
   475.000   -58.106   6.855879E+02
   475.000   -60.963   7.128897E+02
   475.000   -63.820   7.400999E+02
   475.000   -66.678   7.672306E+02
   475.000   -71.439   8.122334E+02
   475.000   -76.201   8.570125E+02
   475.000   -80.963   9.015635E+02
   475.000   -85.725   9.458890E+02
   475.000   -90.486   9.899802E+02
   475.000   -95.248   1.033854E+03
   475.000  -100.010   1.077497E+03
   475.000  -104.772   1.120901E+03
   475.000  -109.533   1.164043E+03
   475.000  -114.295   1.206909E+03
   475.000  -119.057   1.249419E+03
   475.000  -123.819   1.291582E+03
   475.000  -127.076   1.320000E+03
   475.000  -133.342   1.332532E+03
   475.000  -138.104   1.342056E+03
   475.000  -142.866   1.351580E+03
   475.000  -147.627   1.361102E+03
   475.000  -152.389   1.370626E+03
   475.000  -157.151   1.380150E+03
   475.000  -161.913   1.389674E+03
   475.000  -166.674   1.399196E+03
   475.000  -171.436   1.402246E+03
   475.000  -176.198   1.404700E+03
   475.000  -180.960   1.407153E+03
   475.000  -185.721   1.409606E+03
   475.000  -190.483   1.412059E+03
   475.000  -195.245   1.414512E+03
   475.000  -200.007   1.416966E+03
   475.000  -204.768   1.419419E+03
   475.000  -209.530   1.421872E+03
   475.000  -214.292   1.424325E+03
   475.000  -219.054   1.426779E+03
   475.000  -228.577   1.431685E+03
   475.000  -238.101   1.436591E+03
   475.000  -247.624   1.441497E+03
   475.000  -257.148   1.446404E+03
   475.000  -266.671   1.451310E+03
   475.000  -276.195   1.456217E+03
   475.000  -285.718   1.461123E+03
   475.000  -290.480   1.463576E+03
   475.000  -295.242   1.466030E+03
   475.000  -300.003   1.468483E+03
   475.000  -304.765   1.470936E+03
   475.000  -314.289   1.475843E+03
   475.000  -323.812   1.480749E+03
   475.000  -333.336   1.485655E+03
   475.000  -342.859   1.490562E+03
   475.000  -352.383   1.495468E+03
   475.000  -361.906   1.500374E+03
   475.000  -371.430   1.505281E+03
   475.000  -380.953   1.510187E+03
   475.000  -390.477   1.515094E+03
   475.000  -400.000   1.520000E+03
   480.000     0.000   0.000000E+00
   480.000    -0.874   1.872473E+01
   480.000    -1.429   2.914308E+01
   480.000    -1.905   3.795729E+01
   480.000    -2.381   4.666186E+01
   480.000    -2.857   5.525688E+01
   480.000    -3.333   6.374242E+01
   480.000    -3.810   7.213605E+01
   480.000    -4.286   8.040257E+01
   480.000    -5.238   9.660768E+01
   480.000    -5.714   1.045464E+02
   480.000    -6.190   1.123760E+02
   480.000    -6.667   1.201125E+02
   480.000    -7.619   1.352257E+02
   480.000    -8.571   1.499027E+02
   480.000    -9.524   1.641586E+02
   480.000   -10.476   1.779637E+02
   480.000   -11.429   1.913471E+02
   480.000   -12.381   2.042809E+02
   480.000   -13.668   2.211285E+02
   481.910   -14.281   2.293533E+02
   480.000   -16.190   2.520651E+02
   480.000   -18.095   2.743172E+02
   480.000   -20.000   2.953990E+02
   479.000   -22.297   3.192013E+02
   480.000   -23.810   3.386361E+02
   480.000   -25.714   3.619926E+02
   480.000   -27.619   3.843114E+02
   480.000   -29.524   4.055725E+02
   480.000   -31.429   4.257677E+02
   480.000   -33.095   4.426238E+02
   480.000   -35.238   4.636870E+02
   480.000   -38.095   4.916236E+02
   480.000   -40.952   5.194195E+02
   480.000   -43.810   5.470962E+02
   480.000   -46.667   5.746424E+02
   480.000   -49.524   6.020741E+02
   480.000   -52.381   6.293966E+02
   480.000   -55.238   6.566143E+02
   480.000   -58.095   6.837309E+02
   480.000   -60.952   7.107494E+02
   480.000   -63.810   7.376820E+02
   480.000   -66.667   7.645118E+02
   480.000   -71.429   8.090275E+02
   480.000   -76.190   8.532845E+02
   480.000   -80.952   8.973036E+02
   480.000   -85.714   9.410754E+02
   480.000   -90.476   9.845970E+02
   480.000   -95.238   1.027863E+03
   480.000  -100.000   1.070866E+03
   480.000  -104.762   1.113591E+03
   480.000  -109.524   1.156019E+03
   480.000  -114.286   1.198118E+03
   480.000  -119.048   1.239838E+03
   480.000  -123.810   1.281129E+03
   480.000  -128.359   1.320000E+03
   480.000  -133.333   1.329948E+03
   480.000  -138.095   1.339472E+03
   480.000  -142.857   1.348996E+03
   480.000  -147.619   1.358520E+03
   480.000  -152.381   1.368044E+03
   480.000  -157.143   1.377568E+03
   480.000  -161.905   1.387092E+03
   480.000  -166.667   1.396616E+03
   480.000  -171.429   1.401590E+03
   480.000  -176.190   1.404057E+03
   480.000  -180.952   1.406524E+03
   480.000  -185.714   1.408991E+03
   480.000  -190.476   1.411458E+03
   480.000  -195.238   1.413924E+03
   480.000  -200.000   1.416391E+03
   480.000  -204.762   1.418858E+03
   480.000  -209.524   1.421325E+03
   480.000  -214.286   1.423792E+03
   480.000  -219.048   1.426259E+03
   480.000  -228.571   1.431192E+03
   480.000  -238.095   1.436126E+03
   480.000  -247.619   1.441060E+03
   480.000  -257.143   1.445994E+03
   480.000  -266.667   1.450928E+03
   480.000  -276.190   1.455861E+03
   480.000  -285.714   1.460795E+03
   480.000  -290.476   1.463262E+03
   480.000  -295.238   1.465729E+03
   480.000  -300.000   1.468196E+03
   480.000  -304.762   1.470663E+03
   480.000  -314.286   1.475596E+03
   480.000  -323.810   1.480530E+03
   480.000  -333.333   1.485464E+03
   480.000  -342.857   1.490397E+03
   480.000  -352.381   1.495331E+03
   480.000  -361.905   1.500265E+03
   480.000  -371.429   1.505199E+03
   480.000  -380.952   1.510132E+03
   480.000  -390.476   1.515066E+03
   480.000  -400.000   1.520000E+03
   485.000     0.012   0.000000E+00
   485.000    -0.801   1.751924E+01
   485.000    -1.417   2.913759E+01
   485.000    -1.893   3.798721E+01
   485.000    -2.369   4.672704E+01
   485.000    -2.845   5.535726E+01
   485.000    -3.321   6.387802E+01
   485.000    -3.798   7.230699E+01
   485.000    -4.274   8.060905E+01
   485.000    -5.226   9.688607E+01
   485.000    -5.702   1.048613E+02
   485.000    -6.179   1.127443E+02
   485.000    -6.655   1.205021E+02
   485.000    -7.607   1.356923E+02
   485.000    -8.560   1.504648E+02
   485.000    -9.512   1.647896E+02
   485.000   -10.465   1.786979E+02
   485.000   -11.417   1.921620E+02
   485.000   -12.369   2.051982E+02
   485.000   -13.322   2.177951E+02
   485.000   -14.274   2.300147E+02
   486.000   -15.595   2.465412E+02
   485.000   -18.084   2.753709E+02
   485.000   -19.989   2.965051E+02
   485.000   -22.538   3.230980E+02
   485.000   -23.798   3.391417E+02
   485.000   -25.703   3.625533E+02
   485.000   -27.608   3.849149E+02
   485.000   -29.513   4.062233E+02
   485.000   -31.418   4.264770E+02
   485.000   -33.597   4.484026E+02
   485.000   -35.227   4.642313E+02
   485.000   -38.084   4.918625E+02
   485.000   -40.942   5.193721E+02
   485.000   -43.799   5.467475E+02
   485.000   -46.656   5.740042E+02
   485.000   -49.513   6.011476E+02
   485.000   -52.371   6.281914E+02
   485.000   -55.228   6.551205E+02
   485.000   -58.085   6.819475E+02
   485.000   -60.942   7.086748E+02
   485.000   -63.799   7.353045E+02
   485.000   -66.657   7.618471E+02
   485.000   -71.419   8.058607E+02
   485.000   -76.181   8.496115E+02
   485.000   -80.943   8.930991E+02
   485.000   -85.705   9.363200E+02
   485.000   -90.467   9.792688E+02
   485.000   -95.229   1.021937E+03
   485.000   -99.991   1.064314E+03
   485.000  -104.753   1.106383E+03
   485.000  -109.515   1.148124E+03
   485.000  -114.277   1.189508E+03
   485.000  -119.039   1.230496E+03
   485.000  -123.801   1.271046E+03
   485.000  -129.641   1.320000E+03
   485.000  -133.325   1.327368E+03
   485.000  -138.087   1.336892E+03
   485.000  -142.849   1.346416E+03
   485.000  -147.611   1.355940E+03
   485.000  -152.374   1.365466E+03
   485.000  -157.136   1.374990E+03
   485.000  -161.898   1.384514E+03
   485.000  -166.660   1.394038E+03
   485.000  -171.422   1.400928E+03
   485.000  -176.184   1.403408E+03
   485.000  -180.946   1.405889E+03
   485.000  -185.708   1.408370E+03
   485.000  -190.470   1.410850E+03
   485.000  -195.232   1.413331E+03
   485.000  -199.994   1.415812E+03
   485.000  -204.756   1.418292E+03
   485.000  -209.518   1.420773E+03
   485.000  -214.280   1.423254E+03
   485.000  -219.042   1.425734E+03
   485.000  -228.566   1.430696E+03
   485.000  -238.090   1.435657E+03
   485.000  -247.614   1.440618E+03
   485.000  -257.139   1.445580E+03
   485.000  -266.663   1.450541E+03
   485.000  -276.187   1.455503E+03
   485.000  -285.711   1.460464E+03
   485.000  -290.473   1.462945E+03
   485.000  -295.235   1.465425E+03
   485.000  -299.997   1.467906E+03
   485.000  -304.759   1.470386E+03
   485.000  -314.283   1.475348E+03
   485.000  -323.807   1.480309E+03
   485.000  -333.331   1.485270E+03
   485.000  -342.855   1.490232E+03
   485.000  -352.380   1.495194E+03
   485.000  -361.904   1.500155E+03
   485.000  -371.428   1.505116E+03
   485.000  -380.952   1.510077E+03
   485.000  -390.476   1.515039E+03
   485.000  -400.000   1.520000E+03
   490.000     0.033   0.000000E+00
   490.000    -0.727   1.641333E+01
   490.000    -1.396   2.906022E+01
   490.000    -1.872   3.792630E+01
   490.000    -2.348   4.668413E+01
   490.000    -2.824   5.533383E+01
   490.000    -3.301   6.389329E+01
   490.000    -3.777   7.232668E+01
   490.000    -4.253   8.065206E+01
   490.000    -5.206   9.699588E+01
   490.000    -5.682   1.049971E+02
   490.000    -6.158   1.128903E+02
   490.000    -6.634   1.206754E+02
   490.000    -7.587   1.359375E+02
   490.000    -8.539   1.507511E+02
   490.000    -9.492   1.651472E+02
   490.000   -10.444   1.790958E+02
   490.000   -11.397   1.926262E+02
   490.000   -12.349   2.057100E+02
   490.000   -13.301   2.183616E+02
   490.000   -14.931   2.391092E+02
   490.000   -16.381   2.566996E+02
   490.000   -18.064   2.761857E+02
   490.000   -19.969   2.974271E+02
   490.000   -22.739   3.263828E+02
   490.000   -23.778   3.395758E+02
   490.000   -25.683   3.630951E+02
   490.000   -27.588   3.855266E+02
   490.000   -29.493   4.068983E+02
   490.000   -31.398   4.272119E+02
   490.000   -34.098   4.542577E+02
   490.000   -35.208   4.648950E+02
   490.000   -38.065   4.921913E+02
   490.000   -40.923   5.193849E+02
   490.000   -43.780   5.464507E+02
   490.000   -46.638   5.734118E+02
   490.000   -49.495   6.002533E+02
   490.000   -52.352   6.269883E+02
   490.000   -55.210   6.536291E+02
   490.000   -58.067   6.801591E+02
   490.000   -60.924   7.065896E+02
   490.000   -63.782   7.329308E+02
   490.000   -66.639   7.591649E+02
   490.000   -71.401   8.026745E+02
   490.000   -76.164   8.459205E+02
   490.000   -80.926   8.888804E+02
   490.000   -85.688   9.315573E+02
   490.000   -90.451   9.739516E+02
   490.000   -95.213   1.016035E+03
   490.000   -99.975   1.057804E+03
   490.000  -104.738   1.099250E+03
   490.000  -109.500   1.140336E+03
   490.000  -114.262   1.181047E+03
   490.000  -119.024   1.221353E+03
   490.000  -123.787   1.261231E+03
   490.000  -130.924   1.320000E+03
   490.000  -133.311   1.324774E+03
   490.000  -138.074   1.334300E+03
   490.000  -142.836   1.343824E+03
   490.000  -147.598   1.353348E+03
   490.000  -152.361   1.362874E+03
   490.000  -157.123   1.372398E+03
   490.000  -161.885   1.381922E+03
   490.000  -166.647   1.391446E+03
   490.000  -171.410   1.400255E+03
   490.000  -176.172   1.402749E+03
   490.000  -180.934   1.405244E+03
   490.000  -185.697   1.407739E+03
   490.000  -190.459   1.410233E+03
   490.000  -195.221   1.412728E+03
   490.000  -199.984   1.415223E+03
   490.000  -204.746   1.417717E+03
   490.000  -209.508   1.420212E+03
   490.000  -214.270   1.422707E+03
   490.000  -219.033   1.425202E+03
   490.000  -228.557   1.430191E+03
   490.000  -238.082   1.435180E+03
   490.000  -247.606   1.440169E+03
   490.000  -257.131   1.445159E+03
   490.000  -266.656   1.450149E+03
   490.000  -276.180   1.455138E+03
   490.000  -285.705   1.460127E+03
   490.000  -290.467   1.462622E+03
   490.000  -295.229   1.465116E+03
   490.000  -299.992   1.467611E+03
   490.000  -304.754   1.470106E+03
   490.000  -314.279   1.475096E+03
   490.000  -323.803   1.480085E+03
   490.000  -333.328   1.485074E+03
   490.000  -342.852   1.490063E+03
   490.000  -352.377   1.495053E+03
   490.000  -361.902   1.500043E+03
   490.000  -371.426   1.505032E+03
   490.000  -380.951   1.510021E+03
   490.000  -390.475   1.515010E+03
   490.000  -400.000   1.520000E+03
   495.000     0.055   0.000000E+00
   495.000    -0.654   1.528044E+01
   495.000    -1.374   2.888672E+01
   495.000    -1.850   3.775243E+01
   495.000    -2.326   4.651651E+01
   495.000    -2.803   5.519595E+01
   495.000    -3.279   6.375338E+01
   495.000    -3.755   7.220628E+01
   495.000    -4.231   8.055393E+01
   495.000    -5.184   9.694851E+01
   495.000    -5.660   1.049772E+02
   495.000    -6.136   1.128988E+02
   495.000    -6.613   1.207294E+02
   495.000    -7.565   1.360340E+02
   495.000    -8.518   1.509217E+02
   495.000    -9.470   1.653597E+02
   495.000   -10.423   1.793773E+02
   495.000   -11.375   1.929443E+02
   495.000   -12.328   2.060883E+02
   495.000   -13.280   2.187812E+02
   494.000   -14.266   2.312760E+02
   495.000   -16.138   2.544658E+02
   495.000   -17.363   2.690405E+02
   495.000   -19.948   2.981081E+02
   495.000   -21.853   3.183120E+02
   494.000   -22.900   3.289050E+02
   495.000   -25.663   3.637929E+02
   495.000   -27.568   3.862946E+02
   495.000   -29.473   4.077189E+02
   495.000   -31.378   4.280805E+02
   495.000   -33.283   4.473109E+02
   495.000   -34.600   4.600821E+02
   495.000   -38.045   4.926480E+02
   495.000   -40.903   5.195169E+02
   495.000   -43.761   5.462697E+02
   495.000   -46.618   5.729037E+02
   495.000   -49.476   5.994418E+02
   495.000   -52.333   6.258685E+02
   495.000   -55.191   6.522044E+02
   495.000   -58.048   6.784324E+02
   495.000   -60.906   7.045717E+02
   495.000   -63.763   7.306040E+02
   495.000   -66.621   7.565473E+02
   495.000   -71.383   7.995549E+02
   495.000   -76.146   8.422912E+02
   495.000   -80.909   8.847397E+02
   495.000   -85.671   9.268818E+02
   495.000   -90.434   9.687243E+02
   495.000   -95.196   1.010237E+03
   495.000   -99.959   1.051424E+03
   495.000  -104.721   1.092252E+03
   495.000  -109.484   1.132720E+03
   495.000  -114.246   1.172791E+03
   495.000  -119.009   1.212455E+03
   495.000  -123.772   1.251667E+03
   495.000  -128.534   1.290463E+03
   495.000  -132.207   1.320000E+03
   495.000  -138.059   1.331704E+03
   495.000  -142.822   1.341230E+03
   495.000  -147.584   1.350754E+03
   495.000  -152.347   1.360280E+03
   495.000  -157.109   1.369804E+03
   495.000  -161.872   1.379330E+03
   495.000  -166.635   1.388856E+03
   495.000  -171.397   1.398380E+03
   495.000  -176.160   1.402082E+03
   495.000  -180.922   1.404591E+03
   495.000  -185.685   1.407100E+03
   495.000  -190.447   1.409609E+03
   495.000  -195.210   1.412118E+03
   495.000  -199.973   1.414627E+03
   495.000  -204.735   1.417136E+03
   495.000  -209.498   1.419645E+03
   495.000  -214.260   1.422153E+03
   495.000  -219.023   1.424662E+03
   495.000  -228.548   1.429680E+03
   495.000  -238.073   1.434698E+03
   495.000  -247.598   1.439716E+03
   495.000  -257.123   1.444733E+03
   495.000  -266.648   1.449751E+03
   495.000  -276.173   1.454769E+03
   495.000  -285.699   1.459787E+03
   495.000  -290.461   1.462296E+03
   495.000  -295.224   1.464805E+03
   495.000  -299.986   1.467313E+03
   495.000  -304.749   1.469822E+03
   495.000  -314.274   1.474840E+03
   495.000  -323.799   1.479858E+03
   495.000  -333.324   1.484875E+03
   495.000  -342.849   1.489893E+03
   495.000  -352.374   1.494911E+03
   495.000  -361.900   1.499929E+03
   495.000  -371.425   1.504947E+03
   495.000  -380.950   1.509965E+03
   495.000  -390.475   1.514982E+03
   495.000  -400.000   1.520000E+03
   500.000     0.000   0.000000E+00
   500.000    -0.619   1.362755E+01
   500.000    -1.429   2.920426E+01
   500.000    -1.905   3.819719E+01
   500.000    -2.381   4.707287E+01
   500.000    -2.857   5.583243E+01
   500.000    -3.333   6.447693E+01
   500.000    -3.810   7.302497E+01
   500.000    -4.286   8.144146E+01
   500.000    -5.238   9.793576E+01
   500.000    -5.714   1.060146E+02
   500.000    -6.190   1.139816E+02
   500.000    -6.667   1.218536E+02
   500.000    -7.619   1.372306E+02
   500.000    -8.571   1.521637E+02
   500.000    -9.524   1.666686E+02
   500.000   -10.476   1.807152E+02
   500.000   -11.429   1.943331E+02
   500.000   -12.381   2.074936E+02
   500.000   -13.333   2.202108E+02
   500.000   -14.764   2.385140E+02
   500.000   -16.190   2.558885E+02
   498.000   -17.952   2.762552E+02
   500.000   -20.000   2.993565E+02
   500.000   -22.357   3.239441E+02
   501.000   -23.504   3.388975E+02
   500.000   -25.714   3.657827E+02
   500.000   -27.619   3.881561E+02
   500.000   -29.524   4.094943E+02
   500.000   -31.429   4.297928E+02
   500.000   -33.333   4.490389E+02
   500.000   -35.102   4.660302E+02
   500.000   -38.095   4.939096E+02
   500.000   -40.952   5.204090E+02
   500.000   -43.810   5.468172E+02
   500.000   -46.667   5.731180E+02
   500.000   -49.524   5.993225E+02
   500.000   -52.381   6.254321E+02
   500.000   -55.238   6.514477E+02
   500.000   -58.095   6.773692E+02
   500.000   -60.952   7.031963E+02
   500.000   -63.810   7.289369E+02
   500.000   -66.667   7.545716E+02
   500.000   -71.429   7.970791E+02
   500.000   -76.190   8.392929E+02
   500.000   -80.952   8.812187E+02
   500.000   -85.714   9.228343E+02
   500.000   -90.476   9.641262E+02
   500.000   -95.238   1.005080E+03
   500.000  -100.000   1.045681E+03
   500.000  -104.762   1.085914E+03
   500.000  -109.524   1.125765E+03
   500.000  -114.286   1.165219E+03
   500.000  -119.048   1.204263E+03
   500.000  -123.810   1.242883E+03
   500.000  -128.571   1.281073E+03
   500.000  -133.489   1.320000E+03
   500.000  -138.095   1.329212E+03
   500.000  -142.857   1.338736E+03
   500.000  -147.619   1.348260E+03
   500.000  -152.381   1.357784E+03
   500.000  -157.143   1.367308E+03
   500.000  -161.905   1.376832E+03
   500.000  -166.667   1.386356E+03
   500.000  -171.429   1.395880E+03
   500.000  -176.190   1.401431E+03
   500.000  -180.952   1.403954E+03
   500.000  -185.714   1.406477E+03
   500.000  -190.476   1.408999E+03
   500.000  -195.238   1.411522E+03
   500.000  -200.000   1.414045E+03
   500.000  -204.762   1.416568E+03
   500.000  -209.524   1.419090E+03
   500.000  -214.286   1.421613E+03
   500.000  -219.048   1.424136E+03
   500.000  -228.571   1.429181E+03
   500.000  -238.095   1.434227E+03
   500.000  -247.619   1.439272E+03
   500.000  -257.143   1.444318E+03
   500.000  -266.667   1.449363E+03
   500.000  -276.190   1.454408E+03
   500.000  -285.714   1.459454E+03
   500.000  -290.476   1.461977E+03
   500.000  -295.238   1.464500E+03
   500.000  -300.000   1.467022E+03
   500.000  -304.762   1.469545E+03
   500.000  -314.286   1.474591E+03
   500.000  -323.810   1.479636E+03
   500.000  -333.333   1.484681E+03
   500.000  -342.857   1.489727E+03
   500.000  -352.381   1.494773E+03
   500.000  -361.905   1.499818E+03
   500.000  -371.429   1.504864E+03
   500.000  -380.952   1.509909E+03
   500.000  -390.476   1.514954E+03
   500.000  -400.000   1.520000E+03
   505.000     0.025   0.000000E+00
   505.000    -0.584   1.334547E+01
   505.000    -1.404   2.907277E+01
   505.000    -1.880   3.805506E+01
   505.000    -2.356   4.692946E+01
   505.000    -2.832   5.569558E+01
   505.000    -3.309   6.437123E+01
   505.000    -3.785   7.291967E+01
   505.000    -4.261   8.135901E+01
   505.000    -5.213   9.790966E+01
   505.000    -5.690   1.060374E+02
   505.000    -6.166   1.140382E+02
   505.000    -6.642   1.219290E+02
   505.000    -7.595   1.373963E+02
   505.000    -8.547   1.524058E+02
   505.000    -9.499   1.669731E+02
   505.000   -10.452   1.811120E+02
   505.000   -11.404   1.947920E+02
   505.000   -12.357   2.080409E+02
   505.000   -13.309   2.208300E+02
   505.000   -15.179   2.447149E+02
   505.000   -16.166   2.566562E+02
   505.000   -18.835   2.876721E+02
   505.000   -19.976   3.001717E+02
   506.000   -22.297   3.246501E+02
   507.000   -24.168   3.486948E+02
   505.000   -25.691   3.667180E+02
   505.000   -27.596   3.891546E+02
   505.000   -29.501   4.104797E+02
   505.000   -31.406   4.307757E+02
   505.000   -33.310   4.500303E+02
   505.000   -35.603   4.719026E+02
   505.000   -38.073   4.945762E+02
   505.000   -40.930   5.207101E+02
   505.000   -43.787   5.467603E+02
   505.000   -46.645   5.727337E+02
   505.000   -49.502   5.986120E+02
   505.000   -52.359   6.244046E+02
   505.000   -55.217   6.501199E+02
   505.000   -58.074   6.757386E+02
   505.000   -60.931   7.012680E+02
   505.000   -63.789   7.267145E+02
   505.000   -66.646   7.520572E+02
   505.000   -71.408   7.940805E+02
   505.000   -76.170   8.358158E+02
   505.000   -80.932   8.772462E+02
   505.000   -85.695   9.183633E+02
   505.000   -90.457   9.591331E+02
   505.000   -95.219   9.995479E+02
   505.000   -99.981   1.039592E+03
   505.000  -104.743   1.079252E+03
   505.000  -109.506   1.118524E+03
   505.000  -114.268   1.157382E+03
   505.000  -119.030   1.195831E+03
   505.000  -123.792   1.233871E+03
   505.000  -128.554   1.271513E+03
   505.000  -134.772   1.320000E+03
   505.000  -138.079   1.326614E+03
   505.000  -142.841   1.336138E+03
   505.000  -147.603   1.345662E+03
   505.000  -152.365   1.355186E+03
   505.000  -157.128   1.364712E+03
   505.000  -161.890   1.374236E+03
   505.000  -166.652   1.383760E+03
   505.000  -171.414   1.393284E+03
   505.000  -176.176   1.400748E+03
   505.000  -180.939   1.403286E+03
   505.000  -185.701   1.405823E+03
   505.000  -190.463   1.408360E+03
   505.000  -195.225   1.410897E+03
   505.000  -199.988   1.413435E+03
   505.000  -204.750   1.415972E+03
   505.000  -209.512   1.418509E+03
   505.000  -214.274   1.421046E+03
   505.000  -219.036   1.423584E+03
   505.000  -228.561   1.428658E+03
   505.000  -238.085   1.433733E+03
   505.000  -247.610   1.438808E+03
   505.000  -257.134   1.443882E+03
   505.000  -266.658   1.448956E+03
   505.000  -276.183   1.454031E+03
   505.000  -285.707   1.459105E+03
   505.000  -290.469   1.461643E+03
   505.000  -295.232   1.464180E+03
   505.000  -299.994   1.466717E+03
   505.000  -304.756   1.469255E+03
   505.000  -314.280   1.474329E+03
   505.000  -323.805   1.479404E+03
   505.000  -333.329   1.484478E+03
   505.000  -342.854   1.489553E+03
   505.000  -352.378   1.494627E+03
   505.000  -361.902   1.499702E+03
   505.000  -371.427   1.504776E+03
   505.000  -380.951   1.509851E+03
   505.000  -390.476   1.514926E+03
   505.000  -400.000   1.520000E+03
   510.000     0.038   0.000000E+00
   510.000    -0.548   1.273189E+01
   510.000    -1.391   2.899054E+01
   510.000    -1.867   3.800587E+01
   510.000    -2.343   4.691639E+01
   510.000    -2.819   5.572115E+01
   510.000    -3.296   6.443750E+01
   510.000    -3.772   7.302826E+01
   510.000    -4.248   8.151118E+01
   510.000    -5.201   9.816901E+01
   510.000    -5.677   1.063256E+02
   510.000    -6.153   1.143727E+02
   510.000    -6.629   1.223103E+02
   510.000    -7.582   1.378715E+02
   510.000    -8.534   1.529754E+02
   510.000    -9.487   1.676528E+02
   510.000   -10.439   1.818723E+02
   510.000   -11.392   1.956632E+02
   510.000   -12.344   2.089967E+02
   510.000   -13.297   2.219009E+02
   510.000   -14.249   2.342715E+02
   510.000   -15.593   2.511388E+02
   510.000   -18.059   2.801306E+02
   509.000   -19.340   2.942747E+02
   510.000   -22.369   3.265301E+02
   510.000   -23.774   3.444782E+02
   510.000   -24.779   3.570115E+02
   510.000   -27.584   3.901955E+02
   510.000   -29.489   4.115309E+02
   510.000   -31.394   4.318374E+02
   510.000   -33.299   4.511171E+02
   510.000   -36.105   4.777062E+02
   510.000   -38.061   4.953843E+02
   510.000   -40.918   5.211248E+02
   510.000   -43.776   5.468421E+02
   510.000   -46.633   5.724692E+02
   510.000   -49.491   5.980294E+02
   510.000   -52.348   6.235058E+02
   510.000   -55.205   6.489063E+02
   510.000   -58.063   6.742366E+02
   510.000   -60.920   6.994755E+02
   510.000   -63.778   7.246362E+02
   510.000   -66.635   7.496965E+02
   510.000   -71.397   7.912526E+02
   510.000   -76.160   8.325271E+02
   510.000   -80.922   8.734802E+02
   510.000   -85.684   9.140996E+02
   510.000   -90.447   9.543733E+02
   510.000   -95.209   9.942656E+02
   510.000   -99.972   1.033776E+03
   510.000  -104.734   1.072875E+03
   510.000  -109.496   1.111560E+03
   510.000  -114.259   1.149835E+03
   510.000  -119.021   1.187686E+03
   510.000  -123.783   1.225136E+03
   510.000  -128.546   1.262214E+03
   510.000  -133.308   1.298969E+03
   510.000  -136.054   1.320000E+03
   510.000  -142.833   1.333558E+03
   510.000  -147.595   1.343082E+03
   510.000  -152.357   1.352606E+03
   510.000  -157.120   1.362132E+03
   510.000  -161.882   1.371656E+03
   510.000  -166.645   1.381182E+03
   510.000  -171.407   1.390706E+03
   510.000  -176.169   1.400062E+03
   510.000  -180.932   1.402614E+03
   510.000  -185.694   1.405166E+03
   510.000  -190.456   1.407717E+03
   510.000  -195.219   1.410269E+03
   510.000  -199.981   1.412821E+03
   510.000  -204.743   1.415373E+03
   510.000  -209.506   1.417925E+03
   510.000  -214.268   1.420477E+03
   510.000  -219.030   1.423028E+03
   510.000  -228.555   1.428132E+03
   510.000  -238.080   1.433236E+03
   510.000  -247.605   1.438340E+03
   510.000  -257.129   1.443444E+03
   510.000  -266.654   1.448547E+03
   510.000  -276.179   1.453651E+03
   510.000  -285.703   1.458755E+03
   510.000  -290.466   1.461307E+03
   510.000  -295.228   1.463859E+03
   510.000  -299.991   1.466411E+03
   510.000  -304.753   1.468963E+03
   510.000  -314.278   1.474066E+03
   510.000  -323.802   1.479170E+03
   510.000  -333.327   1.484274E+03
   510.000  -342.852   1.489378E+03
   510.000  -352.376   1.494481E+03
   510.000  -361.901   1.499585E+03
   510.000  -371.426   1.504689E+03
   510.000  -380.951   1.509793E+03
   510.000  -390.475   1.514896E+03
   510.000  -400.000   1.520000E+03
   515.000    -0.017   0.000000E+00
   517.000    -0.499   1.115516E+01
   515.000    -1.446   2.962644E+01
   515.000    -1.922   3.878095E+01
   515.000    -2.398   4.781528E+01
   515.000    -2.874   5.673072E+01
   515.000    -3.350   6.552829E+01
   515.000    -3.826   7.420898E+01
   515.000    -4.303   8.279150E+01
   515.000    -5.255   9.957455E+01
   515.000    -5.731   1.077942E+02
   515.000    -6.207   1.158999E+02
   515.000    -6.683   1.238919E+02
   515.000    -7.636   1.395526E+02
   515.000    -8.588   1.547453E+02
   515.000    -9.540   1.694877E+02
   515.000   -10.493   1.837959E+02
   515.000   -11.445   1.976406E+02
   515.000   -12.397   2.110377E+02
   515.000   -13.350   2.240012E+02
   515.000   -14.302   2.365046E+02
   516.000   -16.091   2.591423E+02
   515.000   -18.111   2.823674E+02
   515.153   -20.393   3.076887E+02
   516.000   -22.478   3.295786E+02
   515.000   -23.826   3.463539E+02
   515.000   -25.797   3.705646E+02
   515.000   -27.635   3.919179E+02
   515.000   -29.540   4.132155E+02
   515.000   -31.444   4.334743E+02
   515.000   -33.349   4.527427E+02
   515.000   -35.254   4.709220E+02
   516.000   -36.707   4.844041E+02
   515.000   -40.968   5.221436E+02
   515.000   -43.825   5.474679E+02
   515.000   -46.682   5.727405E+02
   515.000   -49.539   5.979601E+02
   515.000   -52.396   6.231232E+02
   515.000   -55.253   6.482250E+02
   515.000   -58.110   6.732592E+02
   515.000   -60.967   6.982192E+02
   515.000   -63.824   7.230980E+02
   515.000   -66.681   7.478890E+02
   515.000   -71.443   7.889992E+02
   515.000   -76.204   8.298077E+02
   515.000   -80.966   8.703036E+02
   515.000   -85.728   9.104520E+02
   515.000   -90.489   9.502208E+02
   515.000   -95.251   9.896048E+02
   515.000  -100.013   1.028577E+03
   515.000  -104.774   1.067113E+03
   515.000  -109.536   1.105220E+03
   515.000  -114.298   1.142887E+03
   515.000  -119.060   1.180122E+03
   515.000  -123.821   1.216946E+03
   515.000  -128.583   1.253434E+03
   515.000  -133.345   1.289690E+03
   515.000  -137.337   1.320000E+03
   515.000  -142.868   1.331062E+03
   515.000  -147.630   1.340586E+03
   515.000  -152.391   1.350108E+03
   515.000  -157.153   1.359632E+03
   515.000  -161.915   1.369156E+03
   515.000  -166.677   1.378680E+03
   515.000  -171.438   1.388202E+03
   515.000  -176.200   1.397726E+03
   515.000  -180.962   1.401954E+03
   515.000  -185.723   1.404519E+03
   515.000  -190.485   1.407086E+03
   515.000  -195.247   1.409652E+03
   515.000  -200.009   1.412219E+03
   515.000  -204.770   1.414784E+03
   515.000  -209.532   1.417351E+03
   515.000  -214.294   1.419917E+03
   515.000  -219.055   1.422483E+03
   515.000  -228.579   1.427616E+03
   515.000  -238.102   1.432748E+03
   515.000  -247.626   1.437881E+03
   515.000  -257.149   1.443013E+03
   515.000  -266.672   1.448145E+03
   515.000  -276.196   1.453278E+03
   515.000  -285.719   1.458410E+03
   515.000  -290.481   1.460977E+03
   515.000  -295.243   1.463543E+03
   515.000  -300.004   1.466109E+03
   515.000  -304.766   1.468675E+03
   515.000  -314.289   1.473808E+03
   515.000  -323.813   1.478940E+03
   515.000  -333.336   1.484073E+03
   515.000  -342.860   1.489205E+03
   515.000  -352.383   1.494338E+03
   515.000  -361.906   1.499470E+03
   515.000  -371.430   1.504603E+03
   515.000  -380.953   1.509735E+03
   515.000  -390.477   1.514868E+03
   515.000  -400.000   1.520000E+03
   520.000     0.053   0.000000E+00
   520.000    -0.430   1.072839E+01
   520.000    -1.376   2.925223E+01
   520.000    -1.852   3.840679E+01
   520.000    -2.328   4.745139E+01
   520.000    -2.805   5.640432E+01
   520.000    -3.281   6.522778E+01
   520.000    -3.757   7.394034E+01
   520.000    -4.233   8.254168E+01
   520.000    -5.186   9.942780E+01
   520.000    -5.662   1.076944E+02
   520.000    -6.138   1.158491E+02
   520.000    -6.615   1.239087E+02
   520.000    -7.567   1.396578E+02
   520.000    -8.520   1.549739E+02
   520.000    -9.472   1.698247E+02
   520.000   -10.425   1.842411E+02
   520.000   -11.377   1.981926E+02
   520.000   -12.330   2.117084E+02
   520.000   -13.282   2.247598E+02
   520.000   -14.235   2.373740E+02
   520.000   -16.276   2.629951E+02
   520.000   -18.045   2.837208E+02
   520.000   -19.950   3.049722E+02
   520.000   -21.222   3.185105E+02
   520.000   -22.934   3.360673E+02
   520.000   -25.665   3.698088E+02
   520.000   -27.245   3.885068E+02
   520.000   -29.475   4.133799E+02
   520.000   -31.380   4.336816E+02
   520.000   -33.285   4.530046E+02
   520.000   -35.190   4.712964E+02
   520.000   -37.466   4.919932E+02
   520.000   -40.905   5.220809E+02
   520.000   -43.762   5.470244E+02
   520.000   -46.620   5.719571E+02
   520.000   -49.477   5.968572E+02
   520.000   -52.335   6.217333E+02
   520.000   -55.192   6.465573E+02
   520.000   -58.050   6.713358E+02
   520.000   -60.907   6.960407E+02
   520.000   -63.765   7.206792E+02
   520.000   -66.623   7.452331E+02
   520.000   -71.385   7.859369E+02
   520.000   -76.148   8.263515E+02
   520.000   -80.910   8.664257E+02
   520.000   -85.673   9.061456E+02
   520.000   -90.435   9.454664E+02
   520.000   -95.198   9.843794E+02
   520.000   -99.960   1.022846E+03
   520.000  -104.723   1.060864E+03
   520.000  -109.485   1.098405E+03
   520.000  -114.248   1.135478E+03
   520.000  -119.010   1.172074E+03
   520.000  -123.773   1.208237E+03
   520.000  -128.535   1.244025E+03
   520.000  -133.298   1.279646E+03
   519.000  -138.363   1.320000E+03
   520.000  -142.823   1.328920E+03
   520.000  -147.586   1.338446E+03
   520.000  -152.348   1.347970E+03
   520.000  -157.111   1.357496E+03
   520.000  -161.873   1.367020E+03
   520.000  -166.636   1.376546E+03
   520.000  -171.398   1.386070E+03
   520.000  -176.161   1.395596E+03
   520.000  -180.923   1.401386E+03
   520.000  -185.686   1.403965E+03
   520.000  -190.448   1.406543E+03
   520.000  -195.211   1.409122E+03
   520.000  -199.974   1.411701E+03
   520.000  -204.736   1.414279E+03
   520.000  -209.499   1.416858E+03
   520.000  -214.261   1.419436E+03
   520.000  -219.024   1.422015E+03
   520.000  -228.549   1.427172E+03
   520.000  -238.074   1.432329E+03
   520.000  -247.599   1.437486E+03
   520.000  -257.124   1.442643E+03
   520.000  -266.649   1.447800E+03
   520.000  -276.174   1.452957E+03
   520.000  -285.699   1.458114E+03
   520.000  -290.462   1.460693E+03
   520.000  -295.224   1.463272E+03
   520.000  -299.987   1.465850E+03
   520.000  -304.749   1.468429E+03
   520.000  -314.274   1.473586E+03
   520.000  -323.799   1.478743E+03
   520.000  -333.325   1.483900E+03
   520.000  -342.850   1.489058E+03
   520.000  -352.375   1.494215E+03
   520.000  -361.900   1.499372E+03
   520.000  -371.425   1.504529E+03
   520.000  -380.950   1.509686E+03
   520.000  -390.475   1.514843E+03
   520.000  -400.000   1.520000E+03
   525.000     0.107   0.000000E+00
   525.000    -0.314   9.430562E+00
   525.000    -1.322   2.924051E+01
   525.000    -1.798   3.843135E+01
   525.000    -2.275   4.753781E+01
   525.000    -2.751   5.651971E+01
   525.000    -3.227   6.539459E+01
   525.000    -3.704   7.417948E+01
   525.000    -4.180   8.283650E+01
   525.000    -5.132   9.981919E+01
   525.000    -5.609   1.081609E+02
   525.000    -6.085   1.163732E+02
   525.000    -6.561   1.244731E+02
   525.000    -7.514   1.403517E+02
   525.000    -8.467   1.557785E+02
   525.000    -9.419   1.707374E+02
   525.000   -10.372   1.852600E+02
   525.000   -11.325   1.993310E+02
   525.000   -12.277   2.129369E+02
   525.000   -13.230   2.261073E+02
   525.000   -14.183   2.388288E+02
   525.000   -16.506   2.680139E+02
   525.000   -17.993   2.854182E+02
   525.000   -19.898   3.067589E+02
   525.000   -22.078   3.298952E+02
   525.000   -23.505   3.442662E+02
   525.000   -25.614   3.701318E+02
   525.000   -27.519   3.923185E+02
   524.000   -29.297   4.121576E+02
   527.153   -31.342   4.340706E+02
   525.000   -33.235   4.529860E+02
   525.000   -35.141   4.713870E+02
   525.000   -38.414   5.010937E+02
   525.000   -40.856   5.220024E+02
   525.000   -43.714   5.465485E+02
   525.000   -46.572   5.711434E+02
   525.000   -49.430   5.957584E+02
   525.000   -52.288   6.203699E+02
   525.000   -55.146   6.449574E+02
   525.000   -58.004   6.695033E+02
   525.000   -60.862   6.939922E+02
   525.000   -63.720   7.184104E+02
   525.000   -66.578   7.427455E+02
   525.000   -71.341   7.830923E+02
   525.000   -76.104   8.231328E+02
   525.000   -80.867   8.628272E+02
   525.000   -85.630   9.021404E+02
   525.000   -90.393   9.410403E+02
   525.000   -95.157   9.795060E+02
   525.000   -99.920   1.017495E+03
   525.000  -104.683   1.054993E+03
   525.000  -109.446   1.091981E+03
   525.000  -114.209   1.128444E+03
   525.000  -118.972   1.164378E+03
   525.000  -123.736   1.199790E+03
   525.000  -128.499   1.234673E+03
   525.000  -133.262   1.269014E+03
   525.000  -138.025   1.302857E+03
   525.000  -140.505   1.320000E+03
   525.000  -147.552   1.334094E+03
   525.000  -152.315   1.343620E+03
   525.000  -157.078   1.353146E+03
   525.000  -161.841   1.362672E+03
   525.000  -166.604   1.372198E+03
   525.000  -171.367   1.381724E+03
   525.000  -176.131   1.391252E+03
   525.000  -180.894   1.400213E+03
   525.000  -185.657   1.402817E+03
   525.000  -190.420   1.405421E+03
   525.000  -195.183   1.408025E+03
   525.000  -199.947   1.410629E+03
   525.000  -204.710   1.413233E+03
   525.000  -209.473   1.415837E+03
   525.000  -214.236   1.418441E+03
   525.000  -218.999   1.421045E+03
   525.000  -228.526   1.426254E+03
   525.000  -238.052   1.431461E+03
   525.000  -247.578   1.436669E+03
   525.000  -257.105   1.441878E+03
   525.000  -266.631   1.447086E+03
   525.000  -276.157   1.452294E+03
   525.000  -285.684   1.457502E+03
   525.000  -290.447   1.460106E+03
   525.000  -295.210   1.462710E+03
   525.000  -299.973   1.465314E+03
   525.000  -304.736   1.467918E+03
   525.000  -314.263   1.473127E+03
   525.000  -323.789   1.478335E+03
   525.000  -333.316   1.483543E+03
   525.000  -342.842   1.488751E+03
   525.000  -352.368   1.493959E+03
   525.000  -361.895   1.499168E+03
   525.000  -371.421   1.504376E+03
   525.000  -380.947   1.509584E+03
   525.000  -390.474   1.514792E+03
   525.000  -400.000   1.520000E+03
   530.000     0.075   0.000000E+00
   530.000    -0.199   6.442138E+00
   530.000    -1.354   3.002279E+01
   530.000    -1.830   3.949231E+01
   530.000    -2.306   4.881873E+01
   530.000    -2.783   5.802503E+01
   530.000    -3.259   6.707596E+01
   530.000    -3.735   7.599377E+01
   530.000    -4.212   8.479939E+01
   530.000    -5.164   1.019895E+02
   530.000    -5.640   1.103973E+02
   530.000    -6.117   1.186993E+02
   530.000    -6.593   1.268622E+02
   530.000    -7.545   1.428273E+02
   530.000    -8.498   1.583346E+02
   530.000    -9.451   1.733736E+02
   530.000   -10.403   1.879340E+02
   530.000   -11.356   2.020499E+02
   530.000   -12.308   2.156944E+02
   530.000   -13.261   2.288974E+02
   530.000   -14.213   2.416316E+02
   529.000   -16.691   2.722627E+02
   530.000   -18.024   2.883853E+02
   530.000   -19.929   3.098003E+02
   530.000   -21.834   3.299416E+02
   530.000   -23.571   3.472476E+02
   532.000   -25.052   3.643308E+02
   530.000   -27.549   3.928955E+02
   530.000   -29.454   4.138761E+02
   530.000   -31.359   4.339835E+02
   530.109   -33.260   4.532952E+02
   532.000   -34.487   4.649397E+02
   530.000   -39.363   5.092265E+02
   530.000   -40.885   5.220966E+02
   530.000   -43.743   5.463497E+02
   530.000   -46.600   5.706868E+02
   530.000   -49.458   5.950806E+02
   530.000   -52.316   6.194891E+02
   530.000   -55.173   6.438760E+02
   530.000   -58.031   6.682355E+02
   530.000   -60.889   6.925400E+02
   530.000   -63.746   7.167649E+02
   530.000   -66.604   7.409131E+02
   530.000   -71.367   7.809398E+02
   530.000   -76.130   8.206449E+02
   530.000   -80.893   8.599848E+02
   530.000   -85.655   8.989127E+02
   530.000   -90.418   9.374095E+02
   530.000   -95.181   9.754343E+02
   530.000   -99.944   1.012957E+03
   530.000  -104.707   1.049948E+03
   530.000  -109.469   1.086376E+03
   530.000  -114.232   1.122231E+03
   530.000  -118.995   1.157486E+03
   530.000  -123.758   1.192120E+03
   530.000  -128.521   1.226108E+03
   530.000  -133.283   1.259400E+03
   530.000  -138.046   1.291935E+03
   530.000  -142.290   1.320000E+03
   530.000  -147.572   1.330564E+03
   530.000  -152.335   1.340090E+03
   530.000  -157.097   1.349614E+03
   530.000  -161.860   1.359140E+03
   530.000  -166.623   1.368666E+03
   530.000  -171.386   1.378192E+03
   530.000  -176.149   1.387718E+03
   530.000  -180.911   1.397242E+03
   530.000  -185.674   1.401865E+03
   530.000  -190.437   1.404491E+03
   530.000  -195.200   1.407116E+03
   530.000  -199.963   1.409741E+03
   530.000  -204.725   1.412366E+03
   530.000  -209.488   1.414991E+03
   530.000  -214.251   1.417617E+03
   530.000  -219.014   1.420242E+03
   530.000  -228.539   1.425492E+03
   530.000  -238.065   1.430743E+03
   530.000  -247.590   1.435993E+03
   530.000  -257.116   1.441243E+03
   530.000  -266.642   1.446494E+03
   530.000  -276.167   1.451744E+03
   530.000  -285.693   1.456995E+03
   530.000  -290.456   1.459620E+03
   530.000  -295.218   1.462245E+03
   530.000  -299.981   1.464870E+03
   530.000  -304.744   1.467496E+03
   530.000  -314.270   1.472746E+03
   530.000  -323.795   1.477996E+03
   530.000  -333.321   1.483247E+03
   530.000  -342.846   1.488497E+03
   530.000  -352.372   1.493748E+03
   530.000  -361.898   1.498998E+03
   530.000  -371.423   1.504249E+03
   530.000  -380.949   1.509499E+03
   530.000  -390.474   1.514749E+03
   530.000  -400.000   1.520000E+03
   535.000     0.313   0.000000E+00
   535.000    -0.084   9.126995E+00
   535.000    -1.117   2.975453E+01
   535.000    -1.593   3.909092E+01
   535.000    -2.070   4.832435E+01
   535.000    -2.546   5.741716E+01
   535.000    -3.023   6.640865E+01
   535.000    -3.500   7.528063E+01
   535.000    -3.976   8.401575E+01
   535.000    -4.929   1.011516E+02
   535.000    -5.406   1.095548E+02
   535.000    -5.882   1.178253E+02
   535.000    -6.359   1.259987E+02
   535.000    -7.312   1.419870E+02
   535.000    -8.265   1.575253E+02
   535.000    -9.218   1.726176E+02
   535.000   -10.171   1.872680E+02
   535.000   -11.125   2.014947E+02
   535.000   -12.078   2.152717E+02
   535.000   -13.031   2.286176E+02
   535.000   -13.984   2.415364E+02
   535.000   -15.890   2.659212E+02
   535.000   -17.029   2.798128E+02
   535.000   -19.703   3.105317E+02
   535.000   -21.609   3.313046E+02
   535.000   -23.515   3.511832E+02
   535.000   -25.421   3.702493E+02
   535.869   -27.273   3.886637E+02
   535.000   -29.234   4.102791E+02
   535.000   -31.140   4.302935E+02
   535.000   -33.046   4.495710E+02
   535.000   -35.464   4.732455E+02
   535.000   -37.812   4.945723E+02
   535.000   -40.312   5.165291E+02
   535.000   -43.531   5.436060E+02
   535.000   -46.390   5.678228E+02
   535.000   -49.250   5.921120E+02
   535.000   -52.109   6.164105E+02
   535.000   -54.968   6.406944E+02
   535.000   -57.828   6.649468E+02
   535.000   -60.687   6.891307E+02
   535.000   -63.546   7.132375E+02
   535.000   -66.406   7.372610E+02
   535.000   -71.171   7.770544E+02
   535.000   -75.937   8.165134E+02
   535.000   -80.703   8.555845E+02
   535.000   -85.468   8.942185E+02
   535.000   -90.234   9.323934E+02
   535.000   -95.000   9.700649E+02
   535.000   -99.765   1.007190E+03
   535.000  -104.531   1.043751E+03
   535.000  -109.297   1.079707E+03
   535.000  -114.062   1.115018E+03
   535.000  -118.828   1.149664E+03
   535.000  -123.593   1.183597E+03
   535.000  -128.359   1.216788E+03
   535.000  -133.125   1.249177E+03
   535.000  -137.890   1.280698E+03
   535.000  -144.075   1.320000E+03
   535.000  -147.422   1.326694E+03
   535.000  -152.187   1.336224E+03
   535.000  -156.953   1.345756E+03
   535.000  -161.718   1.355286E+03
   535.000  -166.484   1.364818E+03
   535.000  -171.250   1.374350E+03
   535.000  -176.015   1.383880E+03
   535.000  -180.781   1.393412E+03
   535.000  -185.547   1.400818E+03
   535.000  -190.312   1.403466E+03
   535.000  -195.078   1.406115E+03
   535.000  -199.844   1.408764E+03
   535.000  -204.609   1.411412E+03
   535.000  -209.375   1.414060E+03
   535.000  -214.140   1.416709E+03
   535.000  -218.906   1.419357E+03
   535.000  -228.437   1.424654E+03
   535.000  -237.969   1.429952E+03
   535.000  -247.500   1.435248E+03
   535.000  -257.031   1.440545E+03
   535.000  -266.562   1.445842E+03
   535.000  -276.094   1.451139E+03
   535.000  -285.625   1.456436E+03
   535.000  -290.390   1.459084E+03
   535.000  -295.156   1.461733E+03
   535.000  -299.922   1.464382E+03
   535.000  -304.687   1.467030E+03
   535.000  -314.219   1.472327E+03
   535.000  -323.750   1.477624E+03
   535.000  -333.281   1.482921E+03
   535.000  -342.812   1.488218E+03
   535.000  -352.344   1.493515E+03
   535.000  -361.875   1.498812E+03
   535.000  -371.406   1.504109E+03
   535.000  -380.937   1.509406E+03
   535.000  -390.469   1.514703E+03
   535.000  -400.000   1.520000E+03
   540.000     0.652   0.000000E+00
   541.000     0.055   1.442296E+01
   540.000    -0.779   2.938062E+01
   540.000    -1.256   3.847336E+01
   540.000    -1.733   4.747079E+01
   540.000    -2.210   5.637197E+01
   540.000    -2.687   6.517595E+01
   540.000    -3.164   7.388197E+01
   540.000    -3.641   8.248932E+01
   540.000    -4.595   9.940576E+01
   540.000    -5.072   1.077133E+02
   540.000    -5.549   1.159199E+02
   540.000    -6.026   1.240250E+02
   540.000    -6.979   1.399130E+02
   540.000    -7.933   1.554080E+02
   540.000    -8.887   1.704911E+02
   540.000    -9.841   1.851608E+02
   540.000   -10.795   1.994158E+02
   540.000   -11.749   2.132553E+02
   540.000   -12.703   2.266788E+02
   540.000   -13.657   2.396856E+02
   540.000   -15.565   2.644413E+02
   540.000   -17.312   2.857509E+02
   540.000   -19.381   3.094951E+02
   540.000   -21.288   3.304335E+02
   540.000   -23.196   3.504682E+02
   540.000   -25.104   3.696174E+02
   540.000   -27.012   3.879252E+02
   538.000   -28.496   4.013045E+02
   540.000   -31.457   4.288835E+02
   541.000   -33.280   4.471448E+02
   542.000   -35.332   4.669059E+02
   542.000   -37.745   4.902556E+02
   540.000   -41.260   5.226884E+02
   540.000   -43.229   5.394238E+02
   540.000   -46.091   5.637684E+02
   540.000   -48.953   5.880999E+02
   540.000   -51.814   6.124016E+02
   540.000   -54.676   6.366714E+02
   540.000   -57.538   6.608824E+02
   540.000   -60.400   6.850185E+02
   540.000   -63.262   7.090647E+02
   540.000   -66.123   7.329993E+02
   540.000   -70.893   7.726490E+02
   540.000   -75.663   8.119286E+02
   540.000   -80.432   8.507853E+02
   540.000   -85.202   8.891934E+02
   540.000   -89.972   9.271047E+02
   540.000   -94.741   9.644724E+02
   540.000   -99.511   1.001273E+03
   540.000  -104.281   1.037461E+03
   540.000  -109.050   1.072987E+03
   540.000  -113.820   1.107827E+03
   540.000  -118.590   1.141928E+03
   540.000  -123.359   1.175236E+03
   540.000  -128.129   1.207712E+03
   540.000  -132.899   1.239287E+03
   540.000  -137.668   1.269876E+03
   540.000  -142.438   1.299480E+03
   540.000  -145.860   1.320000E+03
   540.000  -151.977   1.332234E+03
   540.000  -156.747   1.341774E+03
   540.000  -161.517   1.351314E+03
   540.000  -166.286   1.360852E+03
   540.000  -171.056   1.370392E+03
   540.000  -175.826   1.379932E+03
   540.000  -180.595   1.389470E+03
   540.000  -185.365   1.399010E+03
   540.000  -190.135   1.402396E+03
   540.000  -194.904   1.405068E+03
   540.000  -199.674   1.407741E+03
   540.000  -204.444   1.410414E+03
   540.000  -209.213   1.413087E+03
   540.000  -213.983   1.415760E+03
   540.000  -218.753   1.418433E+03
   540.000  -228.292   1.423778E+03
   540.000  -237.831   1.429124E+03
   540.000  -247.371   1.434470E+03
   540.000  -256.910   1.439815E+03
   540.000  -266.449   1.445161E+03
   540.000  -275.989   1.450507E+03
   540.000  -285.528   1.455852E+03
   540.000  -290.298   1.458525E+03
   540.000  -295.067   1.461198E+03
   540.000  -299.837   1.463871E+03
   540.000  -304.607   1.466544E+03
   540.000  -314.146   1.471889E+03
   540.000  -323.685   1.477235E+03
   540.000  -333.225   1.482581E+03
   540.000  -342.764   1.487926E+03
   540.000  -352.303   1.493272E+03
   540.000  -361.843   1.498618E+03
   540.000  -371.382   1.503963E+03
   540.000  -380.921   1.509308E+03
   540.000  -390.461   1.514655E+03
   540.000  -400.000   1.520000E+03
   545.000     0.921   0.000000E+00
   545.000     0.110   1.732065E+01
   545.000    -0.511   2.901584E+01
   545.000    -0.988   3.791456E+01
   545.000    -1.465   4.673879E+01
   545.000    -1.943   5.550385E+01
   545.000    -2.420   6.417038E+01
   545.000    -2.897   7.275444E+01
   545.000    -3.375   8.127169E+01
   545.000    -4.329   9.801068E+01
   545.000    -4.806   1.062458E+02
   545.000    -5.284   1.144069E+02
   545.000    -5.761   1.224585E+02
   545.000    -6.716   1.382977E+02
   545.000    -7.670   1.537390E+02
   545.000    -8.625   1.688086E+02
   545.000    -9.579   1.834700E+02
   545.000   -10.534   1.977500E+02
   545.000   -11.488   2.116156E+02
   545.000   -12.443   2.250934E+02
   545.000   -13.398   2.381669E+02
   545.000   -15.307   2.630781E+02
   546.000   -17.650   2.917377E+02
   545.000   -19.125   3.082469E+02
   545.000   -21.034   3.291617E+02
   545.000   -22.943   3.491253E+02
   545.000   -24.852   3.681484E+02
   545.000   -26.762   3.862534E+02
   545.000   -28.671   4.034724E+02
   543.000   -31.457   4.273891E+02
   546.000   -31.544   4.269122E+02
   545.000   -34.398   4.556559E+02
   545.000   -37.262   4.834214E+02
   545.000   -38.710   4.973129E+02
   545.000   -42.209   5.288470E+02
   545.000   -45.853   5.599890E+02
   545.000   -48.717   5.844273E+02
   545.000   -51.581   6.088048E+02
   545.000   -54.444   6.331023E+02
   545.000   -57.308   6.573244E+02
   545.000   -60.172   6.814504E+02
   545.000   -63.035   7.054605E+02
   545.000   -65.899   7.293602E+02
   545.000   -70.672   7.689030E+02
   545.000   -75.445   8.080426E+02
   545.000   -80.218   8.467365E+02
   545.000   -84.991   8.849436E+02
   545.000   -89.764   9.226231E+02
   545.000   -94.536   9.597264E+02
   545.000   -99.309   9.962270E+02
   545.000  -104.082   1.032074E+03
   545.000  -108.855   1.067221E+03
   545.000  -113.628   1.101619E+03
   545.000  -118.401   1.135217E+03
   545.000  -123.174   1.167958E+03
   545.000  -127.946   1.199772E+03
   545.000  -132.719   1.230609E+03
   545.000  -137.492   1.260397E+03
   545.000  -142.265   1.289104E+03
   545.000  -147.645   1.320000E+03
   545.000  -151.811   1.328332E+03
   545.000  -156.584   1.337878E+03
   545.000  -161.357   1.347424E+03
   545.000  -166.129   1.356968E+03
   545.000  -170.902   1.366514E+03
   545.000  -175.675   1.376060E+03
   545.000  -180.448   1.385606E+03
   545.000  -185.221   1.395152E+03
   545.000  -189.994   1.401327E+03
   545.000  -194.767   1.404025E+03
   545.000  -199.540   1.406722E+03
   545.000  -204.312   1.409418E+03
   545.000  -209.085   1.412116E+03
   545.000  -213.858   1.414813E+03
   545.000  -218.631   1.417510E+03
   545.000  -228.177   1.422904E+03
   545.000  -237.722   1.428298E+03
   545.000  -247.268   1.433692E+03
   545.000  -256.814   1.439087E+03
   545.000  -266.360   1.444481E+03
   545.000  -275.905   1.449875E+03
   545.000  -285.451   1.455269E+03
   545.000  -290.224   1.457967E+03
   545.000  -294.997   1.460664E+03
   545.000  -299.770   1.463361E+03
   545.000  -304.543   1.466058E+03
   545.000  -314.088   1.471452E+03
   545.000  -323.634   1.476846E+03
   545.000  -333.180   1.482241E+03
   545.000  -342.726   1.487635E+03
   545.000  -352.271   1.493029E+03
   545.000  -361.817   1.498423E+03
   545.000  -371.363   1.503817E+03
   545.000  -380.909   1.509212E+03
   545.000  -390.454   1.514606E+03
   545.000  -400.000   1.520000E+03
   550.000     0.928   0.000000E+00
   550.000     0.180   1.633342E+01
   550.000    -0.504   2.944014E+01
   550.000    -0.981   3.846009E+01
   550.000    -1.458   4.738539E+01
   550.000    -1.936   5.623454E+01
   550.000    -2.413   6.497048E+01
   550.000    -2.890   7.361160E+01
   550.000    -3.368   8.217549E+01
   550.000    -4.322   9.898106E+01
   550.000    -4.800   1.072571E+02
   550.000    -5.277   1.154192E+02
   550.000    -5.754   1.234845E+02
   550.000    -6.709   1.393393E+02
   550.000    -7.663   1.547851E+02
   550.000    -8.618   1.698512E+02
   550.000    -9.572   1.845031E+02
   550.000   -10.527   1.987690E+02
   550.000   -11.482   2.126310E+02
   550.000   -12.436   2.260729E+02
   550.000   -13.391   2.391209E+02
   550.000   -15.300   2.639730E+02
   550.000   -17.852   2.947342E+02
   550.000   -19.118   3.089838E+02
   550.000   -21.028   3.296829E+02
   550.000   -22.937   3.493773E+02
   550.000   -24.846   3.680648E+02
   550.000   -26.755   3.857267E+02
   550.000   -28.664   4.023346E+02
   551.000   -31.409   4.239756E+02
   550.000   -32.483   4.346806E+02
   550.000   -34.392   4.531205E+02
   550.000   -37.256   4.805176E+02
   550.000   -40.317   5.094449E+02
   550.000   -43.157   5.349619E+02
   550.000   -45.847   5.580779E+02
   550.000   -48.711   5.826577E+02
   550.000   -51.574   6.071073E+02
   550.000   -54.438   6.314659E+02
   550.000   -57.302   6.557141E+02
   550.000   -60.166   6.798424E+02
   550.000   -63.030   7.038421E+02
   550.000   -65.893   7.276965E+02
   550.000   -70.666   7.671416E+02
   550.000   -75.439   8.061457E+02
   550.000   -80.212   8.446703E+02
   550.000   -84.985   8.826763E+02
   550.000   -89.758   9.201233E+02
   550.000   -94.531   9.569691E+02
   550.000   -99.304   9.931694E+02
   550.000  -104.077   1.028677E+03
   550.000  -108.850   1.063441E+03
   550.000  -113.623   1.097407E+03
   550.000  -118.396   1.130513E+03
   550.000  -123.169   1.162695E+03
   550.000  -127.942   1.193880E+03
   550.000  -132.715   1.223992E+03
   550.000  -137.488   1.252955E+03
   550.000  -142.261   1.280697E+03
   550.000  -147.034   1.307192E+03
   550.000  -149.430   1.320000E+03
   550.000  -156.579   1.334298E+03
   550.000  -161.352   1.343844E+03
   550.000  -166.125   1.353390E+03
   550.000  -170.898   1.362936E+03
   550.000  -175.671   1.372482E+03
   550.000  -180.444   1.382028E+03
   550.000  -185.217   1.391574E+03
   550.000  -189.990   1.400319E+03
   550.000  -194.763   1.403039E+03
   550.000  -199.536   1.405759E+03
   550.000  -204.309   1.408479E+03
   550.000  -209.082   1.411199E+03
   550.000  -213.855   1.413919E+03
   550.000  -218.628   1.416639E+03
   550.000  -228.174   1.422079E+03
   550.000  -237.720   1.427520E+03
   550.000  -247.266   1.432960E+03
   550.000  -256.811   1.438399E+03
   550.000  -266.357   1.443839E+03
   550.000  -275.903   1.449279E+03
   550.000  -285.449   1.454719E+03
   550.000  -290.222   1.457440E+03
   550.000  -294.995   1.460160E+03
   550.000  -299.768   1.462880E+03
   550.000  -304.541   1.465600E+03
   550.000  -314.087   1.471040E+03
   550.000  -323.633   1.476480E+03
   550.000  -333.179   1.481920E+03
   550.000  -342.725   1.487360E+03
   550.000  -352.270   1.492800E+03
   550.000  -361.816   1.498240E+03
   550.000  -371.362   1.503680E+03
   550.000  -380.908   1.509120E+03
   550.000  -390.454   1.514560E+03
   550.000  -400.000   1.520000E+03
   555.000     0.875   0.000000E+00
   555.000     0.249   1.379686E+01
   555.000    -0.557   2.940400E+01
   555.000    -1.034   3.850517E+01
   555.000    -1.511   4.751095E+01
   555.000    -1.988   5.642007E+01
   555.000    -2.466   6.524998E+01
   555.000    -2.943   7.396290E+01
   555.000    -3.420   8.257666E+01
   555.000    -4.375   9.952212E+01
   555.000    -4.852   1.078353E+02
   555.000    -5.329   1.160474E+02
   555.000    -5.806   1.241583E+02
   555.000    -6.761   1.400917E+02
   555.000    -7.715   1.556004E+02
   555.000    -8.670   1.707155E+02
   555.000    -9.624   1.854041E+02
   555.000   -10.579   1.996957E+02
   555.000   -11.533   2.135594E+02
   555.000   -12.488   2.270234E+02
   555.000   -13.442   2.400587E+02
   555.000   -15.351   2.648936E+02
   555.000   -18.104   2.978061E+02
   555.000   -19.169   3.096863E+02
   555.000   -21.078   3.302018E+02
   555.000   -22.987   3.496889E+02
   555.000   -24.896   3.681372E+02
   555.000   -26.804   3.855223E+02
   555.000   -28.713   4.018408E+02
   555.000   -31.436   4.232526E+02
   555.000   -33.380   4.417743E+02
   555.000   -34.440   4.518220E+02
   555.000   -37.304   4.788245E+02
   555.000   -40.167   5.055234E+02
   555.000   -41.925   5.217833E+02
   555.000   -44.106   5.411723E+02
   555.000   -48.757   5.813605E+02
   555.000   -51.621   6.059374E+02
   555.000   -54.484   6.303706E+02
   555.000   -57.347   6.546626E+02
   555.000   -60.211   6.788172E+02
   555.000   -63.074   7.028127E+02
   555.000   -65.938   7.266608E+02
   555.000   -70.710   7.660368E+02
   555.000   -75.482   8.049341E+02
   555.000   -80.254   8.433191E+02
   555.000   -85.027   8.811627E+02
   555.000   -89.799   9.184096E+02
   555.000   -94.571   9.550249E+02
   555.000   -99.344   9.909701E+02
   555.000  -104.116   1.026180E+03
   555.000  -108.888   1.060607E+03
   555.000  -113.661   1.094198E+03
   555.000  -118.433   1.126871E+03
   555.000  -123.205   1.158557E+03
   555.000  -127.978   1.189181E+03
   555.000  -132.750   1.218636E+03
   555.000  -137.522   1.246835E+03
   555.000  -142.295   1.273693E+03
   555.000  -147.067   1.299136E+03
   555.000  -151.215   1.320000E+03
   555.000  -156.612   1.330794E+03
   555.000  -161.384   1.340338E+03
   555.000  -166.156   1.349882E+03
   555.000  -170.929   1.359428E+03
   555.000  -175.701   1.368972E+03
   555.000  -180.473   1.378516E+03
   555.000  -185.246   1.388062E+03
   555.000  -190.018   1.397606E+03
   555.000  -194.790   1.402055E+03
   555.000  -199.563   1.404798E+03
   555.000  -204.335   1.407541E+03
   555.000  -209.107   1.410283E+03
   555.000  -213.879   1.413026E+03
   555.000  -218.652   1.415770E+03
   555.000  -228.196   1.421255E+03
   555.000  -237.741   1.426741E+03
   555.000  -247.286   1.432227E+03
   555.000  -256.830   1.437712E+03
   555.000  -266.375   1.443199E+03
   555.000  -275.920   1.448685E+03
   555.000  -285.464   1.454170E+03
   555.000  -290.237   1.456913E+03
   555.000  -295.009   1.459656E+03
   555.000  -299.781   1.462399E+03
   555.000  -304.554   1.465142E+03
   555.000  -314.098   1.470627E+03
   555.000  -323.643   1.476114E+03
   555.000  -333.188   1.481600E+03
   555.000  -342.732   1.487085E+03
   555.000  -352.277   1.492571E+03
   555.000  -361.821   1.498056E+03
   555.000  -371.366   1.503542E+03
   555.000  -380.911   1.509029E+03
   555.000  -390.455   1.514514E+03
   555.000  -400.000   1.520000E+03
   560.000     0.718   0.000000E+00
   560.000     0.318   9.152416E+00
   560.000    -0.713   2.971962E+01
   560.000    -1.190   3.903419E+01
   560.000    -1.667   4.822413E+01
   560.000    -2.144   5.729247E+01
   560.000    -2.621   6.624176E+01
   560.000    -3.098   7.507420E+01
   560.000    -3.575   8.379162E+01
   560.000    -4.529   1.008866E+02
   560.000    -5.007   1.092846E+02
   560.000    -5.484   1.175546E+02
   560.000    -5.961   1.257153E+02
   560.000    -6.915   1.417108E+02
   560.000    -7.869   1.572752E+02
   560.000    -8.823   1.724111E+02
   560.000    -9.777   1.871207E+02
   560.000   -10.731   2.014050E+02
   560.000   -11.685   2.152649E+02
   560.000   -12.639   2.287008E+02
   560.000   -13.593   2.417127E+02
   560.000   -15.502   2.664803E+02
   560.000   -18.357   3.003770E+02
   560.000   -19.318   3.109811E+02
   560.000   -21.226   3.313853E+02
   560.000   -23.134   3.506665E+02
   560.000   -25.042   3.689180E+02
   560.000   -26.951   3.861390E+02
   560.000   -28.859   4.023062E+02
   560.000   -31.470   4.227307E+02
   560.000   -32.675   4.341270E+02
   560.000   -35.844   4.637724E+02
   560.000   -37.446   4.786258E+02
   560.000   -40.308   5.049023E+02
   560.000   -43.170   5.307705E+02
   561.000   -45.244   5.489221E+02
   560.000   -48.895   5.810073E+02
   560.000   -51.757   6.057116E+02
   560.000   -54.619   6.302307E+02
   560.000   -57.482   6.545828E+02
   560.000   -60.344   6.787548E+02
   560.000   -63.206   7.027558E+02
   560.000   -66.068   7.265839E+02
   560.000   -70.839   7.659147E+02
   560.000   -75.609   8.047243E+02
   560.000   -80.380   8.429996E+02
   560.000   -85.150   8.806899E+02
   560.000   -89.921   9.177722E+02
   560.000   -94.691   9.541882E+02
   560.000   -99.462   9.899057E+02
   560.000  -104.232   1.024858E+03
   560.000  -109.002   1.058993E+03
   560.000  -113.773   1.092254E+03
   560.000  -118.543   1.124553E+03
   560.000  -123.314   1.155819E+03
   560.000  -128.084   1.185943E+03
   560.000  -132.855   1.214827E+03
   560.000  -137.625   1.242333E+03
   560.000  -142.396   1.268341E+03
   560.000  -147.166   1.292714E+03
   560.000  -153.000   1.320000E+03
   560.000  -156.707   1.327414E+03
   560.000  -161.477   1.336954E+03
   560.000  -166.248   1.346496E+03
   560.000  -171.018   1.356036E+03
   560.000  -175.789   1.365578E+03
   560.000  -180.559   1.375118E+03
   560.000  -185.330   1.384660E+03
   560.000  -190.100   1.394200E+03
   560.000  -194.871   1.401085E+03
   560.000  -199.641   1.403850E+03
   560.000  -204.411   1.406615E+03
   560.000  -209.182   1.409381E+03
   560.000  -213.952   1.412146E+03
   560.000  -218.723   1.414912E+03
   560.000  -228.264   1.420443E+03
   560.000  -237.805   1.425974E+03
   560.000  -247.346   1.431505E+03
   560.000  -256.886   1.437035E+03
   560.000  -266.427   1.442566E+03
   560.000  -275.968   1.448097E+03
   560.000  -285.509   1.453628E+03
   560.000  -290.280   1.456394E+03
   560.000  -295.050   1.459159E+03
   560.000  -299.821   1.461925E+03
   560.000  -304.591   1.464690E+03
   560.000  -314.132   1.470221E+03
   560.000  -323.673   1.475752E+03
   560.000  -333.214   1.481283E+03
   560.000  -342.755   1.486814E+03
   560.000  -352.295   1.492345E+03
   560.000  -361.836   1.497876E+03
   560.000  -371.377   1.503407E+03
   560.000  -380.918   1.508938E+03
   560.000  -390.459   1.514469E+03
   560.000  -400.000   1.520000E+03
   565.000     0.715   0.000000E+00
   565.000     0.243   1.046811E+01
   565.000    -0.716   2.915796E+01
   565.000    -1.193   3.831906E+01
   565.000    -1.670   4.738938E+01
   565.000    -2.147   5.636616E+01
   565.000    -2.624   6.524713E+01
   565.000    -3.101   7.403038E+01
   565.000    -3.578   8.271431E+01
   565.000    -4.532   9.977964E+01
   565.000    -5.010   1.081762E+02
   565.000    -5.487   1.164518E+02
   565.000    -5.964   1.246234E+02
   565.000    -6.918   1.406524E+02
   565.000    -7.872   1.562606E+02
   565.000    -8.826   1.714457E+02
   565.000    -9.780   1.862064E+02
   565.000   -10.734   2.005419E+02
   565.000   -11.688   2.144516E+02
   565.000   -12.642   2.279354E+02
   565.000   -13.596   2.409932E+02
   565.000   -15.504   2.658275E+02
   565.000   -17.413   2.888094E+02
   566.000   -18.660   3.028721E+02
   565.000   -21.229   3.306106E+02
   565.000   -23.137   3.498788E+02
   565.000   -25.045   3.680904E+02
   565.000   -26.953   3.852441E+02
   565.000   -28.862   4.013454E+02
   565.030   -30.803   4.165495E+02
   567.000   -32.958   4.370618E+02
   565.000   -34.586   4.520090E+02
   565.000   -38.308   4.858555E+02
   565.000   -40.311   5.039213E+02
   565.000   -43.173   5.295313E+02
   565.000   -46.035   5.548471E+02
   565.000   -48.897   5.798692E+02
   565.000   -51.760   6.046737E+02
   565.000   -54.622   6.292647E+02
   565.000   -57.484   6.536629E+02
   565.000   -60.346   6.778746E+02
   565.000   -63.209   7.019107E+02
   565.000   -66.071   7.257539E+02
   565.000   -70.841   7.650762E+02
   565.000   -75.612   8.038679E+02
   565.000   -80.382   8.420853E+02
   565.000   -85.153   8.797110E+02
   565.000   -89.923   9.166914E+02
   565.000   -94.693   9.529916E+02
   565.000   -99.464   9.885711E+02
   565.000  -104.234   1.023362E+03
   565.000  -109.005   1.057318E+03
   565.000  -113.775   1.090358E+03
   565.000  -118.545   1.122411E+03
   565.000  -123.316   1.153392E+03
   565.000  -128.086   1.183181E+03
   565.000  -132.857   1.211661E+03
   565.000  -137.627   1.238663E+03
   565.000  -142.398   1.263993E+03
   565.000  -147.168   1.287376E+03
   565.000  -151.938   1.308574E+03
   565.000  -154.785   1.320000E+03
   565.000  -161.479   1.333388E+03
   565.000  -166.250   1.342930E+03
   565.000  -171.020   1.352470E+03
   565.000  -175.790   1.362010E+03
   565.000  -180.561   1.371552E+03
   565.000  -185.331   1.381092E+03
   565.000  -190.102   1.390634E+03
   565.000  -194.872   1.400051E+03
   565.000  -199.643   1.402841E+03
   565.000  -204.413   1.405630E+03
   565.000  -209.183   1.408419E+03
   565.000  -213.954   1.411209E+03
   565.000  -218.724   1.413998E+03
   565.000  -228.265   1.419578E+03
   565.000  -237.806   1.425157E+03
   565.000  -247.347   1.430736E+03
   565.000  -256.888   1.436315E+03
   565.000  -266.428   1.441893E+03
   565.000  -275.969   1.447473E+03
   565.000  -285.510   1.453052E+03
   565.000  -290.280   1.455841E+03
   565.000  -295.051   1.458631E+03
   565.000  -299.821   1.461420E+03
   565.000  -304.592   1.464210E+03
   565.000  -314.133   1.469789E+03
   565.000  -323.673   1.475368E+03
   565.000  -333.214   1.480947E+03
   565.000  -342.755   1.486526E+03
   565.000  -352.296   1.492105E+03
   565.000  -361.837   1.497684E+03
   565.000  -371.378   1.503263E+03
   565.000  -380.918   1.508842E+03
   565.000  -390.459   1.514421E+03
   565.000  -400.000   1.520000E+03
   570.000     0.537   0.000000E+00
   570.000     0.167   8.453401E+00
   570.000    -0.893   2.960671E+01
   570.000    -1.370   3.893347E+01
   570.000    -1.847   4.814344E+01
   570.000    -2.324   5.723793E+01
   570.000    -2.801   6.621808E+01
   570.000    -3.278   7.508477E+01
   570.000    -3.754   8.382051E+01
   570.000    -4.708   1.009931E+02
   570.000    -5.185   1.094127E+02
   570.000    -5.662   1.177217E+02
   570.000    -6.139   1.259204E+02
   570.000    -7.092   1.419713E+02
   570.000    -8.046   1.576010E+02
   570.000    -9.000   1.727938E+02
   570.000    -9.953   1.875356E+02
   570.000   -10.907   2.018580E+02
   570.000   -11.861   2.157463E+02
   570.000   -12.814   2.291870E+02
   570.000   -13.768   2.422090E+02
   570.000   -15.675   2.669446E+02
   570.000   -17.583   2.899723E+02
   570.000   -18.632   3.018489E+02
   570.000   -21.397   3.314020E+02
   570.000   -23.304   3.505448E+02
   570.000   -25.212   3.686323E+02
   570.000   -27.119   3.856482E+02
   570.000   -29.026   4.016056E+02
   570.000   -30.143   4.104011E+02
   570.000   -33.288   4.402677E+02
   570.000   -34.748   4.534851E+02
   570.000   -37.609   4.792712E+02
   570.000   -40.771   5.075716E+02
   570.000   -43.331   5.302998E+02
   570.000   -46.192   5.555168E+02
   570.000   -49.053   5.805239E+02
   570.000   -51.914   6.053272E+02
   570.000   -54.775   6.299342E+02
   570.000   -57.636   6.543494E+02
   570.000   -60.497   6.785754E+02
   570.000   -63.358   7.026124E+02
   570.000   -66.219   7.264588E+02
   570.000   -70.987   7.657708E+02
   570.000   -75.756   8.045335E+02
   570.000   -80.524   8.427036E+02
   570.000   -85.292   8.802568E+02
   570.000   -90.061   9.171629E+02
   570.000   -94.829   9.533642E+02
   570.000   -99.597   9.888206E+02
   570.000  -104.366   1.023486E+03
   570.000  -109.134   1.057286E+03
   570.000  -113.902   1.090158E+03
   570.000  -118.670   1.122023E+03
   570.000  -123.439   1.152794E+03
   570.000  -128.207   1.182346E+03
   570.000  -132.975   1.210545E+03
   570.000  -137.744   1.237218E+03
   570.000  -142.512   1.262104E+03
   570.000  -147.280   1.284841E+03
   570.000  -152.049   1.304820E+03
   572.000  -157.284   1.320000E+03
   570.000  -161.585   1.328602E+03
   570.000  -166.353   1.338138E+03
   570.000  -171.122   1.347676E+03
   570.000  -175.890   1.357212E+03
   570.000  -180.658   1.366748E+03
   570.000  -185.427   1.376286E+03
   570.000  -190.195   1.385822E+03
   570.000  -194.963   1.395358E+03
   570.000  -199.732   1.401449E+03
   570.000  -204.500   1.404272E+03
   570.000  -209.268   1.407094E+03
   570.000  -214.036   1.409917E+03
   570.000  -218.805   1.412740E+03
   570.000  -228.341   1.418385E+03
   570.000  -237.878   1.424030E+03
   570.000  -247.414   1.429675E+03
   570.000  -256.951   1.435321E+03
   570.000  -266.488   1.440966E+03
   570.000  -276.024   1.446611E+03
   570.000  -285.561   1.452257E+03
   570.000  -290.329   1.455079E+03
   570.000  -295.097   1.457901E+03
   570.000  -299.866   1.460725E+03
   570.000  -304.634   1.463547E+03
   570.000  -314.171   1.469193E+03
   570.000  -323.707   1.474838E+03
   570.000  -333.244   1.480483E+03
   570.000  -342.780   1.486128E+03
   570.000  -352.317   1.491774E+03
   570.000  -361.854   1.497419E+03
   570.000  -371.390   1.503064E+03
   570.000  -380.927   1.508710E+03
   570.000  -390.463   1.514354E+03
   570.000  -400.000   1.520000E+03
   575.000     0.433   0.000000E+00
   575.000     0.092   7.892144E+00
   575.000    -0.997   2.965811E+01
   575.000    -1.474   3.898778E+01
   575.000    -1.951   4.820377E+01
   575.000    -2.427   5.728757E+01
   575.000    -2.904   6.627775E+01
   575.000    -3.381   7.515550E+01
   575.000    -3.857   8.390290E+01
   575.000    -4.811   1.010993E+02
   575.000    -5.287   1.095128E+02
   575.000    -5.764   1.178328E+02
   575.000    -6.241   1.260418E+02
   575.000    -7.194   1.421108E+02
   575.000    -8.148   1.577543E+02
   575.000    -9.101   1.729402E+02
   575.000   -10.055   1.877013E+02
   575.000   -11.008   2.020068E+02
   575.000   -11.961   2.158727E+02
   575.000   -12.915   2.293131E+02
   575.000   -13.868   2.422997E+02
   575.000   -15.775   2.669670E+02
   575.000   -18.597   3.004131E+02
   575.000   -19.589   3.113144E+02
   575.000   -21.495   3.313992E+02
   575.000   -23.402   3.504378E+02
   575.000   -25.309   3.684105E+02
   575.000   -27.216   3.853122E+02
   575.000   -29.480   4.040194E+02
   575.000   -31.030   4.194012E+02
   575.000   -33.839   4.456205E+02
   575.000   -34.843   4.545946E+02
   575.000   -37.703   4.801306E+02
   575.000   -40.564   5.055765E+02
   575.390   -43.427   5.309055E+02
   575.000   -46.284   5.560237E+02
   575.000   -49.144   5.809974E+02
   575.000   -52.005   6.058003E+02
   575.000   -54.865   6.304134E+02
   575.000   -57.725   6.548428E+02
   575.000   -60.585   6.790862E+02
   575.000   -63.446   7.031492E+02
   575.000   -66.306   7.270116E+02
   575.000   -71.073   7.663495E+02
   575.000   -75.840   8.051194E+02
   575.000   -80.607   8.432930E+02
   575.000   -85.374   8.808377E+02
   575.000   -90.141   9.177162E+02
   575.000   -94.908   9.538865E+02
   575.000   -99.675   9.893020E+02
   575.000  -104.442   1.023910E+03
   575.000  -109.209   1.057652E+03
   575.000  -113.976   1.090461E+03
   575.000  -118.743   1.122260E+03
   575.000  -123.511   1.152963E+03
   575.000  -128.278   1.182450E+03
   575.000  -133.045   1.210592E+03
   575.000  -137.812   1.237218E+03
   575.000  -142.579   1.262091E+03
   575.000  -147.346   1.284872E+03
   575.000  -152.113   1.305007E+03
   575.000  -156.370   1.320000E+03
   577.000  -159.734   1.126728E+03
   575.000  -166.414   1.340088E+03
   575.000  -171.181   1.349622E+03
   575.000  -175.948   1.359156E+03
   575.000  -180.715   1.368690E+03
   575.000  -185.482   1.378224E+03
   575.000  -190.249   1.387758E+03
   575.000  -195.016   1.397292E+03
   575.000  -199.784   1.402012E+03
   575.000  -204.551   1.404821E+03
   575.000  -209.318   1.407630E+03
   575.000  -214.085   1.410440E+03
   575.000  -218.852   1.413249E+03
   575.000  -228.386   1.418867E+03
   575.000  -237.920   1.424486E+03
   575.000  -247.454   1.430104E+03
   575.000  -256.988   1.435722E+03
   575.000  -266.522   1.441341E+03
   575.000  -276.056   1.446959E+03
   575.000  -285.591   1.452578E+03
   575.000  -290.358   1.455388E+03
   575.000  -295.125   1.458197E+03
   575.000  -299.892   1.461006E+03
   575.000  -304.659   1.463815E+03
   575.000  -314.193   1.469434E+03
   575.000  -323.727   1.475052E+03
   575.000  -333.261   1.480670E+03
   575.000  -342.795   1.486289E+03
   575.000  -352.329   1.491907E+03
   575.000  -361.864   1.497526E+03
   575.000  -371.398   1.503145E+03
   575.000  -380.932   1.508763E+03
   575.000  -390.466   1.514382E+03
   575.000  -400.000   1.520000E+03
   580.000     0.387   0.000000E+00
   582.000     0.001   7.607390E+00
   580.000    -1.043   2.908232E+01
   580.000    -1.520   3.836989E+01
   580.000    -1.996   4.753534E+01
   580.000    -2.473   5.661580E+01
   580.000    -2.950   6.559063E+01
   580.000    -3.426   7.444037E+01
   580.000    -3.903   8.320137E+01
   580.000    -4.856   1.003808E+02
   580.000    -5.333   1.088162E+02
   580.000    -5.809   1.171248E+02
   580.000    -6.286   1.253411E+02
   580.000    -7.239   1.414269E+02
   580.000    -8.193   1.570887E+02
   580.000    -9.146   1.722929E+02
   580.000   -10.099   1.870557E+02
   580.000   -11.053   2.013921E+02
   580.000   -12.006   2.152721E+02
   580.000   -12.959   2.287113E+02
   580.000   -13.913   2.417235E+02
   580.000   -15.819   2.663985E+02
   580.000   -18.562   2.988080E+02
   580.000   -19.632   3.105832E+02
   580.000   -21.539   3.306974E+02
   580.000   -23.446   3.497216E+02
   580.000   -25.352   3.676465E+02
   580.000   -27.259   3.844860E+02
   578.000   -29.082   4.000039E+02
   580.000   -31.072   4.199981E+02
   580.000   -33.839   4.457693E+02
   580.000   -34.885   4.551063E+02
   580.000   -37.745   4.805896E+02
   580.000   -40.605   5.059766E+02
   580.000   -43.465   5.312430E+02
   580.000   -45.699   5.508886E+02
   580.000   -49.185   5.813367E+02
   580.000   -52.045   6.061490E+02
   580.000   -54.905   6.307884E+02
   580.000   -57.764   6.552425E+02
   580.000   -60.624   6.795234E+02
   580.000   -63.484   7.036177E+02
   580.000   -66.344   7.275205E+02
   580.000   -71.111   7.669230E+02
   580.000   -75.877   8.057445E+02
   580.000   -80.644   8.439715E+02
   580.000   -85.410   8.815547E+02
   580.000   -90.177   9.184732E+02
   580.000   -94.943   9.546706E+02
   580.000   -99.710   9.901171E+02
   580.000  -104.476   1.024748E+03
   580.000  -109.243   1.058521E+03
   580.000  -114.009   1.091361E+03
   580.000  -118.776   1.123208E+03
   580.000  -123.542   1.153967E+03
   580.000  -128.309   1.183554E+03
   580.000  -133.075   1.211841E+03
   580.000  -137.842   1.238702E+03
   580.000  -142.608   1.263956E+03
   580.000  -147.375   1.287415E+03
   580.000  -152.141   1.308887E+03
   580.000  -154.846   1.320000E+03
   580.000  -158.780   1.127868E+03
   580.000  -162.580   1.135468E+03
   580.000  -171.207   1.352722E+03
   580.000  -175.974   1.362256E+03
   580.000  -180.740   1.371788E+03
   580.000  -185.507   1.381322E+03
   580.000  -190.273   1.390854E+03
   580.000  -195.040   1.400113E+03
   580.000  -199.807   1.402902E+03
   580.000  -204.573   1.405690E+03
   580.000  -209.340   1.408478E+03
   580.000  -214.106   1.411266E+03
   580.000  -218.873   1.414054E+03
   580.000  -228.406   1.419630E+03
   580.000  -237.939   1.425206E+03
   580.000  -247.472   1.430782E+03
   580.000  -257.005   1.436358E+03
   580.000  -266.538   1.441935E+03
   580.000  -276.071   1.447511E+03
   580.000  -285.604   1.453087E+03
   580.000  -290.370   1.455875E+03
   580.000  -295.137   1.458663E+03
   580.000  -299.903   1.461451E+03
   580.000  -304.670   1.464239E+03
   580.000  -314.203   1.469815E+03
   580.000  -323.736   1.475391E+03
   580.000  -333.269   1.480967E+03
   580.000  -342.802   1.486543E+03
   580.000  -352.335   1.492119E+03
   580.000  -361.868   1.497696E+03
   580.000  -371.401   1.503272E+03
   580.000  -380.934   1.508848E+03
   580.000  -390.467   1.514424E+03
   580.000  -400.000   1.520000E+03
   585.000     0.233   0.000000E+00
   585.000    -0.039   6.383378E+00
   585.000    -1.196   2.972964E+01
   585.000    -1.673   3.913917E+01
   585.000    -2.149   4.840487E+01
   585.000    -2.626   5.756746E+01
   585.000    -3.102   6.659004E+01
   585.000    -3.579   7.551190E+01
   585.000    -4.055   8.429671E+01
   585.000    -5.008   1.015330E+02
   585.000    -5.485   1.099858E+02
   585.000    -5.961   1.183058E+02
   585.000    -6.438   1.265283E+02
   585.000    -7.390   1.425971E+02
   585.000    -8.343   1.582290E+02
   585.000    -9.296   1.734094E+02
   585.000   -10.249   1.881403E+02
   585.000   -11.202   2.024233E+02
   585.000   -12.155   2.162596E+02
   585.000   -13.108   2.296503E+02
   585.000   -14.061   2.425963E+02
   585.000   -15.967   2.671595E+02
   585.000   -18.527   2.973353E+02
   585.000   -19.779   3.110922E+02
   585.000   -21.685   3.311259E+02
   585.000   -23.590   3.500600E+02
   585.000   -25.496   3.679206E+02
   585.000   -27.402   3.847069E+02
   585.000   -28.446   3.933647E+02
   585.000   -31.214   4.213251E+02
   585.000   -33.839   4.458417E+02
   585.000   -35.026   4.564660E+02
   585.000   -37.884   4.819686E+02
   585.000   -40.743   5.073661E+02
   585.000   -43.602   5.326397E+02
   585.000   -46.461   5.577810E+02
   586.022   -49.322   5.828695E+02
   585.000   -52.178   6.075853E+02
   585.000   -55.037   6.322579E+02
   585.000   -57.896   6.567551E+02
   585.000   -60.755   6.810740E+02
   585.000   -63.614   7.052083E+02
   585.000   -66.473   7.291518E+02
   585.000   -71.237   7.686137E+02
   585.000   -76.002   8.075088E+02
   585.000   -80.767   8.457981E+02
   585.000   -85.531   8.834405E+02
   585.000   -90.296   9.204160E+02
   585.000   -95.061   9.566772E+02
   585.000   -99.825   9.921741E+02
   585.000  -104.590   1.026875E+03
   585.000  -109.355   1.060720E+03
   585.000  -114.119   1.093646E+03
   585.000  -118.884   1.125604E+03
   585.000  -123.649   1.156514E+03
   585.000  -128.413   1.186292E+03
   585.000  -133.178   1.214859E+03
   585.000  -137.943   1.242111E+03
   585.000  -142.707   1.267938E+03
   585.000  -147.472   1.292247E+03
   585.000  -153.322   1.320000E+03
   585.000  -157.190   1.127736E+03
   585.000  -161.766   1.136888E+03
   585.000  -167.323   1.148002E+03
   585.000  -171.295   1.355946E+03
   585.000  -176.060   1.365476E+03
   585.000  -180.825   1.375006E+03
   585.000  -185.589   1.384534E+03
   585.000  -190.354   1.394064E+03
   585.000  -195.119   1.401043E+03
   585.000  -199.884   1.403810E+03
   585.000  -204.648   1.406576E+03
   585.000  -209.413   1.409343E+03
   585.000  -214.178   1.412109E+03
   585.000  -218.942   1.414875E+03
   585.000  -228.472   1.420409E+03
   585.000  -238.001   1.425941E+03
   585.000  -247.530   1.431474E+03
   585.000  -257.060   1.437007E+03
   585.000  -266.589   1.442540E+03
   585.000  -276.118   1.448072E+03
   585.000  -285.648   1.453606E+03
   585.000  -290.412   1.456372E+03
   585.000  -295.177   1.459138E+03
   585.000  -299.942   1.461905E+03
   585.000  -304.706   1.464671E+03
   585.000  -314.236   1.470204E+03
   585.000  -323.765   1.475737E+03
   585.000  -333.295   1.481270E+03
   585.000  -342.824   1.486803E+03
   585.000  -352.353   1.492336E+03
   585.000  -361.883   1.497869E+03
   585.000  -371.412   1.503401E+03
   585.000  -380.941   1.508934E+03
   585.000  -390.471   1.514467E+03
   585.000  -400.000   1.520000E+03
   590.000     0.224   0.000000E+00
   590.000    -0.106   7.524870E+00
   590.000    -1.205   2.943712E+01
   590.000    -1.682   3.876659E+01
   590.000    -2.158   4.796560E+01
   590.000    -2.635   5.707242E+01
   590.000    -3.111   6.604855E+01
   590.000    -3.588   7.493150E+01
   590.000    -4.064   8.368390E+01
   590.000    -5.017   1.008706E+02
   590.000    -5.493   1.092867E+02
   590.000    -5.970   1.176082E+02
   590.000    -6.446   1.258002E+02
   590.000    -7.399   1.418648E+02
   590.000    -8.352   1.574811E+02
   590.000    -9.305   1.726495E+02
   590.000   -10.258   1.873707E+02
   590.000   -11.211   2.016451E+02
   590.000   -12.164   2.154734E+02
   590.000   -13.117   2.288560E+02
   590.000   -14.070   2.417934E+02
   590.000   -15.976   2.663332E+02
   590.000   -18.492   2.959960E+02
   590.000   -19.787   3.102227E+02
   590.000   -21.693   3.302328E+02
   590.000   -23.599   3.491430E+02
   590.000   -25.505   3.669520E+02
   590.000   -27.992   3.885931E+02
   590.000   -29.316   4.025035E+02
   590.000   -31.222   4.215567E+02
   590.000   -33.839   4.460340E+02
   590.000   -35.034   4.567401E+02
   590.000   -37.893   4.823020E+02
   590.000   -40.751   5.077452E+02
   590.000   -43.610   5.330745E+02
   590.000   -46.469   5.582693E+02
   590.000   -49.328   5.833277E+02
   590.788   -52.189   6.083589E+02
   590.000   -55.045   6.329463E+02
   590.000   -57.904   6.575189E+02
   590.000   -60.763   6.819113E+02
   590.000   -63.621   7.061126E+02
   590.000   -66.480   7.301330E+02
   590.000   -71.245   7.697320E+02
   590.000   -76.009   8.087486E+02
   590.000   -80.774   8.471680E+02
   590.000   -85.538   8.849410E+02
   590.000   -90.303   9.220486E+02
   590.000   -95.067   9.584380E+02
   590.000   -99.832   9.940847E+02
   590.000  -104.597   1.028938E+03
   590.000  -109.361   1.062945E+03
   590.000  -114.126   1.096070E+03
   590.000  -118.890   1.128245E+03
   590.000  -123.655   1.159426E+03
   590.000  -128.419   1.189538E+03
   590.000  -133.184   1.218528E+03
   590.000  -137.949   1.246329E+03
   590.000  -142.713   1.272890E+03
   590.000  -147.478   1.298225E+03
   590.000  -151.798   1.320000E+03
   590.000  -155.600   1.127604E+03
   590.000  -161.771   1.139946E+03
   590.000  -166.536   1.149476E+03
   590.000  -172.066   1.160536E+03
   590.000  -176.065   1.368534E+03
   590.000  -180.830   1.378064E+03
   590.000  -185.594   1.387592E+03
   590.000  -190.359   1.397122E+03
   590.000  -195.123   1.401916E+03
   590.000  -199.888   1.404663E+03
   590.000  -204.653   1.407409E+03
   590.000  -209.417   1.410155E+03
   590.000  -214.182   1.412901E+03
   590.000  -218.946   1.415647E+03
   590.000  -228.475   1.421139E+03
   590.000  -238.005   1.426632E+03
   590.000  -247.534   1.432124E+03
   590.000  -257.063   1.437616E+03
   590.000  -266.592   1.443109E+03
   590.000  -276.121   1.448601E+03
   590.000  -285.650   1.454093E+03
   590.000  -290.415   1.456839E+03
   590.000  -295.179   1.459585E+03
   590.000  -299.944   1.462331E+03
   590.000  -304.709   1.465078E+03
   590.000  -314.238   1.470570E+03
   590.000  -323.767   1.476062E+03
   590.000  -333.296   1.481554E+03
   590.000  -342.825   1.487046E+03
   590.000  -352.354   1.492539E+03
   590.000  -361.883   1.498031E+03
   590.000  -371.413   1.503524E+03
   590.000  -380.942   1.509016E+03
   590.000  -390.471   1.514508E+03
   590.000  -400.000   1.520000E+03
   595.000     0.204   0.000000E+00
   595.000    -0.172   8.552400E+00
   595.000    -1.225   2.948596E+01
   595.000    -1.702   3.879125E+01
   595.000    -2.178   4.796542E+01
   595.000    -2.655   5.704711E+01
   595.000    -3.131   6.599827E+01
   595.000    -3.607   7.483806E+01
   595.000    -4.084   8.358483E+01
   595.000    -5.037   1.007255E+02
   595.000    -5.513   1.091199E+02
   595.000    -5.990   1.174203E+02
   595.000    -6.466   1.255921E+02
   595.000    -7.419   1.416189E+02
   595.000    -8.372   1.572003E+02
   595.000    -9.325   1.723366E+02
   595.000   -10.278   1.870278E+02
   595.000   -11.230   2.012594E+02
   595.000   -12.183   2.150613E+02
   595.000   -13.136   2.284188E+02
   595.000   -14.089   2.413317E+02
   595.000   -15.995   2.658251E+02
   595.000   -18.457   2.948245E+02
   595.000   -19.806   3.096340E+02
   595.000   -21.712   3.296138E+02
   595.000   -23.618   3.484926E+02
   595.000   -25.523   3.662634E+02
   595.000   -27.538   3.838233E+02
   595.000   -29.335   4.027573E+02
   595.000   -31.241   4.218583E+02
   594.000   -33.839   4.461781E+02
   595.000   -35.052   4.571527E+02
   595.000   -37.911   4.828147E+02
   595.000   -40.769   5.083515E+02
   595.000   -43.628   5.337715E+02
   595.000   -46.486   5.590476E+02
   595.000   -49.345   5.841885E+02
   595.000   -52.204   6.091844E+02
   595.564   -55.063   6.341379E+02
   595.000   -57.921   6.586572E+02
   595.000   -60.779   6.831383E+02
   595.000   -63.638   7.074429E+02
   595.000   -66.497   7.315591E+02
   595.000   -71.261   7.713111E+02
   595.000   -76.025   8.104911E+02
   595.000   -80.790   8.490756E+02
   595.000   -85.554   8.870163E+02
   595.000   -90.318   9.242880E+02
   595.000   -95.083   9.608633E+02
   595.000   -99.847   9.966906E+02
   595.000  -104.611   1.031739E+03
   595.000  -109.376   1.065976E+03
   595.000  -114.140   1.099344E+03
   595.000  -118.904   1.131806E+03
   595.000  -123.669   1.163324E+03
   595.000  -128.433   1.193838E+03
   595.000  -133.197   1.223312E+03
   595.000  -137.962   1.251711E+03
   595.000  -142.726   1.279002E+03
   595.000  -147.490   1.305217E+03
   595.000  -150.274   1.320000E+03
   595.000  -154.009   1.127470E+03
   595.000  -161.783   1.143018E+03
   595.000  -166.548   1.152548E+03
   595.000  -171.312   1.162076E+03
   595.000  -176.809   1.173070E+03
   595.000  -180.841   1.381134E+03
   595.000  -185.605   1.390662E+03
   595.000  -190.369   1.400054E+03
   595.000  -195.134   1.402781E+03
   595.000  -199.898   1.405507E+03
   595.000  -204.662   1.408232E+03
   595.000  -209.427   1.410959E+03
   595.000  -214.191   1.413685E+03
   595.000  -218.955   1.416411E+03
   595.000  -228.484   1.421863E+03
   595.000  -238.013   1.427315E+03
   595.000  -247.541   1.432767E+03
   595.000  -257.070   1.438219E+03
   595.000  -266.599   1.443671E+03
   595.000  -276.127   1.449123E+03
   595.000  -285.656   1.454575E+03
   595.000  -290.420   1.457301E+03
   595.000  -295.185   1.460027E+03
   595.000  -299.949   1.462753E+03
   595.000  -304.713   1.465479E+03
   595.000  -314.242   1.470931E+03
   595.000  -323.771   1.476384E+03
   595.000  -333.299   1.481835E+03
   595.000  -342.828   1.487288E+03
   595.000  -352.357   1.492740E+03
   595.000  -361.885   1.498192E+03
   595.000  -371.414   1.503644E+03
   595.000  -380.943   1.509096E+03
   595.000  -390.471   1.514548E+03
   595.000  -400.000   1.520000E+03
   600.000     0.198   0.000000E+00
   600.000    -0.239   9.895111E+00
   600.000    -1.231   2.953253E+01
   600.000    -1.708   3.880735E+01
   600.000    -2.184   4.795250E+01
   600.000    -2.661   5.700643E+01
   600.000    -3.137   6.593118E+01
   600.000    -3.613   7.474581E+01
   600.000    -4.090   8.346849E+01
   600.000    -5.043   1.005643E+02
   600.000    -5.519   1.089378E+02
   600.000    -5.996   1.172183E+02
   600.000    -6.472   1.253710E+02
   600.000    -7.425   1.413622E+02
   600.000    -8.378   1.569110E+02
   600.000    -9.331   1.720172E+02
   600.000   -10.283   1.866653E+02
   600.000   -11.236   2.008863E+02
   600.000   -12.189   2.146641E+02
   600.000   -13.142   2.279986E+02
   600.000   -14.095   2.408899E+02
   600.000   -16.000   2.653294E+02
   600.000   -18.425   2.938679E+02
   600.000   -19.812   3.090823E+02
   600.000   -21.718   3.290317E+02
   600.000   -23.623   3.478624E+02
   600.000   -25.529   3.655885E+02
   598.000   -27.266   3.810079E+02
   600.000   -29.340   4.031352E+02
   600.000   -31.246   4.222436E+02
   600.000   -33.667   4.449623E+02
   600.000   -35.058   4.575493E+02
   600.000   -37.916   4.833292E+02
   600.000   -40.775   5.089983E+02
   600.000   -43.633   5.345293E+02
   600.000   -46.492   5.599317E+02
   600.000   -49.350   5.851798E+02
   600.000   -52.209   6.102837E+02
   600.000   -55.067   6.352242E+02
   600.324   -57.926   6.601024E+02
   600.000   -60.785   6.845967E+02
   600.000   -63.643   7.090107E+02
   600.000   -66.502   7.332439E+02
   600.000   -71.266   7.731920E+02
   600.000   -76.030   8.125711E+02
   600.000   -80.794   8.513497E+02
   600.000   -85.559   8.895045E+02
   600.000   -90.323   9.269879E+02
   600.000   -95.087   9.637758E+02
   600.000   -99.852   9.998427E+02
   600.000  -104.616   1.035140E+03
   600.000  -109.380   1.069640E+03
   600.000  -114.144   1.103308E+03
   600.000  -118.909   1.136117E+03
   600.000  -123.673   1.168018E+03
   600.000  -128.437   1.198986E+03
   600.000  -133.201   1.228994E+03
   600.000  -137.966   1.258020E+03
   600.000  -142.730   1.286013E+03
   598.000  -149.360   1.320000E+03
   600.000  -152.419   1.126118E+03
   600.000  -157.023   1.135326E+03
   600.000  -161.787   1.144854E+03
   600.000  -166.551   1.154382E+03
   600.000  -171.315   1.163910E+03
   600.000  -176.080   1.173440E+03
   600.000  -181.552   1.184384E+03
   600.000  -185.608   1.392496E+03
   600.000  -190.372   1.400577E+03
   600.000  -195.137   1.403291E+03
   600.000  -199.901   1.406005E+03
   600.000  -204.665   1.408719E+03
   600.000  -209.430   1.411434E+03
   600.000  -214.194   1.414148E+03
   600.000  -218.958   1.416862E+03
   600.000  -228.487   1.422290E+03
   600.000  -238.015   1.427718E+03
   600.000  -247.544   1.433147E+03
   600.000  -257.072   1.438575E+03
   600.000  -266.601   1.444004E+03
   600.000  -276.129   1.449432E+03
   600.000  -285.658   1.454860E+03
   600.000  -290.422   1.457574E+03
   600.000  -295.186   1.460288E+03
   600.000  -299.951   1.463003E+03
   600.000  -304.715   1.465717E+03
   600.000  -314.243   1.471145E+03
   600.000  -323.772   1.476573E+03
   600.000  -333.300   1.482002E+03
   600.000  -342.829   1.487430E+03
   600.000  -352.357   1.492858E+03
   600.000  -361.886   1.498287E+03
   600.000  -371.414   1.503715E+03
   600.000  -380.943   1.509143E+03
   600.000  -390.471   1.514571E+03
   600.000  -400.000   1.520000E+03
   605.000     0.198   0.000000E+00
   605.000    -0.306   1.134890E+01
   605.000    -1.231   2.957479E+01
   605.000    -1.708   3.881799E+01
   605.000    -2.184   4.793471E+01
   605.000    -2.661   5.696280E+01
   605.000    -3.137   6.586406E+01
   605.000    -3.613   7.465711E+01
   605.000    -4.090   8.335985E+01
   605.000    -5.043   1.004201E+02
   605.000    -5.519   1.087775E+02
   605.000    -5.996   1.170429E+02
   605.000    -6.472   1.251814E+02
   605.000    -7.425   1.411461E+02
   605.000    -8.378   1.566710E+02
   605.000    -9.331   1.717552E+02
   605.000   -10.283   1.863831E+02
   605.000   -11.236   2.005851E+02
   605.000   -12.189   2.143452E+02
   605.000   -13.142   2.276632E+02
   605.000   -14.095   2.405389E+02
   605.000   -16.000   2.649498E+02
   605.000   -18.394   2.931110E+02
   605.000   -19.812   3.086672E+02
   605.000   -21.718   3.286129E+02
   605.000   -23.623   3.474490E+02
   605.000   -25.529   3.651950E+02
   605.000   -26.927   3.774551E+02
   605.000   -29.340   4.033032E+02
   605.000   -31.246   4.224887E+02
   605.000   -33.524   4.440075E+02
   605.000   -35.058   4.579849E+02
   605.000   -37.916   4.839274E+02
   605.000   -40.775   5.097487E+02
   605.000   -43.633   5.354255E+02
   605.000   -46.492   5.609697E+02
   605.000   -49.350   5.863571E+02
   605.000   -52.209   6.115989E+02
   605.000   -55.067   6.366707E+02
   605.000   -57.926   6.615867E+02
   605.077   -60.785   6.863645E+02
   605.000   -63.643   7.108737E+02
   605.000   -66.502   7.352436E+02
   605.000   -71.266   7.754200E+02
   605.000   -76.030   8.150338E+02
   605.000   -80.794   8.540494E+02
   605.000   -85.559   8.924457E+02
   605.000   -90.323   9.301771E+02
   605.000   -95.087   9.672223E+02
   605.000   -99.852   1.003559E+03
   605.000  -104.616   1.039143E+03
   605.000  -109.380   1.073954E+03
   605.000  -114.144   1.107962E+03
   605.000  -118.909   1.141148E+03
   605.000  -123.673   1.173475E+03
   605.000  -128.437   1.204930E+03
   605.000  -133.201   1.235501E+03
   605.000  -137.966   1.265199E+03
   605.000  -142.730   1.294058E+03
   605.000  -147.178   1.320000E+03
   605.000  -150.829   1.127302E+03
   605.000  -157.023   1.139690E+03
   605.000  -161.787   1.149218E+03
   605.000  -166.551   1.158746E+03
   605.000  -171.315   1.168274E+03
   605.000  -176.080   1.177804E+03
   605.000  -180.844   1.187332E+03
   605.000  -186.295   1.198234E+03
   605.000  -190.372   1.401801E+03
   605.000  -195.137   1.404488E+03
   605.000  -199.901   1.407174E+03
   605.000  -204.665   1.409860E+03
   605.000  -209.430   1.412547E+03
   605.000  -214.194   1.415233E+03
   605.000  -218.958   1.417919E+03
   605.000  -228.487   1.423292E+03
   605.000  -238.015   1.428665E+03
   605.000  -247.544   1.434037E+03
   605.000  -257.072   1.439410E+03
   605.000  -266.601   1.444783E+03
   605.000  -276.129   1.450155E+03
   605.000  -285.658   1.455528E+03
   605.000  -290.422   1.458214E+03
   605.000  -295.186   1.460900E+03
   605.000  -299.951   1.463587E+03
   605.000  -304.715   1.466273E+03
   605.000  -314.243   1.471646E+03
   605.000  -323.772   1.477019E+03
   605.000  -333.300   1.482391E+03
   605.000  -342.829   1.487764E+03
   605.000  -352.357   1.493136E+03
   605.000  -361.886   1.498509E+03
   605.000  -371.414   1.503882E+03
   605.000  -380.943   1.509255E+03
   605.000  -390.471   1.514627E+03
   605.000  -400.000   1.520000E+03
   610.000     0.175   0.000000E+00
   610.000    -0.372   1.235781E+01
   610.000    -1.254   2.977809E+01
   610.000    -1.731   3.904152E+01
   610.000    -2.207   4.817374E+01
   610.000    -2.683   5.719447E+01
   610.000    -3.160   6.612255E+01
   610.000    -3.636   7.492069E+01
   610.000    -4.113   8.362597E+01
   610.000    -5.065   1.006672E+02
   610.000    -5.542   1.090392E+02
   610.000    -6.018   1.172829E+02
   610.000    -6.495   1.254330E+02
   610.000    -7.447   1.413673E+02
   610.000    -8.400   1.568758E+02
   610.000    -9.353   1.719418E+02
   610.000   -10.306   1.865655E+02
   610.000   -11.259   2.007469E+02
   610.000   -12.211   2.144718E+02
   610.000   -13.164   2.277689E+02
   610.000   -14.117   2.406238E+02
   610.000   -16.023   2.650073E+02
   610.000   -18.362   2.925029E+02
   610.000   -19.834   3.086491E+02
   610.000   -21.739   3.285712E+02
   610.000   -23.645   3.474102E+02
   610.000   -25.551   3.651592E+02
   610.000   -26.685   3.751513E+02
   610.000   -29.362   4.038893E+02
   610.000   -31.267   4.231130E+02
   610.000   -33.381   4.431796E+02
   610.000   -35.079   4.587612E+02
   610.000   -37.937   4.848773E+02
   610.000   -40.795   5.108570E+02
   610.000   -43.654   5.367060E+02
   610.000   -46.512   5.624015E+02
   610.000   -49.370   5.879473E+02
   610.000   -52.229   6.133462E+02
   610.000   -55.087   6.385744E+02
   610.000   -57.946   6.636434E+02
   610.000   -60.804   6.885298E+02
   610.000   -63.747   7.139769E+02
   610.000   -66.521   7.377632E+02
   610.000   -71.285   7.781899E+02
   610.000   -76.049   8.180750E+02
   610.000   -80.813   8.573576E+02
   610.000   -85.577   8.960170E+02
   610.000   -90.341   9.340265E+02
   610.000   -95.105   9.713589E+02
   610.000   -99.869   1.007988E+03
   610.000  -104.633   1.043888E+03
   610.000  -109.397   1.079037E+03
   610.000  -114.161   1.113411E+03
   610.000  -118.925   1.146992E+03
   610.000  -123.689   1.179764E+03
   610.000  -128.453   1.211715E+03
   610.000  -133.217   1.242842E+03
   610.000  -137.981   1.273150E+03
   610.000  -142.745   1.302660E+03
   610.000  -145.619   1.320000E+03
   610.000  -149.239   1.127240E+03
   610.000  -157.037   1.142836E+03
   610.000  -161.801   1.152364E+03
   610.000  -166.565   1.161892E+03
   610.000  -171.329   1.171420E+03
   610.000  -176.093   1.180948E+03
   610.000  -180.857   1.190476E+03
   610.000  -185.621   1.200001E+03
   610.000  -191.038   1.203033E+03
   610.000  -195.149   1.405334E+03
   610.000  -199.913   1.408001E+03
   610.000  -204.676   1.410667E+03
   610.000  -209.440   1.413334E+03
   610.000  -214.204   1.416000E+03
   610.000  -218.968   1.418667E+03
   610.000  -228.496   1.424000E+03
   610.000  -238.024   1.429334E+03
   610.000  -247.552   1.434667E+03
   610.000  -257.080   1.440000E+03
   610.000  -266.608   1.445334E+03
   610.000  -276.136   1.450667E+03
   610.000  -285.664   1.456000E+03
   610.000  -290.428   1.458667E+03
   610.000  -295.192   1.461334E+03
   610.000  -299.956   1.464000E+03
   610.000  -304.720   1.466667E+03
   610.000  -314.248   1.472000E+03
   610.000  -323.776   1.477334E+03
   610.000  -333.304   1.482667E+03
   610.000  -342.832   1.488000E+03
   610.000  -352.360   1.493333E+03
   610.000  -361.888   1.498667E+03
   610.000  -371.416   1.504000E+03
   610.000  -380.944   1.509333E+03
   610.000  -390.472   1.514667E+03
   610.000  -400.000   1.520000E+03
   615.000     0.171   0.000000E+00
   615.000    -0.439   1.376665E+01
   615.000    -1.258   2.992406E+01
   615.000    -1.735   3.918404E+01
   615.000    -2.211   4.831222E+01
   615.000    -2.687   5.732841E+01
   615.000    -3.164   6.625144E+01
   615.000    -3.640   7.504418E+01
   615.000    -4.117   8.374375E+01
   615.000    -5.069   1.007729E+02
   615.000    -5.546   1.091385E+02
   615.000    -6.022   1.173757E+02
   615.000    -6.499   1.255193E+02
   615.000    -7.451   1.414404E+02
   615.000    -8.404   1.569356E+02
   615.000    -9.357   1.719884E+02
   615.000   -10.310   1.865991E+02
   615.000   -11.262   2.007530E+02
   615.000   -12.215   2.144800E+02
   615.000   -13.168   2.277650E+02
   615.000   -14.121   2.406079E+02
   615.000   -16.026   2.649553E+02
   615.000   -18.331   2.920460E+02
   615.000   -19.838   3.085721E+02
   615.000   -21.743   3.284777E+02
   615.000   -23.649   3.472921E+02
   615.000   -26.444   3.729958E+02
   615.000   -27.460   3.842541E+02
   615.000   -29.365   4.045336E+02
   615.000   -31.271   4.237782E+02
   615.000   -33.237   4.425116E+02
   615.000   -35.082   4.595527E+02
   615.000   -37.941   4.858533E+02
   615.000   -40.799   5.120110E+02
   615.000   -43.657   5.380293E+02
   615.000   -46.516   5.639118E+02
   615.000   -49.374   5.896346E+02
   615.000   -52.232   6.152012E+02
   615.000   -55.091   6.406145E+02
   615.000   -57.949   6.658507E+02
   615.000   -60.807   6.909128E+02
   615.000   -63.666   7.158021E+02
   615.000   -66.755   7.424966E+02
   615.000   -71.288   7.811919E+02
   615.000   -76.052   8.214104E+02
   615.000   -80.816   8.609843E+02
   615.000   -85.580   8.999468E+02
   615.000   -90.344   9.382663E+02
   615.000   -95.108   9.759171E+02
   615.000   -99.872   1.012876E+03
   615.000  -104.636   1.049121E+03
   615.000  -109.400   1.084634E+03
   615.000  -114.164   1.119398E+03
   615.000  -118.928   1.153400E+03
   615.000  -123.691   1.186624E+03
   615.000  -128.455   1.219080E+03
   615.000  -133.219   1.250760E+03
   615.000  -137.983   1.281661E+03
   615.000  -144.060   1.320000E+03
   615.000  -147.649   1.127178E+03
   615.000  -152.275   1.136430E+03
   615.000  -157.039   1.145958E+03
   615.000  -161.803   1.155486E+03
   615.000  -166.567   1.165014E+03
   615.000  -171.331   1.174542E+03
   615.000  -176.095   1.184070E+03
   615.000  -180.859   1.193598E+03
   615.000  -185.623   1.200869E+03
   615.000  -190.387   1.203516E+03
   615.000  -195.781   1.206513E+03
   615.000  -199.915   1.408811E+03
   615.000  -204.678   1.411458E+03
   615.000  -209.442   1.414105E+03
   615.000  -214.206   1.416752E+03
   615.000  -218.970   1.419400E+03
   615.000  -228.498   1.424695E+03
   615.000  -238.026   1.429989E+03
   615.000  -247.554   1.435284E+03
   615.000  -257.082   1.440579E+03
   615.000  -266.610   1.445874E+03
   615.000  -276.138   1.451169E+03
   615.000  -285.665   1.456463E+03
   615.000  -290.429   1.459110E+03
   615.000  -295.193   1.461758E+03
   615.000  -299.957   1.464405E+03
   615.000  -304.721   1.467053E+03
   615.000  -314.249   1.472347E+03
   615.000  -323.777   1.477642E+03
   615.000  -333.305   1.482937E+03
   615.000  -342.833   1.488232E+03
   615.000  -352.361   1.493527E+03
   615.000  -361.888   1.498821E+03
   615.000  -371.416   1.504116E+03
   615.000  -380.944   1.509410E+03
   615.000  -390.472   1.514705E+03
   615.000  -400.000   1.520000E+03
   620.000     0.191   0.000000E+00
   620.000    -0.506   1.562951E+01
   620.000    -1.238   2.999173E+01
   620.000    -1.715   3.921625E+01
   620.000    -2.191   4.831314E+01
   620.000    -2.668   5.732051E+01
   620.000    -3.144   6.620036E+01
   620.000    -3.620   7.497159E+01
   620.000    -4.097   8.365216E+01
   620.000    -5.050   1.006678E+02
   620.000    -5.526   1.090030E+02
   620.000    -6.002   1.172290E+02
   620.000    -6.479   1.253628E+02
   620.000    -7.432   1.412847E+02
   620.000    -8.385   1.567681E+02
   620.000    -9.337   1.717968E+02
   620.000   -10.290   1.864020E+02
   620.000   -11.243   2.005675E+02
   620.000   -12.196   2.142927E+02
   620.000   -13.149   2.275773E+02
   620.000   -14.102   2.404211E+02
   620.000   -16.007   2.647723E+02
   620.000   -18.299   2.917275E+02
   620.000   -19.819   3.084094E+02
   620.000   -21.724   3.283267E+02
   620.000   -23.630   3.471505E+02
   619.000   -26.250   3.712303E+02
   620.000   -27.441   3.846452E+02
   620.000   -29.347   4.050136E+02
   620.000   -31.253   4.243264E+02
   620.000   -33.094   4.419657E+02
   620.000   -35.064   4.603001E+02
   620.000   -37.922   4.867884E+02
   620.000   -40.781   5.131518E+02
   620.000   -43.639   5.393664E+02
   620.000   -46.498   5.654449E+02
   620.000   -49.356   5.913637E+02
   620.000   -52.215   6.171351E+02
   620.000   -55.073   6.427352E+02
   620.000   -57.932   6.681760E+02
   620.000   -60.790   6.934338E+02
   620.000   -63.649   7.185205E+02
   620.000   -66.508   7.434190E+02
   620.000   -69.763   7.715552E+02
   620.000   -76.036   8.249720E+02
   620.000   -80.800   8.648887E+02
   620.000   -85.564   9.041916E+02
   620.000   -90.328   9.428523E+02
   620.000   -95.093   9.808577E+02
   620.000   -99.857   1.018172E+03
   620.000  -104.621   1.054786E+03
   620.000  -109.385   1.090684E+03
   620.000  -114.149   1.125855E+03
   620.000  -118.913   1.160291E+03
   620.000  -123.678   1.193997E+03
   620.000  -128.442   1.226959E+03
   620.000  -133.206   1.259197E+03
   620.000  -137.970   1.290732E+03
   620.000  -142.502   1.320000E+03
   620.000  -146.058   1.127112E+03
   620.000  -152.263   1.139522E+03
   620.000  -157.027   1.149050E+03
   620.000  -161.791   1.158578E+03
   620.000  -166.555   1.168106E+03
   620.000  -171.319   1.177634E+03
   620.000  -176.084   1.187164E+03
   620.000  -180.848   1.196692E+03
   620.000  -185.612   1.201716E+03
   620.000  -190.376   1.204344E+03
   620.000  -195.140   1.206973E+03
   620.000  -200.524   1.209943E+03
   620.000  -204.669   1.412230E+03
   620.000  -209.433   1.414859E+03
   620.000  -214.197   1.417487E+03
   620.000  -218.961   1.420115E+03
   620.000  -228.490   1.425373E+03
   620.000  -238.018   1.430630E+03
   620.000  -247.546   1.435887E+03
   620.000  -257.075   1.441144E+03
   620.000  -266.603   1.446401E+03
   620.000  -276.131   1.451658E+03
   620.000  -285.660   1.456915E+03
   620.000  -290.424   1.459544E+03
   620.000  -295.188   1.462172E+03
   620.000  -299.952   1.464801E+03
   620.000  -304.716   1.467429E+03
   620.000  -314.245   1.472686E+03
   620.000  -323.773   1.477943E+03
   620.000  -333.302   1.483201E+03
   620.000  -342.830   1.488458E+03
   620.000  -352.358   1.493715E+03
   620.000  -361.887   1.498972E+03
   620.000  -371.415   1.504229E+03
   620.000  -380.943   1.509486E+03
   620.000  -390.472   1.514743E+03
   620.000  -400.000   1.520000E+03
   625.000     0.202   0.000000E+00
   625.000    -0.572   1.729771E+01
   625.000    -1.227   3.011265E+01
   625.000    -1.704   3.932076E+01
   625.000    -2.180   4.840296E+01
   625.000    -2.657   5.739714E+01
   625.000    -3.133   6.626536E+01
   625.000    -3.609   7.502634E+01
   625.000    -4.086   8.369793E+01
   625.000    -5.039   1.006991E+02
   625.000    -5.515   1.090286E+02
   625.000    -5.992   1.172672E+02
   625.000    -6.468   1.253800E+02
   625.000    -7.421   1.412965E+02
   625.000    -8.374   1.567771E+02
   625.000    -9.327   1.718209E+02
   625.000   -10.279   1.864120E+02
   625.000   -11.232   2.005803E+02
   625.000   -12.185   2.143096E+02
   625.000   -13.138   2.275993E+02
   625.000   -14.091   2.404491E+02
   625.000   -15.997   2.648268E+02
   625.000   -18.268   2.915650E+02
   625.000   -19.808   3.084956E+02
   625.000   -21.714   3.284576E+02
   625.000   -23.620   3.473277E+02
   625.000   -26.037   3.696085E+02
   625.000   -27.431   3.852502E+02
   625.000   -29.337   4.056974E+02
   625.000   -31.242   4.250725E+02
   625.000   -32.931   4.413516E+02
   625.000   -35.054   4.612744E+02
   625.000   -37.912   4.879769E+02
   625.000   -40.771   5.145532E+02
   625.000   -43.630   5.409897E+02
   625.000   -46.488   5.672720E+02
   625.000   -49.347   5.934129E+02
   625.000   -52.205   6.193884E+02
   625.000   -55.064   6.452109E+02
   625.000   -57.923   6.708650E+02
   625.000   -60.781   6.963355E+02
   625.000   -63.640   7.216332E+02
   625.000   -66.498   7.467316E+02
   625.000   -72.771   8.011822E+02
   625.000   -76.027   8.290261E+02
   625.000   -80.791   8.692873E+02
   625.000   -85.556   9.089696E+02
   625.000   -90.320   9.479935E+02
   625.000   -95.084   9.863581E+02
   625.000   -99.849   1.024055E+03
   625.000  -104.613   1.061052E+03
   625.000  -109.377   1.097347E+03
   625.000  -114.141   1.132932E+03
   625.000  -118.906   1.167812E+03
   625.000  -123.670   1.201974E+03
   625.000  -128.434   1.235432E+03
   625.000  -133.199   1.268206E+03
   625.000  -137.963   1.300307E+03
   625.000  -140.943   1.320000E+03
   625.000  -144.468   1.127050E+03
   625.000  -152.256   1.142626E+03
   625.000  -157.020   1.152154E+03
   625.000  -161.785   1.161684E+03
   625.000  -166.549   1.171212E+03
   625.000  -171.313   1.180740E+03
   625.000  -176.077   1.190268E+03
   625.000  -180.842   1.199798E+03
   625.000  -185.606   1.202554E+03
   625.000  -190.370   1.205164E+03
   625.000  -195.135   1.207774E+03
   625.000  -199.899   1.210384E+03
   625.000  -205.268   1.213325E+03
   625.000  -209.428   1.415604E+03
   625.000  -214.192   1.418214E+03
   625.000  -218.956   1.420824E+03
   625.000  -228.485   1.426044E+03
   625.000  -238.013   1.431263E+03
   625.000  -247.542   1.436483E+03
   625.000  -257.071   1.441703E+03
   625.000  -266.599   1.446923E+03
   625.000  -276.128   1.452143E+03
   625.000  -285.657   1.457363E+03
   625.000  -290.421   1.459972E+03
   625.000  -295.185   1.462582E+03
   625.000  -299.950   1.465192E+03
   625.000  -304.714   1.467802E+03
   625.000  -314.242   1.473022E+03
   625.000  -323.771   1.478242E+03
   625.000  -333.300   1.483462E+03
   625.000  -342.828   1.488681E+03
   625.000  -352.357   1.493901E+03
   625.000  -361.886   1.499121E+03
   625.000  -371.414   1.504341E+03
   625.000  -380.943   1.509561E+03
   625.000  -390.471   1.514780E+03
   625.000  -400.000   1.520000E+03
   630.000     0.194   0.000000E+00
   630.000    -0.639   1.861934E+01
   630.000    -1.235   3.028546E+01
   630.000    -1.712   3.950375E+01
   630.000    -2.188   4.859600E+01
   630.000    -2.665   5.760007E+01
   630.000    -3.141   6.647797E+01
   630.000    -3.617   7.524833E+01
   630.000    -4.094   8.392906E+01
   630.000    -5.047   1.009477E+02
   630.000    -5.523   1.092856E+02
   630.000    -5.999   1.175149E+02
   630.000    -6.476   1.256525E+02
   630.000    -7.429   1.415838E+02
   630.000    -8.382   1.570782E+02
   630.000    -9.334   1.721193E+02
   630.000   -10.287   1.867379E+02
   630.000   -11.240   2.009175E+02
   630.000   -12.193   2.146575E+02
   630.000   -13.146   2.279573E+02
   630.000   -14.099   2.408164E+02
   630.000   -16.004   2.651981E+02
   630.000   -18.236   2.915094E+02
   630.000   -19.816   3.089043E+02
   630.000   -21.721   3.288699E+02
   630.000   -23.627   3.477466E+02
   630.000   -25.859   3.684300E+02
   630.000   -27.438   3.862283E+02
   630.000   -29.344   4.067254E+02
   630.000   -31.250   4.261639E+02
   630.000   -32.768   4.408754E+02
   630.000   -35.061   4.625739E+02
   630.000   -37.920   4.895092E+02
   630.000   -40.778   5.163020E+02
   630.000   -43.637   5.429661E+02
   630.000   -46.495   5.694771E+02
   630.000   -49.354   5.958478E+02
   630.000   -52.212   6.220537E+02
   630.000   -55.071   6.481073E+02
   630.000   -57.929   6.739843E+02
   630.000   -60.788   6.996971E+02
   630.000   -63.646   7.252228E+02
   630.000   -66.505   7.505760E+02
   630.000   -71.269   7.923347E+02
   630.426   -76.035   8.340531E+02
   630.000   -80.798   8.742106E+02
   630.000   -85.562   9.143409E+02
   630.000   -90.326   9.537364E+02
   630.000   -95.090   9.924847E+02
   630.000   -99.855   1.030570E+03
   630.000  -104.619   1.067962E+03
   630.000  -109.383   1.104659E+03
   630.000  -114.147   1.140659E+03
   630.000  -118.911   1.175963E+03
   630.000  -123.676   1.210587E+03
   630.000  -128.440   1.244525E+03
   630.000  -133.204   1.277792E+03
   630.000  -139.384   1.320000E+03
   630.000  -142.878   1.126988E+03
   630.000  -147.497   1.136226E+03
   630.000  -152.261   1.145754E+03
   630.000  -157.025   1.155282E+03
   630.000  -161.789   1.164810E+03
   630.000  -166.554   1.174340E+03
   630.000  -171.318   1.183868E+03
   630.000  -176.082   1.193396E+03
   630.000  -180.846   1.200795E+03
   630.000  -185.610   1.203387E+03
   630.000  -190.375   1.205978E+03
   630.000  -195.139   1.208570E+03
   630.000  -199.903   1.211161E+03
   630.000  -204.667   1.213752E+03
   629.000  -209.062   1.216143E+03
   630.000  -214.196   1.418935E+03
   630.000  -218.960   1.421527E+03
   630.000  -228.488   1.426709E+03
   630.000  -238.017   1.431892E+03
   630.000  -247.545   1.437075E+03
   630.000  -257.074   1.442258E+03
   630.000  -266.602   1.447441E+03
   630.000  -276.130   1.452623E+03
   630.000  -285.659   1.457806E+03
   630.000  -290.423   1.460398E+03
   630.000  -295.187   1.462989E+03
   630.000  -299.952   1.465581E+03
   630.000  -304.716   1.468172E+03
   630.000  -314.244   1.473355E+03
   630.000  -323.773   1.478538E+03
   630.000  -333.301   1.483720E+03
   630.000  -342.829   1.488903E+03
   630.000  -352.358   1.494086E+03
   630.000  -361.886   1.499269E+03
   630.000  -371.415   1.504452E+03
   630.000  -380.943   1.509634E+03
   630.000  -390.472   1.514817E+03
   630.000  -400.000   1.520000E+03
   635.000     0.165   0.000000E+00
   635.000    -0.706   1.957872E+01
   635.000    -1.264   3.055538E+01
   635.000    -1.741   3.981947E+01
   635.000    -2.217   4.895289E+01
   635.000    -2.693   5.797528E+01
   635.000    -3.170   6.690555E+01
   635.000    -3.646   7.570638E+01
   635.000    -4.122   8.439668E+01
   635.000    -5.075   1.014638E+02
   635.000    -5.552   1.098404E+02
   635.000    -6.028   1.180891E+02
   635.000    -6.504   1.262276E+02
   635.000    -7.457   1.421907E+02
   635.000    -8.410   1.577123E+02
   635.000    -9.363   1.727925E+02
   635.000   -10.316   1.874313E+02
   635.000   -11.268   2.016138E+02
   635.000   -12.221   2.153698E+02
   635.000   -13.174   2.286841E+02
   635.000   -14.127   2.415568E+02
   635.000   -16.032   2.659661E+02
   635.000   -18.205   2.916507E+02
   635.000   -19.843   3.096543E+02
   635.000   -21.749   3.296555E+02
   635.000   -23.654   3.485336E+02
   635.000   -25.682   3.673913E+02
   635.000   -27.465   3.875720E+02
   635.000   -29.371   4.081060E+02
   635.000   -31.277   4.275863E+02
   635.000   -32.605   4.405244E+02
   635.000   -35.088   4.642212E+02
   635.000   -37.946   4.913825E+02
   635.000   -40.804   5.184159E+02
   635.000   -43.663   5.453236E+02
   635.000   -46.521   5.720803E+02
   635.000   -49.379   5.986887E+02
   635.000   -52.238   6.251517E+02
   635.000   -55.096   6.514443E+02
   635.000   -57.954   6.775695E+02
   635.000   -60.813   7.035299E+02
   635.000   -63.671   7.293009E+02
   635.000   -66.529   7.548843E+02
   635.000   -71.293   7.970921E+02
   635.000   -76.057   8.387674E+02
   635.000   -78.787   8.623943E+02
   635.000   -85.585   9.202794E+02
   635.000   -90.349   9.600959E+02
   635.000   -95.112   9.992436E+02
   635.000   -99.876   1.037724E+03
   635.000  -104.640   1.075517E+03
   635.000  -109.404   1.112618E+03
   635.000  -114.168   1.149028E+03
   635.000  -118.932   1.184755E+03
   635.000  -123.696   1.219813E+03
   635.000  -128.459   1.254215E+03
   635.000  -133.223   1.288006E+03
   635.000  -137.825   1.320000E+03
   635.000  -141.288   1.126926E+03
   635.000  -147.515   1.139380E+03
   635.000  -152.279   1.148908E+03
   635.000  -157.043   1.158436E+03
   635.000  -161.807   1.167964E+03
   635.000  -166.570   1.177490E+03
   635.000  -171.334   1.187018E+03
   635.000  -176.098   1.196546E+03
   635.000  -180.862   1.201640E+03
   635.000  -185.626   1.204213E+03
   635.000  -190.390   1.206787E+03
   635.000  -195.154   1.209360E+03
   635.000  -199.918   1.211933E+03
   635.000  -204.681   1.214505E+03
   635.000  -207.804   1.216192E+03
   635.000  -214.209   1.419652E+03
   635.000  -218.973   1.422225E+03
   635.000  -228.501   1.427371E+03
   635.000  -238.028   1.432517E+03
   635.000  -247.556   1.437663E+03
   635.000  -257.084   1.442809E+03
   635.000  -266.612   1.447955E+03
   635.000  -276.139   1.453101E+03
   635.000  -285.667   1.458247E+03
   635.000  -290.431   1.460820E+03
   635.000  -295.195   1.463393E+03
   635.000  -299.959   1.465966E+03
   635.000  -304.723   1.468539E+03
   635.000  -314.250   1.473685E+03
   635.000  -323.778   1.478831E+03
   635.000  -333.306   1.483978E+03
   635.000  -342.834   1.489124E+03
   635.000  -352.361   1.494269E+03
   635.000  -361.889   1.499416E+03
   635.000  -371.417   1.504562E+03
   635.000  -380.945   1.509708E+03
   635.000  -390.472   1.514854E+03
   635.000  -400.000   1.520000E+03
   640.000     0.153   0.000000E+00
   640.000    -0.772   2.081338E+01
   640.000    -1.276   3.073972E+01
   640.000    -1.752   4.002071E+01
   640.000    -2.229   4.919327E+01
   640.000    -2.705   5.823610E+01
   640.000    -3.182   6.718710E+01
   640.000    -3.658   7.600868E+01
   640.000    -4.134   8.471970E+01
   640.000    -5.087   1.018277E+02
   640.000    -5.563   1.102066E+02
   640.000    -6.040   1.184922E+02
   640.000    -6.516   1.266497E+02
   640.000    -7.469   1.426493E+02
   640.000    -8.422   1.582054E+02
   640.000    -9.374   1.733022E+02
   640.000   -10.327   1.879712E+02
   640.000   -11.280   2.021961E+02
   640.000   -12.233   2.159764E+02
   640.000   -13.185   2.292974E+02
   640.000   -14.138   2.421863E+02
   640.000   -16.044   2.666214E+02
   638.000   -18.186   2.917477E+02
   640.000   -19.855   3.105370E+02
   640.000   -21.760   3.305238E+02
   640.000   -23.666   3.494068E+02
   640.000   -25.504   3.665277E+02
   640.000   -27.477   3.888731E+02
   640.000   -29.382   4.094279E+02
   640.000   -31.288   4.289535E+02
   640.000   -32.441   4.402368E+02
   640.000   -35.099   4.658455E+02
   640.000   -37.957   4.932699E+02
   640.000   -40.815   5.205666E+02
   640.000   -43.673   5.477298E+02
   640.000   -46.532   5.747623E+02
   640.000   -49.390   6.016382E+02
   640.000   -52.248   6.283600E+02
   640.000   -55.106   6.549212E+02
   640.000   -57.964   6.813150E+02
   640.000   -60.823   7.075440E+02
   640.000   -63.681   7.335833E+02
   640.000   -66.539   7.594355E+02
   640.000   -71.303   8.020978E+02
   640.000   -76.067   8.441938E+02
   640.000   -82.780   9.025296E+02
   640.000   -85.594   9.266125E+02
   640.000   -90.358   9.668318E+02
   640.000   -95.122   1.006414E+03
   640.000   -99.885   1.045303E+03
   640.000  -104.649   1.083505E+03
   640.000  -109.413   1.121010E+03
   640.000  -114.176   1.157816E+03
   640.000  -118.940   1.193951E+03
   640.000  -123.704   1.229430E+03
   640.000  -128.468   1.264277E+03
   640.000  -133.231   1.298521E+03
   640.000  -136.267   1.320000E+03
   640.000  -139.698   1.126862E+03
   640.000  -147.523   1.142512E+03
   640.000  -152.286   1.152038E+03
   640.000  -157.050   1.161566E+03
   640.000  -161.814   1.171094E+03
   640.000  -166.577   1.180620E+03
   640.000  -171.341   1.190148E+03
   640.000  -176.105   1.199676E+03
   640.000  -180.869   1.202468E+03
   640.000  -185.632   1.205023E+03
   640.000  -190.396   1.207578E+03
   640.000  -195.160   1.210133E+03
   640.000  -199.924   1.212689E+03
   640.000  -206.755   1.216352E+03
   640.000  -209.451   1.417798E+03
   640.000  -214.215   1.420354E+03
   640.000  -218.978   1.422908E+03
   640.000  -228.506   1.428019E+03
   640.000  -238.033   1.433128E+03
   640.000  -247.561   1.438239E+03
   640.000  -257.088   1.443349E+03
   640.000  -266.616   1.448459E+03
   640.000  -276.143   1.453569E+03
   640.000  -285.671   1.458679E+03
   640.000  -290.434   1.461234E+03
   640.000  -295.198   1.463789E+03
   640.000  -299.962   1.466344E+03
   640.000  -304.725   1.468899E+03
   640.000  -314.253   1.474009E+03
   640.000  -323.780   1.479119E+03
   640.000  -333.308   1.484230E+03
   640.000  -342.835   1.489339E+03
   640.000  -352.363   1.494450E+03
   640.000  -361.890   1.499560E+03
   640.000  -371.418   1.504670E+03
   640.000  -380.945   1.509780E+03
   640.000  -390.473   1.514890E+03
   640.000  -400.000   1.520000E+03
   645.000     0.147   0.000000E+00
   645.000    -0.329   1.078457E+01
   645.000    -0.839   2.225005E+01
   645.000    -1.758   4.025710E+01
   645.000    -2.235   4.946399E+01
   645.000    -2.711   5.853678E+01
   645.000    -3.188   6.751679E+01
   645.000    -3.664   7.636459E+01
   645.000    -4.140   8.510037E+01
   645.000    -5.093   1.022545E+02
   645.000    -5.569   1.106553E+02
   645.000    -6.046   1.189622E+02
   645.000    -6.522   1.271405E+02
   645.000    -7.475   1.431808E+02
   645.000    -8.428   1.587773E+02
   645.000    -9.380   1.739148E+02
   645.000   -10.333   1.886256E+02
   645.000   -11.286   2.028941E+02
   645.000   -12.239   2.167207E+02
   645.000   -13.191   2.300920E+02
   645.000   -14.144   2.430367E+02
   645.000   -16.049   2.675939E+02
   645.000   -18.450   2.959595E+02
   645.000   -19.860   3.115168E+02
   645.000   -21.766   3.316043E+02
   645.000   -23.671   3.505871E+02
   645.000   -25.703   3.696690E+02
   645.000   -27.482   3.899880E+02
   645.000   -29.388   4.107136E+02
   647.000   -32.213   4.400081E+02
   645.000   -33.199   4.490475E+02
   645.000   -35.104   4.675608E+02
   645.000   -37.962   4.952543E+02
   645.000   -40.820   5.228318E+02
   645.000   -43.679   5.502906E+02
   645.000   -46.537   5.776015E+02
   645.000   -49.395   6.047662E+02
   645.000   -52.253   6.317770E+02
   645.000   -55.111   6.586272E+02
   645.000   -57.970   6.853194E+02
   645.000   -60.828   7.118282E+02
   645.000   -63.686   7.381566E+02
   645.000   -66.544   7.642983E+02
   645.000   -71.308   8.074463E+02
   645.000   -76.071   8.500286E+02
   645.000   -80.835   8.919203E+02
   645.000   -86.774   9.434604E+02
   645.000   -90.362   9.740360E+02
   645.000   -95.126   1.014051E+03
   645.000   -99.890   1.053379E+03
   645.000  -104.653   1.091985E+03
   645.000  -109.417   1.129888E+03
   645.000  -114.181   1.167090E+03
   645.000  -118.944   1.203604E+03
   645.000  -123.708   1.239475E+03
   645.000  -128.472   1.274724E+03
   645.000  -134.708   1.320000E+03
   645.000  -138.107   1.126798E+03
   645.000  -142.763   1.136110E+03
   645.000  -147.526   1.145636E+03
   645.000  -152.290   1.155164E+03
   645.000  -157.054   1.164692E+03
   645.000  -161.817   1.174218E+03
   645.000  -166.581   1.183746E+03
   645.000  -171.345   1.193274E+03
   645.000  -176.108   1.200746E+03
   645.000  -180.872   1.203283E+03
   645.000  -185.636   1.205821E+03
   645.000  -190.399   1.208358E+03
   645.000  -195.163   1.210895E+03
   645.000  -199.927   1.213433E+03
   645.000  -205.706   1.216511E+03
   645.000  -209.454   1.418507E+03
   645.000  -214.217   1.421044E+03
   645.000  -218.981   1.423582E+03
   645.000  -228.508   1.428656E+03
   645.000  -238.036   1.433731E+03
   645.000  -247.563   1.438806E+03
   645.000  -257.090   1.443880E+03
   645.000  -266.618   1.448955E+03
   645.000  -276.145   1.454030E+03
   645.000  -285.672   1.459104E+03
   645.000  -290.436   1.461642E+03
   645.000  -295.200   1.464179E+03
   645.000  -299.963   1.466716E+03
   645.000  -304.727   1.469254E+03
   645.000  -314.254   1.474328E+03
   645.000  -323.782   1.479403E+03
   645.000  -333.309   1.484478E+03
   645.000  -342.836   1.489552E+03
   645.000  -352.363   1.494627E+03
   645.000  -361.891   1.499702E+03
   645.000  -371.418   1.504776E+03
   645.000  -380.945   1.509851E+03
   645.000  -390.473   1.514926E+03
   645.000  -400.000   1.520000E+03
   650.000     0.161   0.000000E+00
   650.000    -0.315   1.074282E+01
   650.000    -1.001   2.607066E+01
   648.025    -1.750   4.053487E+01
   649.592    -2.222   4.980421E+01
   651.167    -2.697   5.902119E+01
   650.000    -3.174   6.783716E+01
   650.000    -3.650   7.667551E+01
   650.000    -4.126   8.541000E+01
   650.000    -5.079   1.025809E+02
   650.000    -5.556   1.110066E+02
   650.000    -6.032   1.193055E+02
   650.000    -6.508   1.274950E+02
   650.000    -7.461   1.435627E+02
   650.000    -8.414   1.591914E+02
   650.000    -9.367   1.743806E+02
   650.000   -10.319   1.891148E+02
   650.000   -11.272   2.034245E+02
   650.000   -12.225   2.172938E+02
   650.000   -13.178   2.307226E+02
   650.000   -14.130   2.436968E+02
   650.000   -16.036   2.683486E+02
   650.000   -18.638   2.991866E+02
   650.000   -19.847   3.125023E+02
   650.000   -21.753   3.326171E+02
   650.000   -23.658   3.516048E+02
   650.000   -25.564   3.694471E+02
   650.000   -27.469   3.911138E+02
   650.000   -29.375   4.118070E+02
   650.000   -31.984   4.385854E+02
   650.000   -33.186   4.504281E+02
   650.000   -35.091   4.691616E+02
   650.000   -37.950   4.971900E+02
   650.000   -40.808   5.250876E+02
   650.000   -43.666   5.528531E+02
   650.000   -46.524   5.804781E+02
   650.000   -49.383   6.079646E+02
   650.000   -52.241   6.352868E+02
   650.000   -55.099   6.624475E+02
   650.000   -57.958   6.894498E+02
   650.000   -60.816   7.162684E+02
   650.000   -63.674   7.429062E+02
   650.000   -66.533   7.693661E+02
   650.000   -71.296   8.130162E+02
   650.000   -76.060   8.561043E+02
   650.000   -80.824   8.985770E+02
   650.000   -85.588   9.403873E+02
   650.000   -90.767   9.851599E+02
   650.000   -95.115   1.022103E+03
   650.000   -99.879   1.061872E+03
   650.000  -104.643   1.100897E+03
   650.000  -109.407   1.139189E+03
   650.000  -114.171   1.176759E+03
   650.000  -118.935   1.213637E+03
   650.000  -123.698   1.249864E+03
   650.000  -128.462   1.285515E+03
   650.000  -133.149   1.320000E+03
   650.000  -136.517   1.126736E+03
   650.000  -142.754   1.139210E+03
   650.000  -147.517   1.148736E+03
   650.000  -152.281   1.158264E+03
   650.000  -157.045   1.167792E+03
   650.000  -161.809   1.177320E+03
   650.000  -166.573   1.186848E+03
   650.000  -171.337   1.196376E+03
   650.000  -176.100   1.201561E+03
   650.000  -180.864   1.204081E+03
   650.000  -185.628   1.206601E+03
   650.000  -190.392   1.209121E+03
   650.000  -195.156   1.211641E+03
   650.000  -199.920   1.214161E+03
   650.000  -204.658   1.216668E+03
   650.000  -209.447   1.419201E+03
   650.000  -214.211   1.421721E+03
   650.000  -218.975   1.424241E+03
   650.000  -228.502   1.429281E+03
   650.000  -238.030   1.434321E+03
   650.000  -247.558   1.439361E+03
   650.000  -257.085   1.444401E+03
   650.000  -266.613   1.449441E+03
   650.000  -276.141   1.454481E+03
   650.000  -285.668   1.459520E+03
   650.000  -290.432   1.462041E+03
   650.000  -295.196   1.464561E+03
   650.000  -299.960   1.467081E+03
   650.000  -304.724   1.469601E+03
   650.000  -314.251   1.474640E+03
   650.000  -323.779   1.479680E+03
   650.000  -333.307   1.484721E+03
   650.000  -342.834   1.489760E+03
   650.000  -352.362   1.494800E+03
   650.000  -361.889   1.499840E+03
   650.000  -371.417   1.504880E+03
   650.000  -380.945   1.509920E+03
   650.000  -390.472   1.514960E+03
   650.000  -400.000   1.520000E+03
   655.000     0.163   0.000000E+00
   655.000    -0.313   1.075932E+01
   655.000    -1.164   2.977043E+01
   655.000    -1.743   4.107725E+01
   655.000    -2.219   5.026158E+01
   655.000    -2.695   5.934157E+01
   652.748    -3.173   6.815641E+01
   654.326    -3.648   7.716517E+01
   655.905    -4.124   8.608633E+01
   655.000    -5.077   1.031113E+02
   655.000    -5.554   1.115559E+02
   655.000    -6.030   1.198746E+02
   655.000    -6.506   1.280839E+02
   655.000    -7.459   1.441906E+02
   655.000    -8.412   1.598588E+02
   655.000    -9.365   1.750885E+02
   655.000   -10.317   1.898643E+02
   655.000   -11.270   2.042172E+02
   655.000   -12.223   2.181314E+02
   655.000   -13.176   2.316068E+02
   655.000   -14.129   2.446434E+02
   655.000   -16.034   2.693869E+02
   655.000   -18.827   3.025354E+02
   655.000   -19.845   3.137381E+02
   655.000   -21.751   3.340255E+02
   655.000   -23.656   3.531947E+02
   656.000   -26.142   3.770531E+02
   655.000   -27.467   3.920358E+02
   655.000   -29.373   4.130071E+02
   655.000   -31.602   4.360811E+02
   655.000   -33.184   4.519346E+02
   655.000   -35.089   4.709485E+02
   655.000   -37.948   4.993542E+02
   655.000   -40.806   5.276053E+02
   655.000   -43.664   5.557128E+02
   655.000   -46.523   5.836835E+02
   655.000   -49.381   6.114931E+02
   655.000   -52.239   6.391461E+02
   655.000   -55.098   6.666462E+02
   655.000   -57.956   6.939682E+02
   655.000   -60.814   7.211157E+02
   655.000   -63.673   7.480916E+02
   655.000   -66.531   7.748705E+02
   655.000   -71.295   8.190762E+02
   655.000   -76.059   8.627081E+02
   655.000   -80.822   9.057216E+02
   655.000   -85.586   9.481063E+02
   655.000   -90.350   9.898347E+02
   657.000   -96.358   1.045038E+03
   655.000   -99.878   1.070982E+03
   655.000  -104.642   1.110449E+03
   655.000  -109.405   1.149110E+03
   655.000  -114.169   1.187014E+03
   655.000  -118.933   1.224195E+03
   655.000  -123.697   1.260723E+03
   655.000  -128.461   1.296686E+03
   655.000  -131.590   1.320000E+03
   655.000  -134.927   1.126674E+03
   655.000  -142.752   1.142324E+03
   655.000  -147.516   1.151852E+03
   655.000  -152.280   1.161380E+03
   655.000  -157.044   1.170908E+03
   655.000  -161.808   1.180436E+03
   655.000  -166.572   1.189964E+03
   655.000  -171.335   1.199490E+03
   655.000  -176.099   1.202369E+03
   655.000  -180.863   1.204872E+03
   655.000  -185.627   1.207375E+03
   655.000  -190.391   1.209878E+03
   655.000  -195.155   1.212380E+03
   655.000  -199.919   1.214883E+03
   655.000  -203.609   1.216822E+03
   655.000  -209.446   1.419888E+03
   655.000  -214.210   1.422391E+03
   655.000  -218.974   1.424894E+03
   655.000  -228.502   1.429900E+03
   655.000  -238.029   1.434905E+03
   655.000  -247.557   1.439911E+03
   655.000  -257.085   1.444917E+03
   655.000  -266.612   1.449922E+03
   655.000  -276.140   1.454928E+03
   655.000  -285.668   1.459933E+03
   655.000  -290.432   1.462436E+03
   655.000  -295.195   1.464938E+03
   655.000  -299.959   1.467441E+03
   655.000  -304.723   1.469944E+03
   655.000  -314.251   1.474950E+03
   655.000  -323.778   1.479955E+03
   655.000  -333.306   1.484961E+03
   655.000  -342.834   1.489967E+03
   655.000  -352.362   1.494972E+03
   655.000  -361.889   1.499978E+03
   655.000  -371.417   1.504983E+03
   655.000  -380.945   1.509989E+03
   655.000  -390.472   1.514994E+03
   655.000  -400.000   1.520000E+03
   660.000     0.164   0.000000E+00
   660.000    -0.312   1.075619E+01
   660.000    -1.326   3.337445E+01
   660.000    -1.742   4.149702E+01
   660.000    -2.218   5.069616E+01
   660.000    -2.694   5.978749E+01
   660.000    -3.171   6.878343E+01
   660.000    -3.647   7.765509E+01
   660.000    -4.123   8.642116E+01
   659.000    -5.056   1.032608E+02
   660.000    -5.553   1.121713E+02
   660.000    -6.029   1.205067E+02
   660.000    -6.505   1.287308E+02
   660.000    -7.458   1.448710E+02
   660.000    -8.411   1.605766E+02
   660.000    -9.364   1.758468E+02
   660.000   -10.316   1.906656E+02
   660.000   -11.269   2.050637E+02
   660.000   -12.222   2.190251E+02
   660.000   -13.175   2.325494E+02
   660.000   -14.128   2.456369E+02
   660.000   -16.033   2.704883E+02
   660.000   -17.939   2.934560E+02
   660.000   -19.015   3.057614E+02
   660.000   -21.750   3.350816E+02
   660.000   -23.655   3.541599E+02
   660.000   -25.561   3.720777E+02
   660.000   -27.466   3.938833E+02
   660.000   -29.372   4.147068E+02
   660.000   -31.220   4.338834E+02
   660.000   -33.183   4.537571E+02
   660.000   -35.089   4.729944E+02
   660.000   -37.947   5.017327E+02
   660.000   -40.805   5.303339E+02
   660.000   -43.663   5.587925E+02
   660.000   -46.522   5.871136E+02
   660.000   -49.380   6.152724E+02
   660.000   -52.238   6.432738E+02
   660.000   -55.097   6.711220E+02
   660.000   -57.955   6.987921E+02
   660.000   -60.813   7.262878E+02
   660.000   -63.672   7.536127E+02
   660.000   -66.530   7.807409E+02
   660.000   -71.294   8.255297E+02
   660.000   -76.058   8.697449E+02
   660.000   -80.822   9.133483E+02
   660.000   -85.585   9.562896E+02
   660.000   -90.349   9.985376E+02
   660.000   -95.113   1.039989E+03
   660.114   -99.877   1.081004E+03
   660.000  -104.641   1.120634E+03
   660.000  -109.405   1.159652E+03
   660.000  -114.169   1.197842E+03
   660.000  -118.932   1.235240E+03
   660.000  -123.696   1.271968E+03
   660.000  -130.032   1.320000E+03
   660.000  -133.337   1.126610E+03
   660.000  -137.988   1.135912E+03
   660.000  -142.752   1.145440E+03
   660.000  -147.516   1.154968E+03
   660.000  -152.279   1.164494E+03
   660.000  -157.043   1.174022E+03
   660.000  -161.807   1.183550E+03
   660.000  -166.571   1.193078E+03
   660.000  -171.335   1.200680E+03
   660.000  -176.099   1.203166E+03
   660.000  -180.863   1.205652E+03
   660.000  -185.626   1.208137E+03
   660.000  -190.390   1.210623E+03
   660.000  -195.154   1.213109E+03
   660.000  -199.918   1.215595E+03
   660.000  -202.561   1.216974E+03
   660.000  -209.446   1.420567E+03
   660.000  -214.210   1.423053E+03
   660.000  -218.973   1.425538E+03
   660.000  -228.501   1.430510E+03
   660.000  -238.029   1.435482E+03
   660.000  -247.557   1.440453E+03
   660.000  -257.084   1.445425E+03
   660.000  -266.612   1.450397E+03
   660.000  -276.140   1.455368E+03
   660.000  -285.667   1.460340E+03
   660.000  -290.431   1.462826E+03
   660.000  -295.195   1.465312E+03
   660.000  -299.959   1.467797E+03
   660.000  -304.723   1.470283E+03
   660.000  -314.251   1.475255E+03
   660.000  -323.778   1.480226E+03
   660.000  -333.306   1.485198E+03
   660.000  -342.834   1.490170E+03
   660.000  -352.361   1.495141E+03
   660.000  -361.889   1.500113E+03
   660.000  -371.417   1.505085E+03
   660.000  -380.945   1.510057E+03
   660.000  -390.472   1.515028E+03
   660.000  -400.000   1.520000E+03
   665.000     0.151   0.000000E+00
   665.000    -0.325   1.079486E+01
   665.000    -1.488   3.678478E+01
   665.000    -1.754   4.199162E+01
   665.000    -2.231   5.125540E+01
   665.000    -2.707   6.038139E+01
   665.000    -3.184   6.941755E+01
   665.000    -3.660   7.832610E+01
   665.000    -4.136   8.712606E+01
   665.000    -5.089   1.044066E+02
   665.000    -5.477   1.113315E+02
   665.000    -6.042   1.212546E+02
   665.000    -6.518   1.295168E+02
   665.000    -7.471   1.457130E+02
   665.000    -8.424   1.614717E+02
   665.000    -9.376   1.767768E+02
   665.000   -10.329   1.916602E+02
   665.000   -11.282   2.061054E+02
   665.000   -12.235   2.201121E+02
   665.000   -13.187   2.336658E+02
   665.000   -14.140   2.467945E+02
   665.000   -16.046   2.717323E+02
   665.000   -17.951   2.948930E+02
   665.000   -19.203   3.091781E+02
   665.000   -21.762   3.365601E+02
   665.000   -23.668   3.556819E+02
   665.000   -25.573   3.736834E+02
   665.000   -27.478   3.955719E+02
   665.000   -29.384   4.164586E+02
   665.000   -30.838   4.316621E+02
   665.000   -33.195   4.558371E+02
   665.000   -35.100   4.753090E+02
   665.000   -37.959   5.044244E+02
   665.000   -40.817   5.333919E+02
   665.000   -43.675   5.622160E+02
   665.000   -46.533   5.908918E+02
   665.000   -49.392   6.194247E+02
   665.000   -52.250   6.477901E+02
   665.000   -55.108   6.759930E+02
   665.000   -57.966   7.040283E+02
   665.000   -60.824   7.318905E+02
   665.000   -63.683   7.595835E+02
   665.000   -66.541   7.870814E+02
   665.000   -71.305   8.324904E+02
   665.000   -76.068   8.773203E+02
   665.000   -80.832   9.215485E+02
   665.000   -85.596   9.651170E+02
   665.000   -90.359   1.007959E+03
   665.000   -95.123   1.050026E+03
   665.000   -99.887   1.091273E+03
   665.000  -105.400   1.137866E+03
   665.000  -109.414   1.170963E+03
   665.000  -114.178   1.209370E+03
   665.000  -118.942   1.246880E+03
   665.000  -123.705   1.283663E+03
   665.000  -128.473   1.320000E+03
   665.000  -131.747   1.126548E+03
   665.000  -137.996   1.139046E+03
   665.000  -142.760   1.148574E+03
   665.000  -147.524   1.158102E+03
   665.000  -152.287   1.167628E+03
   665.000  -157.051   1.177156E+03
   665.000  -161.815   1.186684E+03
   665.000  -166.579   1.196212E+03
   665.000  -171.342   1.201487E+03
   665.000  -176.106   1.203956E+03
   665.000  -180.870   1.206425E+03
   665.000  -185.633   1.208894E+03
   665.000  -190.397   1.211363E+03
   665.000  -195.161   1.213832E+03
   665.000  -201.512   1.217124E+03
   665.000  -204.688   1.418770E+03
   665.000  -209.452   1.421239E+03
   665.000  -214.216   1.423709E+03
   665.000  -218.979   1.426177E+03
   665.000  -228.507   1.431116E+03
   665.000  -238.034   1.436053E+03
   665.000  -247.562   1.440992E+03
   665.000  -257.089   1.445930E+03
   665.000  -266.616   1.450867E+03
   665.000  -276.144   1.455806E+03
   665.000  -285.671   1.460743E+03
   665.000  -290.435   1.463213E+03
   665.000  -295.199   1.465682E+03
   665.000  -299.962   1.468150E+03
   665.000  -304.726   1.470620E+03
   665.000  -314.253   1.475557E+03
   665.000  -323.781   1.480496E+03
   665.000  -333.308   1.485434E+03
   665.000  -342.836   1.490372E+03
   665.000  -352.363   1.495310E+03
   665.000  -361.890   1.500248E+03
   665.000  -371.418   1.505186E+03
   665.000  -380.945   1.510124E+03
   665.000  -390.473   1.515062E+03
   665.000  -400.000   1.520000E+03
   670.000     0.138   0.000000E+00
   670.000    -0.338   1.083443E+01
   670.000    -1.291   3.222243E+01
   671.000    -1.683   4.089699E+01
   670.000    -2.244   5.177046E+01
   670.000    -2.720   6.092989E+01
   670.000    -3.196   6.997976E+01
   670.000    -3.673   7.893886E+01
   670.000    -4.149   8.776962E+01
   670.000    -5.102   1.051209E+02
   670.000    -5.578   1.136268E+02
   670.000    -5.828   1.180553E+02
   670.000    -6.531   1.303082E+02
   670.000    -7.484   1.465638E+02
   670.000    -8.436   1.623642E+02
   670.000    -9.389   1.777427E+02
   670.000   -10.342   1.926826E+02
   670.000   -11.295   2.071836E+02
   670.000   -12.247   2.212312E+02
   670.000   -13.200   2.348548E+02
   670.000   -14.153   2.480393E+02
   670.000   -16.058   2.730782E+02
   670.000   -17.963   2.963625E+02
   670.000   -19.392   3.126986E+02
   670.000   -21.774   3.382101E+02
   670.000   -23.680   3.574332E+02
   670.000   -25.776   3.773705E+02
   670.000   -27.491   3.972326E+02
   670.000   -29.396   4.182439E+02
   670.000   -30.456   4.294240E+02
   670.000   -33.207   4.580498E+02
   670.000   -35.112   4.777947E+02
   670.000   -37.970   5.072922E+02
   670.000   -40.829   5.366538E+02
   670.000   -43.687   5.658582E+02
   670.000   -46.545   5.949128E+02
   670.000   -49.403   6.238142E+02
   670.000   -52.261   6.525586E+02
   670.000   -55.119   6.811417E+02
   670.000   -57.977   7.095591E+02
   670.000   -60.835   7.378058E+02
   670.000   -63.694   7.658863E+02
   670.000   -66.552   7.937749E+02
   670.000   -71.315   8.398338E+02
   670.000   -76.079   8.853430E+02
   670.000   -80.842   9.302401E+02
   670.000   -85.606   9.744903E+02
   670.000   -90.369   1.018009E+03
   670.000   -95.133   1.060737E+03
   670.000   -99.897   1.102579E+03
   670.000  -104.660   1.143375E+03
   670.000  -111.052   1.196446E+03
   670.000  -114.187   1.221647E+03
   670.000  -118.951   1.259068E+03
   670.000  -123.714   1.295599E+03
   670.000  -126.914   1.320000E+03
   670.000  -130.157   1.126486E+03
   670.000  -138.005   1.142182E+03
   670.000  -142.768   1.151708E+03
   670.000  -147.532   1.161236E+03
   670.000  -152.296   1.170764E+03
   670.000  -157.059   1.180290E+03
   670.000  -161.823   1.189818E+03
   670.000  -166.586   1.199344E+03
   670.000  -171.350   1.202284E+03
   670.000  -176.113   1.204736E+03
   670.000  -180.877   1.207189E+03
   670.000  -185.640   1.209641E+03
   670.000  -190.404   1.212093E+03
   670.000  -195.167   1.214546E+03
   670.000  -200.463   1.217272E+03
   670.000  -204.695   1.419451E+03
   670.000  -209.458   1.421903E+03
   670.000  -214.222   1.424356E+03
   670.000  -218.985   1.426808E+03
   670.000  -228.512   1.431713E+03
   670.000  -238.039   1.436617E+03
   670.000  -247.566   1.441522E+03
   670.000  -257.094   1.446427E+03
   670.000  -266.621   1.451332E+03
   670.000  -276.148   1.456237E+03
   670.000  -285.675   1.461142E+03
   670.000  -290.438   1.463594E+03
   670.000  -295.202   1.466047E+03
   670.000  -299.966   1.468499E+03
   670.000  -304.729   1.470951E+03
   670.000  -314.256   1.475856E+03
   670.000  -323.783   1.480761E+03
   670.000  -333.310   1.485666E+03
   670.000  -342.837   1.490571E+03
   670.000  -352.365   1.495476E+03
   670.000  -361.892   1.500381E+03
   670.000  -371.419   1.505286E+03
   670.000  -380.946   1.510190E+03
   670.000  -390.473   1.515095E+03
   670.000  -400.000   1.520000E+03
   675.000     0.135   0.000000E+00
   675.000    -0.341   1.085471E+01
   675.000    -1.294   3.230132E+01
   675.000    -1.750   4.243850E+01
   675.000    -2.247   5.214625E+01
   675.000    -2.723   6.133537E+01
   675.000    -3.199   7.041522E+01
   675.000    -3.676   7.940450E+01
   675.000    -4.152   8.826551E+01
   675.000    -5.105   1.056776E+02
   675.000    -5.581   1.142102E+02
   675.000    -6.179   1.247913E+02
   675.000    -6.534   1.309713E+02
   675.000    -7.487   1.472876E+02
   675.000    -8.439   1.631497E+02
   675.000    -9.392   1.785907E+02
   675.000   -10.345   1.935933E+02
   675.000   -11.297   2.081421E+02
   675.000   -12.250   2.222675E+02
   675.000   -13.203   2.359536E+02
   675.000   -14.156   2.492003E+02
   675.000   -16.061   2.743619E+02
   675.000   -17.966   2.977648E+02
   675.000   -19.580   3.162391E+02
   675.000   -21.777   3.397478E+02
   675.000   -23.683   3.589784E+02
   675.000   -25.588   3.770753E+02
   675.000   -27.493   3.991241E+02
   675.000   -30.075   4.274176E+02
   675.000   -31.304   4.403740E+02
   675.000   -33.210   4.604240E+02
   675.000   -35.115   4.804112E+02
   675.000   -37.973   5.102889E+02
   675.000   -40.831   5.400271E+02
   675.000   -43.689   5.696204E+02
   675.000   -46.547   5.990649E+02
   675.000   -49.406   6.283674E+02
   675.000   -52.264   6.575041E+02
   675.000   -55.122   6.864818E+02
   675.000   -57.980   7.152968E+02
   675.000   -60.838   7.439449E+02
   675.000   -63.696   7.724217E+02
   675.000   -66.554   8.007219E+02
   675.000   -71.318   8.474900E+02
   675.000   -76.081   8.937081E+02
   675.000   -80.845   9.393529E+02
   675.000   -85.608   9.843489E+02
   675.000   -90.372   1.028642E+03
   675.000   -95.135   1.072116E+03
   675.000   -99.899   1.114668E+03
   675.000  -104.662   1.156123E+03
   675.000  -109.426   1.196240E+03
   672.775  -114.188   1.228835E+03
   676.990  -118.953   1.277344E+03
   675.000  -125.355   1.320000E+03
   675.000  -128.566   1.126422E+03
   675.000  -133.243   1.135776E+03
   675.000  -138.007   1.145304E+03
   675.000  -142.770   1.154830E+03
   675.000  -147.534   1.164358E+03
   675.000  -152.297   1.173884E+03
   675.000  -157.061   1.183412E+03
   675.000  -161.824   1.192938E+03
   675.000  -166.588   1.200631E+03
   675.000  -171.351   1.203066E+03
   675.000  -176.115   1.205503E+03
   675.000  -180.878   1.207939E+03
   675.000  -185.642   1.210375E+03
   675.000  -190.405   1.212811E+03
   675.000  -195.169   1.215247E+03
   675.000  -199.415   1.217419E+03
   675.000  -204.696   1.420119E+03
   675.000  -209.460   1.422556E+03
   675.000  -214.223   1.424992E+03
   675.000  -218.987   1.427428E+03
   675.000  -228.514   1.432300E+03
   675.000  -238.041   1.437172E+03
   675.000  -247.568   1.442045E+03
   675.000  -257.095   1.446917E+03
   675.000  -266.622   1.451789E+03
   675.000  -276.149   1.456661E+03
   675.000  -285.676   1.461533E+03
   675.000  -290.439   1.463969E+03
   675.000  -295.203   1.466406E+03
   675.000  -299.966   1.468842E+03
   675.000  -304.730   1.471278E+03
   675.000  -314.257   1.476150E+03
   675.000  -323.784   1.481022E+03
   675.000  -333.311   1.485895E+03
   675.000  -342.838   1.490767E+03
   675.000  -352.365   1.495639E+03
   675.000  -361.892   1.500511E+03
   675.000  -371.419   1.505383E+03
   675.000  -380.946   1.510256E+03
   675.000  -390.473   1.515128E+03
   675.000  -400.000   1.520000E+03
   680.000     0.135   0.000000E+00
   680.000    -0.341   1.087750E+01
   680.000    -1.294   3.237727E+01
   680.000    -1.834   4.439720E+01
   680.000    -2.247   5.248284E+01
   680.000    -2.723   6.170354E+01
   680.000    -3.199   7.081584E+01
   680.000    -3.676   7.983845E+01
   680.000    -4.152   8.873347E+01
   680.000    -5.105   1.062158E+02
   680.000    -5.581   1.147847E+02
   680.000    -6.058   1.232579E+02
   680.000    -6.530   1.315527E+02
   680.000    -7.487   1.479659E+02
   680.000    -8.439   1.639052E+02
   680.000    -9.392   1.794211E+02
   680.000   -10.345   1.944969E+02
   680.000   -11.297   2.091177E+02
   680.000   -12.250   2.233141E+02
   680.000   -13.203   2.370705E+02
   680.000   -14.156   2.503868E+02
   680.000   -16.061   2.756856E+02
   680.000   -17.966   2.992235E+02
   680.000   -19.769   3.199049E+02
   680.000   -21.777   3.414046E+02
   680.000   -23.683   3.607036E+02
   680.000   -25.588   3.788957E+02
   680.000   -27.493   4.010559E+02
   680.000   -29.693   4.252984E+02
   680.000   -31.304   4.425476E+02
   680.000   -33.210   4.628894E+02
   680.000   -35.115   4.831567E+02
   680.000   -37.973   5.134435E+02
   680.000   -40.831   5.435851E+02
   680.000   -43.689   5.735795E+02
   680.000   -46.547   6.034245E+02
   680.000   -49.406   6.331283E+02
   680.000   -52.264   6.626681E+02
   680.000   -55.122   6.920518E+02
   680.000   -57.980   7.212771E+02
   680.000   -60.838   7.503409E+02
   680.000   -63.696   7.792399E+02
   680.000   -66.554   8.079701E+02
   680.000   -71.318   8.554745E+02
   680.000   -76.081   9.024586E+02
   680.000   -80.845   9.489037E+02
   680.000   -85.608   9.947363E+02
   680.000   -90.372   1.039900E+03
   680.000   -95.135   1.084267E+03
   680.000   -99.899   1.127701E+03
   680.000  -104.662   1.169958E+03
   680.000  -109.426   1.210722E+03
   680.000  -114.189   1.249556E+03
   680.000  -118.953   1.285937E+03
   681.000  -123.485   1.320000E+03
   680.322  -126.872   1.126774E+03
   680.000  -133.243   1.139516E+03
   680.000  -138.007   1.149044E+03
   680.000  -142.770   1.158570E+03
   680.000  -147.534   1.168098E+03
   680.000  -152.297   1.177624E+03
   680.000  -157.061   1.187152E+03
   680.000  -161.824   1.196678E+03
   680.000  -166.588   1.201574E+03
   680.000  -171.351   1.203991E+03
   680.000  -176.115   1.206408E+03
   680.000  -180.878   1.208825E+03
   680.000  -185.642   1.211242E+03
   680.000  -190.405   1.213658E+03
   680.000  -195.169   1.216075E+03
   680.000  -198.366   1.217697E+03
   680.000  -204.696   1.420909E+03
   680.000  -209.460   1.423326E+03
   680.000  -214.223   1.425743E+03
   680.000  -218.987   1.428160E+03
   680.000  -228.514   1.432994E+03
   680.000  -238.041   1.437827E+03
   680.000  -247.568   1.442661E+03
   680.000  -257.095   1.447495E+03
   680.000  -266.622   1.452328E+03
   680.000  -276.149   1.457162E+03
   680.000  -285.676   1.461996E+03
   680.000  -290.439   1.464412E+03
   680.000  -295.203   1.466829E+03
   680.000  -299.966   1.469246E+03
   680.000  -304.730   1.471663E+03
   680.000  -314.257   1.476497E+03
   680.000  -323.784   1.481330E+03
   680.000  -333.311   1.486164E+03
   680.000  -342.838   1.490998E+03
   680.000  -352.365   1.495832E+03
   680.000  -361.892   1.500665E+03
   680.000  -371.419   1.505499E+03
   680.000  -380.946   1.510333E+03
   680.000  -390.473   1.515166E+03
   680.000  -400.000   1.520000E+03
   685.000     0.124   0.000000E+00
   685.000    -0.352   1.094353E+01
   685.000    -1.305   3.256007E+01
   685.000    -1.918   4.626227E+01
   685.000    -2.258   5.294788E+01
   685.000    -2.734   6.220891E+01
   685.000    -3.210   7.136033E+01
   685.000    -3.687   8.042104E+01
   685.000    -4.163   8.935304E+01
   685.000    -5.116   1.069064E+02
   685.000    -5.592   1.155092E+02
   685.000    -6.068   1.240020E+02
   683.000    -6.741   1.355924E+02
   685.000    -7.497   1.488845E+02
   685.000    -8.450   1.649281E+02
   685.000    -9.403   1.805056E+02
   685.000   -10.355   1.956304E+02
   685.000   -11.308   2.103332E+02
   685.000   -12.261   2.245975E+02
   685.000   -13.213   2.384081E+02
   685.000   -14.166   2.517936E+02
   685.000   -16.071   2.772317E+02
   685.000   -17.977   3.009204E+02
   685.000   -19.957   3.236880E+02
   685.000   -21.788   3.433121E+02
   685.000   -23.693   3.626740E+02
   685.000   -25.598   3.809406E+02
   685.000   -27.504   4.032029E+02
   685.000   -29.311   4.232911E+02
   685.000   -31.314   4.450414E+02
   685.000   -33.220   4.656644E+02
   685.000   -35.125   4.862105E+02
   685.000   -37.983   5.169112E+02
   685.000   -40.841   5.474625E+02
   685.000   -43.699   5.778640E+02
   685.000   -46.557   6.081154E+02
   685.000   -49.415   6.382161E+02
   685.000   -52.273   6.681654E+02
   685.000   -55.131   6.979625E+02
   685.000   -57.989   7.276065E+02
   685.000   -60.847   7.570958E+02
   685.000   -63.705   7.864287E+02
   685.000   -66.563   8.156028E+02
   685.000   -71.327   8.638737E+02
   685.000   -76.090   9.116656E+02
   685.000   -80.853   9.589595E+02
   685.000   -85.617   1.005721E+03
   685.000   -90.380   1.051863E+03
   685.000   -95.144   1.097302E+03
   685.000   -99.907   1.141856E+03
   685.000  -104.670   1.185280E+03
   685.000  -109.434   1.227188E+03
   685.000  -114.197   1.266996E+03
   685.000  -121.156   1.320000E+03
   685.000  -125.386   1.128460E+03
   686.680  -128.486   1.134660E+03
   685.000  -133.251   1.144190E+03
   685.000  -138.014   1.153716E+03
   685.000  -142.777   1.163242E+03
   685.000  -147.541   1.172770E+03
   685.000  -152.304   1.182296E+03
   685.000  -157.068   1.191824E+03
   685.000  -161.831   1.200339E+03
   685.000  -166.594   1.202732E+03
   685.000  -171.358   1.205126E+03
   685.000  -176.121   1.207519E+03
   685.000  -180.884   1.209912E+03
   685.000  -185.648   1.212305E+03
   685.000  -190.411   1.214698E+03
   685.000  -197.317   1.218168E+03
   685.000  -199.938   1.419485E+03
   685.000  -204.701   1.421878E+03
   685.000  -209.465   1.424271E+03
   685.000  -214.228   1.426664E+03
   685.000  -218.992   1.429058E+03
   685.000  -228.518   1.433844E+03
   685.000  -238.045   1.438631E+03
   685.000  -247.572   1.443417E+03
   685.000  -257.099   1.448204E+03
   685.000  -266.625   1.452990E+03
   685.000  -276.152   1.457776E+03
   685.000  -285.679   1.462563E+03
   685.000  -290.442   1.464956E+03
   685.000  -295.206   1.467349E+03
   685.000  -299.969   1.469742E+03
   685.000  -304.732   1.472135E+03
   685.000  -314.259   1.476922E+03
   685.000  -323.786   1.481709E+03
   685.000  -333.313   1.486495E+03
   685.000  -342.839   1.491281E+03
   685.000  -352.366   1.496068E+03
   685.000  -361.893   1.500854E+03
   685.000  -371.420   1.505641E+03
   685.000  -380.946   1.510427E+03
   685.000  -390.473   1.515213E+03
   685.000  -400.000   1.520000E+03
   690.000     0.131   0.000000E+00
   690.000    -0.345   1.096061E+01
   690.000    -1.298   3.261858E+01
   688.000    -1.968   4.747003E+01
   690.000    -2.251   5.312415E+01
   690.000    -2.727   6.242391E+01
   690.000    -3.203   7.161614E+01
   690.000    -3.680   8.071954E+01
   690.000    -4.156   8.969570E+01
   690.000    -5.109   1.073416E+02
   690.000    -5.585   1.159923E+02
   690.000    -6.062   1.245521E+02
   690.000    -6.538   1.329645E+02
   690.000    -7.117   1.430804E+02
   690.000    -8.443   1.656174E+02
   690.000    -9.396   1.812949E+02
   690.000   -10.349   1.965324E+02
   690.000   -11.301   2.113140E+02
   690.000   -12.254   2.256705E+02
   690.000   -13.207   2.395859E+02
   690.000   -14.159   2.530459E+02
   690.000   -16.065   2.786695E+02
   690.000   -17.970   3.025122E+02
   690.000   -20.145   3.276064E+02
   690.000   -21.781   3.451685E+02
   690.000   -23.686   3.646144E+02
   690.000   -25.592   3.829683E+02
   690.000   -27.497   4.053127E+02
   690.000   -28.929   4.213800E+02
   690.000   -31.308   4.475781E+02
   690.000   -33.213   4.684730E+02
   690.000   -35.119   4.893103E+02
   690.000   -37.977   5.204268E+02
   690.000   -40.835   5.513900E+02
   690.000   -43.693   5.822009E+02
   690.000   -46.551   6.128611E+02
   690.000   -49.409   6.433718E+02
   690.000   -52.267   6.737340E+02
   690.000   -55.125   7.039486E+02
   690.000   -57.983   7.340163E+02
   690.000   -60.841   7.639375E+02
   690.000   -63.699   7.937125E+02
   690.000   -66.558   8.233511E+02
   690.000   -71.321   8.724007E+02
   690.000   -76.084   9.210340E+02
   690.000   -80.848   9.692469E+02
   690.000   -85.611   1.016994E+03
   690.000   -90.375   1.064250E+03
   690.000   -95.138   1.110922E+03
   690.000   -99.902   1.156899E+03
   690.000  -104.665   1.201928E+03
   690.000  -109.429   1.245607E+03
   690.000  -114.192   1.287251E+03
   690.000  -118.245   1.320000E+03
   690.000  -123.719   1.330948E+03
   690.000  -128.483   1.340476E+03
   689.260  -133.247   1.150004E+03
   691.839  -138.008   1.159526E+03
   690.000  -142.773   1.169056E+03
   690.000  -147.536   1.178582E+03
   690.000  -152.300   1.188110E+03
   690.000  -157.063   1.197636E+03
   690.000  -161.827   1.201778E+03
   690.000  -166.590   1.204142E+03
   690.000  -171.354   1.206507E+03
   690.000  -176.117   1.208871E+03
   690.000  -180.881   1.211236E+03
   690.000  -185.644   1.213600E+03
   690.000  -190.408   1.215965E+03
   690.000  -196.269   1.218874E+03
   690.000  -199.935   1.420694E+03
   690.000  -204.698   1.423058E+03
   690.000  -209.461   1.425422E+03
   690.000  -214.225   1.427787E+03
   690.000  -218.988   1.430151E+03
   690.000  -228.515   1.434880E+03
   690.000  -238.042   1.439609E+03
   690.000  -247.569   1.444338E+03
   690.000  -257.096   1.449067E+03
   690.000  -266.623   1.453796E+03
   690.000  -276.150   1.458525E+03
   690.000  -285.677   1.463253E+03
   690.000  -290.440   1.465618E+03
   690.000  -295.204   1.467982E+03
   690.000  -299.967   1.470347E+03
   690.000  -304.731   1.472711E+03
   690.000  -314.258   1.477440E+03
   690.000  -323.785   1.482169E+03
   690.000  -333.312   1.486898E+03
   690.000  -342.838   1.491626E+03
   690.000  -352.365   1.496355E+03
   690.000  -361.892   1.501084E+03
   690.000  -371.419   1.505813E+03
   690.000  -380.946   1.510542E+03
   690.000  -390.473   1.515271E+03
   690.000  -400.000   1.520000E+03
   695.000     0.138   0.000000E+00
   695.000    -0.338   1.107042E+01
   695.000    -1.291   3.295336E+01
   695.000    -1.729   4.286001E+01
   695.000    -2.244   5.309167E+01
   695.000    -2.720   6.246489E+01
   695.000    -3.196   7.172808E+01
   695.000    -3.673   8.090036E+01
   695.000    -4.149   8.994341E+01
   695.000    -5.102   1.077182E+02
   695.000    -5.578   1.164315E+02
   695.000    -6.055   1.250528E+02
   695.000    -6.531   1.335463E+02
   696.000    -7.440   1.496257E+02
   695.000    -8.436   1.663715E+02
   695.000    -9.389   1.821606E+02
   695.000   -10.342   1.975055E+02
   695.000   -11.295   2.124065E+02
   695.000   -12.247   2.268488E+02
   695.000   -13.200   2.408627E+02
   695.000   -14.153   2.544329E+02
   695.000   -16.058   2.802287E+02
   695.000   -17.963   3.042504E+02
   695.000   -20.334   3.317070E+02
   695.000   -21.774   3.471961E+02
   695.000   -23.680   3.667443E+02
   695.000   -25.585   3.851735E+02
   695.000   -27.491   4.076297E+02
   695.000   -28.547   4.195821E+02
   695.000   -31.301   4.503302E+02
   695.000   -33.207   4.715242E+02
   695.000   -35.112   4.926315E+02
   695.000   -37.970   5.241612E+02
   695.000   -40.829   5.555432E+02
   695.000   -43.687   5.867595E+02
   695.000   -46.545   6.178248E+02
   695.000   -49.403   6.487421E+02
   695.000   -52.261   6.795144E+02
   695.000   -55.119   7.101443E+02
   695.000   -57.977   7.406345E+02
   695.000   -60.835   7.709873E+02
   695.000   -63.694   8.012155E+02
   695.000   -66.552   8.313002E+02
   695.000   -71.315   8.811464E+02
   695.000   -76.079   9.306470E+02
   695.000   -80.842   9.797863E+02
   695.000   -85.606   1.028586E+03
   695.000   -90.369   1.077020E+03
   695.000   -95.133   1.125088E+03
   695.000   -99.897   1.172734E+03
   695.000  -104.660   1.219831E+03
   695.000  -109.424   1.266016E+03
   695.000  -115.334   1.320000E+03
   695.000  -118.951   1.327234E+03
   695.000  -123.714   1.336760E+03
   695.000  -128.478   1.346288E+03
   695.000  -133.241   1.355814E+03
   695.000  -138.005   1.365342E+03
   694.419  -142.769   1.174870E+03
   697.000  -147.531   1.184394E+03
   695.000  -152.296   1.193924E+03
   695.000  -157.059   1.200846E+03
   695.000  -161.823   1.203183E+03
   695.000  -166.586   1.205519E+03
   695.000  -171.350   1.207855E+03
   695.000  -176.113   1.210191E+03
   695.000  -180.877   1.212528E+03
   695.000  -185.640   1.214864E+03
   695.000  -190.404   1.217201E+03
   695.000  -195.220   1.219563E+03
   695.000  -199.931   1.421873E+03
   695.000  -204.695   1.424210E+03
   695.000  -209.458   1.426546E+03
   695.000  -214.222   1.428882E+03
   695.000  -218.985   1.431219E+03
   695.000  -228.512   1.435891E+03
   695.000  -238.039   1.440564E+03
   695.000  -247.566   1.445237E+03
   695.000  -257.094   1.449910E+03
   695.000  -266.621   1.454582E+03
   695.000  -276.148   1.459255E+03
   695.000  -285.675   1.463928E+03
   695.000  -290.438   1.466264E+03
   695.000  -295.202   1.468600E+03
   695.000  -299.966   1.470937E+03
   695.000  -304.729   1.473273E+03
   695.000  -314.256   1.477946E+03
   695.000  -323.783   1.482618E+03
   695.000  -333.310   1.487291E+03
   695.000  -342.837   1.491964E+03
   695.000  -352.365   1.496637E+03
   695.000  -361.892   1.501309E+03
   695.000  -371.419   1.505982E+03
   695.000  -380.946   1.510655E+03
   695.000  -390.473   1.515327E+03
   695.000  -400.000   1.520000E+03
   700.000     0.143   0.000000E+00
   700.000    -0.333   1.113008E+01
   700.000    -1.286   3.313276E+01
   698.000    -1.626   4.076723E+01
   700.000    -2.239   5.320817E+01
   700.000    -2.715   6.264671E+01
   700.000    -3.192   7.199400E+01
   700.000    -3.668   8.121058E+01
   700.000    -4.144   9.031608E+01
   700.000    -5.097   1.082119E+02
   700.000    -5.573   1.169831E+02
   700.000    -6.050   1.256607E+02
   700.000    -6.526   1.342082E+02
   700.000    -7.813   1.568314E+02
   700.000    -8.431   1.673484E+02
   700.000    -9.384   1.832475E+02
   700.000   -10.337   1.986918E+02
   700.000   -11.290   2.136923E+02
   700.000   -12.242   2.282335E+02
   700.000   -13.195   2.423454E+02
   700.000   -14.148   2.560123E+02
   700.000   -16.053   2.819971E+02
   700.000   -17.959   3.062144E+02
   700.000   -20.522   3.360102E+02
   700.000   -21.770   3.494671E+02
   700.000   -23.675   3.691121E+02
   700.000   -25.580   3.876440E+02
   701.000   -28.089   4.177086E+02
   700.000   -29.391   4.318927E+02
   700.000   -31.297   4.534219E+02
   700.000   -33.202   4.748666E+02
   700.000   -35.108   4.962490E+02
   700.000   -37.966   5.281748E+02
   700.000   -40.824   5.599409E+02
   700.000   -43.682   5.915518E+02
   700.000   -46.540   6.230124E+02
   700.000   -49.399   6.543384E+02
   700.000   -52.257   6.855123E+02
   700.000   -55.115   7.165497E+02
   700.000   -57.973   7.474548E+02
   700.000   -60.831   7.782321E+02
   700.000   -63.689   8.088859E+02
   700.000   -66.548   8.394315E+02
   700.000   -71.311   8.900657E+02
   700.000   -76.075   9.404170E+02
   700.000   -80.838   9.904913E+02
   700.000   -85.602   1.040341E+03
   700.000   -90.366   1.089994E+03
   700.000   -95.129   1.139488E+03
   700.000   -99.893   1.188930E+03
   700.000  -104.656   1.238517E+03
   700.000  -109.420   1.289023E+03
   701.000  -111.841   1.320000E+03
   700.000  -118.947   1.334212E+03
   700.000  -123.711   1.343740E+03
   700.000  -128.474   1.353266E+03
   700.000  -133.238   1.362794E+03
   700.000  -138.002   1.372322E+03
   700.000  -142.765   1.381848E+03
   700.000  -147.529   1.391376E+03
   699.580  -152.292   1.200218E+03
   702.161  -157.056   1.202522E+03
   700.000  -161.820   1.204825E+03
   700.000  -166.583   1.207129E+03
   700.000  -171.347   1.209432E+03
   700.000  -176.110   1.211736E+03
   700.000  -180.874   1.214039E+03
   700.000  -185.638   1.216343E+03
   700.000  -190.401   1.218646E+03
   700.000  -194.172   1.220470E+03
   700.000  -199.929   1.423253E+03
   700.000  -204.692   1.425557E+03
   700.000  -209.456   1.427860E+03
   700.000  -214.219   1.430164E+03
   700.000  -218.983   1.432467E+03
   700.000  -228.510   1.437074E+03
   700.000  -238.037   1.441681E+03
   700.000  -247.565   1.446288E+03
   700.000  -257.092   1.450895E+03
   700.000  -266.619   1.455502E+03
   700.000  -276.146   1.460109E+03
   700.000  -285.673   1.464716E+03
   700.000  -290.437   1.467020E+03
   700.000  -295.201   1.469323E+03
   700.000  -299.964   1.471626E+03
   700.000  -304.728   1.473930E+03
   700.000  -314.255   1.478537E+03
   700.000  -323.782   1.483144E+03
   700.000  -333.310   1.487751E+03
   700.000  -342.837   1.492358E+03
   700.000  -352.364   1.496965E+03
   700.000  -361.891   1.501572E+03
   700.000  -371.418   1.506179E+03
   700.000  -380.946   1.510786E+03
   700.000  -390.473   1.515393E+03
   700.000  -400.000   1.520000E+03
   705.000     0.142   0.000000E+00
   705.000    -0.334   1.122364E+01
   705.000    -1.287   3.340828E+01
   705.000    -1.626   4.119022E+01
   705.000    -2.240   5.361274E+01
   705.000    -2.716   6.313256E+01
   705.000    -3.193   7.256153E+01
   705.000    -3.669   8.185670E+01
   705.000    -4.145   9.103845E+01
   705.000    -5.098   1.090812E+02
   705.000    -5.574   1.179240E+02
   705.000    -6.051   1.266724E+02
   705.000    -6.527   1.352901E+02
   705.000    -7.480   1.521801E+02
   705.000    -8.280   1.660641E+02
   705.000    -9.385   1.845858E+02
   705.000   -10.338   2.001527E+02
   705.000   -11.291   2.152653E+02
   705.000   -12.243   2.299132E+02
   705.000   -13.196   2.441279E+02
   705.000   -14.149   2.578941E+02
   705.000   -16.054   2.840689E+02
   705.000   -17.960   3.084664E+02
   705.000   -20.710   3.405495E+02
   705.000   -21.771   3.519891E+02
   705.000   -23.676   3.717995E+02
   705.000   -25.581   3.904092E+02
   705.000   -27.946   4.184482E+02
   705.000   -29.392   4.350390E+02
   705.000   -31.298   4.568362E+02
   705.000   -33.203   4.785436E+02
   705.000   -35.109   5.001851E+02
   705.000   -37.967   5.324947E+02
   705.000   -40.825   5.646412E+02
   705.000   -43.683   5.966317E+02
   705.000   -46.541   6.284730E+02
   705.000   -49.399   6.601713E+02
   705.000   -52.258   6.917441E+02
   705.000   -55.116   7.231753E+02
   705.000   -57.974   7.544819E+02
   705.000   -60.832   7.856700E+02
   705.000   -63.690   8.167458E+02
   705.000   -66.548   8.477162E+02
   705.000   -71.312   8.991225E+02
   705.000   -76.076   9.502945E+02
   705.000   -80.839   1.001269E+03
   705.000   -85.603   1.052127E+03
   705.000   -90.366   1.102922E+03
   705.000   -95.130   1.153770E+03
   705.000   -99.894   1.204768E+03
   705.000  -104.657   1.256012E+03
   705.000  -110.547   1.320000E+03
   705.000  -114.184   1.327274E+03
   705.000  -118.948   1.336802E+03
   705.000  -123.711   1.346328E+03
   705.000  -128.475   1.355856E+03
   705.000  -133.239   1.365384E+03
   705.000  -138.002   1.374910E+03
   705.000  -142.766   1.384438E+03
   705.000  -147.529   1.393964E+03
   705.000  -152.293   1.400840E+03
   705.000  -157.057   1.403132E+03
   704.743  -161.820   1.205423E+03
   707.324  -166.584   1.207715E+03
   705.000  -171.347   1.210006E+03
   705.000  -176.111   1.212298E+03
   705.000  -180.875   1.214589E+03
   705.000  -185.638   1.216881E+03
   705.000  -190.402   1.219172E+03
   705.000  -193.123   1.220481E+03
   705.000  -199.929   1.423755E+03
   705.000  -204.693   1.426047E+03
   705.000  -209.456   1.428338E+03
   705.000  -214.220   1.430630E+03
   705.000  -218.983   1.432921E+03
   705.000  -228.511   1.437505E+03
   705.000  -238.038   1.442088E+03
   705.000  -247.565   1.446671E+03
   705.000  -257.092   1.451254E+03
   705.000  -266.619   1.455837E+03
   705.000  -276.147   1.460420E+03
   705.000  -285.674   1.465003E+03
   705.000  -290.437   1.467294E+03
   705.000  -295.201   1.469586E+03
   705.000  -299.965   1.471878E+03
   705.000  -304.728   1.474169E+03
   705.000  -314.255   1.478752E+03
   705.000  -323.782   1.483335E+03
   705.000  -333.310   1.487919E+03
   705.000  -342.837   1.492502E+03
   705.000  -352.364   1.497085E+03
   705.000  -361.891   1.501668E+03
   705.000  -371.418   1.506251E+03
   705.000  -380.946   1.510834E+03
   705.000  -390.473   1.515417E+03
   705.000  -400.000   1.520000E+03
   710.000     0.144   0.000000E+00
   710.000    -0.332   1.133883E+01
   710.000    -1.285   3.375739E+01
   711.000    -1.854   4.706110E+01
   712.328    -2.290   5.623833E+01
   710.000    -2.714   6.417404E+01
   710.000    -3.191   7.360168E+01
   710.000    -3.667   8.292309E+01
   710.000    -4.143   9.214973E+01
   710.000    -5.096   1.102940E+02
   710.000    -5.572   1.191858E+02
   710.000    -6.049   1.279823E+02
   710.000    -6.525   1.366465E+02
   710.000    -7.478   1.536519E+02
   710.000    -8.431   1.702151E+02
   710.000    -9.334   1.855557E+02
   710.000   -10.336   2.019324E+02
   710.000   -11.289   2.171265E+02
   710.000   -12.241   2.318670E+02
   710.000   -13.194   2.461739E+02
   710.000   -14.147   2.600321E+02
   710.000   -16.052   2.863925E+02
   710.000   -17.958   3.109859E+02
   710.000   -19.863   3.336484E+02
   710.000   -20.899   3.453385E+02
   710.000   -23.674   3.746526E+02
   710.000   -25.580   3.934385E+02
   710.000   -27.768   4.196078E+02
   710.000   -29.390   4.384565E+02
   710.000   -31.296   4.605179E+02
   710.000   -33.201   4.824794E+02
   710.000   -35.107   5.043686E+02
   710.000   -37.965   5.370414E+02
   710.000   -40.823   5.695473E+02
   710.000   -43.681   6.018968E+02
   710.000   -46.539   6.340990E+02
   710.000   -49.398   6.661732E+02
   710.000   -52.256   6.981044E+02
   710.000   -55.114   7.299112E+02
   710.000   -57.972   7.616007E+02
   710.000   -60.830   7.931803E+02
   710.000   -63.688   8.246578E+02
   710.000   -66.547   8.560524E+02
   710.000   -71.310   9.081669E+02
   710.000   -76.074   9.601075E+02
   710.000   -80.838   1.011927E+03
   710.000   -85.601   1.063699E+03
   710.000   -90.365   1.115556E+03
   710.000   -95.128   1.167616E+03
   710.000   -99.892   1.220053E+03
   710.000  -104.656   1.272894E+03
   710.000  -108.930   1.320000E+03
   710.000  -114.183   1.330506E+03
   710.000  -118.946   1.340032E+03
   710.000  -123.710   1.349560E+03
   710.000  -128.474   1.359088E+03
   710.000  -133.237   1.368614E+03
   710.000  -138.001   1.378142E+03
   710.000  -142.765   1.387670E+03
   710.000  -147.528   1.397196E+03
   710.000  -152.292   1.401607E+03
   710.000  -157.055   1.403883E+03
   710.000  -161.819   1.406160E+03
   710.000  -166.583   1.408437E+03
   709.904  -171.346   1.210714E+03
   712.486  -176.110   1.212991E+03
   710.000  -180.874   1.215268E+03
   710.000  -185.637   1.217544E+03
   710.000  -192.074   1.220621E+03
   710.000  -195.164   1.422098E+03
   710.000  -199.928   1.424375E+03
   710.000  -204.692   1.426652E+03
   710.000  -209.455   1.428928E+03
   710.000  -214.219   1.431205E+03
   710.000  -218.982   1.433482E+03
   710.000  -228.510   1.438036E+03
   710.000  -238.037   1.442589E+03
   710.000  -247.564   1.447143E+03
   710.000  -257.091   1.451696E+03
   710.000  -266.619   1.456250E+03
   710.000  -276.146   1.460803E+03
   710.000  -285.673   1.465357E+03
   710.000  -290.437   1.467634E+03
   710.000  -295.200   1.469910E+03
   710.000  -299.964   1.472187E+03
   710.000  -304.728   1.474464E+03
   710.000  -314.255   1.479018E+03
   710.000  -323.782   1.483571E+03
   710.000  -333.309   1.488125E+03
   710.000  -342.837   1.492679E+03
   710.000  -352.364   1.497232E+03
   710.000  -361.891   1.501786E+03
   710.000  -371.418   1.506339E+03
   710.000  -380.946   1.510893E+03
   710.000  -390.473   1.515447E+03
   710.000  -400.000   1.520000E+03
   715.000     0.143   0.000000E+00
   715.000    -0.333   1.149543E+01
   715.000    -1.286   3.421934E+01
   715.000    -1.762   4.544011E+01
   715.000    -2.349   5.916667E+01
   713.623    -2.715   6.522808E+01
   715.077    -3.192   7.529003E+01
   717.000    -3.823   8.847603E+01
   715.000    -4.144   9.395204E+01
   715.000    -5.097   1.120837E+02
   715.000    -5.573   1.210104E+02
   715.000    -6.050   1.298462E+02
   715.000    -6.526   1.385520E+02
   715.000    -7.479   1.556344E+02
   715.000    -8.431   1.722434E+02
   715.000    -9.384   1.884194E+02
   716.000   -10.598   2.089321E+02
   715.000   -11.290   2.194425E+02
   715.000   -12.242   2.341998E+02
   715.000   -13.195   2.485746E+02
   715.000   -14.148   2.624955E+02
   715.000   -16.053   2.889781E+02
   715.000   -17.959   3.136835E+02
   715.000   -19.864   3.365921E+02
   715.000   -21.087   3.503930E+02
   715.000   -23.675   3.777874E+02
   715.000   -25.580   3.967700E+02
   715.000   -27.590   4.211186E+02
   715.000   -29.391   4.423043E+02
   715.000   -31.297   4.646038E+02
   715.000   -33.202   4.867893E+02
   715.000   -35.108   5.088970E+02
   715.000   -37.966   5.418948E+02
   715.000   -40.824   5.747279E+02
   715.000   -43.682   6.074086E+02
   715.000   -46.540   6.399467E+02
   715.000   -49.399   6.723623E+02
   715.000   -52.257   7.046407E+02
   715.000   -55.115   7.368010E+02
   715.000   -57.973   7.688508E+02
   715.000   -60.831   8.007982E+02
   715.000   -63.689   8.326515E+02
   715.000   -66.548   8.644311E+02
   715.000   -71.311   9.172094E+02
   715.000   -76.075   9.698480E+02
   715.000   -80.838   1.022399E+03
   715.000   -85.602   1.074985E+03
   715.000   -90.366   1.127737E+03
   715.000   -95.129   1.180854E+03
   715.000   -99.893   1.234687E+03
   715.000  -104.656   1.289758E+03
   715.000  -107.313   1.320000E+03
   715.000  -114.184   1.333742E+03
   715.000  -118.947   1.343268E+03
   715.000  -123.711   1.352796E+03
   715.000  -128.474   1.362322E+03
   715.000  -133.238   1.371850E+03
   715.000  -138.002   1.381378E+03
   715.000  -142.765   1.390904E+03
   715.000  -147.529   1.400103E+03
   715.000  -152.292   1.402365E+03
   715.000  -157.056   1.404627E+03
   715.000  -161.820   1.406889E+03
   715.000  -166.583   1.409151E+03
   715.000  -171.347   1.411414E+03
   715.000  -176.110   1.413676E+03
   715.000  -180.750   1.215879E+03
   715.000  -185.638   1.218200E+03
   715.000  -191.026   1.220759E+03
   715.000  -195.165   1.422725E+03
   715.000  -199.929   1.424987E+03
   715.000  -204.692   1.427249E+03
   715.000  -209.456   1.429511E+03
   715.000  -214.219   1.431773E+03
   715.000  -218.983   1.434036E+03
   715.000  -228.510   1.438560E+03
   715.000  -238.037   1.443084E+03
   715.000  -247.565   1.447609E+03
   715.000  -257.092   1.452134E+03
   715.000  -266.619   1.456658E+03
   715.000  -276.146   1.461182E+03
   715.000  -285.673   1.465707E+03
   715.000  -290.437   1.467969E+03
   715.000  -295.201   1.470231E+03
   715.000  -299.964   1.472493E+03
   715.000  -304.728   1.474756E+03
   715.000  -314.255   1.479280E+03
   715.000  -323.782   1.483804E+03
   715.000  -333.310   1.488329E+03
   715.000  -342.837   1.492854E+03
   715.000  -352.364   1.497378E+03
   715.000  -361.891   1.501902E+03
   715.000  -371.418   1.506427E+03
   715.000  -380.946   1.510951E+03
   715.000  -390.473   1.515476E+03
   715.000  -400.000   1.520000E+03
   720.000     0.153   0.000000E+00
   720.000    -0.323   1.165753E+01
   720.000    -1.276   3.470308E+01
   720.000    -1.752   4.606462E+01
   720.000    -2.229   5.734562E+01
   719.000    -2.843   7.145704E+01
   720.000    -3.182   7.866689E+01
   720.000    -3.658   8.771734E+01
   717.936    -4.138   9.511161E+01
   721.000    -5.169   1.164598E+02
   721.548    -5.556   1.239911E+02
   722.218    -6.030   1.331233E+02
   720.000    -6.516   1.408713E+02
   720.000    -7.469   1.579380E+02
   720.000    -8.422   1.745884E+02
   720.000    -9.374   1.908058E+02
   720.000   -10.327   2.065839E+02
   717.819   -11.284   2.208519E+02
   720.330   -12.232   2.370518E+02
   720.000   -13.185   2.511892E+02
   720.000   -14.138   2.651142E+02
   720.000   -16.044   2.917198E+02
   720.000   -17.949   3.164934E+02
   720.000   -19.855   3.394649E+02
   720.000   -21.276   3.554228E+02
   720.000   -23.666   3.804134E+02
   720.000   -25.571   4.013316E+02
   720.000   -27.412   4.234612E+02
   720.000   -29.382   4.466502E+02
   720.000   -31.288   4.690397E+02
   720.000   -33.193   4.913604E+02
   720.000   -35.099   5.136294E+02
   720.000   -37.957   5.468984E+02
   720.000   -40.815   5.800213E+02
   720.000   -43.673   6.130034E+02
   720.000   -46.532   6.458631E+02
   720.000   -49.390   6.785846E+02
   720.000   -52.248   7.111869E+02
   720.000   -55.106   7.436774E+02
   720.000   -57.964   7.760635E+02
   720.000   -60.823   8.083644E+02
   720.000   -63.681   8.405658E+02
   720.000   -66.539   8.726881E+02
   720.000   -71.303   9.260794E+02
   720.000   -76.067   9.793348E+02
   720.000   -80.830   1.032517E+03
   720.000   -85.594   1.085748E+03
   720.000   -90.358   1.139164E+03
   720.000   -95.122   1.192987E+03
   720.000   -99.885   1.247602E+03
   718.000  -106.343   1.320000E+03
   720.000  -109.413   1.326140E+03
   720.000  -114.176   1.335666E+03
   720.000  -118.940   1.345194E+03
   720.000  -123.704   1.354722E+03
   720.000  -128.468   1.364250E+03
   720.000  -133.231   1.373776E+03
   720.000  -137.995   1.383304E+03
   720.000  -142.759   1.392832E+03
   720.000  -147.523   1.400558E+03
   720.000  -152.286   1.402812E+03
   720.000  -157.050   1.405065E+03
   720.000  -161.814   1.407319E+03
   720.000  -166.577   1.409572E+03
   720.000  -171.341   1.411826E+03
   720.000  -176.105   1.414080E+03
   720.000  -180.869   1.416334E+03
   717.647  -185.635   1.218588E+03
   720.000  -189.977   1.220642E+03
   720.000  -195.160   1.423094E+03
   720.000  -199.924   1.425348E+03
   720.000  -204.687   1.427601E+03
   720.000  -209.451   1.429855E+03
   720.000  -214.215   1.432109E+03
   720.000  -218.978   1.434362E+03
   720.000  -228.506   1.438870E+03
   720.000  -238.033   1.443377E+03
   720.000  -247.561   1.447884E+03
   720.000  -257.088   1.452391E+03
   720.000  -266.616   1.456899E+03
   720.000  -276.143   1.461406E+03
   720.000  -285.671   1.465913E+03
   720.000  -290.434   1.468167E+03
   720.000  -295.198   1.470420E+03
   720.000  -299.962   1.472674E+03
   720.000  -304.725   1.474927E+03
   720.000  -314.253   1.479435E+03
   720.000  -323.780   1.483942E+03
   720.000  -333.308   1.488449E+03
   720.000  -342.835   1.492956E+03
   720.000  -352.363   1.497464E+03
   720.000  -361.890   1.501971E+03
   720.000  -371.418   1.506478E+03
   720.000  -380.945   1.510985E+03
   720.000  -390.473   1.515493E+03
   720.000  -400.000   1.520000E+03
   725.000     0.175   0.000000E+00
   725.000    -0.301   1.189440E+01
   725.000    -1.254   3.542675E+01
   725.000    -1.731   4.706042E+01
   725.000    -2.207   5.857190E+01
   725.000    -2.683   6.995886E+01
   726.000    -3.315   8.539067E+01
   725.000    -3.636   9.104362E+01
   725.000    -4.113   1.001592E+02
   725.000    -5.065   1.180270E+02
   725.000    -5.542   1.267637E+02
   725.000    -6.018   1.353354E+02
   722.888    -6.504   1.422270E+02
   724.000    -7.290   1.569521E+02
   726.029    -8.398   1.775824E+02
   725.000    -9.353   1.932473E+02
   725.000   -10.306   2.090686E+02
   725.000   -11.259   2.244495E+02
   725.000   -12.211   2.394504E+02
   722.826   -13.173   2.528050E+02
   725.326   -14.116   2.683872E+02
   725.000   -16.023   2.946788E+02
   725.000   -17.928   3.196221E+02
   725.000   -19.834   3.427482E+02
   725.000   -21.464   3.611134E+02
   725.000   -23.645   3.839938E+02
   725.000   -25.551   4.051839E+02
   725.000   -27.234   4.255986E+02
   725.000   -29.362   4.509229E+02
   725.000   -31.267   4.734871E+02
   725.000   -33.173   4.959982E+02
   725.000   -35.079   5.184442E+02
   725.000   -37.937   5.519808E+02
   725.000   -40.795   5.853774E+02
   725.000   -43.654   6.186521E+02
   725.000   -46.512   6.517884E+02
   725.000   -49.370   6.848050E+02
   725.000   -52.229   7.177204E+02
   725.000   -55.087   7.505183E+02
   725.000   -57.946   7.832286E+02
   725.000   -60.804   8.158353E+02
   725.000   -63.662   8.483574E+02
   725.000   -66.521   8.808141E+02
   725.000   -71.285   9.347460E+02
   725.000   -76.049   9.885374E+02
   725.000   -80.813   1.042250E+03
   725.000   -85.577   1.095968E+03
   725.000   -90.341   1.149799E+03
   725.000   -95.105   1.203883E+03
   725.000   -99.869   1.258365E+03
   725.000  -105.180   1.320000E+03
   725.000  -109.397   1.328434E+03
   725.000  -114.161   1.337962E+03
   725.000  -118.925   1.347490E+03
   725.000  -123.689   1.357018E+03
   725.000  -128.453   1.366546E+03
   725.000  -133.217   1.376074E+03
   725.000  -137.981   1.385602E+03
   725.000  -142.745   1.395130E+03
   725.000  -147.509   1.401097E+03
   725.000  -152.273   1.403340E+03
   725.000  -157.037   1.405584E+03
   725.000  -161.801   1.407827E+03
   725.000  -166.565   1.410071E+03
   725.000  -171.329   1.412314E+03
   725.000  -176.093   1.414558E+03
   725.000  -180.857   1.416801E+03
   725.000  -185.621   1.419045E+03
   725.000  -190.385   1.421288E+03
   725.000  -195.149   1.423531E+03
   725.000  -199.913   1.425775E+03
   725.000  -204.676   1.428018E+03
   725.000  -209.440   1.430261E+03
   725.000  -214.204   1.432505E+03
   725.000  -218.968   1.434748E+03
   725.000  -228.496   1.439235E+03
   725.000  -238.024   1.443722E+03
   725.000  -247.552   1.448209E+03
   725.000  -257.080   1.452696E+03
   725.000  -266.608   1.457183E+03
   725.000  -276.136   1.461670E+03
   725.000  -285.664   1.466157E+03
   725.000  -290.428   1.468400E+03
   725.000  -295.192   1.470644E+03
   725.000  -299.956   1.472887E+03
   725.000  -304.720   1.475131E+03
   725.000  -314.248   1.479618E+03
   725.000  -323.776   1.484105E+03
   725.000  -333.304   1.488591E+03
   725.000  -342.832   1.493078E+03
   725.000  -352.360   1.497565E+03
   725.000  -361.888   1.502052E+03
   725.000  -371.416   1.506539E+03
   725.000  -380.944   1.511026E+03
   725.000  -390.472   1.515513E+03
   725.000  -400.000   1.520000E+03
   730.000     0.187   0.000000E+00
   730.000    -0.289   1.227365E+01
   730.000    -1.242   3.658026E+01
   730.000    -1.719   4.861257E+01
   730.000    -2.195   6.053061E+01
   730.000    -2.671   7.235978E+01
   730.000    -3.079   8.251729E+01
   730.000    -3.624   9.347705E+01
   730.000    -4.101   1.029181E+02
   730.000    -5.054   1.213464E+02
   730.000    -5.530   1.303335E+02
   730.000    -6.006   1.391752E+02
   730.000    -6.483   1.478333E+02
   730.000    -7.436   1.647317E+02
   730.000    -8.388   1.810576E+02
   727.768    -9.346   1.949870E+02
   729.000   -10.019   2.070251E+02
   732.013   -11.253   2.292499E+02
   730.000   -12.200   2.426621E+02
   730.000   -13.153   2.572025E+02
   730.000   -14.105   2.713373E+02
   730.000   -15.880   2.966812E+02
   730.000   -17.917   3.232998E+02
   730.000   -19.822   3.465901E+02
   730.000   -21.652   3.672757E+02
   730.000   -23.634   3.881312E+02
   730.000   -25.539   4.094751E+02
   732.000   -26.984   4.290086E+02
   730.000   -29.351   4.555024E+02
   730.000   -31.256   4.782586E+02
   730.000   -33.162   5.009489E+02
   730.000   -35.068   5.235670E+02
   730.000   -37.926   5.573559E+02
   730.000   -40.785   5.910181E+02
   730.000   -43.643   6.245403E+02
   730.000   -46.501   6.579429E+02
   730.000   -49.360   6.912446E+02
   730.000   -52.218   7.244287E+02
   730.000   -55.077   7.575244E+02
   730.000   -57.935   7.905142E+02
   730.000   -60.794   8.234268E+02
   730.000   -63.652   8.562449E+02
   730.000   -66.511   8.889974E+02
   730.000   -71.275   9.434166E+02
   730.000   -76.039   9.976754E+02
   730.000   -80.803   1.051818E+03
   730.000   -85.567   1.105901E+03
   730.000   -90.331   1.159995E+03
   730.000   -95.096   1.214192E+03
   730.000   -99.860   1.268543E+03
   730.000  -104.350   1.320000E+03
   730.000  -109.388   1.330076E+03
   730.000  -114.152   1.339604E+03
   730.000  -118.916   1.349132E+03
   730.000  -123.680   1.358660E+03
   730.000  -128.445   1.368190E+03
   730.000  -133.209   1.377718E+03
   730.000  -137.973   1.387246E+03
   730.000  -142.737   1.396774E+03
   730.000  -147.501   1.401479E+03
   730.000  -152.265   1.403715E+03
   730.000  -157.029   1.405951E+03
   730.000  -161.793   1.408188E+03
   730.000  -166.558   1.410424E+03
   730.000  -171.322   1.412660E+03
   730.000  -176.086   1.414897E+03
   730.000  -180.850   1.417133E+03
   730.000  -185.614   1.419369E+03
   730.000  -190.378   1.421605E+03
   730.000  -195.142   1.423841E+03
   730.000  -199.907   1.426078E+03
   730.000  -204.671   1.428314E+03
   730.000  -209.435   1.430550E+03
   730.000  -214.199   1.432787E+03
   730.000  -218.963   1.435023E+03
   730.000  -228.491   1.439495E+03
   730.000  -238.020   1.443968E+03
   730.000  -247.548   1.448440E+03
   730.000  -257.076   1.452913E+03
   730.000  -266.604   1.457385E+03
   730.000  -276.133   1.461858E+03
   730.000  -285.661   1.466330E+03
   730.000  -290.425   1.468566E+03
   730.000  -295.189   1.470803E+03
   730.000  -299.953   1.473039E+03
   730.000  -304.717   1.475275E+03
   730.000  -314.246   1.479748E+03
   730.000  -323.774   1.484220E+03
   730.000  -333.302   1.488693E+03
   730.000  -342.830   1.493165E+03
   730.000  -352.359   1.497638E+03
   730.000  -361.887   1.502110E+03
   730.000  -371.415   1.506582E+03
   730.000  -380.943   1.511055E+03
   730.000  -390.472   1.515528E+03
   730.000  -400.000   1.520000E+03
   735.000     0.173   0.000000E+00
   735.000    -0.303   1.268055E+01
   735.000    -1.256   3.779072E+01
   735.000    -1.733   5.021872E+01
   735.000    -2.209   6.252682E+01
   736.557    -2.692   7.554868E+01
   735.000    -3.162   8.522162E+01
   735.000    -3.638   9.511120E+01
   735.000    -4.115   1.048671E+02
   735.000    -5.067   1.238768E+02
   735.000    -5.544   1.331715E+02
   735.000    -6.020   1.422939E+02
   735.000    -6.497   1.512824E+02
   735.000    -7.449   1.687660E+02
   735.000    -8.402   1.856636E+02
   735.000    -9.355   2.018293E+02
   735.000   -10.308   2.174562E+02
   735.000   -11.261   2.325653E+02
   734.000   -12.066   2.438348E+02
   736.213   -13.171   2.626953E+02
   735.000   -14.119   2.756761E+02
   735.000   -16.024   3.025527E+02
   735.000   -17.766   3.259196E+02
   735.000   -19.836   3.510935E+02
   735.000   -21.841   3.737697E+02
   735.000   -23.647   3.927826E+02
   735.000   -25.552   4.142963E+02
   735.000   -26.765   4.292680E+02
   735.000   -29.364   4.607069E+02
   735.000   -31.269   4.836135E+02
   735.000   -33.175   5.064435E+02
   735.000   -35.080   5.291876E+02
   735.000   -37.939   5.631998E+02
   735.000   -40.797   5.970715E+02
   735.000   -43.655   6.308261E+02
   735.000   -46.514   6.644835E+02
   735.000   -49.372   6.980264E+02
   735.000   -52.231   7.314834E+02
   735.000   -55.089   7.648356E+02
   735.000   -57.947   7.980985E+02
   735.000   -60.806   8.312873E+02
   735.000   -63.664   8.643822E+02
   735.000   -66.523   8.974099E+02
   735.000   -71.286   9.522656E+02
   735.000   -76.050   1.006942E+03
   735.000   -80.814   1.061452E+03
   735.000   -85.578   1.115822E+03
   735.000   -90.342   1.170091E+03
   735.000   -95.106   1.224299E+03
   735.000   -99.870   1.278481E+03
   735.000  -103.520   1.320000E+03
   735.000  -109.398   1.331756E+03
   735.000  -114.162   1.341284E+03
   735.000  -118.926   1.350812E+03
   735.000  -123.690   1.360340E+03
   735.000  -128.454   1.369868E+03
   735.000  -133.218   1.379396E+03
   735.000  -137.982   1.388924E+03
   735.000  -142.746   1.398452E+03
   735.000  -147.510   1.401867E+03
   735.000  -152.274   1.404096E+03
   735.000  -157.038   1.406325E+03
   735.000  -161.802   1.408554E+03
   735.000  -166.566   1.410783E+03
   735.000  -171.330   1.413012E+03
   735.000  -176.094   1.415240E+03
   735.000  -180.858   1.417469E+03
   735.000  -185.622   1.419698E+03
   735.000  -190.386   1.421927E+03
   735.000  -195.150   1.424156E+03
   735.000  -199.914   1.426385E+03
   735.000  -204.677   1.428614E+03
   735.000  -209.441   1.430843E+03
   735.000  -214.205   1.433072E+03
   735.000  -218.969   1.435301E+03
   735.000  -228.497   1.439758E+03
   735.000  -238.025   1.444216E+03
   735.000  -247.553   1.448674E+03
   735.000  -257.081   1.453132E+03
   735.000  -266.609   1.457590E+03
   735.000  -276.137   1.462048E+03
   735.000  -285.665   1.466506E+03
   735.000  -290.429   1.468735E+03
   735.000  -295.193   1.470964E+03
   735.000  -299.957   1.473193E+03
   735.000  -304.721   1.475422E+03
   735.000  -314.249   1.479879E+03
   735.000  -323.777   1.484337E+03
   735.000  -333.305   1.488795E+03
   735.000  -342.832   1.493253E+03
   735.000  -352.360   1.497711E+03
   735.000  -361.888   1.502168E+03
   735.000  -371.416   1.506626E+03
   735.000  -380.944   1.511084E+03
   735.000  -390.472   1.515542E+03
   735.000  -400.000   1.520000E+03
   740.000     0.150   0.000000E+00
   740.000    -0.326   1.312968E+01
   740.000    -1.279   3.913910E+01
   740.000    -1.755   5.199680E+01
   742.000    -2.371   6.898163E+01
   740.000    -2.708   7.619608E+01
   740.000    -3.185   8.653953E+01
   740.000    -3.661   9.670230E+01
   740.000    -4.137   1.067067E+02
   740.000    -5.090   1.262626E+02
   740.000    -5.566   1.357951E+02
   740.000    -6.043   1.451909E+02
   740.000    -6.519   1.544111E+02
   740.000    -7.472   1.724037E+02
   740.000    -8.425   1.897759E+02
   740.000    -9.377   2.065120E+02
   740.000   -10.330   2.226530E+02
   740.000   -11.283   2.381837E+02
   740.000   -12.236   2.530696E+02
   740.000   -13.188   2.673947E+02
   738.138   -14.133   2.789200E+02
   741.000   -15.562   3.022141E+02
   740.000   -17.952   3.327709E+02
   740.000   -19.652   3.539010E+02
   740.000   -22.029   3.801802E+02
   740.000   -23.668   3.971127E+02
   740.000   -26.401   4.307556E+02
   740.000   -27.479   4.436716E+02
   740.000   -29.385   4.665555E+02
   740.000   -31.290   4.894364E+02
   740.000   -33.196   5.123062E+02
   740.000   -35.101   5.351269E+02
   740.000   -37.960   5.692959E+02
   740.000   -40.818   6.033541E+02
   740.000   -43.676   6.373161E+02
   740.000   -46.534   6.711854E+02
   740.000   -49.392   7.049651E+02
   740.000   -52.251   7.386698E+02
   740.000   -55.109   7.722779E+02
   740.000   -57.967   8.058028E+02
   740.000   -60.825   8.392454E+02
   740.000   -63.683   8.726066E+02
   740.000   -66.542   9.058981E+02
   740.000   -71.305   9.611809E+02
   740.000   -76.069   1.016250E+03
   740.000   -80.833   1.071093E+03
   740.000   -85.596   1.125699E+03
   740.000   -90.360   1.180096E+03
   740.000   -95.124   1.234285E+03
   740.000   -99.888   1.288292E+03
   740.000  -102.689   1.320000E+03
   740.000  -109.415   1.333452E+03
   740.000  -114.179   1.342980E+03
   740.000  -118.942   1.352506E+03
   740.000  -123.706   1.362034E+03
   740.000  -128.470   1.371562E+03
   740.000  -133.233   1.381088E+03
   740.000  -137.997   1.390616E+03
   740.000  -142.761   1.400034E+03
   740.000  -147.524   1.402255E+03
   740.000  -152.288   1.404477E+03
   740.000  -157.052   1.406698E+03
   740.000  -161.815   1.408920E+03
   740.000  -166.579   1.411141E+03
   740.000  -171.343   1.413363E+03
   740.000  -176.107   1.415585E+03
   740.000  -180.870   1.417806E+03
   740.000  -185.634   1.420028E+03
   740.000  -190.398   1.422250E+03
   740.000  -195.161   1.424471E+03
   740.000  -199.925   1.426693E+03
   740.000  -204.689   1.428914E+03
   740.000  -209.452   1.431136E+03
   740.000  -214.216   1.433357E+03
   740.000  -218.980   1.435579E+03
   740.000  -228.507   1.440022E+03
   740.000  -238.035   1.444466E+03
   740.000  -247.562   1.448909E+03
   740.000  -257.089   1.453352E+03
   740.000  -266.617   1.457795E+03
   740.000  -276.144   1.462238E+03
   740.000  -285.671   1.466681E+03
   740.000  -290.435   1.468903E+03
   740.000  -295.199   1.471125E+03
   740.000  -299.963   1.473347E+03
   740.000  -304.726   1.475568E+03
   740.000  -314.254   1.480011E+03
   740.000  -323.781   1.484454E+03
   740.000  -333.308   1.488897E+03
   740.000  -342.836   1.493341E+03
   740.000  -352.363   1.497784E+03
   740.000  -361.890   1.502227E+03
   740.000  -371.418   1.506670E+03
   740.000  -380.945   1.511113E+03
   740.000  -390.473   1.515557E+03
   740.000  -400.000   1.520000E+03
   745.000     0.127   0.000000E+00
   745.000    -0.349   1.338881E+01
   745.000    -1.302   3.990275E+01
   745.000    -1.778   5.300264E+01
   745.000    -2.440   7.107513E+01
   745.000    -2.731   7.759521E+01
   745.000    -3.207   8.815084E+01
   745.000    -3.684   9.853962E+01
   745.000    -4.160   1.087489E+02
   745.000    -5.113   1.287172E+02
   745.000    -5.589   1.384568E+02
   745.000    -6.065   1.480410E+02
   745.000    -6.542   1.574898E+02
   745.000    -7.494   1.758841E+02
   745.000    -8.447   1.936821E+02
   745.000    -9.400   2.108673E+02
   745.000   -10.353   2.274428E+02
   745.000   -11.305   2.433952E+02
   745.000   -12.258   2.587611E+02
   745.000   -13.211   2.735279E+02
   745.000   -14.163   2.875928E+02
   745.000   -16.069   3.142700E+02
   745.000   -18.005   3.392801E+02
   745.000   -19.879   3.619103E+02
   747.000   -22.293   3.913951E+02
   745.000   -23.690   4.038106E+02
   745.000   -26.036   4.310514E+02
   745.000   -27.501   4.489834E+02
   745.000   -29.406   4.721069E+02
   745.000   -31.312   4.951955E+02
   745.000   -33.217   5.181887E+02
   745.000   -35.122   5.411239E+02
   745.000   -37.980   5.754469E+02
   745.000   -40.838   6.096843E+02
   745.000   -43.696   6.438431E+02
   745.000   -46.554   6.779261E+02
   745.000   -49.413   7.119467E+02
   745.000   -52.271   7.458811E+02
   745.000   -55.129   7.797407E+02
   745.000   -57.987   8.135244E+02
   745.000   -60.845   8.472304E+02
   745.000   -63.703   8.808564E+02
   745.000   -66.561   9.143997E+02
   745.000   -71.324   9.701096E+02
   745.000   -76.088   1.025571E+03
   745.000   -80.851   1.080735E+03
   745.000   -85.615   1.135594E+03
   745.000   -90.378   1.190091E+03
   745.000   -95.141   1.244223E+03
   745.000  -101.859   1.320000E+03
   745.000  -104.668   1.325618E+03
   745.000  -109.432   1.335146E+03
   745.000  -114.195   1.344672E+03
   745.000  -118.958   1.354198E+03
   745.000  -123.722   1.363726E+03
   745.000  -128.485   1.373252E+03
   745.000  -133.249   1.382780E+03
   745.000  -138.012   1.392306E+03
   745.000  -142.776   1.400426E+03
   745.000  -147.539   1.402640E+03
   745.000  -152.302   1.404855E+03
   745.000  -157.066   1.407069E+03
   745.000  -161.829   1.409283E+03
   745.000  -166.593   1.411498E+03
   745.000  -171.356   1.413712E+03
   745.000  -176.119   1.415926E+03
   745.000  -180.883   1.418141E+03
   745.000  -185.646   1.420355E+03
   745.000  -190.410   1.422570E+03
   745.000  -195.173   1.424784E+03
   745.000  -199.937   1.426998E+03
   745.000  -204.700   1.429212E+03
   745.000  -209.463   1.431427E+03
   745.000  -214.227   1.433641E+03
   745.000  -218.990   1.435855E+03
   745.000  -228.517   1.440284E+03
   745.000  -238.044   1.444713E+03
   745.000  -247.571   1.449142E+03
   745.000  -257.098   1.453570E+03
   745.000  -266.624   1.457999E+03
   745.000  -276.151   1.462427E+03
   745.000  -285.678   1.466856E+03
   745.000  -290.441   1.469070E+03
   745.000  -295.205   1.471285E+03
   745.000  -299.968   1.473499E+03
   745.000  -304.732   1.475714E+03
   745.000  -314.259   1.480142E+03
   745.000  -323.785   1.484571E+03
   745.000  -333.312   1.488999E+03
   745.000  -342.839   1.493428E+03
   745.000  -352.366   1.497857E+03
   745.000  -361.893   1.502285E+03
   745.000  -371.420   1.506714E+03
   745.000  -380.946   1.511143E+03
   745.000  -390.473   1.515571E+03
   745.000  -400.000   1.520000E+03
   750.000     0.119   0.000000E+00
   750.000    -0.357   1.354417E+01
   750.000    -1.310   4.036916E+01
   750.000    -1.786   5.361984E+01
   750.000    -2.263   6.679242E+01
   751.000    -2.578   7.561489E+01
   750.000    -3.215   8.968349E+01
   750.000    -3.692   1.002102E+02
   750.000    -4.168   1.105634E+02
   750.000    -5.121   1.308360E+02
   750.000    -5.597   1.407338E+02
   750.000    -6.073   1.504798E+02
   750.000    -6.550   1.600941E+02
   750.000    -7.502   1.788270E+02
   750.000    -8.455   1.969726E+02
   750.000    -9.408   2.145123E+02
   750.000   -10.360   2.314300E+02
   750.000   -11.313   2.477631E+02
   750.000   -12.266   2.634953E+02
   750.000   -13.218   2.786127E+02
   750.000   -14.171   2.931493E+02
   750.000   -16.076   3.204319E+02
   750.000   -17.982   3.453483E+02
   748.077   -19.884   3.658837E+02
   752.000   -22.280   3.968657E+02
   749.000   -22.893   3.995498E+02
   752.000   -24.813   4.254965E+02
   751.441   -25.566   4.339632E+02
   750.000   -29.414   4.781966E+02
   750.000   -31.319   5.011094E+02
   750.000   -33.224   5.240658E+02
   750.000   -35.130   5.470427E+02
   750.000   -37.988   5.814794E+02
   750.000   -40.846   6.158753E+02
   750.000   -43.704   6.502223E+02
   750.000   -46.562   6.845159E+02
   750.000   -49.420   7.187533E+02
   750.000   -52.278   7.529312E+02
   750.000   -55.136   7.870463E+02
   750.000   -57.994   8.210945E+02
   750.000   -60.852   8.550713E+02
   750.000   -63.710   8.889715E+02
   750.000   -66.568   9.227890E+02
   750.000   -71.331   9.789487E+02
   750.000   -76.094   1.034820E+03
   750.000   -80.857   1.090352E+03
   750.000   -85.621   1.145488E+03
   750.000   -90.384   1.200114E+03
   750.000   -95.147   1.254137E+03
   750.000  -101.028   1.320000E+03
   750.000  -104.674   1.327292E+03
   750.000  -109.437   1.336818E+03
   750.000  -114.201   1.346346E+03
   750.000  -118.964   1.355872E+03
   750.000  -123.727   1.365398E+03
   750.000  -128.491   1.374926E+03
   750.000  -133.254   1.384452E+03
   750.000  -138.017   1.393978E+03
   750.000  -142.781   1.400812E+03
   750.000  -147.544   1.403019E+03
   750.000  -152.307   1.405226E+03
   750.000  -157.071   1.407434E+03
   750.000  -161.834   1.409641E+03
   750.000  -166.597   1.411848E+03
   750.000  -171.361   1.414055E+03
   750.000  -176.124   1.416262E+03
   750.000  -180.887   1.418469E+03
   750.000  -185.651   1.420677E+03
   750.000  -190.414   1.422884E+03
   750.000  -195.177   1.425091E+03
   750.000  -199.941   1.427299E+03
   750.000  -204.704   1.429506E+03
   750.000  -209.467   1.431713E+03
   750.000  -214.230   1.433920E+03
   750.000  -218.994   1.436127E+03
   750.000  -228.520   1.440541E+03
   750.000  -238.047   1.444956E+03
   750.000  -247.574   1.449370E+03
   750.000  -257.100   1.453784E+03
   750.000  -266.627   1.458199E+03
   750.000  -276.154   1.462613E+03
   750.000  -285.680   1.467027E+03
   750.000  -290.444   1.469235E+03
   750.000  -295.207   1.471442E+03
   750.000  -299.970   1.473649E+03
   750.000  -304.734   1.475857E+03
   750.000  -314.260   1.480271E+03
   750.000  -323.787   1.484685E+03
   750.000  -333.314   1.489100E+03
   750.000  -342.840   1.493514E+03
   750.000  -352.367   1.497928E+03
   750.000  -361.893   1.502342E+03
   750.000  -371.420   1.506757E+03
   750.000  -380.947   1.511171E+03
   750.000  -390.473   1.515585E+03
   750.000  -400.000   1.520000E+03
   755.000     0.119   0.000000E+00
   755.000    -0.357   1.377364E+01
   755.000    -1.310   4.105686E+01
   755.000    -1.786   5.453852E+01
   755.000    -2.401   7.182005E+01
   755.000    -2.739   7.964219E+01
   755.000    -3.215   9.047165E+01
   755.000    -3.692   1.011693E+02
   755.000    -4.168   1.116905E+02
   755.000    -5.121   1.322937E+02
   755.000    -5.597   1.423546E+02
   755.000    -6.073   1.522626E+02
   755.000    -6.550   1.620383E+02
   755.000    -7.502   1.810913E+02
   755.000    -8.455   1.995555E+02
   755.000    -9.408   2.174129E+02
   755.000   -10.360   2.346480E+02
   755.000   -11.313   2.512991E+02
   755.000   -12.266   2.673509E+02
   755.000   -13.218   2.827902E+02
   755.000   -14.171   2.976526E+02
   755.000   -16.076   3.255956E+02
   755.000   -17.982   3.512322E+02
   755.000   -19.887   3.743731E+02
   754.517   -22.590   4.033998E+02
   754.000   -23.445   4.120513E+02
   753.000   -25.453   4.351878E+02
   755.000   -27.508   4.595559E+02
   755.000   -29.414   4.831337E+02
   755.000   -31.319   5.064008E+02
   755.000   -33.224   5.295623E+02
   755.000   -35.130   5.526886E+02
   755.000   -37.988   5.873025E+02
   755.000   -40.846   6.218822E+02
   755.000   -43.704   6.564314E+02
   755.000   -46.562   6.909447E+02
   755.000   -49.420   7.254202E+02
   755.000   -52.278   7.598528E+02
   755.000   -55.136   7.942357E+02
   755.000   -57.994   8.285625E+02
   755.000   -60.852   8.628263E+02
   755.000   -63.710   8.970192E+02
   755.000   -66.568   9.311324E+02
   755.000   -71.331   9.877854E+02
   755.000   -76.094   1.044136E+03
   755.000   -80.857   1.100111E+03
   755.000   -85.621   1.155624E+03
   755.000   -90.384   1.210495E+03
   755.000   -95.147   1.264452E+03
   755.000  -100.198   1.320000E+03
   755.000  -104.674   1.328952E+03
   755.000  -109.437   1.338478E+03
   755.000  -114.201   1.348006E+03
   755.000  -118.964   1.357532E+03
   755.000  -123.727   1.367058E+03
   755.000  -128.491   1.376586E+03
   755.000  -133.254   1.386112E+03
   755.000  -138.017   1.395638E+03
   755.000  -142.781   1.401193E+03
   755.000  -147.544   1.403393E+03
   755.000  -152.307   1.405593E+03
   755.000  -157.071   1.407793E+03
   755.000  -161.834   1.409993E+03
   755.000  -166.597   1.412193E+03
   755.000  -171.361   1.414394E+03
   755.000  -176.124   1.416594E+03
   755.000  -180.887   1.418794E+03
   755.000  -185.651   1.420994E+03
   755.000  -190.414   1.423194E+03
   755.000  -195.177   1.425394E+03
   755.000  -199.941   1.427595E+03
   755.000  -204.704   1.429795E+03
   755.000  -209.467   1.431995E+03
   755.000  -214.230   1.434195E+03
   755.000  -218.994   1.436395E+03
   755.000  -228.520   1.440795E+03
   755.000  -238.047   1.445195E+03
   755.000  -247.574   1.449596E+03
   755.000  -257.100   1.453996E+03
   755.000  -266.627   1.458396E+03
   755.000  -276.154   1.462797E+03
   755.000  -285.680   1.467197E+03
   755.000  -290.444   1.469397E+03
   755.000  -295.207   1.471597E+03
   755.000  -299.970   1.473797E+03
   755.000  -304.734   1.475998E+03
   755.000  -314.260   1.480398E+03
   755.000  -323.787   1.484798E+03
   755.000  -333.314   1.489198E+03
   755.000  -342.840   1.493598E+03
   755.000  -352.367   1.497999E+03
   755.000  -361.893   1.502399E+03
   755.000  -371.420   1.506799E+03
   755.000  -380.947   1.511200E+03
   755.000  -390.473   1.515600E+03
   755.000  -400.000   1.520000E+03
   760.000     0.132   0.000000E+00
   760.000    -0.344   1.396698E+01
   760.000    -1.297   4.165505E+01
   760.000    -1.773   5.534656E+01
   760.000    -2.180   6.696847E+01
   760.000    -2.726   7.974493E+01
   760.000    -3.202   9.072130E+01
   760.000    -3.679   1.015655E+02
   760.000    -4.155   1.122322E+02
   760.000    -5.108   1.331230E+02
   760.000    -5.584   1.433258E+02
   760.000    -6.061   1.533955E+02
   760.000    -6.537   1.632898E+02
   760.000    -7.490   1.826373E+02
   760.000    -8.442   2.013510E+02
   760.000    -9.395   2.194725E+02
   760.000   -10.348   2.369841E+02
   760.000   -11.300   2.538703E+02
   760.000   -12.253   2.701686E+02
   760.000   -13.206   2.858631E+02
   760.000   -14.158   3.009397E+02
   760.000   -16.064   3.293228E+02
   760.000   -17.969   3.552963E+02
   760.000   -19.875   3.788812E+02
   760.000   -21.780   3.998216E+02
   760.000   -23.266   4.145938E+02
   760.000   -25.591   4.437283E+02
   758.000   -26.692   4.543235E+02
   760.047   -29.402   4.889895E+02
   760.999   -31.307   5.130101E+02
   761.952   -33.212   5.371134E+02
   760.000   -35.118   5.581156E+02
   760.000   -37.976   5.928468E+02
   760.000   -40.834   6.275981E+02
   760.000   -43.692   6.623665E+02
   760.000   -46.550   6.971053E+02
   760.000   -49.408   7.318345E+02
   760.000   -52.266   7.665428E+02
   760.000   -55.124   8.012131E+02
   760.000   -57.982   8.358401E+02
   760.000   -60.840   8.704153E+02
   760.000   -63.699   9.049397E+02
   760.000   -66.557   9.393790E+02
   760.000   -71.320   9.965860E+02
   760.000   -76.084   1.053507E+03
   760.000   -80.847   1.110037E+03
   760.000   -85.611   1.166097E+03
   760.000   -90.374   1.221531E+03
   760.000   -95.138   1.276206E+03
   760.000   -99.023   1.320000E+03
   760.000  -104.664   1.331282E+03
   760.000  -109.428   1.340810E+03
   760.000  -114.191   1.350336E+03
   760.000  -118.955   1.359864E+03
   760.000  -123.718   1.369390E+03
   760.000  -128.482   1.378918E+03
   760.000  -133.245   1.388444E+03
   760.000  -138.009   1.397972E+03
   760.000  -142.772   1.401724E+03
   760.000  -147.536   1.403914E+03
   760.000  -152.299   1.406104E+03
   760.000  -157.063   1.408295E+03
   760.000  -161.826   1.410485E+03
   760.000  -166.590   1.412676E+03
   760.000  -171.353   1.414866E+03
   760.000  -176.117   1.417056E+03
   760.000  -180.880   1.419246E+03
   760.000  -185.644   1.421437E+03
   760.000  -190.407   1.423627E+03
   760.000  -195.171   1.425817E+03
   760.000  -199.934   1.428008E+03
   760.000  -204.697   1.430198E+03
   760.000  -209.461   1.432388E+03
   760.000  -214.224   1.434578E+03
   760.000  -218.988   1.436769E+03
   760.000  -228.515   1.441149E+03
   760.000  -238.042   1.445530E+03
   760.000  -247.569   1.449911E+03
   760.000  -257.096   1.454291E+03
   760.000  -266.623   1.458672E+03
   760.000  -276.150   1.463052E+03
   760.000  -285.677   1.467433E+03
   760.000  -290.440   1.469623E+03
   760.000  -295.204   1.471814E+03
   760.000  -299.967   1.474004E+03
   760.000  -304.730   1.476194E+03
   760.000  -314.257   1.480574E+03
   760.000  -323.784   1.484955E+03
   760.000  -333.311   1.489336E+03
   760.000  -342.838   1.493716E+03
   760.000  -352.365   1.498097E+03
   760.000  -361.892   1.502478E+03
   760.000  -371.419   1.506858E+03
   760.000  -380.946   1.511239E+03
   760.000  -390.473   1.515619E+03
   760.000  -400.000   1.520000E+03
   765.000     0.133   0.000000E+00
   765.000    -0.343   1.419120E+01
   765.000    -1.296   4.232425E+01
   765.000    -1.959   6.169829E+01
   765.000    -2.249   6.865223E+01
   765.000    -2.725   7.994388E+01
   765.000    -3.201   9.107079E+01
   765.000    -3.678   1.020569E+02
   765.000    -4.154   1.128577E+02
   765.000    -5.107   1.339980E+02
   765.000    -5.583   1.443185E+02
   765.000    -6.060   1.545022E+02
   765.000    -6.536   1.645070E+02
   765.000    -7.489   1.840670E+02
   765.000    -8.441   2.029848E+02
   765.000    -9.394   2.213041E+02
   765.000   -10.347   2.390084E+02
   765.000   -11.299   2.560834E+02
   765.000   -12.252   2.725677E+02
   765.000   -13.205   2.884460E+02
   765.000   -14.157   3.037053E+02
   765.000   -16.063   3.324542E+02
   765.000   -17.968   3.588089E+02
   765.000   -19.874   3.828221E+02
   765.000   -21.779   4.045030E+02
   766.000   -24.005   4.279424E+02
   765.000   -25.590   4.476199E+02
   765.000   -27.325   4.688261E+02
   765.000   -29.401   4.938521E+02
   765.000   -31.306   5.169160E+02
   765.000   -33.211   5.400380E+02
   762.905   -35.117   5.612638E+02
   764.000   -37.308   5.890723E+02
   766.194   -40.832   6.345007E+02
   765.000   -43.691   6.681742E+02
   765.000   -46.549   7.031893E+02
   765.000   -49.407   7.382075E+02
   765.000   -52.265   7.732431E+02
   765.000   -55.123   8.082168E+02
   765.000   -57.982   8.431821E+02
   765.000   -60.840   8.781022E+02
   765.000   -63.698   9.129651E+02
   765.000   -66.556   9.477647E+02
   765.000   -71.319   1.005595E+03
   765.000   -76.083   1.063162E+03
   765.000   -80.846   1.120362E+03
   765.000   -85.610   1.177113E+03
   765.000   -90.373   1.233280E+03
   765.000   -95.137   1.288792E+03
   765.000   -97.848   1.320000E+03
   765.000  -104.664   1.333632E+03
   765.000  -109.427   1.343158E+03
   765.000  -114.191   1.352686E+03
   765.000  -118.954   1.362212E+03
   765.000  -123.718   1.371740E+03
   765.000  -128.481   1.381266E+03
   765.000  -133.245   1.390794E+03
   765.000  -138.008   1.400073E+03
   765.000  -142.772   1.402254E+03
   765.000  -147.535   1.404434E+03
   765.000  -152.299   1.406615E+03
   765.000  -157.062   1.408795E+03
   765.000  -161.826   1.410976E+03
   765.000  -166.589   1.413156E+03
   765.000  -171.353   1.415337E+03
   765.000  -176.116   1.417517E+03
   765.000  -180.880   1.419698E+03
   765.000  -185.643   1.421878E+03
   765.000  -190.407   1.424059E+03
   765.000  -195.170   1.426239E+03
   765.000  -199.934   1.428420E+03
   765.000  -204.697   1.430600E+03
   765.000  -209.460   1.432780E+03
   765.000  -214.224   1.434961E+03
   765.000  -218.987   1.437141E+03
   765.000  -228.514   1.441502E+03
   765.000  -238.041   1.445863E+03
   765.000  -247.568   1.450224E+03
   765.000  -257.095   1.454585E+03
   765.000  -266.622   1.458946E+03
   765.000  -276.149   1.463307E+03
   765.000  -285.676   1.467668E+03
   765.000  -290.440   1.469849E+03
   765.000  -295.203   1.472029E+03
   765.000  -299.967   1.474210E+03
   765.000  -304.730   1.476390E+03
   765.000  -314.257   1.480751E+03
   765.000  -323.784   1.485112E+03
   765.000  -333.311   1.489473E+03
   765.000  -342.838   1.493834E+03
   765.000  -352.365   1.498195E+03
   765.000  -361.892   1.502556E+03
   765.000  -371.419   1.506917E+03
   765.000  -380.946   1.511278E+03
   765.000  -390.473   1.515639E+03
   765.000  -400.000   1.520000E+03
   770.000     0.138   0.000000E+00
   770.000    -0.338   1.412945E+01
   770.000    -1.291   4.213010E+01
   770.000    -1.767   5.596306E+01
   770.000    -2.253   7.000066E+01
   770.000    -2.720   8.103773E+01
   770.000    -3.196   9.214007E+01
   770.000    -3.673   1.031144E+02
   770.000    -4.149   1.139143E+02
   770.000    -5.102   1.350810E+02
   770.000    -5.578   1.454248E+02
   770.000    -6.055   1.556375E+02
   770.000    -6.531   1.656763E+02
   770.000    -7.484   1.853169E+02
   770.000    -8.436   2.043269E+02
   770.000    -9.389   2.227469E+02
   770.000   -10.342   2.405576E+02
   770.000   -11.295   2.577603E+02
   770.000   -12.247   2.743390E+02
   770.000   -13.200   2.903301E+02
   770.000   -14.153   3.057177E+02
   770.000   -16.058   3.346728E+02
   770.000   -17.963   3.612393E+02
   770.000   -19.869   3.854485E+02
   770.000   -21.774   4.072991E+02
   770.000   -23.837   4.284025E+02
   770.000   -25.585   4.508587E+02
   770.000   -27.340   4.726934E+02
   770.000   -29.396   4.978194E+02
   770.000   -31.301   5.211530E+02
   770.000   -33.207   5.445515E+02
   770.000   -35.112   5.679370E+02
   770.000   -37.970   6.031110E+02
   770.000   -40.829   6.383497E+02
   767.973   -43.689   6.715563E+02
   769.751   -46.545   7.087803E+02
   771.530   -49.401   7.462307E+02
   770.000   -52.261   7.796740E+02
   770.000   -55.119   8.150082E+02
   770.000   -57.977   8.503253E+02
   770.000   -60.835   8.856642E+02
   770.000   -63.694   9.209087E+02
   770.000   -66.552   9.561022E+02
   770.000   -71.315   1.014634E+03
   770.000   -76.079   1.072935E+03
   770.000   -80.842   1.130918E+03
   770.000   -85.606   1.188486E+03
   770.000   -90.369   1.245490E+03
   770.000   -96.673   1.320000E+03
   770.000   -99.897   1.326448E+03
   770.000  -104.660   1.335974E+03
   770.000  -109.424   1.345502E+03
   770.000  -114.187   1.355028E+03
   770.000  -118.951   1.364556E+03
   770.000  -123.714   1.374082E+03
   770.000  -128.478   1.383610E+03
   770.000  -133.241   1.393136E+03
   770.000  -138.005   1.400607E+03
   770.000  -142.768   1.402778E+03
   770.000  -147.532   1.404949E+03
   770.000  -152.296   1.407120E+03
   770.000  -157.059   1.409290E+03
   770.000  -161.823   1.411461E+03
   770.000  -166.586   1.413632E+03
   770.000  -171.350   1.415803E+03
   770.000  -176.113   1.417973E+03
   770.000  -180.877   1.420144E+03
   770.000  -185.640   1.422315E+03
   770.000  -190.404   1.424486E+03
   770.000  -195.167   1.426656E+03
   770.000  -199.931   1.428827E+03
   770.000  -204.695   1.430998E+03
   770.000  -209.458   1.433169E+03
   770.000  -214.222   1.435340E+03
   770.000  -218.985   1.437510E+03
   770.000  -228.512   1.441852E+03
   770.000  -238.039   1.446193E+03
   770.000  -247.566   1.450535E+03
   770.000  -257.094   1.454877E+03
   770.000  -266.621   1.459218E+03
   770.000  -276.148   1.463560E+03
   770.000  -285.675   1.467901E+03
   770.000  -290.438   1.470072E+03
   770.000  -295.202   1.472243E+03
   770.000  -299.966   1.474414E+03
   770.000  -304.729   1.476584E+03
   770.000  -314.256   1.480926E+03
   770.000  -323.783   1.485267E+03
   770.000  -333.310   1.489609E+03
   770.000  -342.837   1.493950E+03
   770.000  -352.365   1.498292E+03
   770.000  -361.892   1.502634E+03
   770.000  -371.419   1.506975E+03
   770.000  -380.946   1.511317E+03
   770.000  -390.473   1.515658E+03
   770.000  -400.000   1.520000E+03
   775.000     0.145   0.000000E+00
   775.000    -0.331   1.416424E+01
   775.000    -1.284   4.224229E+01
   775.000    -1.760   5.612639E+01
   775.000    -2.270   7.089955E+01
   775.000    -2.713   8.141337E+01
   775.000    -3.190   9.258454E+01
   775.000    -3.666   1.035791E+02
   775.000    -4.142   1.144208E+02
   775.000    -5.095   1.356679E+02
   775.000    -5.571   1.460511E+02
   775.000    -6.048   1.563030E+02
   775.000    -6.524   1.663807E+02
   775.000    -7.477   1.860986E+02
   775.000    -8.430   2.052055E+02
   775.000    -9.382   2.236823E+02
   775.000   -10.335   2.415685E+02
   775.000   -11.288   2.588449E+02
   775.000   -12.240   2.754950E+02
   775.000   -13.193   2.915544E+02
   775.000   -14.146   3.070063E+02
   775.000   -16.051   3.360743E+02
   775.000   -17.957   3.627361E+02
   775.000   -19.862   3.869657E+02
   775.000   -21.768   4.087850E+02
   773.000   -23.711   4.281518E+02
   775.000   -25.579   4.536637E+02
   775.000   -27.354   4.760140E+02
   775.000   -29.390   5.011854E+02
   775.000   -31.295   5.247760E+02
   775.000   -33.200   5.484016E+02
   775.000   -35.106   5.720703E+02
   775.000   -37.964   6.076198E+02
   775.000   -40.822   6.432358E+02
   775.000   -43.680   6.788379E+02
   775.000   -46.539   7.145109E+02
   775.000   -49.397   7.501943E+02
   773.308   -52.257   7.839110E+02
   775.086   -55.113   8.218231E+02
   776.000   -56.581   8.414024E+02
   775.000   -60.829   8.930318E+02
   775.000   -63.688   9.287062E+02
   775.000   -66.546   9.643415E+02
   775.000   -71.309   1.023674E+03
   775.000   -76.073   1.082781E+03
   775.000   -80.837   1.141692E+03
   775.000   -85.600   1.200202E+03
   775.000   -90.364   1.258242E+03
   775.000   -95.498   1.320000E+03
   775.000   -99.891   1.328786E+03
   775.000  -104.655   1.338314E+03
   775.000  -109.419   1.347842E+03
   775.000  -114.182   1.357368E+03
   775.000  -118.946   1.366896E+03
   775.000  -123.709   1.376422E+03
   775.000  -128.473   1.385950E+03
   775.000  -133.237   1.395478E+03
   775.000  -138.000   1.401135E+03
   775.000  -142.764   1.403296E+03
   775.000  -147.528   1.405458E+03
   775.000  -152.291   1.407619E+03
   775.000  -157.055   1.409780E+03
   775.000  -161.818   1.411941E+03
   775.000  -166.582   1.414102E+03
   775.000  -171.346   1.416264E+03
   775.000  -176.109   1.418425E+03
   775.000  -180.873   1.420586E+03
   775.000  -185.637   1.422747E+03
   775.000  -190.400   1.424908E+03
   775.000  -195.164   1.427069E+03
   775.000  -199.928   1.429231E+03
   775.000  -204.691   1.431392E+03
   775.000  -209.455   1.433553E+03
   775.000  -214.218   1.435714E+03
   775.000  -218.982   1.437875E+03
   775.000  -228.509   1.442197E+03
   775.000  -238.037   1.446520E+03
   775.000  -247.564   1.450842E+03
   775.000  -257.091   1.455165E+03
   775.000  -266.618   1.459487E+03
   775.000  -276.146   1.463810E+03
   775.000  -285.673   1.468132E+03
   775.000  -290.436   1.470293E+03
   775.000  -295.200   1.472454E+03
   775.000  -299.964   1.474615E+03
   775.000  -304.727   1.476776E+03
   775.000  -314.255   1.481099E+03
   775.000  -323.782   1.485421E+03
   775.000  -333.309   1.489743E+03
   775.000  -342.836   1.494066E+03
   775.000  -352.364   1.498388E+03
   775.000  -361.891   1.502711E+03
   775.000  -371.418   1.507033E+03
   775.000  -380.945   1.511355E+03
   775.000  -390.473   1.515678E+03
   775.000  -400.000   1.520000E+03
   780.000     0.147   0.000000E+00
   780.000    -0.329   1.421617E+01
   780.000    -1.282   4.238848E+01
   780.000    -1.758   5.631189E+01
   779.000    -2.283   7.142582E+01
   780.000    -2.711   8.155953E+01
   780.000    -3.188   9.275807E+01
   780.000    -3.664   1.037823E+02
   780.000    -4.140   1.146553E+02
   780.000    -5.093   1.359684E+02
   780.000    -5.569   1.463851E+02
   780.000    -6.046   1.566706E+02
   780.000    -6.522   1.667816E+02
   780.000    -7.475   1.865654E+02
   780.000    -8.428   2.057353E+02
   780.000    -9.380   2.242722E+02
   780.000   -10.333   2.422149E+02
   780.000   -11.286   2.595439E+02
   780.000   -12.239   2.762599E+02
   780.000   -13.191   2.923468E+02
   780.000   -14.144   3.078392E+02
   780.000   -16.049   3.369775E+02
   780.000   -17.955   3.636974E+02
   780.000   -19.860   3.879825E+02
   780.000   -21.766   4.098730E+02
   780.000   -23.238   4.249521E+02
   780.000   -25.577   4.560533E+02
   780.000   -27.368   4.788700E+02
   780.000   -29.388   5.041052E+02
   780.000   -31.293   5.279683E+02
   780.000   -33.199   5.518754E+02
   780.000   -35.104   5.757980E+02
   780.000   -37.962   6.117356E+02
   780.000   -40.820   6.477205E+02
   780.000   -43.679   6.837524E+02
   780.000   -46.537   7.198093E+02
   780.000   -49.395   7.559024E+02
   780.000   -52.253   7.919609E+02
   780.000   -55.111   8.280601E+02
   780.000   -57.970   8.641803E+02
   778.174   -60.828   8.977362E+02
   779.636   -63.686   9.359611E+02
   781.098   -66.543   9.743972E+02
   780.000   -71.308   1.032682E+03
   780.000   -76.071   1.092651E+03
   780.000   -80.835   1.152694E+03
   780.000   -85.599   1.212271E+03
   780.000   -90.362   1.271401E+03
   780.000   -94.324   1.320000E+03
   780.000   -99.890   1.331132E+03
   780.000  -104.653   1.340658E+03
   780.000  -109.417   1.350186E+03
   780.000  -114.181   1.359714E+03
   780.000  -118.944   1.369240E+03
   780.000  -123.708   1.378768E+03
   780.000  -128.472   1.388296E+03
   780.000  -133.235   1.397822E+03
   780.000  -137.999   1.401660E+03
   780.000  -142.763   1.403812E+03
   780.000  -147.526   1.405963E+03
   780.000  -152.290   1.408115E+03
   780.000  -157.054   1.410267E+03
   780.000  -161.817   1.412418E+03
   780.000  -166.581   1.414570E+03
   780.000  -171.345   1.416722E+03
   780.000  -176.108   1.418873E+03
   780.000  -180.872   1.421025E+03
   780.000  -185.636   1.423177E+03
   780.000  -190.399   1.425328E+03
   780.000  -195.163   1.427480E+03
   780.000  -199.927   1.429631E+03
   780.000  -204.690   1.431783E+03
   780.000  -209.454   1.433935E+03
   780.000  -214.217   1.436086E+03
   780.000  -218.981   1.438238E+03
   780.000  -228.508   1.442541E+03
   780.000  -238.036   1.446844E+03
   780.000  -247.563   1.451148E+03
   780.000  -257.090   1.455451E+03
   780.000  -266.618   1.459754E+03
   780.000  -276.145   1.464057E+03
   780.000  -285.672   1.468361E+03
   780.000  -290.436   1.470512E+03
   780.000  -295.200   1.472664E+03
   780.000  -299.963   1.474815E+03
   780.000  -304.727   1.476967E+03
   780.000  -314.254   1.481270E+03
   780.000  -323.782   1.485574E+03
   780.000  -333.309   1.489877E+03
   780.000  -342.836   1.494180E+03
   780.000  -352.363   1.498483E+03
   780.000  -361.891   1.502787E+03
   780.000  -371.418   1.507090E+03
   780.000  -380.945   1.511393E+03
   780.000  -390.473   1.515697E+03
   780.000  -400.000   1.520000E+03
   785.000     0.153   0.000000E+00
   785.000    -0.323   1.437472E+01
   785.000    -1.276   4.287374E+01
   785.000    -1.929   6.219639E+01
   785.000    -2.229   6.948074E+01
   785.000    -2.705   8.091909E+01
   785.000    -3.182   9.221965E+01
   785.000    -3.658   1.033357E+02
   785.000    -4.134   1.142916E+02
   785.000    -5.087   1.357472E+02
   785.000    -5.563   1.462256E+02
   785.000    -6.040   1.565674E+02
   785.000    -6.516   1.667295E+02
   785.000    -7.469   1.866020E+02
   785.000    -8.422   2.058457E+02
   785.000    -9.374   2.244438E+02
   785.000   -10.327   2.424369E+02
   785.000   -11.280   2.598071E+02
   785.000   -12.233   2.765558E+02
   785.000   -13.185   2.926677E+02
   785.000   -14.138   3.081778E+02
   785.000   -16.044   3.373453E+02
   785.000   -17.949   3.640374E+02
   785.000   -19.855   3.882918E+02
   785.000   -21.760   4.100931E+02
   785.000   -22.900   4.218502E+02
   785.000   -25.571   4.577772E+02
   784.000   -27.380   4.807106E+02
   785.000   -29.382   5.064905E+02
   785.000   -31.288   5.306671E+02
   785.000   -33.193   5.548540E+02
   785.000   -35.099   5.790748E+02
   785.000   -37.957   6.154297E+02
   785.000   -40.815   6.518229E+02
   785.000   -43.673   6.882497E+02
   785.000   -46.532   7.247201E+02
   785.000   -49.390   7.612048E+02
   785.000   -52.248   7.977101E+02
   785.000   -55.106   8.342447E+02
   785.000   -57.964   8.708137E+02
   785.000   -60.823   9.073452E+02
   785.000   -63.681   9.439130E+02
   785.000   -66.539   9.804993E+02
   783.535   -71.304   1.039070E+03
   785.000   -74.166   1.078282E+03
   785.000   -80.830   1.163642E+03
   785.000   -85.594   1.224528E+03
   785.000   -90.358   1.284971E+03
   785.000   -93.149   1.320000E+03
   785.000   -99.885   1.333472E+03
   785.000  -104.649   1.343000E+03
   785.000  -109.413   1.352528E+03
   785.000  -114.176   1.362054E+03
   785.000  -118.940   1.371582E+03
   785.000  -123.704   1.381110E+03
   785.000  -128.468   1.390638E+03
   785.000  -133.231   1.400037E+03
   785.000  -137.995   1.402179E+03
   785.000  -142.759   1.404322E+03
   785.000  -147.523   1.406464E+03
   785.000  -152.286   1.408606E+03
   785.000  -157.050   1.410748E+03
   785.000  -161.814   1.412890E+03
   785.000  -166.577   1.415032E+03
   785.000  -171.341   1.417175E+03
   785.000  -176.105   1.419317E+03
   785.000  -180.869   1.421459E+03
   785.000  -185.632   1.423601E+03
   785.000  -190.396   1.425743E+03
   785.000  -195.160   1.427886E+03
   785.000  -199.924   1.430028E+03
   785.000  -204.687   1.432170E+03
   785.000  -209.451   1.434312E+03
   785.000  -214.215   1.436455E+03
   785.000  -218.978   1.438596E+03
   785.000  -228.506   1.442881E+03
   785.000  -238.033   1.447165E+03
   785.000  -247.561   1.451450E+03
   785.000  -257.088   1.455734E+03
   785.000  -266.616   1.460019E+03
   785.000  -276.143   1.464303E+03
   785.000  -285.671   1.468587E+03
   785.000  -290.434   1.470729E+03
   785.000  -295.198   1.472872E+03
   785.000  -299.962   1.475014E+03
   785.000  -304.725   1.477156E+03
   785.000  -314.253   1.481441E+03
   785.000  -323.780   1.485725E+03
   785.000  -333.308   1.490009E+03
   785.000  -342.835   1.494294E+03
   785.000  -352.363   1.498578E+03
   785.000  -361.890   1.502862E+03
   785.000  -371.418   1.507147E+03
   785.000  -380.945   1.511431E+03
   785.000  -390.473   1.515716E+03
   785.000  -400.000   1.520000E+03
   790.000     0.157   0.000000E+00
   790.000    -0.319   1.447626E+01
   790.000    -1.272   4.317462E+01
   791.000    -1.841   6.017498E+01
   790.000    -2.225   6.941826E+01
   790.000    -2.701   8.088367E+01
   790.000    -3.178   9.221284E+01
   790.000    -3.654   1.033543E+02
   790.000    -4.130   1.143330E+02
   790.000    -5.083   1.358263E+02
   790.000    -5.560   1.463425E+02
   790.000    -6.036   1.566764E+02
   790.000    -6.512   1.668508E+02
   790.000    -7.465   1.867428E+02
   790.000    -8.418   2.060004E+02
   790.000    -9.371   2.246265E+02
   790.000   -10.323   2.426042E+02
   790.000   -11.276   2.599732E+02
   790.000   -12.229   2.767158E+02
   790.000   -13.182   2.928334E+02
   790.000   -14.134   3.083107E+02
   790.000   -16.040   3.374282E+02
   790.000   -17.945   3.640415E+02
   790.000   -19.851   3.881768E+02
   790.000   -22.562   4.184237E+02
   790.000   -23.662   4.337370E+02
   790.000   -25.567   4.593688E+02
   790.000   -26.943   4.772240E+02
   790.000   -29.378   5.084922E+02
   790.000   -31.284   5.329810E+02
   790.000   -33.189   5.574725E+02
   790.000   -35.095   5.819908E+02
   790.000   -37.953   6.187797E+02
   790.000   -40.811   6.555960E+02
   790.000   -43.670   6.924517E+02
   790.000   -46.528   7.293213E+02
   790.000   -49.386   7.662179E+02
   790.000   -52.245   8.031554E+02
   790.000   -55.103   8.401107E+02
   790.000   -57.961   8.770984E+02
   790.000   -60.819   9.141163E+02
   790.000   -63.678   9.511956E+02
   790.000   -66.536   9.883245E+02
   790.000   -71.300   1.050245E+03
   790.000   -76.063   1.112571E+03
   791.460   -80.823   1.177687E+03
   790.000   -85.591   1.236767E+03
   790.000   -91.974   1.320000E+03
   790.000   -95.118   1.326288E+03
   790.000   -99.882   1.335816E+03
   790.000  -104.646   1.345344E+03
   790.000  -109.410   1.354872E+03
   790.000  -114.174   1.364400E+03
   790.000  -118.937   1.373926E+03
   790.000  -123.701   1.383454E+03
   790.000  -128.465   1.392982E+03
   790.000  -133.229   1.400562E+03
   790.000  -137.992   1.402694E+03
   790.000  -142.756   1.404827E+03
   790.000  -147.520   1.406960E+03
   790.000  -152.284   1.409093E+03
   790.000  -157.048   1.411226E+03
   790.000  -161.811   1.413359E+03
   790.000  -166.575   1.415491E+03
   790.000  -171.339   1.417624E+03
   790.000  -176.103   1.419757E+03
   790.000  -180.866   1.421890E+03
   790.000  -185.630   1.424023E+03
   790.000  -190.394   1.426156E+03
   790.000  -195.158   1.428289E+03
   790.000  -199.922   1.430422E+03
   790.000  -204.685   1.432554E+03
   790.000  -209.449   1.434687E+03
   790.000  -214.213   1.436820E+03
   790.000  -218.977   1.438953E+03
   790.000  -228.504   1.443218E+03
   790.000  -238.032   1.447484E+03
   790.000  -247.559   1.451749E+03
   790.000  -257.087   1.456015E+03
   790.000  -266.614   1.460281E+03
   790.000  -276.142   1.464547E+03
   790.000  -285.669   1.468812E+03
   790.000  -290.433   1.470945E+03
   790.000  -295.197   1.473078E+03
   790.000  -299.961   1.475211E+03
   790.000  -304.725   1.477344E+03
   790.000  -314.252   1.481609E+03
   790.000  -323.780   1.485875E+03
   790.000  -333.307   1.490140E+03
   790.000  -342.835   1.494406E+03
   790.000  -352.362   1.498672E+03
   790.000  -361.890   1.502937E+03
   790.000  -371.417   1.507203E+03
   790.000  -380.945   1.511469E+03
   790.000  -390.472   1.515734E+03
   790.000  -400.000   1.520000E+03
   795.000     0.173   0.000000E+00
   795.000    -0.303   1.425097E+01
   795.000    -1.256   4.250596E+01
   795.000    -1.733   5.647384E+01
   797.000    -2.283   7.227388E+01
   795.000    -2.685   8.150732E+01
   795.000    -3.162   9.275401E+01
   795.000    -3.638   1.038230E+02
   795.000    -4.115   1.147604E+02
   795.000    -5.067   1.361248E+02
   795.000    -5.544   1.465962E+02
   795.000    -6.020   1.568901E+02
   795.000    -6.497   1.670499E+02
   795.000    -7.449   1.868598E+02
   795.000    -8.402   2.060669E+02
   795.000    -9.355   2.246501E+02
   795.000   -10.308   2.426092E+02
   795.000   -11.261   2.599442E+02
   795.000   -12.213   2.766381E+02
   795.000   -13.166   2.927262E+02
   795.000   -14.119   3.081911E+02
   795.000   -16.024   3.372369E+02
   795.000   -17.930   3.638113E+02
   795.000   -19.836   3.879060E+02
   796.000   -22.156   4.135990E+02
   795.000   -23.647   4.343937E+02
   795.000   -25.552   4.602518E+02
   795.000   -26.578   4.737181E+02
   795.000   -29.364   5.099947E+02
   795.000   -31.269   5.348045E+02
   795.000   -33.175   5.596257E+02
   795.000   -35.080   5.844355E+02
   795.000   -37.939   6.216765E+02
   795.000   -40.797   6.589179E+02
   795.000   -43.655   6.961767E+02
   795.000   -46.514   7.334698E+02
   795.000   -49.372   7.707754E+02
   795.000   -52.231   8.081240E+02
   795.000   -55.089   8.454949E+02
   795.000   -57.947   8.829072E+02
   795.000   -60.806   9.203817E+02
   795.000   -63.664   9.579030E+02
   795.000   -66.523   9.955091E+02
   795.000   -71.286   1.058339E+03
   795.000   -76.050   1.121534E+03
   795.000   -80.814   1.185244E+03
   796.074   -85.578   1.252273E+03
   795.000   -90.799   1.320000E+03
   795.000   -95.106   1.328614E+03
   795.000   -99.870   1.338142E+03
   795.000  -104.634   1.347670E+03
   795.000  -109.398   1.357198E+03
   795.000  -114.162   1.366726E+03
   795.000  -118.926   1.376254E+03
   795.000  -123.690   1.385782E+03
   795.000  -128.454   1.395310E+03
   795.000  -133.218   1.401078E+03
   795.000  -137.982   1.403202E+03
   795.000  -142.746   1.405326E+03
   795.000  -147.510   1.407449E+03
   795.000  -152.274   1.409573E+03
   795.000  -157.038   1.411696E+03
   795.000  -161.802   1.413820E+03
   795.000  -166.566   1.415944E+03
   795.000  -171.330   1.418067E+03
   795.000  -176.094   1.420191E+03
   795.000  -180.858   1.422314E+03
   795.000  -185.622   1.424438E+03
   795.000  -190.386   1.426562E+03
   795.000  -195.150   1.428685E+03
   795.000  -199.914   1.430809E+03
   795.000  -204.677   1.432932E+03
   795.000  -209.441   1.435056E+03
   795.000  -214.205   1.437179E+03
   795.000  -218.969   1.439303E+03
   795.000  -228.497   1.443550E+03
   795.000  -238.025   1.447797E+03
   795.000  -247.553   1.452045E+03
   795.000  -257.081   1.456292E+03
   795.000  -266.609   1.460539E+03
   795.000  -276.137   1.464786E+03
   795.000  -285.665   1.469034E+03
   795.000  -290.429   1.471157E+03
   795.000  -295.193   1.473281E+03
   795.000  -299.957   1.475404E+03
   795.000  -304.721   1.477528E+03
   795.000  -314.249   1.481775E+03
   795.000  -323.777   1.486023E+03
   795.000  -333.305   1.490270E+03
   795.000  -342.832   1.494517E+03
   795.000  -352.360   1.498764E+03
   795.000  -361.888   1.503011E+03
   795.000  -371.416   1.507258E+03
   795.000  -380.944   1.511506E+03
   795.000  -390.472   1.515753E+03
   795.000  -400.000   1.520000E+03
   800.000     0.175   0.000000E+00
   800.000    -0.301   1.420119E+01
   800.000    -1.254   4.234892E+01
   800.000    -1.731   5.629423E+01
   800.000    -2.336   7.388895E+01
   800.000    -2.683   8.214137E+01
   800.000    -3.160   9.337566E+01
   800.000    -3.636   1.044088E+02
   800.000    -4.113   1.153112E+02
   800.000    -5.065   1.366091E+02
   800.000    -5.542   1.470486E+02
   800.000    -6.018   1.573119E+02
   800.000    -6.495   1.674418E+02
   800.000    -7.447   1.871952E+02
   800.000    -8.400   2.063492E+02
   800.000    -9.353   2.248818E+02
   800.000   -10.306   2.427922E+02
   800.000   -11.259   2.600797E+02
   800.000   -12.211   2.767267E+02
   800.000   -13.164   2.927675E+02
   800.000   -14.117   3.081838E+02
   800.000   -16.023   3.371410E+02
   800.000   -17.928   3.635787E+02
   800.000   -19.834   3.875160E+02
   800.000   -21.990   4.116248E+02
   800.000   -23.645   4.350589E+02
   800.000   -26.214   4.699538E+02
   800.000   -27.456   4.863342E+02
   800.000   -29.362   5.114596E+02
   800.000   -31.267   5.365674E+02
   800.000   -33.173   5.616836E+02
   800.000   -35.079   5.867962E+02
   800.000   -37.937   6.244483E+02
   800.000   -40.795   6.621024E+02
   800.000   -43.654   6.997785E+02
   800.000   -46.512   7.374568E+02
   800.000   -49.370   7.751575E+02
   800.000   -52.229   8.129009E+02
   800.000   -55.087   8.506686E+02
   800.000   -57.946   8.884960E+02
   800.000   -60.804   9.263673E+02
   800.000   -63.662   9.643087E+02
   800.000   -66.521   1.002350E+03
   800.000   -71.285   1.065977E+03
   800.000   -76.049   1.130054E+03
   800.000   -80.813   1.194855E+03
   800.000   -85.577   1.261105E+03
   800.000   -89.624   1.320000E+03
   800.000   -95.105   1.330962E+03
   800.000   -99.869   1.340490E+03
   800.000  -104.633   1.350018E+03
   800.000  -109.397   1.359546E+03
   800.000  -114.161   1.369074E+03
   800.000  -118.925   1.378602E+03
   800.000  -123.689   1.388130E+03
   800.000  -128.453   1.397658E+03
   800.000  -133.217   1.401595E+03
   800.000  -137.981   1.403709E+03
   800.000  -142.745   1.405823E+03
   800.000  -147.509   1.407938E+03
   800.000  -152.273   1.410052E+03
   800.000  -157.037   1.412167E+03
   800.000  -161.801   1.414281E+03
   800.000  -166.565   1.416395E+03
   800.000  -171.329   1.418510E+03
   800.000  -176.093   1.420624E+03
   800.000  -180.857   1.422739E+03
   800.000  -185.621   1.424853E+03
   800.000  -190.385   1.426967E+03
   800.000  -195.149   1.429082E+03
   800.000  -199.913   1.431196E+03
   800.000  -204.676   1.433310E+03
   800.000  -209.440   1.435424E+03
   800.000  -214.204   1.437539E+03
   800.000  -218.968   1.439653E+03
   800.000  -228.496   1.443882E+03
   800.000  -238.024   1.448111E+03
   800.000  -247.552   1.452340E+03
   800.000  -257.080   1.456568E+03
   800.000  -266.608   1.460797E+03
   800.000  -276.136   1.465026E+03
   800.000  -285.664   1.469255E+03
   800.000  -290.428   1.471369E+03
   800.000  -295.192   1.473483E+03
   800.000  -299.956   1.475598E+03
   800.000  -304.720   1.477712E+03
   800.000  -314.248   1.481941E+03
   800.000  -323.776   1.486170E+03
   800.000  -333.304   1.490399E+03
   800.000  -342.832   1.494627E+03
   800.000  -352.360   1.498856E+03
   800.000  -361.888   1.503085E+03
   800.000  -371.416   1.507314E+03
   800.000  -380.944   1.511542E+03
   800.000  -390.472   1.515771E+03
   800.000  -400.000   1.520000E+03
   805.000     0.177   0.000000E+00
   805.000    -0.299   1.417998E+01
   805.000    -1.252   4.228133E+01
   805.000    -1.729   5.620229E+01
   805.000    -2.205   6.999377E+01
   807.000    -2.461   7.736099E+01
   805.000    -3.158   9.365798E+01
   805.000    -3.634   1.046828E+02
   805.000    -4.111   1.155755E+02
   805.000    -5.063   1.368510E+02
   805.000    -5.540   1.472782E+02
   805.000    -6.016   1.575286E+02
   805.000    -6.493   1.676451E+02
   805.000    -7.445   1.873706E+02
   805.000    -8.398   2.064955E+02
   805.000    -9.351   2.249983E+02
   805.000   -10.304   2.428783E+02
   805.000   -11.257   2.601350E+02
   805.000   -12.209   2.767507E+02
   805.000   -13.162   2.927597E+02
   805.000   -14.115   3.081438E+02
   805.000   -16.021   3.370361E+02
   805.000   -17.926   3.634107E+02
   805.000   -19.832   3.872938E+02
   805.000   -21.782   4.090913E+02
   805.000   -23.643   4.356552E+02
   805.000   -25.849   4.657980E+02
   805.000   -27.454   4.872732E+02
   805.000   -29.360   5.127162E+02
   805.000   -31.265   5.381238E+02
   805.000   -33.171   5.635278E+02
   805.000   -35.077   5.889188E+02
   805.000   -37.935   6.269750E+02
   805.000   -40.794   6.650347E+02
   805.000   -43.652   7.030812E+02
   805.000   -46.510   7.411369E+02
   805.000   -49.369   7.792240E+02
   805.000   -52.227   8.173246E+02
   805.000   -55.086   8.554749E+02
   805.000   -57.944   8.936583E+02
   805.000   -60.802   9.318994E+02
   805.000   -63.661   9.702249E+02
   805.000   -66.519   1.008624E+03
   805.000   -71.283   1.072866E+03
   805.000   -76.047   1.137525E+03
   805.000   -80.811   1.202778E+03
   805.000   -85.575   1.268884E+03
   805.000   -89.208   1.320000E+03
   805.000   -95.103   1.331790E+03
   805.000   -99.867   1.341318E+03
   805.000  -104.631   1.350846E+03
   805.000  -109.395   1.360374E+03
   805.000  -114.159   1.369902E+03
   805.000  -118.923   1.379430E+03
   805.000  -123.687   1.388958E+03
   805.000  -128.451   1.398486E+03
   805.000  -133.215   1.401776E+03
   805.000  -137.979   1.403887E+03
   805.000  -142.743   1.405998E+03
   805.000  -147.507   1.408109E+03
   805.000  -152.271   1.410220E+03
   805.000  -157.035   1.412331E+03
   805.000  -161.799   1.414443E+03
   805.000  -166.563   1.416554E+03
   805.000  -171.327   1.418665E+03
   805.000  -176.091   1.420776E+03
   805.000  -180.855   1.422887E+03
   805.000  -185.619   1.424998E+03
   805.000  -190.383   1.427109E+03
   805.000  -195.147   1.429221E+03
   805.000  -199.912   1.431332E+03
   805.000  -204.676   1.433443E+03
   805.000  -209.440   1.435554E+03
   805.000  -214.204   1.437666E+03
   805.000  -218.968   1.439777E+03
   805.000  -228.496   1.443999E+03
   805.000  -238.024   1.448221E+03
   805.000  -247.552   1.452443E+03
   805.000  -257.080   1.456666E+03
   805.000  -266.608   1.460888E+03
   805.000  -276.136   1.465110E+03
   805.000  -285.664   1.469333E+03
   805.000  -290.428   1.471444E+03
   805.000  -295.192   1.473555E+03
   805.000  -299.956   1.475666E+03
   805.000  -304.720   1.477777E+03
   805.000  -314.248   1.481999E+03
   805.000  -323.776   1.486222E+03
   805.000  -333.304   1.490444E+03
   805.000  -342.832   1.494666E+03
   805.000  -352.360   1.498889E+03
   805.000  -361.888   1.503111E+03
   805.000  -371.416   1.507333E+03
   805.000  -380.944   1.511555E+03
   805.000  -390.472   1.515778E+03
   805.000  -400.000   1.520000E+03
   810.000     0.185   0.000000E+00
   810.000    -0.291   1.415326E+01
   810.000    -1.244   4.221057E+01
   810.000    -1.721   5.611342E+01
   810.000    -2.197   6.989343E+01
   810.000    -2.444   7.701795E+01
   810.000    -3.150   9.362657E+01
   810.000    -3.626   1.046454E+02
   810.000    -4.103   1.155326E+02
   810.000    -5.056   1.368197E+02
   810.000    -5.532   1.472200E+02
   810.000    -6.008   1.574656E+02
   810.000    -6.485   1.675774E+02
   810.000    -7.438   1.873140E+02
   810.000    -8.390   2.064089E+02
   810.000    -9.343   2.249015E+02
   810.000   -10.296   2.427706E+02
   810.000   -11.249   2.600156E+02
   810.000   -12.202   2.766358E+02
   810.000   -13.155   2.926303E+02
   810.000   -14.107   3.079826E+02
   810.000   -16.013   3.368387E+02
   810.000   -17.919   3.631805E+02
   810.000   -19.824   3.869879E+02
   810.000   -21.574   4.065876E+02
   810.000   -23.636   4.361814E+02
   811.000   -25.412   4.607693E+02
   810.000   -27.447   4.881021E+02
   810.000   -29.352   5.138053E+02
   810.000   -31.258   5.394917E+02
   810.000   -33.164   5.651543E+02
   810.000   -35.069   5.907852E+02
   810.000   -37.928   6.292256E+02
   810.000   -40.786   6.676345E+02
   810.000   -43.645   7.060501E+02
   810.000   -46.503   7.444560E+02
   810.000   -49.362   7.828889E+02
   810.000   -52.220   8.213314E+02
   810.000   -55.079   8.598200E+02
   810.000   -57.937   8.983376E+02
   810.000   -60.796   9.369217E+02
   810.000   -63.654   9.755562E+02
   810.000   -66.513   1.014280E+03
   810.000   -71.277   1.079005E+03
   810.000   -76.041   1.144046E+03
   810.000   -80.805   1.209471E+03
   810.000   -85.569   1.275307E+03
   810.000   -88.791   1.320000E+03
   810.000   -95.097   1.332612E+03
   810.000   -99.861   1.342140E+03
   810.000  -104.625   1.351668E+03
   810.000  -109.389   1.361196E+03
   810.000  -114.154   1.370726E+03
   810.000  -118.918   1.380254E+03
   810.000  -123.682   1.389782E+03
   810.000  -128.446   1.399310E+03
   810.000  -133.210   1.401955E+03
   810.000  -137.974   1.404063E+03
   810.000  -142.738   1.406171E+03
   810.000  -147.502   1.408279E+03
   810.000  -152.266   1.410387E+03
   810.000  -157.031   1.412495E+03
   810.000  -161.795   1.414603E+03
   810.000  -166.559   1.416711E+03
   810.000  -171.323   1.418819E+03
   810.000  -176.087   1.420927E+03
   810.000  -180.851   1.423035E+03
   810.000  -185.615   1.425143E+03
   810.000  -190.379   1.427250E+03
   810.000  -195.143   1.429358E+03
   810.000  -199.908   1.431467E+03
   810.000  -204.672   1.433575E+03
   810.000  -209.436   1.435682E+03
   810.000  -214.200   1.437790E+03
   810.000  -218.964   1.439898E+03
   810.000  -228.492   1.444114E+03
   810.000  -238.020   1.448330E+03
   810.000  -247.549   1.452546E+03
   810.000  -257.077   1.456762E+03
   810.000  -266.605   1.460978E+03
   810.000  -276.133   1.465193E+03
   810.000  -285.661   1.469409E+03
   810.000  -290.426   1.471518E+03
   810.000  -295.190   1.473625E+03
   810.000  -299.954   1.475733E+03
   810.000  -304.718   1.477841E+03
   810.000  -314.246   1.482057E+03
   810.000  -323.774   1.486273E+03
   810.000  -333.303   1.490489E+03
   810.000  -342.831   1.494705E+03
   810.000  -352.359   1.498921E+03
   810.000  -361.887   1.503136E+03
   810.000  -371.415   1.507352E+03
   810.000  -380.944   1.511568E+03
   810.000  -390.472   1.515784E+03
   810.000  -400.000   1.520000E+03
   815.000     0.186   0.000000E+00
   815.000    -0.290   1.415845E+01
   815.000    -1.243   4.222939E+01
   815.000    -1.720   5.613832E+01
   815.000    -2.416   7.627254E+01
   815.000    -2.672   8.234282E+01
   815.000    -3.149   9.353735E+01
   815.000    -3.625   1.045562E+02
   815.000    -4.102   1.154450E+02
   815.000    -5.055   1.367390E+02
   815.000    -5.531   1.471436E+02
   815.000    -6.007   1.573937E+02
   815.000    -6.484   1.675101E+02
   815.000    -7.437   1.872556E+02
   815.000    -8.389   2.063587E+02
   815.000    -9.342   2.248581E+02
   815.000   -10.295   2.427325E+02
   815.000   -11.248   2.599812E+02
   815.000   -12.201   2.766036E+02
   815.000   -13.154   2.925992E+02
   815.000   -14.106   3.079518E+02
   815.000   -16.012   3.368058E+02
   815.000   -17.918   3.631459E+02
   815.000   -19.823   3.869566E+02
   815.000   -21.499   4.058082E+02
   815.000   -23.635   4.366480E+02
   815.000   -25.361   4.606356E+02
   815.000   -27.446   4.890383E+02
   815.000   -29.352   5.149713E+02
   815.000   -31.257   5.408645E+02
   815.000   -33.163   5.667491E+02
   815.000   -35.068   5.926017E+02
   815.000   -37.927   6.313730E+02
   815.000   -40.785   6.701095E+02
   815.000   -43.644   7.088492E+02
   815.000   -46.502   7.475754E+02
   815.000   -49.361   7.863248E+02
   815.000   -52.219   8.250799E+02
   815.000   -55.078   8.638767E+02
   815.000   -57.936   9.026971E+02
   815.000   -60.795   9.415767E+02
   815.000   -63.653   9.804969E+02
   815.000   -66.512   1.019493E+03
   815.000   -71.276   1.084626E+03
   815.000   -76.040   1.149975E+03
   815.000   -80.804   1.215541E+03
   815.000   -85.568   1.281271E+03
   815.000   -88.375   1.320000E+03
   815.000   -95.096   1.333442E+03
   815.000   -99.861   1.342972E+03
   815.000  -104.625   1.352500E+03
   815.000  -109.389   1.362028E+03
   815.000  -114.153   1.371556E+03
   815.000  -118.917   1.381084E+03
   815.000  -123.681   1.390612E+03
   815.000  -128.445   1.400031E+03
   815.000  -133.209   1.402136E+03
   815.000  -137.973   1.404240E+03
   815.000  -142.738   1.406345E+03
   815.000  -147.502   1.408450E+03
   815.000  -152.266   1.410555E+03
   815.000  -157.030   1.412659E+03
   815.000  -161.794   1.414764E+03
   815.000  -166.558   1.416869E+03
   815.000  -171.322   1.418973E+03
   815.000  -176.086   1.421078E+03
   815.000  -180.851   1.423183E+03
   815.000  -185.615   1.425288E+03
   815.000  -190.379   1.427392E+03
   815.000  -195.143   1.429497E+03
   815.000  -199.907   1.431602E+03
   815.000  -204.671   1.433706E+03
   815.000  -209.435   1.435811E+03
   815.000  -214.199   1.437916E+03
   815.000  -218.963   1.440020E+03
   815.000  -228.492   1.444230E+03
   815.000  -238.020   1.448440E+03
   815.000  -247.548   1.452649E+03
   815.000  -257.076   1.456858E+03
   815.000  -266.605   1.461068E+03
   815.000  -276.133   1.465277E+03
   815.000  -285.661   1.469487E+03
   815.000  -290.425   1.471591E+03
   815.000  -295.189   1.473696E+03
   815.000  -299.954   1.475801E+03
   815.000  -304.718   1.477906E+03
   815.000  -314.246   1.482115E+03
   815.000  -323.774   1.486324E+03
   815.000  -333.302   1.490534E+03
   815.000  -342.831   1.494744E+03
   815.000  -352.359   1.498953E+03
   815.000  -361.887   1.503162E+03
   815.000  -371.415   1.507372E+03
   815.000  -380.944   1.511581E+03
   815.000  -390.472   1.515791E+03
   815.000  -400.000   1.520000E+03
   820.000     0.173   0.000000E+00
   820.000    -0.303   1.428504E+01
   820.000    -1.256   4.260247E+01
   820.000    -1.733   5.663868E+01
   819.000    -2.229   7.114523E+01
   820.000    -2.685   8.203993E+01
   820.000    -3.162   9.331135E+01
   820.000    -3.638   1.043965E+02
   820.000    -4.115   1.153428E+02
   820.000    -5.067   1.367064E+02
   820.000    -5.544   1.471701E+02
   820.000    -6.020   1.574521E+02
   820.000    -6.497   1.675962E+02
   820.000    -7.449   1.873653E+02
   820.000    -8.402   2.065209E+02
   820.000    -9.355   2.250437E+02
   820.000   -10.308   2.429347E+02
   820.000   -11.261   2.601949E+02
   820.000   -12.213   2.768077E+02
   820.000   -13.166   2.928085E+02
   820.000   -14.119   3.081801E+02
   820.000   -16.024   3.370220E+02
   820.000   -17.930   3.633657E+02
   820.000   -19.836   3.871974E+02
   820.000   -21.424   4.051197E+02
   820.000   -23.647   4.374129E+02
   820.000   -25.297   4.604572E+02
   820.000   -27.458   4.901158E+02
   820.000   -29.364   5.162426E+02
   820.000   -31.269   5.423306E+02
   820.000   -33.175   5.684107E+02
   820.000   -35.080   5.944592E+02
   820.000   -37.939   6.335251E+02
   820.000   -40.797   6.725553E+02
   820.000   -43.655   7.115738E+02
   820.000   -46.514   7.506041E+02
   820.000   -49.372   7.896279E+02
   820.000   -52.231   8.286815E+02
   820.000   -55.089   8.677459E+02
   820.000   -57.947   9.068426E+02
   820.000   -60.806   9.459924E+02
   820.000   -63.664   9.851742E+02
   820.000   -66.523   1.024420E+03
   820.000   -71.286   1.089921E+03
   820.000   -76.050   1.155580E+03
   820.000   -80.814   1.221343E+03
   820.000   -87.958   1.320000E+03
   820.000   -90.342   1.324768E+03
   820.000   -95.106   1.334296E+03
   820.000   -99.870   1.343824E+03
   820.000  -104.634   1.353352E+03
   820.000  -109.398   1.362880E+03
   820.000  -114.162   1.372408E+03
   820.000  -118.926   1.381936E+03
   820.000  -123.690   1.391464E+03
   820.000  -128.454   1.400219E+03
   820.000  -133.218   1.402320E+03
   820.000  -137.982   1.404422E+03
   820.000  -142.746   1.406523E+03
   820.000  -147.510   1.408625E+03
   820.000  -152.274   1.410726E+03
   820.000  -157.038   1.412827E+03
   820.000  -161.802   1.414929E+03
   820.000  -166.566   1.417030E+03
   820.000  -171.330   1.419132E+03
   820.000  -176.094   1.421233E+03
   820.000  -180.858   1.423335E+03
   820.000  -185.622   1.425436E+03
   820.000  -190.386   1.427538E+03
   820.000  -195.150   1.429639E+03
   820.000  -199.914   1.431740E+03
   820.000  -204.677   1.433841E+03
   820.000  -209.441   1.435943E+03
   820.000  -214.205   1.438044E+03
   820.000  -218.969   1.440146E+03
   820.000  -228.497   1.444349E+03
   820.000  -238.025   1.448551E+03
   820.000  -247.553   1.452754E+03
   820.000  -257.081   1.456957E+03
   820.000  -266.609   1.461160E+03
   820.000  -276.137   1.465363E+03
   820.000  -285.665   1.469566E+03
   820.000  -290.429   1.471667E+03
   820.000  -295.193   1.473769E+03
   820.000  -299.957   1.475870E+03
   820.000  -304.721   1.477972E+03
   820.000  -314.249   1.482175E+03
   820.000  -323.777   1.486377E+03
   820.000  -333.305   1.490580E+03
   820.000  -342.832   1.494783E+03
   820.000  -352.360   1.498986E+03
   820.000  -361.888   1.503188E+03
   820.000  -371.416   1.507391E+03
   820.000  -380.944   1.511594E+03
   820.000  -390.472   1.515797E+03
   820.000  -400.000   1.520000E+03
   825.000     0.164   0.000000E+00
   825.000    -0.312   1.425814E+01
   825.000    -1.265   4.251075E+01
   825.000    -1.742   5.650521E+01
   825.000    -2.352   7.425786E+01
   825.000    -2.694   8.241511E+01
   825.000    -3.171   9.367494E+01
   825.000    -3.647   1.047402E+02
   825.000    -4.123   1.156473E+02
   825.000    -5.076   1.370098E+02
   825.000    -5.553   1.474645E+02
   825.000    -6.029   1.577392E+02
   825.000    -6.505   1.678559E+02
   825.000    -7.458   1.876365E+02
   825.000    -8.411   2.067851E+02
   825.000    -9.364   2.253021E+02
   825.000   -10.316   2.431696E+02
   825.000   -11.269   2.604257E+02
   825.000   -12.222   2.770521E+02
   825.000   -13.175   2.930491E+02
   825.000   -14.128   3.084170E+02
   825.000   -16.033   3.372531E+02
   825.000   -17.939   3.635937E+02
   825.000   -19.844   3.874137E+02
   825.000   -21.349   4.044474E+02
   825.000   -23.655   4.381129E+02
   825.000   -25.232   4.602526E+02
   825.000   -27.466   4.911035E+02
   825.000   -29.372   5.173967E+02
   825.000   -31.277   5.436537E+02
   825.000   -33.183   5.699051E+02
   825.000   -35.089   5.961402E+02
   825.000   -37.947   6.354536E+02
   825.000   -40.805   6.747463E+02
   825.000   -43.663   7.140274E+02
   825.000   -46.522   7.533197E+02
   825.000   -49.380   7.926044E+02
   825.000   -52.238   8.319036E+02
   825.000   -55.097   8.712388E+02
   825.000   -57.955   9.105899E+02
   825.000   -60.813   9.499771E+02
   825.000   -63.672   9.894193E+02
   825.000   -66.530   1.028893E+03
   825.000   -71.294   1.094793E+03
   825.000   -76.058   1.160807E+03
   825.000   -80.822   1.226883E+03
   825.000   -87.542   1.320000E+03
   825.000   -90.349   1.325614E+03
   825.000   -95.113   1.335142E+03
   825.000   -99.877   1.344670E+03
   825.000  -104.641   1.354198E+03
   825.000  -109.405   1.363726E+03
   825.000  -114.169   1.373254E+03
   825.000  -118.932   1.382780E+03
   825.000  -123.696   1.392308E+03
   825.000  -128.460   1.400404E+03
   825.000  -133.224   1.402503E+03
   825.000  -137.988   1.404601E+03
   825.000  -142.752   1.406699E+03
   825.000  -147.516   1.408797E+03
   825.000  -152.279   1.410895E+03
   825.000  -157.043   1.412993E+03
   825.000  -161.807   1.415092E+03
   825.000  -166.571   1.417190E+03
   825.000  -171.335   1.419288E+03
   825.000  -176.099   1.421386E+03
   825.000  -180.863   1.423484E+03
   825.000  -185.626   1.425582E+03
   825.000  -190.390   1.427680E+03
   825.000  -195.154   1.429779E+03
   825.000  -199.918   1.431877E+03
   825.000  -204.682   1.433975E+03
   825.000  -209.446   1.436073E+03
   825.000  -214.210   1.438172E+03
   825.000  -218.973   1.440269E+03
   825.000  -228.501   1.444466E+03
   825.000  -238.029   1.448662E+03
   825.000  -247.557   1.452859E+03
   825.000  -257.084   1.457055E+03
   825.000  -266.612   1.461251E+03
   825.000  -276.140   1.465448E+03
   825.000  -285.667   1.469644E+03
   825.000  -290.431   1.471742E+03
   825.000  -295.195   1.473840E+03
   825.000  -299.959   1.475938E+03
   825.000  -304.723   1.478037E+03
   825.000  -314.251   1.482233E+03
   825.000  -323.778   1.486429E+03
   825.000  -333.306   1.490626E+03
   825.000  -342.834   1.494822E+03
   825.000  -352.361   1.499018E+03
   825.000  -361.889   1.503215E+03
   825.000  -371.417   1.507411E+03
   825.000  -380.945   1.511608E+03
   825.000  -390.472   1.515804E+03
   825.000  -400.000   1.520000E+03
   830.000     0.168   0.000000E+00
   830.000    -0.308   1.420764E+01
   830.000    -1.261   4.236913E+01
   830.000    -1.738   5.632275E+01
   830.000    -2.214   7.014844E+01
   830.000    -2.454   7.708767E+01
   830.000    -3.167   9.391909E+01
   830.000    -3.643   1.049738E+02
   830.000    -4.120   1.158936E+02
   830.000    -5.072   1.372143E+02
   830.000    -5.549   1.476600E+02
   830.000    -6.025   1.579261E+02
   830.000    -6.501   1.680347E+02
   830.000    -7.454   1.877999E+02
   830.000    -8.407   2.069345E+02
   830.000    -9.360   2.254390E+02
   830.000   -10.313   2.433139E+02
   830.000   -11.265   2.605417E+02
   830.000   -12.218   2.771593E+02
   830.000   -13.171   2.931487E+02
   830.000   -14.124   3.085102E+02
   830.000   -16.029   3.373368E+02
   830.000   -17.935   3.636724E+02
   830.000   -19.840   3.874922E+02
   830.000   -21.274   4.037619E+02
   830.000   -23.652   4.386299E+02
   830.000   -25.168   4.600112E+02
   830.000   -27.463   4.918763E+02
   830.000   -29.368   5.183016E+02
   830.000   -31.274   5.447211E+02
   830.000   -33.179   5.711098E+02
   830.000   -35.085   5.974977E+02
   830.000   -37.943   6.370432E+02
   830.000   -40.802   6.765836E+02
   830.000   -43.660   7.160998E+02
   830.000   -46.518   7.556139E+02
   830.000   -49.377   7.951478E+02
   830.000   -52.235   8.346821E+02
   830.000   -55.093   8.742383E+02
   830.000   -57.952   9.138378E+02
   830.000   -60.810   9.534598E+02
   830.000   -63.668   9.931238E+02
   830.000   -66.527   1.032848E+03
   830.000   -71.291   1.099150E+03
   830.000   -76.054   1.165562E+03
   830.000   -80.818   1.232060E+03
   830.000   -87.126   1.320000E+03
   830.000   -90.346   1.326440E+03
   830.000   -95.110   1.335968E+03
   830.000   -99.874   1.345496E+03
   830.000  -104.638   1.355024E+03
   830.000  -109.402   1.364552E+03
   830.000  -114.166   1.374080E+03
   830.000  -118.930   1.383608E+03
   830.000  -123.694   1.393136E+03
   830.000  -128.457   1.400585E+03
   830.000  -133.221   1.402680E+03
   830.000  -137.985   1.404775E+03
   830.000  -142.749   1.406870E+03
   830.000  -147.513   1.408965E+03
   830.000  -152.277   1.411060E+03
   830.000  -157.041   1.413156E+03
   830.000  -161.805   1.415251E+03
   830.000  -166.569   1.417346E+03
   830.000  -171.333   1.419441E+03
   830.000  -176.096   1.421535E+03
   830.000  -180.860   1.423630E+03
   830.000  -185.624   1.425725E+03
   830.000  -190.388   1.427820E+03
   830.000  -195.152   1.429915E+03
   830.000  -199.916   1.432010E+03
   830.000  -204.680   1.434105E+03
   830.000  -209.444   1.436200E+03
   830.000  -214.208   1.438295E+03
   830.000  -218.972   1.440391E+03
   830.000  -228.499   1.444580E+03
   830.000  -238.027   1.448770E+03
   830.000  -247.555   1.452960E+03
   830.000  -257.083   1.457150E+03
   830.000  -266.611   1.461340E+03
   830.000  -276.138   1.465530E+03
   830.000  -285.666   1.469720E+03
   830.000  -290.430   1.471815E+03
   830.000  -295.194   1.473910E+03
   830.000  -299.958   1.476005E+03
   830.000  -304.722   1.478100E+03
   830.000  -314.250   1.482290E+03
   830.000  -323.778   1.486480E+03
   830.000  -333.305   1.490670E+03
   830.000  -342.833   1.494860E+03
   830.000  -352.361   1.499050E+03
   830.000  -361.889   1.503240E+03
   830.000  -371.417   1.507430E+03
   830.000  -380.944   1.511620E+03
   830.000  -390.472   1.515810E+03
   830.000  -400.000   1.520000E+03
   835.000     0.172   0.000000E+00
   835.000    -0.304   1.415484E+01
   835.000    -1.257   4.221285E+01
   835.000    -1.734   5.611792E+01
   835.000    -2.210   6.990244E+01
   834.000    -2.536   7.937201E+01
   835.000    -3.163   9.429605E+01
   835.000    -3.639   1.053557E+02
   835.000    -4.116   1.162660E+02
   835.000    -5.068   1.375635E+02
   835.000    -5.545   1.479965E+02
   835.000    -6.021   1.582494E+02
   835.000    -6.498   1.683655E+02
   835.000    -7.450   1.880821E+02
   835.000    -8.403   2.071894E+02
   835.000    -9.356   2.256675E+02
   835.000   -10.309   2.435174E+02
   835.000   -11.261   2.607220E+02
   835.000   -12.214   2.773181E+02
   835.000   -13.167   2.932880E+02
   835.000   -14.120   3.086320E+02
   835.000   -16.025   3.374290E+02
   835.000   -17.931   3.637421E+02
   835.000   -19.837   3.875582E+02
   835.000   -21.198   4.030255E+02
   835.000   -23.648   4.390809E+02
   835.000   -25.104   4.596961E+02
   835.000   -27.459   4.925486E+02
   835.000   -29.365   5.191163E+02
   835.000   -31.270   5.456534E+02
   835.000   -33.176   5.721899E+02
   835.000   -35.081   5.986997E+02
   835.000   -37.940   6.384654E+02
   835.000   -40.798   6.782005E+02
   835.000   -43.656   7.179264E+02
   835.000   -46.515   7.576647E+02
   835.000   -49.373   7.973955E+02
   835.000   -52.231   8.371408E+02
   835.000   -55.090   8.769229E+02
   835.000   -57.948   9.167222E+02
   835.000   -60.807   9.565750E+02
   835.000   -63.665   9.964613E+02
   835.000   -66.523   1.036402E+03
   835.000   -71.287   1.103116E+03
   835.000   -76.051   1.170015E+03
   835.000   -80.815   1.237065E+03
   835.000   -86.709   1.320000E+03
   835.000   -90.343   1.327268E+03
   835.000   -95.107   1.336796E+03
   835.000   -99.871   1.346324E+03
   835.000  -104.635   1.355852E+03
   835.000  -109.399   1.365380E+03
   835.000  -114.163   1.374908E+03
   835.000  -118.927   1.384436E+03
   835.000  -123.691   1.393964E+03
   835.000  -128.455   1.400767E+03
   835.000  -133.219   1.402858E+03
   835.000  -137.983   1.404950E+03
   835.000  -142.747   1.407042E+03
   835.000  -147.511   1.409134E+03
   835.000  -152.274   1.411225E+03
   835.000  -157.038   1.413317E+03
   835.000  -161.802   1.415409E+03
   835.000  -166.566   1.417501E+03
   835.000  -171.330   1.419593E+03
   835.000  -176.094   1.421685E+03
   835.000  -180.858   1.423776E+03
   835.000  -185.622   1.425868E+03
   835.000  -190.386   1.427960E+03
   835.000  -195.150   1.430052E+03
   835.000  -199.914   1.432144E+03
   835.000  -204.678   1.434236E+03
   835.000  -209.442   1.436327E+03
   835.000  -214.206   1.438419E+03
   835.000  -218.970   1.440511E+03
   835.000  -228.498   1.444695E+03
   835.000  -238.026   1.448878E+03
   835.000  -247.554   1.453062E+03
   835.000  -257.081   1.457245E+03
   835.000  -266.609   1.461429E+03
   835.000  -276.137   1.465613E+03
   835.000  -285.665   1.469796E+03
   835.000  -290.429   1.471888E+03
   835.000  -295.193   1.473980E+03
   835.000  -299.957   1.476072E+03
   835.000  -304.721   1.478164E+03
   835.000  -314.249   1.482347E+03
   835.000  -323.777   1.486531E+03
   835.000  -333.305   1.490715E+03
   835.000  -342.833   1.494898E+03
   835.000  -352.360   1.499082E+03
   835.000  -361.888   1.503265E+03
   835.000  -371.416   1.507449E+03
   835.000  -380.944   1.511633E+03
   835.000  -390.472   1.515816E+03
   835.000  -400.000   1.520000E+03
   840.000     0.176   0.000000E+00
   840.000    -0.300   1.401895E+01
   840.000    -1.253   4.180552E+01
   840.000    -1.730   5.557167E+01
   840.000    -2.206   6.921434E+01
   840.000    -2.682   8.277379E+01
   840.000    -2.925   8.966437E+01
   840.000    -3.635   1.060869E+02
   840.000    -4.112   1.169422E+02
   840.000    -5.064   1.381431E+02
   840.000    -5.541   1.485328E+02
   840.000    -6.017   1.587456E+02
   840.000    -6.494   1.688243E+02
   840.000    -7.446   1.884738E+02
   840.000    -8.399   2.075222E+02
   840.000    -9.352   2.259485E+02
   840.000   -10.305   2.437526E+02
   840.000   -11.258   2.609344E+02
   840.000   -12.210   2.774768E+02
   840.000   -13.163   2.934146E+02
   840.000   -14.116   3.087302E+02
   840.000   -16.022   3.374948E+02
   840.000   -17.927   3.637575E+02
   840.000   -19.833   3.875464E+02
   840.000   -21.123   4.022247E+02
   840.000   -23.644   4.394446E+02
   840.000   -25.040   4.592779E+02
   840.000   -27.455   4.931095E+02
   840.000   -29.361   5.197928E+02
   840.000   -31.266   5.464481E+02
   840.000   -33.172   5.731048E+02
   840.000   -35.078   5.997502E+02
   840.000   -37.936   6.396863E+02
   840.000   -40.794   6.796070E+02
   840.000   -43.653   7.195329E+02
   840.000   -46.511   7.594433E+02
   840.000   -49.370   7.993739E+02
   840.000   -52.228   8.393051E+02
   840.000   -55.086   8.792597E+02
   840.000   -57.945   9.192613E+02
   840.000   -60.803   9.592923E+02
   840.000   -63.662   9.993919E+02
   840.000   -66.520   1.039545E+03
   840.000   -71.284   1.106655E+03
   840.000   -76.048   1.174060E+03
   840.000   -80.812   1.241813E+03
   840.000   -86.293   1.320000E+03
   840.000   -90.340   1.328094E+03
   840.000   -95.104   1.337622E+03
   840.000   -99.868   1.347150E+03
   840.000  -104.632   1.356678E+03
   840.000  -109.396   1.366206E+03
   840.000  -114.160   1.375734E+03
   840.000  -118.924   1.385262E+03
   840.000  -123.688   1.394790E+03
   840.000  -128.452   1.400947E+03
   840.000  -133.216   1.403035E+03
   840.000  -137.980   1.405124E+03
   840.000  -142.744   1.407213E+03
   840.000  -147.508   1.409301E+03
   840.000  -152.272   1.411390E+03
   840.000  -157.036   1.413479E+03
   840.000  -161.800   1.415567E+03
   840.000  -166.564   1.417656E+03
   840.000  -171.328   1.419744E+03
   840.000  -176.092   1.421833E+03
   840.000  -180.856   1.423922E+03
   840.000  -185.620   1.426010E+03
   840.000  -190.384   1.428099E+03
   840.000  -195.148   1.430188E+03
   840.000  -199.912   1.432276E+03
   840.000  -204.676   1.434365E+03
   840.000  -209.440   1.436454E+03
   840.000  -214.204   1.438542E+03
   840.000  -218.968   1.440631E+03
   840.000  -228.496   1.444808E+03
   840.000  -238.024   1.448986E+03
   840.000  -247.552   1.453163E+03
   840.000  -257.080   1.457340E+03
   840.000  -266.608   1.461518E+03
   840.000  -276.136   1.465695E+03
   840.000  -285.664   1.469872E+03
   840.000  -290.428   1.471961E+03
   840.000  -295.192   1.474050E+03
   840.000  -299.956   1.476138E+03
   840.000  -304.720   1.478227E+03
   840.000  -314.248   1.482404E+03
   840.000  -323.776   1.486581E+03
   840.000  -333.304   1.490759E+03
   840.000  -342.832   1.494936E+03
   840.000  -352.360   1.499113E+03
   840.000  -361.888   1.503291E+03
   840.000  -371.416   1.507468E+03
   840.000  -380.944   1.511645E+03
   840.000  -390.472   1.515823E+03
   840.000  -400.000   1.520000E+03
   845.000     0.175   0.000000E+00
   845.000    -0.301   1.392296E+01
   845.000    -1.254   4.151519E+01
   845.000    -1.731   5.518396E+01
   845.000    -2.207   6.872976E+01
   845.000    -2.683   8.218137E+01
   845.000    -3.204   9.680654E+01
   845.000    -3.636   1.067255E+02
   845.000    -4.113   1.175530E+02
   845.000    -5.065   1.386817E+02
   845.000    -5.542   1.490364E+02
   845.000    -6.018   1.592152E+02
   845.000    -6.495   1.692608E+02
   845.000    -7.447   1.888478E+02
   845.000    -8.400   2.078386E+02
   845.000    -9.353   2.262120E+02
   845.000   -10.306   2.439679E+02
   845.000   -11.259   2.611058E+02
   845.000   -12.211   2.776085E+02
   845.000   -13.164   2.935103E+02
   845.000   -14.117   3.087933E+02
   845.000   -16.023   3.375021E+02
   845.000   -17.928   3.637202E+02
   845.000   -19.834   3.874737E+02
   845.000   -21.048   4.012999E+02
   845.000   -23.645   4.397574E+02
   845.000   -24.985   4.588551E+02
   845.000   -27.456   4.936068E+02
   845.000   -29.362   5.203975E+02
   845.000   -31.267   5.471618E+02
   845.000   -33.173   5.739284E+02
   845.000   -35.079   6.006842E+02
   845.000   -37.937   6.407861E+02
   845.000   -40.795   6.808719E+02
   845.000   -43.654   7.209617E+02
   845.000   -46.512   7.610343E+02
   845.000   -49.370   8.011114E+02
   845.000   -52.229   8.412153E+02
   845.000   -55.087   8.813271E+02
   845.000   -57.946   9.214854E+02
   845.000   -60.804   9.616740E+02
   845.000   -63.662   1.001921E+03
   845.000   -66.521   1.042257E+03
   845.000   -71.285   1.109688E+03
   845.000   -76.049   1.177542E+03
   845.000   -80.813   1.246120E+03
   847.000   -85.710   1.320000E+03
   845.000   -90.341   1.329262E+03
   845.000   -95.105   1.338790E+03
   845.000   -99.869   1.348318E+03
   845.000  -104.633   1.357846E+03
   845.000  -109.397   1.367374E+03
   845.000  -114.161   1.376902E+03
   845.000  -118.925   1.386430E+03
   845.000  -123.689   1.395958E+03
   845.000  -128.453   1.401200E+03
   845.000  -133.217   1.403284E+03
   845.000  -137.981   1.405368E+03
   845.000  -142.745   1.407453E+03
   845.000  -147.509   1.409537E+03
   845.000  -152.273   1.411621E+03
   845.000  -157.037   1.413705E+03
   845.000  -161.801   1.415790E+03
   845.000  -166.565   1.417874E+03
   845.000  -171.329   1.419958E+03
   845.000  -176.093   1.422042E+03
   845.000  -180.857   1.424126E+03
   845.000  -185.621   1.426211E+03
   845.000  -190.385   1.428295E+03
   845.000  -195.149   1.430379E+03
   845.000  -199.913   1.432463E+03
   845.000  -204.676   1.434547E+03
   845.000  -209.440   1.436631E+03
   845.000  -214.204   1.438716E+03
   845.000  -218.968   1.440800E+03
   845.000  -228.496   1.444968E+03
   845.000  -238.024   1.449137E+03
   845.000  -247.552   1.453305E+03
   845.000  -257.080   1.457473E+03
   845.000  -266.608   1.461642E+03
   845.000  -276.136   1.465810E+03
   845.000  -285.664   1.469979E+03
   845.000  -290.428   1.472063E+03
   845.000  -295.192   1.474147E+03
   845.000  -299.956   1.476231E+03
   845.000  -304.720   1.478316E+03
   845.000  -314.248   1.482484E+03
   845.000  -323.776   1.486653E+03
   845.000  -333.304   1.490821E+03
   845.000  -342.832   1.494989E+03
   845.000  -352.360   1.499158E+03
   845.000  -361.888   1.503326E+03
   845.000  -371.416   1.507495E+03
   845.000  -380.944   1.511663E+03
   845.000  -390.472   1.515832E+03
   845.000  -400.000   1.520000E+03
   850.000     0.173   0.000000E+00
   850.000    -0.303   1.382694E+01
   850.000    -1.256   4.123197E+01
   850.000    -1.733   5.480384E+01
   850.000    -2.209   6.824876E+01
   850.000    -2.685   8.159316E+01
   850.000    -3.162   9.486111E+01
   850.000    -3.482   1.037093E+02
   850.000    -4.115   1.179949E+02
   850.000    -5.067   1.390113E+02
   850.000    -5.544   1.493190E+02
   850.000    -6.020   1.594560E+02
   850.000    -6.497   1.694642E+02
   850.000    -7.449   1.889876E+02
   850.000    -8.402   2.079252E+02
   850.000    -9.355   2.262531E+02
   850.000   -10.308   2.439692E+02
   850.000   -11.261   2.610718E+02
   850.000   -12.213   2.775426E+02
   850.000   -13.166   2.934152E+02
   850.000   -14.119   3.086714E+02
   850.000   -16.024   3.373188E+02
   850.000   -17.930   3.635127E+02
   850.000   -19.836   3.872354E+02
   850.000   -20.973   4.001977E+02
   850.000   -23.647   4.399240E+02
   850.000   -24.930   4.582702E+02
   850.000   -27.458   4.939666E+02
   850.000   -29.364   5.208637E+02
   850.000   -31.269   5.477327E+02
   850.000   -33.175   5.746024E+02
   850.000   -35.080   6.014457E+02
   850.000   -37.939   6.417113E+02
   850.000   -40.797   6.819434E+02
   850.000   -43.655   7.221620E+02
   850.000   -46.514   7.623878E+02
   850.000   -49.372   8.025998E+02
   850.000   -52.231   8.428341E+02
   850.000   -55.089   8.830715E+02
   850.000   -57.947   9.233361E+02
   850.000   -60.806   9.636533E+02
   850.000   -63.664   1.004009E+03
   850.000   -66.523   1.044447E+03
   850.000   -71.286   1.112016E+03
   850.000   -76.050   1.179987E+03
   850.000   -80.814   1.248586E+03
   850.000   -85.715   1.320000E+03
   850.000   -90.342   1.329254E+03
   850.000   -95.106   1.338782E+03
   850.000   -99.870   1.348310E+03
   850.000  -104.634   1.357838E+03
   850.000  -109.398   1.367366E+03
   850.000  -114.162   1.376894E+03
   850.000  -118.926   1.386422E+03
   850.000  -123.690   1.395950E+03
   850.000  -128.454   1.401198E+03
   850.000  -133.218   1.403283E+03
   850.000  -137.982   1.405367E+03
   850.000  -142.746   1.407451E+03
   850.000  -147.510   1.409535E+03
   850.000  -152.274   1.411620E+03
   850.000  -157.038   1.413704E+03
   850.000  -161.802   1.415788E+03
   850.000  -166.566   1.417872E+03
   850.000  -171.330   1.419957E+03
   850.000  -176.094   1.422041E+03
   850.000  -180.858   1.424125E+03
   850.000  -185.622   1.426209E+03
   850.000  -190.386   1.428294E+03
   850.000  -195.150   1.430378E+03
   850.000  -199.914   1.432462E+03
   850.000  -204.677   1.434546E+03
   850.000  -209.441   1.436630E+03
   850.000  -214.205   1.438714E+03
   850.000  -218.969   1.440799E+03
   850.000  -228.497   1.444967E+03
   850.000  -238.025   1.449136E+03
   850.000  -247.553   1.453304E+03
   850.000  -257.081   1.457473E+03
   850.000  -266.609   1.461641E+03
   850.000  -276.137   1.465810E+03
   850.000  -285.665   1.469978E+03
   850.000  -290.429   1.472063E+03
   850.000  -295.193   1.474147E+03
   850.000  -299.957   1.476231E+03
   850.000  -304.721   1.478315E+03
   850.000  -314.249   1.482484E+03
   850.000  -323.777   1.486652E+03
   850.000  -333.305   1.490821E+03
   850.000  -342.832   1.494989E+03
   850.000  -352.360   1.499157E+03
   850.000  -361.888   1.503326E+03
   850.000  -371.416   1.507494E+03
   850.000  -380.944   1.511663E+03
   850.000  -390.472   1.515831E+03
   850.000  -400.000   1.520000E+03
   855.000     0.156   0.000000E+00
   855.000    -0.320   1.395236E+01
   855.000    -1.273   4.159800E+01
   855.000    -1.750   5.529381E+01
   855.000    -2.226   6.886786E+01
   855.000    -2.702   8.234994E+01
   855.000    -3.205   9.649899E+01
   855.000    -3.655   1.068023E+02
   855.000    -4.131   1.176046E+02
   855.000    -5.084   1.387584E+02
   855.000    -5.561   1.491101E+02
   855.000    -6.037   1.592833E+02
   855.000    -6.513   1.692999E+02
   855.000    -7.466   1.888847E+02
   855.000    -8.419   2.078444E+02
   855.000    -9.372   2.261804E+02
   855.000   -10.324   2.438753E+02
   855.000   -11.277   2.609671E+02
   855.000   -12.230   2.774380E+02
   855.000   -13.183   2.932888E+02
   855.000   -14.135   3.085049E+02
   855.000   -16.041   3.371161E+02
   855.000   -17.946   3.632538E+02
   855.000   -19.852   3.869639E+02
   855.000   -20.898   3.988638E+02
   855.000   -23.663   4.401002E+02
   855.000   -24.875   4.575138E+02
   855.000   -27.474   4.943813E+02
   855.000   -29.379   5.213720E+02
   855.000   -31.285   5.483556E+02
   855.000   -33.190   5.753069E+02
   855.000   -35.096   6.022567E+02
   855.000   -37.954   6.426417E+02
   855.000   -40.812   6.830019E+02
   855.000   -43.671   7.233573E+02
   855.000   -46.529   7.636859E+02
   855.000   -49.387   8.040084E+02
   855.000   -52.245   8.443320E+02
   855.000   -55.104   8.846785E+02
   855.000   -57.962   9.250281E+02
   855.000   -60.820   9.654044E+02
   855.000   -63.678   1.005818E+03
   855.000   -66.537   1.046294E+03
   855.000   -71.300   1.113864E+03
   855.000   -76.064   1.181687E+03
   855.000   -80.828   1.249801E+03
   855.000   -85.722   1.320000E+03
   855.000   -90.355   1.329266E+03
   855.000   -95.119   1.338794E+03
   855.000   -99.883   1.348322E+03
   855.000  -104.647   1.357850E+03
   855.000  -109.411   1.367378E+03
   855.000  -114.174   1.376904E+03
   855.000  -118.938   1.386432E+03
   855.000  -123.702   1.395960E+03
   855.000  -128.466   1.401201E+03
   855.000  -133.229   1.403284E+03
   855.000  -137.993   1.405369E+03
   855.000  -142.757   1.407453E+03
   855.000  -147.521   1.409537E+03
   855.000  -152.284   1.411621E+03
   855.000  -157.048   1.413706E+03
   855.000  -161.812   1.415790E+03
   855.000  -166.576   1.417874E+03
   855.000  -171.339   1.419958E+03
   855.000  -176.103   1.422042E+03
   855.000  -180.867   1.424127E+03
   855.000  -185.631   1.426211E+03
   855.000  -190.394   1.428295E+03
   855.000  -195.158   1.430379E+03
   855.000  -199.922   1.432463E+03
   855.000  -204.686   1.434548E+03
   855.000  -209.450   1.436632E+03
   855.000  -214.213   1.438716E+03
   855.000  -218.977   1.440800E+03
   855.000  -228.505   1.444969E+03
   855.000  -238.032   1.449137E+03
   855.000  -247.560   1.453306E+03
   855.000  -257.087   1.457474E+03
   855.000  -266.615   1.461642E+03
   855.000  -276.142   1.465811E+03
   855.000  -285.670   1.469979E+03
   855.000  -290.433   1.472063E+03
   855.000  -295.197   1.474147E+03
   855.000  -299.961   1.476232E+03
   855.000  -304.725   1.478316E+03
   855.000  -314.252   1.482484E+03
   855.000  -323.780   1.486653E+03
   855.000  -333.307   1.490821E+03
   855.000  -342.835   1.494990E+03
   855.000  -352.362   1.499158E+03
   855.000  -361.890   1.503326E+03
   855.000  -371.417   1.507495E+03
   855.000  -380.945   1.511663E+03
   855.000  -390.472   1.515831E+03
   855.000  -400.000   1.520000E+03
   860.000     0.149   0.000000E+00
   860.000    -0.327   1.396364E+01
   860.000    -1.280   4.163506E+01
   860.000    -1.756   5.531702E+01
   860.000    -2.233   6.893586E+01
   860.000    -2.709   8.243555E+01
   858.000    -3.038   9.185892E+01
   860.000    -3.662   1.063260E+02
   860.000    -4.138   1.171628E+02
   860.000    -5.091   1.383673E+02
   860.000    -5.567   1.487153E+02
   860.000    -6.044   1.589234E+02
   860.000    -6.520   1.689496E+02
   860.000    -7.473   1.885425E+02
   860.000    -8.426   2.074986E+02
   860.000    -9.378   2.258020E+02
   860.000   -10.331   2.434938E+02
   860.000   -11.284   2.605562E+02
   860.000   -12.237   2.769908E+02
   860.000   -13.189   2.927826E+02
   860.000   -14.142   3.079658E+02
   860.000   -16.048   3.364577E+02
   860.000   -17.953   3.624399E+02
   860.000   -20.657   3.952544E+02
   860.000   -21.764   4.121106E+02
   860.000   -23.669   4.402661E+02
   860.000   -24.766   4.560206E+02
   860.000   -27.480   4.946000E+02
   860.000   -29.386   5.216772E+02
   860.000   -31.291   5.487243E+02
   860.000   -33.197   5.757691E+02
   860.000   -35.102   6.027835E+02
   860.000   -37.960   6.432836E+02
   860.000   -40.819   6.837679E+02
   860.000   -43.677   7.242129E+02
   860.000   -46.535   7.646383E+02
   860.000   -49.393   8.050496E+02
   860.000   -52.251   8.454527E+02
   860.000   -55.110   8.858681E+02
   860.000   -57.968   9.262739E+02
   860.000   -60.826   9.666910E+02
   860.000   -63.684   1.007126E+03
   860.000   -66.543   1.047600E+03
   860.000   -71.306   1.115098E+03
   860.000   -76.070   1.182714E+03
   860.000   -80.834   1.250421E+03
   860.000   -85.730   1.320000E+03
   860.000   -90.361   1.329262E+03
   860.000   -95.125   1.338790E+03
   860.000   -99.888   1.348316E+03
   860.000  -104.652   1.357844E+03
   860.000  -109.416   1.367372E+03
   860.000  -114.179   1.376898E+03
   860.000  -118.943   1.386426E+03
   860.000  -123.707   1.395954E+03
   860.000  -128.470   1.401199E+03
   860.000  -133.234   1.403283E+03
   860.000  -137.998   1.405368E+03
   860.000  -142.761   1.407451E+03
   860.000  -147.525   1.409536E+03
   860.000  -152.289   1.411620E+03
   860.000  -157.052   1.413704E+03
   860.000  -161.816   1.415789E+03
   860.000  -166.580   1.417873E+03
   860.000  -171.343   1.419957E+03
   860.000  -176.107   1.422041E+03
   860.000  -180.871   1.424126E+03
   860.000  -185.634   1.426210E+03
   860.000  -190.398   1.428294E+03
   860.000  -195.162   1.430378E+03
   860.000  -199.926   1.432463E+03
   860.000  -204.689   1.434547E+03
   860.000  -209.453   1.436631E+03
   860.000  -214.217   1.438715E+03
   860.000  -218.980   1.440799E+03
   860.000  -228.508   1.444968E+03
   860.000  -238.035   1.449136E+03
   860.000  -247.562   1.453305E+03
   860.000  -257.090   1.457473E+03
   860.000  -266.617   1.461642E+03
   860.000  -276.144   1.465810E+03
   860.000  -285.672   1.469979E+03
   860.000  -290.435   1.472063E+03
   860.000  -295.199   1.474147E+03
   860.000  -299.963   1.476231E+03
   860.000  -304.726   1.478315E+03
   860.000  -314.254   1.482484E+03
   860.000  -323.781   1.486652E+03
   860.000  -333.309   1.490821E+03
   860.000  -342.836   1.494989E+03
   860.000  -352.363   1.499158E+03
   860.000  -361.891   1.503326E+03
   860.000  -371.418   1.507495E+03
   860.000  -380.945   1.511663E+03
   860.000  -390.473   1.515832E+03
   860.000  -400.000   1.520000E+03
   865.000     0.148   0.000000E+00
   865.000    -0.328   1.385411E+01
   865.000    -1.281   4.131355E+01
   865.000    -1.757   5.488969E+01
   865.000    -2.234   6.840121E+01
   865.000    -2.710   8.179132E+01
   865.000    -3.324   9.891897E+01
   865.000    -3.663   1.066592E+02
   865.000    -4.139   1.174118E+02
   865.000    -5.092   1.384665E+02
   865.000    -5.568   1.487498E+02
   865.000    -6.045   1.588989E+02
   865.000    -6.521   1.688709E+02
   865.000    -7.474   1.883674E+02
   865.000    -8.427   2.072385E+02
   865.000    -9.379   2.254651E+02
   865.000   -10.332   2.430849E+02
   865.000   -11.285   2.600789E+02
   865.000   -12.238   2.764471E+02
   865.000   -13.190   2.921737E+02
   865.000   -14.143   3.072920E+02
   865.000   -16.048   3.356400E+02
   865.000   -17.954   3.615097E+02
   865.000   -20.416   3.911790E+02
   865.000   -21.765   4.118346E+02
   865.000   -23.670   4.400926E+02
   865.000   -24.658   4.543069E+02
   865.000   -27.481   4.945983E+02
   865.000   -29.387   5.217683E+02
   865.000   -31.292   5.488983E+02
   865.000   -33.198   5.760198E+02
   865.000   -35.103   6.031067E+02
   865.000   -37.961   6.437088E+02
   865.000   -40.820   6.842879E+02
   865.000   -43.678   7.248203E+02
   865.000   -46.536   7.653251E+02
   865.000   -49.394   8.058070E+02
   865.000   -52.252   8.462707E+02
   865.000   -55.111   8.867351E+02
   865.000   -57.969   9.271765E+02
   865.000   -60.827   9.676134E+02
   865.000   -63.685   1.008050E+03
   865.000   -66.543   1.048488E+03
   865.000   -71.307   1.115906E+03
   865.000   -76.071   1.183331E+03
   865.000   -80.834   1.250720E+03
   865.000   -85.738   1.320000E+03
   865.000   -90.362   1.329248E+03
   865.000   -95.125   1.338774E+03
   865.000   -99.889   1.348302E+03
   865.000  -104.653   1.357830E+03
   865.000  -109.416   1.367356E+03
   865.000  -114.180   1.376884E+03
   865.000  -118.944   1.386412E+03
   865.000  -123.707   1.395938E+03
   865.000  -128.471   1.401196E+03
   865.000  -133.235   1.403280E+03
   865.000  -137.998   1.405364E+03
   865.000  -142.762   1.407449E+03
   865.000  -147.526   1.409533E+03
   865.000  -152.289   1.411617E+03
   865.000  -157.053   1.413701E+03
   865.000  -161.817   1.415786E+03
   865.000  -166.580   1.417870E+03
   865.000  -171.344   1.419954E+03
   865.000  -176.108   1.422039E+03
   865.000  -180.871   1.424123E+03
   865.000  -185.635   1.426207E+03
   865.000  -190.399   1.428292E+03
   865.000  -195.162   1.430376E+03
   865.000  -199.926   1.432460E+03
   865.000  -204.690   1.434544E+03
   865.000  -209.453   1.436628E+03
   865.000  -214.217   1.438713E+03
   865.000  -218.981   1.440797E+03
   865.000  -228.508   1.444966E+03
   865.000  -238.035   1.449134E+03
   865.000  -247.563   1.453303E+03
   865.000  -257.090   1.457471E+03
   865.000  -266.617   1.461640E+03
   865.000  -276.145   1.465809E+03
   865.000  -285.672   1.469977E+03
   865.000  -290.436   1.472062E+03
   865.000  -295.199   1.474146E+03
   865.000  -299.963   1.476230E+03
   865.000  -304.727   1.478314E+03
   865.000  -314.254   1.482483E+03
   865.000  -323.781   1.486651E+03
   865.000  -333.309   1.490820E+03
   865.000  -342.836   1.494989E+03
   865.000  -352.363   1.499157E+03
   865.000  -361.891   1.503326E+03
   865.000  -371.418   1.507494E+03
   865.000  -380.945   1.511663E+03
   865.000  -390.473   1.515832E+03
   865.000  -400.000   1.520000E+03
   870.000     0.139   0.000000E+00
   870.000    -0.337   1.375997E+01
   870.000    -1.290   4.103265E+01
   870.000    -1.766   5.451599E+01
   870.000    -2.243   6.793479E+01
   870.000    -2.719   8.123267E+01
   870.000    -3.195   9.443338E+01
   869.000    -3.487   1.026950E+02
   870.000    -4.148   1.176351E+02
   870.000    -5.101   1.386190E+02
   870.000    -5.577   1.488652E+02
   870.000    -6.054   1.589762E+02
   870.000    -6.530   1.689097E+02
   870.000    -7.483   1.883280E+02
   870.000    -8.435   2.071010E+02
   870.000    -9.388   2.252681E+02
   870.000   -10.341   2.428093E+02
   870.000   -11.294   2.597243E+02
   870.000   -12.246   2.759961E+02
   870.000   -13.199   2.916588E+02
   870.000   -14.152   3.066947E+02
   870.000   -16.057   3.348713E+02
   870.000   -17.963   3.605538E+02
   870.000   -20.175   3.871473E+02
   870.000   -21.773   4.116822E+02
   870.000   -24.549   4.526269E+02
   870.000   -25.584   4.674333E+02
   870.000   -27.490   4.946835E+02
   870.000   -29.395   5.218981E+02
   870.000   -31.300   5.490901E+02
   870.000   -33.206   5.762737E+02
   870.000   -35.111   6.034209E+02
   870.000   -37.969   6.441094E+02
   870.000   -40.828   6.847685E+02
   870.000   -43.686   7.253737E+02
   870.000   -46.544   7.659433E+02
   870.000   -49.402   8.064812E+02
   870.000   -52.260   8.469909E+02
   870.000   -55.118   8.874761E+02
   870.000   -57.976   9.279397E+02
   870.000   -60.835   9.683987E+02
   870.000   -63.693   1.008827E+03
   870.000   -66.551   1.049238E+03
   870.000   -71.314   1.116551E+03
   870.000   -76.078   1.183820E+03
   870.000   -80.842   1.251003E+03
   870.000   -85.745   1.320000E+03
   870.000   -90.369   1.329248E+03
   870.000   -95.132   1.338774E+03
   870.000   -99.896   1.348302E+03
   870.000  -104.659   1.357828E+03
   870.000  -109.423   1.367356E+03
   870.000  -114.186   1.376882E+03
   870.000  -118.950   1.386410E+03
   870.000  -123.714   1.395938E+03
   870.000  -128.477   1.401195E+03
   870.000  -133.241   1.403280E+03
   870.000  -138.004   1.405364E+03
   870.000  -142.768   1.407448E+03
   870.000  -147.531   1.409532E+03
   870.000  -152.295   1.411617E+03
   870.000  -157.058   1.413701E+03
   870.000  -161.822   1.415785E+03
   870.000  -166.586   1.417870E+03
   870.000  -171.349   1.419954E+03
   870.000  -176.113   1.422038E+03
   870.000  -180.876   1.424123E+03
   870.000  -185.640   1.426207E+03
   870.000  -190.403   1.428291E+03
   870.000  -195.167   1.430376E+03
   870.000  -199.931   1.432460E+03
   870.000  -204.694   1.434544E+03
   870.000  -209.458   1.436629E+03
   870.000  -214.221   1.438713E+03
   870.000  -218.985   1.440797E+03
   870.000  -228.512   1.444966E+03
   870.000  -238.039   1.449134E+03
   870.000  -247.566   1.453303E+03
   870.000  -257.093   1.457471E+03
   870.000  -266.620   1.461640E+03
   870.000  -276.147   1.465808E+03
   870.000  -285.675   1.469977E+03
   870.000  -290.438   1.472061E+03
   870.000  -295.202   1.474146E+03
   870.000  -299.965   1.476230E+03
   870.000  -304.729   1.478314E+03
   870.000  -314.256   1.482483E+03
   870.000  -323.783   1.486651E+03
   870.000  -333.310   1.490820E+03
   870.000  -342.837   1.494988E+03
   870.000  -352.364   1.499157E+03
   870.000  -361.892   1.503326E+03
   870.000  -371.419   1.507494E+03
   870.000  -380.946   1.511663E+03
   870.000  -390.473   1.515831E+03
   870.000  -400.000   1.520000E+03
   875.000     0.119   0.000000E+00
   875.000    -0.357   1.370120E+01
   875.000    -1.310   4.083867E+01
   875.000    -1.786   5.424570E+01
   875.000    -2.263   6.758202E+01
   875.000    -2.739   8.079133E+01
   875.000    -3.215   9.390122E+01
   874.000    -3.775   1.093735E+02
   875.000    -4.168   1.181402E+02
   875.000    -5.121   1.390184E+02
   875.000    -5.597   1.492150E+02
   875.000    -6.073   1.592570E+02
   875.000    -6.550   1.691650E+02
   875.000    -7.502   1.884743E+02
   875.000    -8.455   2.071820E+02
   875.000    -9.408   2.252661E+02
   875.000   -10.360   2.427076E+02
   875.000   -11.313   2.595421E+02
   875.000   -12.266   2.757500E+02
   875.000   -13.218   2.913143E+02
   875.000   -14.171   3.062668E+02
   875.000   -16.076   3.342707E+02
   875.000   -17.982   3.597680E+02
   875.000   -19.934   3.832083E+02
   875.000   -21.792   4.117540E+02
   875.000   -24.440   4.508021E+02
   875.000   -25.603   4.674919E+02
   875.000   -27.508   4.948066E+02
   875.000   -29.414   5.221040E+02
   875.000   -31.319   5.493579E+02
   875.000   -33.224   5.765845E+02
   875.000   -35.130   6.037997E+02
   875.000   -37.988   6.445627E+02
   875.000   -40.846   6.852751E+02
   875.000   -43.704   7.259407E+02
   875.000   -46.562   7.665631E+02
   875.000   -49.420   8.071453E+02
   875.000   -52.278   8.476904E+02
   875.000   -55.136   8.882008E+02
   875.000   -57.994   9.286785E+02
   875.000   -60.852   9.691250E+02
   875.000   -63.710   1.009541E+03
   875.000   -66.568   1.049927E+03
   875.000   -71.331   1.117161E+03
   875.000   -76.094   1.184294E+03
   875.000   -80.857   1.251298E+03
   875.000   -85.753   1.320000E+03
   875.000   -90.384   1.329262E+03
   875.000   -95.147   1.338788E+03
   875.000   -99.911   1.348316E+03
   875.000  -104.674   1.357842E+03
   875.000  -109.437   1.367368E+03
   875.000  -114.201   1.376896E+03
   875.000  -118.964   1.386422E+03
   875.000  -123.727   1.395948E+03
   875.000  -128.491   1.401198E+03
   875.000  -133.254   1.403282E+03
   875.000  -138.017   1.405366E+03
   875.000  -142.781   1.407451E+03
   875.000  -147.544   1.409535E+03
   875.000  -152.307   1.411619E+03
   875.000  -157.071   1.413704E+03
   875.000  -161.834   1.415788E+03
   875.000  -166.597   1.417872E+03
   875.000  -171.361   1.419956E+03
   875.000  -176.124   1.422040E+03
   875.000  -180.887   1.424125E+03
   875.000  -185.651   1.426209E+03
   875.000  -190.414   1.428293E+03
   875.000  -195.177   1.430377E+03
   875.000  -199.941   1.432462E+03
   875.000  -204.704   1.434546E+03
   875.000  -209.467   1.436630E+03
   875.000  -214.230   1.438714E+03
   875.000  -218.994   1.440799E+03
   875.000  -228.520   1.444967E+03
   875.000  -238.047   1.449136E+03
   875.000  -247.574   1.453304E+03
   875.000  -257.100   1.457472E+03
   875.000  -266.627   1.461641E+03
   875.000  -276.154   1.465810E+03
   875.000  -285.680   1.469978E+03
   875.000  -290.444   1.472062E+03
   875.000  -295.207   1.474147E+03
   875.000  -299.970   1.476231E+03
   875.000  -304.734   1.478315E+03
   875.000  -314.260   1.482483E+03
   875.000  -323.787   1.486652E+03
   875.000  -333.314   1.490821E+03
   875.000  -342.840   1.494989E+03
   875.000  -352.367   1.499158E+03
   875.000  -361.893   1.503326E+03
   875.000  -371.420   1.507494E+03
   875.000  -380.947   1.511663E+03
   875.000  -390.473   1.515831E+03
   875.000  -400.000   1.520000E+03
   880.000     0.111   0.000000E+00
   880.000    -0.365   1.366299E+01
   880.000    -1.318   4.072394E+01
   880.000    -1.794   5.409346E+01
   880.000    -2.271   6.739297E+01
   880.000    -2.747   8.056667E+01
   880.000    -3.223   9.364251E+01
   880.000    -3.864   1.111076E+02
   880.000    -4.176   1.180952E+02
   880.000    -5.129   1.389365E+02
   880.000    -5.605   1.491133E+02
   880.000    -6.081   1.591349E+02
   880.000    -6.558   1.690219E+02
   880.000    -7.510   1.882882E+02
   880.000    -8.463   2.069518E+02
   880.000    -9.415   2.249724E+02
   880.000   -10.368   2.423869E+02
   880.000   -11.321   2.591747E+02
   880.000   -12.273   2.753176E+02
   880.000   -13.226   2.908478E+02
   880.000   -14.179   3.057462E+02
   880.000   -16.084   3.336264E+02
   880.000   -17.989   3.589470E+02
   878.000   -19.789   3.808170E+02
   880.000   -21.800   4.116333E+02
   879.000   -24.353   4.493561E+02
   880.000   -25.610   4.673870E+02
   880.000   -27.516   4.947676E+02
   880.000   -29.421   5.221014E+02
   880.000   -31.326   5.494043E+02
   880.000   -33.232   5.766920E+02
   880.000   -35.137   6.039373E+02
   880.000   -37.995   6.447623E+02
   880.000   -40.853   6.855307E+02
   880.000   -43.711   7.262462E+02
   880.000   -46.569   7.669115E+02
   880.000   -49.427   8.075295E+02
   880.000   -52.284   8.480880E+02
   880.000   -55.142   8.886174E+02
   880.000   -58.000   9.291046E+02
   880.000   -60.858   9.695506E+02
   880.000   -63.716   1.009956E+03
   880.000   -66.574   1.050319E+03
   880.000   -71.337   1.117490E+03
   880.000   -76.101   1.184542E+03
   880.000   -80.864   1.251427E+03
   880.000   -85.761   1.320000E+03
   880.000   -90.390   1.329258E+03
   880.000   -95.154   1.338786E+03
   880.000   -99.917   1.348312E+03
   880.000  -104.680   1.357838E+03
   880.000  -109.443   1.367364E+03
   880.000  -114.206   1.376890E+03
   880.000  -118.970   1.386418E+03
   880.000  -123.733   1.395944E+03
   880.000  -128.496   1.401197E+03
   880.000  -133.259   1.403281E+03
   880.000  -138.023   1.405366E+03
   880.000  -142.786   1.407450E+03
   880.000  -147.549   1.409534E+03
   880.000  -152.312   1.411618E+03
   880.000  -157.075   1.413702E+03
   880.000  -161.839   1.415787E+03
   880.000  -166.602   1.417871E+03
   880.000  -171.365   1.419955E+03
   880.000  -176.128   1.422039E+03
   880.000  -180.892   1.424124E+03
   880.000  -185.655   1.426208E+03
   880.000  -190.418   1.428292E+03
   880.000  -195.181   1.430376E+03
   880.000  -199.945   1.432461E+03
   880.000  -204.708   1.434545E+03
   880.000  -209.471   1.436629E+03
   880.000  -214.234   1.438714E+03
   880.000  -218.997   1.440798E+03
   880.000  -228.524   1.444966E+03
   880.000  -238.050   1.449135E+03
   880.000  -247.577   1.453304E+03
   880.000  -257.103   1.457472E+03
   880.000  -266.630   1.461641E+03
   880.000  -276.156   1.465809E+03
   880.000  -285.683   1.469978E+03
   880.000  -290.446   1.472062E+03
   880.000  -295.209   1.474146E+03
   880.000  -299.972   1.476230E+03
   880.000  -304.735   1.478314E+03
   880.000  -314.262   1.482483E+03
   880.000  -323.788   1.486652E+03
   880.000  -333.315   1.490820E+03
   880.000  -342.841   1.494989E+03
   880.000  -352.368   1.499157E+03
   880.000  -361.894   1.503326E+03
   880.000  -371.421   1.507495E+03
   880.000  -380.947   1.511663E+03
   880.000  -390.474   1.515832E+03
   880.000  -400.000   1.520000E+03
   885.000     0.116   0.000000E+00
   885.000    -0.360   1.362130E+01
   885.000    -1.313   4.061264E+01
   885.000    -1.789   5.395077E+01
   885.000    -2.266   6.721995E+01
   885.000    -2.742   8.036339E+01
   885.000    -3.218   9.340787E+01
   883.000    -3.909   1.120610E+02
   885.000    -4.171   1.176432E+02
   885.000    -5.124   1.384523E+02
   885.000    -5.600   1.486165E+02
   885.000    -6.076   1.586276E+02
   885.000    -6.553   1.685056E+02
   885.000    -7.505   1.877585E+02
   885.000    -8.458   2.064133E+02
   885.000    -9.411   2.244479E+02
   885.000   -10.363   2.418430E+02
   885.000   -11.316   2.586337E+02
   885.000   -12.269   2.748008E+02
   885.000   -13.221   2.903274E+02
   885.000   -14.174   3.052454E+02
   885.000   -16.079   3.331908E+02
   885.000   -17.984   3.586385E+02
   885.000   -19.840   3.809260E+02
   885.000   -21.795   4.111861E+02
   885.000   -24.489   4.510275E+02
   885.000   -25.606   4.671173E+02
   885.000   -27.511   4.945273E+02
   885.000   -29.416   5.219020E+02
   885.000   -31.322   5.492581E+02
   885.000   -33.227   5.765688E+02
   885.000   -35.132   6.038499E+02
   885.000   -37.990   6.447252E+02
   885.000   -40.848   6.855396E+02
   885.000   -43.706   7.262959E+02
   885.000   -46.564   7.669965E+02
   885.000   -49.422   8.076434E+02
   885.000   -52.280   8.482385E+02
   885.000   -55.138   8.887828E+02
   885.000   -57.996   9.292774E+02
   885.000   -60.854   9.697226E+02
   885.000   -63.712   1.010118E+03
   885.000   -66.570   1.050463E+03
   885.000   -71.333   1.117586E+03
   885.000   -76.097   1.184568E+03
   885.000   -80.860   1.251366E+03
   885.000   -85.768   1.320000E+03
   885.000   -90.386   1.329236E+03
   885.000   -95.150   1.338764E+03
   885.000   -99.913   1.348290E+03
   885.000  -104.676   1.357816E+03
   885.000  -109.440   1.367344E+03
   885.000  -114.203   1.376870E+03
   885.000  -118.966   1.386396E+03
   885.000  -123.729   1.395922E+03
   885.000  -128.493   1.401192E+03
   885.000  -133.256   1.403277E+03
   885.000  -138.019   1.405361E+03
   885.000  -142.783   1.407446E+03
   885.000  -147.546   1.409530E+03
   885.000  -152.309   1.411614E+03
   885.000  -157.072   1.413698E+03
   885.000  -161.836   1.415783E+03
   885.000  -166.599   1.417867E+03
   885.000  -171.362   1.419951E+03
   885.000  -176.126   1.422036E+03
   885.000  -180.889   1.424120E+03
   885.000  -185.652   1.426204E+03
   885.000  -190.415   1.428289E+03
   885.000  -195.179   1.430373E+03
   885.000  -199.942   1.432457E+03
   885.000  -204.705   1.434542E+03
   885.000  -209.469   1.436626E+03
   885.000  -214.232   1.438711E+03
   885.000  -218.995   1.440795E+03
   885.000  -228.522   1.444964E+03
   885.000  -238.048   1.449132E+03
   885.000  -247.575   1.453301E+03
   885.000  -257.101   1.457469E+03
   885.000  -266.628   1.461638E+03
   885.000  -276.155   1.465807E+03
   885.000  -285.681   1.469976E+03
   885.000  -290.444   1.472060E+03
   885.000  -295.208   1.474145E+03
   885.000  -299.971   1.476229E+03
   885.000  -304.734   1.478313E+03
   885.000  -314.261   1.482482E+03
   885.000  -323.787   1.486650E+03
   885.000  -333.314   1.490819E+03
   885.000  -342.841   1.494988E+03
   885.000  -352.367   1.499156E+03
   885.000  -361.894   1.503325E+03
   885.000  -371.420   1.507494E+03
   885.000  -380.947   1.511663E+03
   885.000  -390.473   1.515831E+03
   885.000  -400.000   1.520000E+03
   890.000     0.111   0.000000E+00
   890.000    -0.365   1.372440E+01
   890.000    -1.318   4.090753E+01
   890.000    -1.794   5.433890E+01
   890.000    -2.271   6.770127E+01
   890.000    -2.747   8.093887E+01
   891.000    -3.455   1.005724E+02
   890.000    -3.700   1.062794E+02
   890.000    -4.176   1.169370E+02
   890.000    -5.129   1.378054E+02
   890.000    -5.605   1.479946E+02
   890.000    -6.081   1.580281E+02
   890.000    -6.558   1.679264E+02
   890.000    -7.510   1.872146E+02
   890.000    -8.463   2.058998E+02
   890.000    -9.415   2.239425E+02
   890.000   -10.368   2.413806E+02
   890.000   -11.321   2.581947E+02
   890.000   -12.273   2.743673E+02
   890.000   -13.226   2.899323E+02
   890.000   -14.179   3.048720E+02
   890.000   -16.084   3.328607E+02
   890.000   -17.989   3.583458E+02
   890.000   -19.877   3.811374E+02
   890.000   -21.800   4.109317E+02
   890.000   -24.603   4.524842E+02
   890.000   -25.610   4.669911E+02
   890.000   -27.516   4.944365E+02
   890.000   -29.421   5.218342E+02
   890.000   -31.326   5.492025E+02
   890.000   -33.232   5.765552E+02
   890.000   -35.137   6.038639E+02
   890.000   -37.995   6.447793E+02
   890.000   -40.853   6.856308E+02
   890.000   -43.711   7.264204E+02
   890.000   -46.569   7.671498E+02
   890.000   -49.427   8.078205E+02
   890.000   -52.284   8.484195E+02
   890.000   -55.142   8.889761E+02
   890.000   -58.000   9.294766E+02
   890.000   -60.858   9.699213E+02
   890.000   -63.716   1.010310E+03
   890.000   -66.574   1.050641E+03
   890.000   -71.337   1.117726E+03
   890.000   -76.101   1.184655E+03
   890.000   -80.864   1.251387E+03
   890.000   -85.776   1.320000E+03
   890.000   -90.390   1.329228E+03
   890.000   -95.154   1.338756E+03
   890.000   -99.917   1.348282E+03
   890.000  -104.680   1.357808E+03
   890.000  -109.443   1.367334E+03
   890.000  -114.206   1.376860E+03
   890.000  -118.970   1.386388E+03
   890.000  -123.733   1.395914E+03
   890.000  -128.496   1.401190E+03
   890.000  -133.259   1.403275E+03
   890.000  -138.023   1.405359E+03
   890.000  -142.786   1.407444E+03
   890.000  -147.549   1.409528E+03
   890.000  -152.312   1.411612E+03
   890.000  -157.075   1.413696E+03
   890.000  -161.839   1.415781E+03
   890.000  -166.602   1.417865E+03
   890.000  -171.365   1.419950E+03
   890.000  -176.128   1.422034E+03
   890.000  -180.892   1.424119E+03
   890.000  -185.655   1.426203E+03
   890.000  -190.418   1.428287E+03
   890.000  -195.181   1.430372E+03
   890.000  -199.945   1.432456E+03
   890.000  -204.708   1.434541E+03
   890.000  -209.471   1.436625E+03
   890.000  -214.234   1.438709E+03
   890.000  -218.997   1.440793E+03
   890.000  -228.524   1.444962E+03
   890.000  -238.050   1.449131E+03
   890.000  -247.577   1.453300E+03
   890.000  -257.103   1.457468E+03
   890.000  -266.630   1.461637E+03
   890.000  -276.156   1.465806E+03
   890.000  -285.683   1.469975E+03
   890.000  -290.446   1.472059E+03
   890.000  -295.209   1.474144E+03
   890.000  -299.972   1.476228E+03
   890.000  -304.735   1.478312E+03
   890.000  -314.262   1.482481E+03
   890.000  -323.788   1.486650E+03
   890.000  -333.315   1.490819E+03
   890.000  -342.841   1.494987E+03
   890.000  -352.368   1.499156E+03
   890.000  -361.894   1.503325E+03
   890.000  -371.421   1.507494E+03
   890.000  -380.947   1.511662E+03
   890.000  -390.474   1.515831E+03
   890.000  -400.000   1.520000E+03
   895.000     0.122   0.000000E+00
   895.000    -0.354   1.376639E+01
   895.000    -1.307   4.105779E+01
   895.000    -1.783   5.455241E+01
   895.000    -2.260   6.798347E+01
   895.000    -2.736   8.129425E+01
   895.000    -3.175   9.350791E+01
   895.000    -3.689   1.052000E+02
   895.000    -4.165   1.158699E+02
   895.000    -5.118   1.367694E+02
   895.000    -5.594   1.469764E+02
   895.000    -6.070   1.570287E+02
   895.000    -6.547   1.669468E+02
   895.000    -7.499   1.862761E+02
   895.000    -8.452   2.050038E+02
   895.000    -9.405   2.231087E+02
   895.000   -10.357   2.405717E+02
   895.000   -11.310   2.574294E+02
   895.000   -12.263   2.736624E+02
   895.000   -13.215   2.892544E+02
   895.000   -14.168   3.042374E+02
   895.000   -16.073   3.323103E+02
   895.000   -17.979   3.578880E+02
   895.000   -19.914   3.812846E+02
   895.000   -21.789   4.104568E+02
   895.000   -23.695   4.389422E+02
   895.000   -24.716   4.538372E+02
   895.000   -27.505   4.940702E+02
   895.000   -29.411   5.215161E+02
   895.000   -31.316   5.489134E+02
   895.000   -33.222   5.762927E+02
   895.000   -35.127   6.036262E+02
   895.000   -37.985   6.445762E+02
   895.000   -40.843   6.854593E+02
   895.000   -43.701   7.262772E+02
   895.000   -46.559   7.670310E+02
   895.000   -49.417   8.077220E+02
   895.000   -52.275   8.483509E+02
   895.000   -55.133   8.889184E+02
   895.000   -57.991   9.294248E+02
   895.000   -60.849   9.698701E+02
   895.000   -63.707   1.010254E+03
   895.000   -66.565   1.050576E+03
   895.000   -71.328   1.117634E+03
   895.000   -76.092   1.184523E+03
   895.000   -80.855   1.251207E+03
   895.000   -85.784   1.320000E+03
   895.000   -90.382   1.329196E+03
   895.000   -95.145   1.338722E+03
   895.000   -99.909   1.348250E+03
   895.000  -104.672   1.357776E+03
   895.000  -109.435   1.367302E+03
   895.000  -114.199   1.376830E+03
   895.000  -118.962   1.386356E+03
   895.000  -123.725   1.395882E+03
   895.000  -128.489   1.401184E+03
   895.000  -133.252   1.403268E+03
   895.000  -138.015   1.405352E+03
   895.000  -142.779   1.407437E+03
   895.000  -147.542   1.409522E+03
   895.000  -152.305   1.411606E+03
   895.000  -157.069   1.413691E+03
   895.000  -161.832   1.415775E+03
   895.000  -166.596   1.417860E+03
   895.000  -171.359   1.419944E+03
   895.000  -176.122   1.422028E+03
   895.000  -180.886   1.424113E+03
   895.000  -185.649   1.426198E+03
   895.000  -190.412   1.428282E+03
   895.000  -195.176   1.430367E+03
   895.000  -199.939   1.432451E+03
   895.000  -204.702   1.434535E+03
   895.000  -209.466   1.436620E+03
   895.000  -214.229   1.438705E+03
   895.000  -218.992   1.440789E+03
   895.000  -228.519   1.444958E+03
   895.000  -238.046   1.449127E+03
   895.000  -247.573   1.453296E+03
   895.000  -257.099   1.457465E+03
   895.000  -266.626   1.461634E+03
   895.000  -276.153   1.465803E+03
   895.000  -285.679   1.469972E+03
   895.000  -290.443   1.472057E+03
   895.000  -295.206   1.474141E+03
   895.000  -299.970   1.476226E+03
   895.000  -304.733   1.478310E+03
   895.000  -314.260   1.482479E+03
   895.000  -323.786   1.486648E+03
   895.000  -333.313   1.490817E+03
   895.000  -342.840   1.494986E+03
   895.000  -352.366   1.499155E+03
   895.000  -361.893   1.503324E+03
   895.000  -371.420   1.507493E+03
   895.000  -380.947   1.511662E+03
   895.000  -390.473   1.515831E+03
   895.000  -400.000   1.520000E+03
   900.000     0.113   0.000000E+00
   900.000    -0.363   1.389010E+01
   900.000    -1.316   4.141756E+01
   900.000    -1.792   5.502444E+01
   900.000    -2.269   6.856406E+01
   901.093    -2.748   8.218743E+01
   900.000    -3.221   9.339759E+01
   900.000    -3.698   1.042863E+02
   900.000    -4.174   1.149957E+02
   900.000    -5.127   1.359670E+02
   900.000    -5.603   1.462070E+02
   900.000    -6.079   1.562906E+02
   900.000    -6.556   1.662385E+02
   900.000    -7.508   1.856233E+02
   900.000    -8.461   2.044020E+02
   900.000    -9.414   2.225544E+02
   900.000   -10.366   2.400626E+02
   900.000   -11.319   2.569638E+02
   900.000   -12.271   2.732231E+02
   900.000   -13.224   2.888752E+02
   900.000   -14.177   3.039037E+02
   900.000   -16.082   3.320794E+02
   900.000   -17.987   3.577820E+02
   902.000   -19.965   3.815823E+02
   900.000   -21.798   4.102156E+02
   900.000   -23.703   4.388547E+02
   902.000   -24.875   4.558562E+02
   900.000   -27.514   4.940083E+02
   900.000   -29.419   5.214539E+02
   900.000   -31.324   5.488686E+02
   900.000   -33.230   5.762666E+02
   900.000   -35.135   6.036192E+02
   900.000   -37.993   6.445974E+02
   900.000   -40.851   6.855069E+02
   900.000   -43.709   7.263485E+02
   900.000   -46.567   7.671231E+02
   900.000   -49.425   8.078313E+02
   900.000   -52.283   8.484737E+02
   900.000   -55.141   8.890508E+02
   900.000   -57.999   9.295626E+02
   900.000   -60.857   9.700092E+02
   900.000   -63.715   1.010390E+03
   900.000   -66.573   1.050705E+03
   900.000   -71.336   1.117743E+03
   900.000   -76.099   1.184589E+03
   900.000   -80.862   1.251237E+03
   900.000   -85.792   1.320000E+03
   900.000   -90.389   1.329194E+03
   900.000   -95.152   1.338720E+03
   900.000   -99.915   1.348246E+03
   900.000  -104.679   1.357774E+03
   900.000  -109.442   1.367300E+03
   900.000  -114.205   1.376826E+03
   900.000  -118.968   1.386352E+03
   900.000  -123.732   1.395880E+03
   900.000  -128.495   1.401183E+03
   900.000  -133.258   1.403267E+03
   900.000  -138.021   1.405352E+03
   900.000  -142.785   1.407437E+03
   900.000  -147.548   1.409521E+03
   900.000  -152.311   1.411605E+03
   900.000  -157.074   1.413690E+03
   900.000  -161.838   1.415775E+03
   900.000  -166.601   1.417859E+03
   900.000  -171.364   1.419943E+03
   900.000  -176.127   1.422028E+03
   900.000  -180.891   1.424113E+03
   900.000  -185.654   1.426197E+03
   900.000  -190.417   1.428281E+03
   900.000  -195.180   1.430366E+03
   900.000  -199.944   1.432451E+03
   900.000  -204.707   1.434535E+03
   900.000  -209.470   1.436620E+03
   900.000  -214.233   1.438704E+03
   900.000  -218.997   1.440789E+03
   900.000  -228.523   1.444958E+03
   900.000  -238.050   1.449127E+03
   900.000  -247.576   1.453296E+03
   900.000  -257.103   1.457465E+03
   900.000  -266.629   1.461634E+03
   900.000  -276.156   1.465803E+03
   900.000  -285.682   1.469972E+03
   900.000  -290.445   1.472056E+03
   900.000  -295.209   1.474141E+03
   900.000  -299.972   1.476225E+03
   900.000  -304.735   1.478310E+03
   900.000  -314.262   1.482479E+03
   900.000  -323.788   1.486648E+03
   900.000  -333.315   1.490817E+03
   900.000  -342.841   1.494986E+03
   900.000  -352.368   1.499155E+03
   900.000  -361.894   1.503324E+03
   900.000  -371.421   1.507493E+03
   900.000  -380.947   1.511662E+03
   900.000  -390.474   1.515831E+03
   900.000  -400.000   1.520000E+03
   905.000     0.100   0.000000E+00
   905.000    -0.376   1.406948E+01
   905.000    -1.329   4.195267E+01
   905.000    -1.805   5.574167E+01
   907.000    -2.334   7.107166E+01
   905.000    -2.758   8.146721E+01
   905.000    -3.234   9.253830E+01
   905.000    -3.710   1.034489E+02
   905.000    -4.187   1.142220E+02
   905.000    -5.139   1.352435E+02
   905.000    -5.616   1.455372E+02
   905.000    -6.092   1.556503E+02
   905.000    -6.568   1.656049E+02
   905.000    -7.521   1.850592E+02
   905.000    -8.474   2.038803E+02
   905.000    -9.426   2.220506E+02
   905.000   -10.379   2.396090E+02
   905.000   -11.331   2.565192E+02
   905.000   -12.284   2.728176E+02
   905.000   -13.237   2.884861E+02
   905.000   -14.189   3.035092E+02
   905.000   -16.095   3.316982E+02
   905.000   -18.000   3.573490E+02
   905.000   -19.962   3.813128E+02
   905.000   -21.810   4.100859E+02
   905.000   -23.715   4.387317E+02
   905.000   -24.868   4.555951E+02
   905.000   -27.526   4.939615E+02
   905.000   -29.431   5.214245E+02
   905.000   -31.336   5.488573E+02
   905.000   -33.242   5.762736E+02
   905.000   -35.147   6.036442E+02
   905.000   -38.005   6.446482E+02
   905.000   -40.863   6.855814E+02
   905.000   -43.720   7.264300E+02
   905.000   -46.578   7.672230E+02
   905.000   -49.436   8.079466E+02
   905.000   -52.294   8.486013E+02
   905.000   -55.152   8.891872E+02
   905.000   -58.010   9.297046E+02
   905.000   -60.868   9.701533E+02
   905.000   -63.725   1.010519E+03
   905.000   -66.583   1.050829E+03
   905.000   -71.346   1.117853E+03
   905.000   -76.110   1.184693E+03
   905.000   -80.873   1.251315E+03
   905.000   -85.799   1.320000E+03
   905.000   -90.399   1.329200E+03
   905.000   -95.162   1.338726E+03
   905.000   -99.925   1.348252E+03
   905.000  -104.688   1.357778E+03
   905.000  -109.451   1.367304E+03
   905.000  -114.214   1.376830E+03
   905.000  -118.977   1.386356E+03
   905.000  -123.740   1.395882E+03
   905.000  -128.504   1.401184E+03
   905.000  -133.267   1.403268E+03
   905.000  -138.030   1.405353E+03
   905.000  -142.793   1.407437E+03
   905.000  -147.556   1.409522E+03
   905.000  -152.319   1.411606E+03
   905.000  -157.082   1.413691E+03
   905.000  -161.845   1.415775E+03
   905.000  -166.608   1.417859E+03
   905.000  -171.371   1.419944E+03
   905.000  -176.135   1.422029E+03
   905.000  -180.898   1.424113E+03
   905.000  -185.661   1.426198E+03
   905.000  -190.424   1.428282E+03
   905.000  -195.187   1.430367E+03
   905.000  -199.950   1.432451E+03
   905.000  -204.713   1.434536E+03
   905.000  -209.476   1.436620E+03
   905.000  -214.239   1.438704E+03
   905.000  -219.002   1.440789E+03
   905.000  -228.529   1.444958E+03
   905.000  -238.055   1.449127E+03
   905.000  -247.581   1.453296E+03
   905.000  -257.107   1.457465E+03
   905.000  -266.633   1.461634E+03
   905.000  -276.160   1.465803E+03
   905.000  -285.686   1.469972E+03
   905.000  -290.449   1.472057E+03
   905.000  -295.212   1.474141E+03
   905.000  -299.975   1.476226E+03
   905.000  -304.738   1.478310E+03
   905.000  -314.264   1.482479E+03
   905.000  -323.790   1.486648E+03
   905.000  -333.317   1.490817E+03
   905.000  -342.843   1.494986E+03
   905.000  -352.369   1.499155E+03
   905.000  -361.895   1.503324E+03
   905.000  -371.421   1.507493E+03
   905.000  -380.948   1.511662E+03
   905.000  -390.474   1.515831E+03
   905.000  -400.000   1.520000E+03
   910.000     0.095   0.000000E+00
   910.000    -0.381   1.407938E+01
   910.000    -1.334   4.198254E+01
   910.000    -1.810   5.577883E+01
   910.000    -2.318   7.037268E+01
   910.000    -2.763   8.088503E+01
   910.000    -3.239   9.195650E+01
   910.000    -3.715   1.028688E+02
   910.000    -4.192   1.136447E+02
   910.000    -5.144   1.346752E+02
   910.000    -5.621   1.449745E+02
   910.000    -6.097   1.550939E+02
   910.000    -6.573   1.650554E+02
   910.000    -7.526   1.845251E+02
   910.000    -8.478   2.033434E+02
   910.000    -9.431   2.215508E+02
   910.000   -10.384   2.391276E+02
   910.000   -11.336   2.560569E+02
   910.000   -12.289   2.723746E+02
   910.000   -13.242   2.880631E+02
   910.000   -14.194   3.031074E+02
   910.000   -16.099   3.313288E+02
   910.000   -18.005   3.570568E+02
   910.000   -19.958   3.808224E+02
   910.000   -21.815   4.097984E+02
   910.000   -23.720   4.384944E+02
   910.000   -24.855   4.550973E+02
   910.000   -27.531   4.937730E+02
   910.000   -29.436   5.212638E+02
   910.000   -31.341   5.487205E+02
   910.000   -33.246   5.761435E+02
   910.000   -35.151   6.035333E+02
   910.000   -38.009   6.445630E+02
   910.000   -40.867   6.855189E+02
   910.000   -43.725   7.264016E+02
   910.000   -46.583   7.672117E+02
   910.000   -49.441   8.079496E+02
   910.000   -52.298   8.486016E+02
   910.000   -55.156   8.891963E+02
   910.000   -58.014   9.297195E+02
   910.000   -60.872   9.701713E+02
   910.000   -63.730   1.010551E+03
   910.000   -66.588   1.050859E+03
   910.000   -71.351   1.117874E+03
   910.000   -76.114   1.184684E+03
   910.000   -80.877   1.251286E+03
   910.000   -85.807   1.320000E+03
   910.000   -90.403   1.329192E+03
   910.000   -95.166   1.338718E+03
   910.000   -99.929   1.348244E+03
   910.000  -104.692   1.357770E+03
   910.000  -109.455   1.367296E+03
   910.000  -114.218   1.376822E+03
   910.000  -118.981   1.386348E+03
   910.000  -123.744   1.395874E+03
   910.000  -128.507   1.401182E+03
   910.000  -133.270   1.403266E+03
   910.000  -138.033   1.405351E+03
   910.000  -142.796   1.407435E+03
   910.000  -147.559   1.409520E+03
   910.000  -152.322   1.411604E+03
   910.000  -157.085   1.413689E+03
   910.000  -161.848   1.415773E+03
   910.000  -166.611   1.417858E+03
   910.000  -171.374   1.419942E+03
   910.000  -176.137   1.422027E+03
   910.000  -180.900   1.424111E+03
   910.000  -185.663   1.426196E+03
   910.000  -190.426   1.428280E+03
   910.000  -195.189   1.430365E+03
   910.000  -199.953   1.432450E+03
   910.000  -204.716   1.434534E+03
   910.000  -209.479   1.436619E+03
   910.000  -214.242   1.438703E+03
   910.000  -219.005   1.440788E+03
   910.000  -228.531   1.444957E+03
   910.000  -238.057   1.449126E+03
   910.000  -247.583   1.453295E+03
   910.000  -257.109   1.457464E+03
   910.000  -266.635   1.461633E+03
   910.000  -276.161   1.465802E+03
   910.000  -285.687   1.469971E+03
   910.000  -290.450   1.472056E+03
   910.000  -295.213   1.474140E+03
   910.000  -299.976   1.476225E+03
   910.000  -304.739   1.478309E+03
   910.000  -314.265   1.482478E+03
   910.000  -323.791   1.486647E+03
   910.000  -333.318   1.490817E+03
   910.000  -342.844   1.494986E+03
   910.000  -352.370   1.499155E+03
   910.000  -361.896   1.503324E+03
   910.000  -371.422   1.507493E+03
   910.000  -380.948   1.511662E+03
   910.000  -390.474   1.515831E+03
   910.000  -400.000   1.520000E+03
   915.000     0.094   0.000000E+00
   915.000    -0.382   1.402574E+01
   915.000    -1.335   4.181811E+01
   915.000    -1.811   5.554977E+01
   917.000    -2.281   6.897961E+01
   915.000    -2.764   8.056360E+01
   915.000    -3.240   9.160020E+01
   915.000    -3.716   1.024844E+02
   915.000    -4.193   1.132378E+02
   915.000    -5.145   1.342377E+02
   915.000    -5.622   1.445267E+02
   915.000    -6.098   1.546387E+02
   915.000    -6.574   1.645952E+02
   915.000    -7.527   1.840606E+02
   915.000    -8.479   2.028803E+02
   915.000    -9.432   2.210927E+02
   915.000   -10.385   2.386772E+02
   915.000   -11.337   2.556158E+02
   915.000   -12.290   2.719440E+02
   915.000   -13.242   2.876272E+02
   915.000   -14.195   3.026988E+02
   915.000   -16.100   3.309421E+02
   915.000   -18.005   3.566750E+02
   915.000   -19.954   3.804046E+02
   915.000   -21.816   4.094829E+02
   915.000   -23.721   4.382015E+02
   915.000   -24.843   4.546282E+02
   915.000   -27.532   4.935281E+02
   915.000   -29.437   5.210419E+02
   915.000   -31.342   5.485196E+02
   915.000   -33.247   5.759619E+02
   915.000   -35.152   6.033692E+02
   915.000   -38.010   6.444226E+02
   915.000   -40.868   6.853993E+02
   915.000   -43.726   7.263002E+02
   915.000   -46.584   7.671260E+02
   915.000   -49.441   8.078630E+02
   915.000   -52.299   8.485401E+02
   915.000   -55.157   8.891433E+02
   915.000   -58.015   9.296726E+02
   915.000   -60.873   9.701281E+02
   915.000   -63.731   1.010510E+03
   915.000   -66.588   1.050803E+03
   915.000   -71.351   1.117811E+03
   915.000   -76.114   1.184610E+03
   915.000   -80.877   1.251196E+03
   915.000   -85.815   1.320000E+03
   915.000   -90.403   1.329176E+03
   915.000   -95.166   1.338702E+03
   915.000   -99.930   1.348230E+03
   915.000  -104.693   1.357756E+03
   915.000  -109.456   1.367282E+03
   915.000  -114.219   1.376808E+03
   915.000  -118.982   1.386334E+03
   915.000  -123.745   1.395860E+03
   915.000  -128.508   1.401179E+03
   915.000  -133.271   1.403263E+03
   915.000  -138.034   1.405348E+03
   915.000  -142.797   1.407432E+03
   915.000  -147.560   1.409517E+03
   915.000  -152.323   1.411602E+03
   915.000  -157.086   1.413686E+03
   915.000  -161.849   1.415771E+03
   915.000  -166.612   1.417855E+03
   915.000  -171.375   1.419940E+03
   915.000  -176.138   1.422024E+03
   915.000  -180.901   1.424109E+03
   915.000  -185.664   1.426194E+03
   915.000  -190.427   1.428278E+03
   915.000  -195.190   1.430363E+03
   915.000  -199.953   1.432447E+03
   915.000  -204.716   1.434532E+03
   915.000  -209.479   1.436616E+03
   915.000  -214.242   1.438701E+03
   915.000  -219.005   1.440786E+03
   915.000  -228.531   1.444955E+03
   915.000  -238.057   1.449124E+03
   915.000  -247.583   1.453293E+03
   915.000  -257.109   1.457462E+03
   915.000  -266.635   1.461631E+03
   915.000  -276.161   1.465801E+03
   915.000  -285.687   1.469970E+03
   915.000  -290.450   1.472054E+03
   915.000  -295.213   1.474139E+03
   915.000  -299.977   1.476224E+03
   915.000  -304.740   1.478308E+03
   915.000  -314.266   1.482478E+03
   915.000  -323.792   1.486647E+03
   915.000  -333.318   1.490816E+03
   915.000  -342.844   1.494985E+03
   915.000  -352.370   1.499154E+03
   915.000  -361.896   1.503323E+03
   915.000  -371.422   1.507493E+03
   915.000  -380.948   1.511662E+03
   915.000  -390.474   1.515831E+03
   915.000  -400.000   1.520000E+03
   920.000     0.092   0.000000E+00
   920.000    -0.384   1.418049E+01
   920.000    -1.337   4.228840E+01
   919.000    -1.989   6.126105E+01
   920.000    -2.290   6.846365E+01
   920.000    -2.766   7.973351E+01
   920.000    -3.242   9.083996E+01
   920.000    -3.718   1.017839E+02
   920.000    -4.195   1.125885E+02
   920.000    -5.147   1.336688E+02
   920.000    -5.624   1.439902E+02
   920.000    -6.100   1.541301E+02
   920.000    -6.576   1.641107E+02
   920.000    -7.529   1.836147E+02
   920.000    -8.481   2.024638E+02
   920.000    -9.434   2.206988E+02
   920.000   -10.387   2.383010E+02
   920.000   -11.339   2.552537E+02
   920.000   -12.292   2.715932E+02
   920.000   -13.244   2.872860E+02
   920.000   -14.197   3.023654E+02
   920.000   -16.102   3.306210E+02
   920.000   -18.007   3.563628E+02
   920.000   -19.949   3.800175E+02
   920.000   -21.818   4.092203E+02
   920.000   -23.723   4.379524E+02
   920.000   -24.831   4.541837E+02
   920.000   -27.533   4.932988E+02
   920.000   -29.439   5.208449E+02
   920.000   -31.344   5.483394E+02
   920.000   -33.249   5.757975E+02
   920.000   -35.154   6.032195E+02
   920.000   -38.012   6.442932E+02
   920.000   -40.870   6.852880E+02
   920.000   -43.728   7.262050E+02
   920.000   -46.585   7.670306E+02
   920.000   -49.443   8.077939E+02
   920.000   -52.301   8.484810E+02
   920.000   -55.159   8.890923E+02
   920.000   -58.017   9.296277E+02
   920.000   -60.874   9.700732E+02
   920.000   -63.732   1.010457E+03
   920.000   -66.590   1.050765E+03
   920.000   -71.353   1.117769E+03
   920.000   -76.116   1.184560E+03
   920.000   -80.879   1.251135E+03
   920.000   -85.822   1.320000E+03
   920.000   -90.405   1.329166E+03
   920.000   -95.168   1.338692E+03
   920.000   -99.931   1.348218E+03
   920.000  -104.694   1.357744E+03
   920.000  -109.457   1.367270E+03
   920.000  -114.220   1.376796E+03
   920.000  -118.983   1.386322E+03
   920.000  -123.746   1.395848E+03
   920.000  -128.509   1.401176E+03
   920.000  -133.272   1.403261E+03
   920.000  -138.035   1.405345E+03
   920.000  -142.798   1.407430E+03
   920.000  -147.561   1.409515E+03
   920.000  -152.324   1.411599E+03
   920.000  -157.087   1.413684E+03
   920.000  -161.850   1.415768E+03
   920.000  -166.613   1.417853E+03
   920.000  -171.376   1.419938E+03
   920.000  -176.139   1.422022E+03
   920.000  -180.902   1.424107E+03
   920.000  -185.665   1.426192E+03
   920.000  -190.428   1.428276E+03
   920.000  -195.191   1.430361E+03
   920.000  -199.954   1.432445E+03
   920.000  -204.717   1.434530E+03
   920.000  -209.480   1.436615E+03
   920.000  -214.243   1.438699E+03
   920.000  -219.006   1.440784E+03
   920.000  -228.532   1.444953E+03
   920.000  -238.058   1.449123E+03
   920.000  -247.584   1.453292E+03
   920.000  -257.110   1.457461E+03
   920.000  -266.636   1.461630E+03
   920.000  -276.162   1.465800E+03
   920.000  -285.688   1.469969E+03
   920.000  -290.451   1.472053E+03
   920.000  -295.214   1.474138E+03
   920.000  -299.977   1.476223E+03
   920.000  -304.740   1.478307E+03
   920.000  -314.266   1.482477E+03
   920.000  -323.792   1.486646E+03
   920.000  -333.318   1.490815E+03
   920.000  -342.844   1.494984E+03
   920.000  -352.370   1.499154E+03
   920.000  -361.896   1.503323E+03
   920.000  -371.422   1.507492E+03
   920.000  -380.948   1.511661E+03
   920.000  -390.474   1.515831E+03
   920.000  -400.000   1.520000E+03
   925.000     0.094   0.000000E+00
   925.000    -0.382   1.418679E+01
   925.000    -1.335   4.230906E+01
   927.000    -1.960   6.052974E+01
   925.000    -2.288   6.834803E+01
   925.000    -2.764   7.959844E+01
   925.000    -3.240   9.067867E+01
   925.000    -3.716   1.016006E+02
   925.000    -4.193   1.123867E+02
   925.000    -5.145   1.334385E+02
   925.000    -5.622   1.437487E+02
   925.000    -6.098   1.538791E+02
   925.000    -6.574   1.638515E+02
   925.000    -7.527   1.833428E+02
   925.000    -8.479   2.021824E+02
   925.000    -9.432   2.204106E+02
   925.000   -10.385   2.380077E+02
   925.000   -11.337   2.549568E+02
   925.000   -12.290   2.712938E+02
   925.000   -13.242   2.869850E+02
   925.000   -14.195   3.020634E+02
   925.000   -16.100   3.303187E+02
   925.000   -18.005   3.560618E+02
   925.000   -19.945   3.796967E+02
   925.000   -21.816   4.089386E+02
   925.000   -23.721   4.376783E+02
   925.000   -24.818   4.537548E+02
   925.000   -27.532   4.930628E+02
   925.000   -29.437   5.206076E+02
   925.000   -31.342   5.481149E+02
   925.000   -33.247   5.755852E+02
   925.000   -35.152   6.030191E+02
   925.000   -38.010   6.441094E+02
   925.000   -40.868   6.851196E+02
   925.000   -43.726   7.260505E+02
   925.000   -46.584   7.669028E+02
   925.000   -49.441   8.076628E+02
   925.000   -52.299   8.483593E+02
   925.000   -55.157   8.889784E+02
   925.000   -58.015   9.295201E+02
   925.000   -60.873   9.699844E+02
   925.000   -63.731   1.010371E+03
   925.000   -66.588   1.050666E+03
   925.000   -71.351   1.117669E+03
   925.000   -76.114   1.184453E+03
   925.000   -80.877   1.251016E+03
   925.000   -85.830   1.320000E+03
   925.000   -90.403   1.329146E+03
   925.000   -95.166   1.338672E+03
   925.000   -99.930   1.348200E+03
   925.000  -104.693   1.357726E+03
   925.000  -109.456   1.367252E+03
   925.000  -114.219   1.376778E+03
   925.000  -118.982   1.386304E+03
   925.000  -123.745   1.395830E+03
   925.000  -128.508   1.401172E+03
   925.000  -133.271   1.403257E+03
   925.000  -138.034   1.405342E+03
   925.000  -142.797   1.407426E+03
   925.000  -147.560   1.409511E+03
   925.000  -152.323   1.411596E+03
   925.000  -157.086   1.413680E+03
   925.000  -161.849   1.415765E+03
   925.000  -166.612   1.417850E+03
   925.000  -171.375   1.419934E+03
   925.000  -176.138   1.422019E+03
   925.000  -180.901   1.424104E+03
   925.000  -185.664   1.426188E+03
   925.000  -190.427   1.428273E+03
   925.000  -195.190   1.430358E+03
   925.000  -199.953   1.432442E+03
   925.000  -204.716   1.434527E+03
   925.000  -209.479   1.436612E+03
   925.000  -214.242   1.438697E+03
   925.000  -219.005   1.440781E+03
   925.000  -228.531   1.444951E+03
   925.000  -238.057   1.449120E+03
   925.000  -247.583   1.453289E+03
   925.000  -257.109   1.457459E+03
   925.000  -266.635   1.461628E+03
   925.000  -276.161   1.465798E+03
   925.000  -285.687   1.469967E+03
   925.000  -290.450   1.472052E+03
   925.000  -295.213   1.474136E+03
   925.000  -299.977   1.476221E+03
   925.000  -304.740   1.478306E+03
   925.000  -314.266   1.482476E+03
   925.000  -323.792   1.486645E+03
   925.000  -333.318   1.490814E+03
   925.000  -342.844   1.494984E+03
   925.000  -352.370   1.499153E+03
   925.000  -361.896   1.503322E+03
   925.000  -371.422   1.507492E+03
   925.000  -380.948   1.511661E+03
   925.000  -390.474   1.515831E+03
   925.000  -400.000   1.520000E+03
   930.000     0.096   0.000000E+00
   930.000    -0.380   1.409738E+01
   930.000    -1.333   4.203690E+01
   930.000    -1.809   5.581930E+01
   930.000    -2.069   6.330843E+01
   930.000    -2.762   7.968907E+01
   930.000    -3.238   9.074414E+01
   930.000    -3.714   1.016417E+02
   930.000    -4.191   1.124045E+02
   930.000    -5.143   1.334132E+02
   930.000    -5.620   1.437038E+02
   930.000    -6.096   1.538158E+02
   930.000    -6.572   1.637712E+02
   930.000    -7.525   1.832320E+02
   930.000    -8.477   2.020457E+02
   930.000    -9.430   2.202519E+02
   930.000   -10.383   2.378305E+02
   930.000   -11.335   2.547642E+02
   930.000   -12.288   2.710885E+02
   930.000   -13.241   2.867853E+02
   930.000   -14.193   3.018389E+02
   930.000   -16.098   3.300816E+02
   930.000   -18.004   3.558298E+02
   930.000   -19.941   3.794245E+02
   930.000   -21.814   4.086979E+02
   930.000   -23.719   4.374388E+02
   930.000   -24.806   4.533716E+02
   930.000   -27.530   4.928366E+02
   930.000   -29.435   5.203902E+02
   930.000   -31.340   5.479067E+02
   930.000   -33.245   5.753862E+02
   930.000   -35.151   6.028436E+02
   930.000   -38.008   6.439328E+02
   930.000   -40.866   6.849556E+02
   930.000   -43.724   7.258983E+02
   930.000   -46.582   7.667615E+02
   930.000   -49.440   8.075456E+02
   930.000   -52.298   8.482509E+02
   930.000   -55.155   8.888633E+02
   930.000   -58.013   9.294114E+02
   930.000   -60.871   9.698808E+02
   930.000   -63.729   1.010271E+03
   930.000   -66.587   1.050583E+03
   930.000   -71.350   1.117586E+03
   930.000   -76.113   1.184365E+03
   930.000   -80.876   1.250916E+03
   930.000   -85.838   1.320000E+03
   930.000   -90.402   1.329128E+03
   930.000   -95.165   1.338654E+03
   930.000   -99.928   1.348180E+03
   930.000  -104.691   1.357706E+03
   930.000  -109.454   1.367232E+03
   930.000  -114.217   1.376758E+03
   930.000  -118.980   1.386284E+03
   930.000  -123.743   1.395810E+03
   930.000  -128.506   1.401168E+03
   930.000  -133.269   1.403253E+03
   930.000  -138.032   1.405337E+03
   930.000  -142.795   1.407422E+03
   930.000  -147.558   1.409507E+03
   930.000  -152.322   1.411592E+03
   930.000  -157.085   1.413677E+03
   930.000  -161.848   1.415761E+03
   930.000  -166.611   1.417846E+03
   930.000  -171.374   1.419931E+03
   930.000  -176.137   1.422016E+03
   930.000  -180.900   1.424100E+03
   930.000  -185.663   1.426185E+03
   930.000  -190.426   1.428270E+03
   930.000  -195.189   1.430355E+03
   930.000  -199.952   1.432440E+03
   930.000  -204.715   1.434524E+03
   930.000  -209.478   1.436609E+03
   930.000  -214.241   1.438694E+03
   930.000  -219.004   1.440779E+03
   930.000  -228.530   1.444948E+03
   930.000  -238.056   1.449118E+03
   930.000  -247.582   1.453287E+03
   930.000  -257.109   1.457457E+03
   930.000  -266.635   1.461626E+03
   930.000  -276.161   1.465796E+03
   930.000  -285.687   1.469965E+03
   930.000  -290.450   1.472050E+03
   930.000  -295.213   1.474135E+03
   930.000  -299.976   1.476220E+03
   930.000  -304.739   1.478305E+03
   930.000  -314.265   1.482474E+03
   930.000  -323.791   1.486644E+03
   930.000  -333.317   1.490813E+03
   930.000  -342.843   1.494983E+03
   930.000  -352.370   1.499152E+03
   930.000  -361.896   1.503322E+03
   930.000  -371.422   1.507491E+03
   930.000  -380.948   1.511661E+03
   930.000  -390.474   1.515830E+03
   930.000  -400.000   1.520000E+03
   935.000     0.099   0.000000E+00
   935.000    -0.377   1.402111E+01
   935.000    -1.330   4.180434E+01
   935.000    -1.806   5.553159E+01
   934.000    -2.214   6.718510E+01
   935.000    -2.759   7.992435E+01
   935.000    -3.235   9.092249E+01
   935.000    -3.711   1.017708E+02
   935.000    -4.188   1.124906E+02
   935.000    -5.140   1.334304E+02
   935.000    -5.617   1.436925E+02
   935.000    -6.093   1.537797E+02
   935.000    -6.569   1.637132E+02
   935.000    -7.522   1.831380E+02
   935.000    -8.475   2.019429E+02
   935.000    -9.427   2.201073E+02
   935.000   -10.380   2.376681E+02
   935.000   -11.332   2.545874E+02
   935.000   -12.285   2.708999E+02
   935.000   -13.238   2.865870E+02
   935.000   -14.190   3.016328E+02
   935.000   -16.095   3.298638E+02
   935.000   -18.001   3.556035E+02
   935.000   -19.936   3.791695E+02
   935.000   -21.811   4.084716E+02
   935.000   -23.716   4.372112E+02
   935.000   -24.794   4.530133E+02
   935.000   -27.527   4.926168E+02
   935.000   -29.432   5.201769E+02
   935.000   -31.337   5.477000E+02
   935.000   -33.243   5.752010E+02
   935.000   -35.148   6.026511E+02
   935.000   -38.006   6.437654E+02
   935.000   -40.864   6.847987E+02
   935.000   -43.721   7.257372E+02
   935.000   -46.579   7.666100E+02
   935.000   -49.437   8.074030E+02
   935.000   -52.295   8.481165E+02
   935.000   -55.153   8.887506E+02
   935.000   -58.011   9.293053E+02
   935.000   -60.868   9.697664E+02
   935.000   -63.726   1.010162E+03
   935.000   -66.584   1.050477E+03
   935.000   -71.347   1.117485E+03
   935.000   -76.110   1.184264E+03
   935.000   -80.873   1.250806E+03
   936.000   -85.847   1.320000E+03
   935.000   -90.400   1.329106E+03
   935.000   -95.163   1.338632E+03
   935.000   -99.926   1.348158E+03
   935.000  -104.689   1.357684E+03
   935.000  -109.452   1.367210E+03
   935.000  -114.215   1.376736E+03
   935.000  -118.978   1.386262E+03
   935.000  -123.741   1.395788E+03
   935.000  -128.504   1.401163E+03
   935.000  -133.267   1.403248E+03
   935.000  -138.030   1.405333E+03
   935.000  -142.794   1.407418E+03
   935.000  -147.557   1.409503E+03
   935.000  -152.320   1.411588E+03
   935.000  -157.083   1.413672E+03
   935.000  -161.846   1.415757E+03
   935.000  -166.609   1.417842E+03
   935.000  -171.372   1.419927E+03
   935.000  -176.135   1.422012E+03
   935.000  -180.898   1.424096E+03
   935.000  -185.661   1.426181E+03
   935.000  -190.424   1.428266E+03
   935.000  -195.187   1.430351E+03
   935.000  -199.951   1.432436E+03
   935.000  -204.714   1.434521E+03
   935.000  -209.477   1.436606E+03
   935.000  -214.240   1.438691E+03
   935.000  -219.003   1.440775E+03
   935.000  -228.529   1.444945E+03
   935.000  -238.055   1.449115E+03
   935.000  -247.581   1.453284E+03
   935.000  -257.108   1.457454E+03
   935.000  -266.634   1.461624E+03
   935.000  -276.160   1.465794E+03
   935.000  -285.686   1.469963E+03
   935.000  -290.449   1.472048E+03
   935.000  -295.212   1.474133E+03
   935.000  -299.975   1.476218E+03
   935.000  -304.738   1.478303E+03
   935.000  -314.265   1.482473E+03
   935.000  -323.791   1.486642E+03
   935.000  -333.317   1.490812E+03
   935.000  -342.843   1.494982E+03
   935.000  -352.369   1.499151E+03
   935.000  -361.895   1.503321E+03
   935.000  -371.422   1.507491E+03
   935.000  -380.948   1.511661E+03
   935.000  -390.474   1.515830E+03
   935.000  -400.000   1.520000E+03
   940.000     0.101   0.000000E+00
   940.000    -0.375   1.414859E+01
   940.000    -1.328   4.219357E+01
   942.000    -1.877   5.834343E+01
   940.000    -2.281   6.814388E+01
   940.000    -2.757   7.936016E+01
   940.000    -3.233   9.041729E+01
   940.000    -3.709   1.013158E+02
   940.000    -4.186   1.120783E+02
   940.000    -5.138   1.330843E+02
   940.000    -5.615   1.433725E+02
   940.000    -6.091   1.534817E+02
   940.000    -6.567   1.634339E+02
   940.000    -7.520   1.828873E+02
   940.000    -8.473   2.017123E+02
   940.000    -9.425   2.198907E+02
   940.000   -10.378   2.374608E+02
   940.000   -11.330   2.543861E+02
   940.000   -12.283   2.707022E+02
   940.000   -13.236   2.863913E+02
   940.000   -14.188   3.014378E+02
   940.000   -16.094   3.296822E+02
   940.000   -17.999   3.554056E+02
   940.000   -19.932   3.789459E+02
   940.000   -21.809   4.082783E+02
   940.000   -23.715   4.370315E+02
   940.000   -24.781   4.526586E+02
   940.000   -27.525   4.924285E+02
   940.000   -29.430   5.199936E+02
   940.000   -31.336   5.475366E+02
   940.000   -33.241   5.750288E+02
   940.000   -35.146   6.024846E+02
   940.000   -38.004   6.436078E+02
   940.000   -40.862   6.846500E+02
   940.000   -43.720   7.256116E+02
   940.000   -46.577   7.664787E+02
   940.000   -49.435   8.072800E+02
   940.000   -52.293   8.480013E+02
   940.000   -55.151   8.886429E+02
   940.000   -58.009   9.292045E+02
   940.000   -60.867   9.696863E+02
   940.000   -63.725   1.010088E+03
   940.000   -66.583   1.050409E+03
   940.000   -71.346   1.117426E+03
   940.000   -76.109   1.184214E+03
   940.000   -80.872   1.250766E+03
   940.000   -85.845   1.320000E+03
   940.000   -90.398   1.329106E+03
   940.000   -95.161   1.338632E+03
   940.000   -99.924   1.348158E+03
   940.000  -104.687   1.357684E+03
   940.000  -109.450   1.367210E+03
   940.000  -114.214   1.376738E+03
   940.000  -118.977   1.386264E+03
   940.000  -123.740   1.395790E+03
   940.000  -128.503   1.401163E+03
   940.000  -133.266   1.403248E+03
   940.000  -138.029   1.405333E+03
   940.000  -142.792   1.407418E+03
   940.000  -147.555   1.409503E+03
   940.000  -152.318   1.411587E+03
   940.000  -157.082   1.413673E+03
   940.000  -161.845   1.415758E+03
   940.000  -166.608   1.417842E+03
   940.000  -171.371   1.419927E+03
   940.000  -176.134   1.422012E+03
   940.000  -180.897   1.424097E+03
   940.000  -185.660   1.426182E+03
   940.000  -190.423   1.428266E+03
   940.000  -195.186   1.430351E+03
   940.000  -199.950   1.432436E+03
   940.000  -204.713   1.434521E+03
   940.000  -209.476   1.436606E+03
   940.000  -214.239   1.438691E+03
   940.000  -219.002   1.440776E+03
   940.000  -228.528   1.444945E+03
   940.000  -238.054   1.449115E+03
   940.000  -247.581   1.453285E+03
   940.000  -257.107   1.457455E+03
   940.000  -266.633   1.461624E+03
   940.000  -276.159   1.465794E+03
   940.000  -285.685   1.469963E+03
   940.000  -290.449   1.472049E+03
   940.000  -295.212   1.474133E+03
   940.000  -299.975   1.476218E+03
   940.000  -304.738   1.478303E+03
   940.000  -314.264   1.482473E+03
   940.000  -323.790   1.486642E+03
   940.000  -333.317   1.490812E+03
   940.000  -342.843   1.494982E+03
   940.000  -352.369   1.499152E+03
   940.000  -361.895   1.503321E+03
   940.000  -371.421   1.507491E+03
   940.000  -380.948   1.511661E+03
   940.000  -390.474   1.515830E+03
   940.000  -400.000   1.520000E+03
   945.000     0.105   0.000000E+00
   945.000    -0.371   1.415062E+01
   945.000    -1.324   4.219751E+01
   945.000    -1.879   5.833866E+01
   945.000    -2.277   6.784405E+01
   945.000    -2.753   7.906678E+01
   945.000    -3.229   9.013075E+01
   945.000    -3.706   1.010590E+02
   945.000    -4.182   1.118058E+02
   945.000    -5.134   1.328250E+02
   945.000    -5.611   1.431192E+02
   945.000    -6.087   1.532341E+02
   945.000    -6.563   1.631915E+02
   945.000    -7.516   1.826540E+02
   945.000    -8.469   2.014864E+02
   945.000    -9.421   2.196706E+02
   945.000   -10.374   2.372452E+02
   945.000   -11.327   2.541915E+02
   945.000   -12.279   2.704927E+02
   945.000   -13.232   2.861835E+02
   945.000   -14.184   3.012311E+02
   945.000   -16.090   3.294759E+02
   945.000   -17.995   3.551991E+02
   945.000   -19.928   3.787392E+02
   945.000   -21.806   4.080864E+02
   945.000   -23.711   4.368234E+02
   945.000   -24.769   4.523342E+02
   945.000   -27.521   4.922258E+02
   945.000   -29.427   5.198096E+02
   945.000   -31.332   5.473427E+02
   945.000   -33.237   5.748395E+02
   945.000   -35.142   6.023003E+02
   945.000   -38.000   6.434312E+02
   945.000   -40.858   6.844812E+02
   945.000   -43.716   7.254508E+02
   945.000   -46.574   7.663400E+02
   945.000   -49.432   8.071491E+02
   945.000   -52.290   8.478781E+02
   945.000   -55.148   8.885272E+02
   945.000   -58.005   9.290820E+02
   945.000   -60.863   9.695710E+02
   945.000   -63.721   1.009980E+03
   945.000   -66.579   1.050308E+03
   945.000   -71.342   1.117338E+03
   945.000   -76.105   1.184143E+03
   945.000   -80.869   1.250736E+03
   945.000   -85.841   1.320000E+03
   945.000   -90.395   1.329108E+03
   945.000   -95.158   1.338634E+03
   945.000   -99.921   1.348160E+03
   945.000  -104.684   1.357686E+03
   945.000  -109.448   1.367214E+03
   945.000  -114.211   1.376740E+03
   945.000  -118.974   1.386266E+03
   945.000  -123.737   1.395792E+03
   945.000  -128.500   1.401164E+03
   945.000  -133.263   1.403249E+03
   945.000  -138.026   1.405333E+03
   945.000  -142.790   1.407419E+03
   945.000  -147.553   1.409503E+03
   945.000  -152.316   1.411588E+03
   945.000  -157.079   1.413673E+03
   945.000  -161.842   1.415758E+03
   945.000  -166.605   1.417842E+03
   945.000  -171.369   1.419928E+03
   945.000  -176.132   1.422012E+03
   945.000  -180.895   1.424097E+03
   945.000  -185.658   1.426182E+03
   945.000  -190.421   1.428267E+03
   945.000  -195.184   1.430352E+03
   945.000  -199.948   1.432437E+03
   945.000  -204.711   1.434522E+03
   945.000  -209.474   1.436606E+03
   945.000  -214.237   1.438691E+03
   945.000  -219.000   1.440776E+03
   945.000  -228.526   1.444945E+03
   945.000  -238.053   1.449115E+03
   945.000  -247.579   1.453285E+03
   945.000  -257.105   1.457455E+03
   945.000  -266.632   1.461625E+03
   945.000  -276.158   1.465794E+03
   945.000  -285.684   1.469964E+03
   945.000  -290.447   1.472048E+03
   945.000  -295.211   1.474134E+03
   945.000  -299.974   1.476218E+03
   945.000  -304.737   1.478303E+03
   945.000  -314.263   1.482473E+03
   945.000  -323.790   1.486643E+03
   945.000  -333.316   1.490812E+03
   945.000  -342.842   1.494982E+03
   945.000  -352.368   1.499151E+03
   945.000  -361.895   1.503321E+03
   945.000  -371.421   1.507491E+03
   945.000  -380.947   1.511660E+03
   945.000  -390.474   1.515830E+03
   945.000  -400.000   1.520000E+03
   950.000     0.110   0.000000E+00
   950.000    -0.366   1.413649E+01
   950.000    -1.319   4.215345E+01
   950.000    -1.882   5.852651E+01
   950.000    -2.272   6.782183E+01
   950.000    -2.748   7.902511E+01
   950.000    -3.224   9.007181E+01
   950.000    -3.701   1.009846E+02
   950.000    -4.177   1.117178E+02
   950.000    -5.130   1.327361E+02
   950.000    -5.606   1.429991E+02
   950.000    -6.082   1.531055E+02
   950.000    -6.559   1.630760E+02
   950.000    -7.511   1.825051E+02
   950.000    -8.464   2.013274E+02
   950.000    -9.416   2.195034E+02
   950.000   -10.369   2.370713E+02
   950.000   -11.322   2.540120E+02
   950.000   -12.274   2.703086E+02
   950.000   -13.227   2.859955E+02
   950.000   -14.180   3.010555E+02
   950.000   -16.085   3.292803E+02
   950.000   -17.990   3.550000E+02
   950.000   -19.923   3.785372E+02
   950.000   -21.801   4.078809E+02
   950.000   -23.706   4.366158E+02
   950.000   -24.757   4.520242E+02
   950.000   -27.517   4.920358E+02
   950.000   -29.422   5.196086E+02
   950.000   -31.327   5.471454E+02
   950.000   -33.233   5.746608E+02
   950.000   -35.138   6.021259E+02
   950.000   -37.996   6.432636E+02
   950.000   -40.854   6.843208E+02
   950.000   -43.712   7.252977E+02
   950.000   -46.570   7.661943E+02
   950.000   -49.427   8.069966E+02
   950.000   -52.285   8.477332E+02
   950.000   -55.143   8.883898E+02
   950.000   -58.001   9.289664E+02
   950.000   -60.859   9.694631E+02
   950.000   -63.717   1.009880E+03
   950.000   -66.575   1.050216E+03
   950.000   -71.338   1.117261E+03
   950.000   -76.101   1.184084E+03
   950.000   -80.865   1.250698E+03
   950.000   -85.838   1.320000E+03
   950.000   -90.391   1.329106E+03
   950.000   -95.154   1.338632E+03
   950.000   -99.918   1.348160E+03
   950.000  -104.681   1.357686E+03
   950.000  -109.444   1.367212E+03
   950.000  -114.207   1.376738E+03
   950.000  -118.970   1.386264E+03
   950.000  -123.734   1.395792E+03
   950.000  -128.497   1.401164E+03
   950.000  -133.260   1.403249E+03
   950.000  -138.023   1.405333E+03
   950.000  -142.786   1.407418E+03
   950.000  -147.550   1.409503E+03
   950.000  -152.313   1.411588E+03
   950.000  -157.076   1.413673E+03
   950.000  -161.839   1.415758E+03
   950.000  -166.603   1.417843E+03
   950.000  -171.366   1.419927E+03
   950.000  -176.129   1.422012E+03
   950.000  -180.892   1.424097E+03
   950.000  -185.655   1.426182E+03
   950.000  -190.419   1.428267E+03
   950.000  -195.182   1.430352E+03
   950.000  -199.945   1.432436E+03
   950.000  -204.708   1.434521E+03
   950.000  -209.471   1.436606E+03
   950.000  -214.235   1.438691E+03
   950.000  -218.998   1.440776E+03
   950.000  -228.524   1.444945E+03
   950.000  -238.051   1.449115E+03
   950.000  -247.577   1.453285E+03
   950.000  -257.104   1.457455E+03
   950.000  -266.630   1.461624E+03
   950.000  -276.156   1.465794E+03
   950.000  -285.683   1.469964E+03
   950.000  -290.446   1.472048E+03
   950.000  -295.209   1.474133E+03
   950.000  -299.973   1.476218E+03
   950.000  -304.736   1.478303E+03
   950.000  -314.262   1.482473E+03
   950.000  -323.789   1.486643E+03
   950.000  -333.315   1.490812E+03
   950.000  -342.841   1.494982E+03
   950.000  -352.368   1.499152E+03
   950.000  -361.894   1.503321E+03
   950.000  -371.421   1.507491E+03
   950.000  -380.947   1.511661E+03
   950.000  -390.474   1.515830E+03
   950.000  -400.000   1.520000E+03
   955.000     0.118   0.000000E+00
   955.000    -0.358   1.410811E+01
   955.000    -1.311   4.207515E+01
   955.000    -1.885   5.874010E+01
   955.000    -2.264   6.775955E+01
   955.000    -2.740   7.894805E+01
   955.000    -3.216   8.998105E+01
   955.000    -3.693   1.008812E+02
   955.000    -4.169   1.116026E+02
   955.000    -5.122   1.326001E+02
   955.000    -5.598   1.428540E+02
   955.000    -6.074   1.529520E+02
   955.000    -6.551   1.629149E+02
   955.000    -7.503   1.823307E+02
   955.000    -8.456   2.011418E+02
   955.000    -9.409   2.193276E+02
   955.000   -10.361   2.368694E+02
   955.000   -11.314   2.538041E+02
   955.000   -12.267   2.701130E+02
   955.000   -13.219   2.857795E+02
   955.000   -14.172   3.008366E+02
   955.000   -16.077   3.290577E+02
   955.000   -17.983   3.547889E+02
   955.000   -19.919   3.783604E+02
   955.000   -21.793   4.076394E+02
   955.000   -23.699   4.363881E+02
   955.000   -24.744   4.517089E+02
   955.000   -27.509   4.917974E+02
   955.000   -29.415   5.193879E+02
   955.000   -31.320   5.469284E+02
   955.000   -33.225   5.744332E+02
   955.000   -35.130   6.019024E+02
   955.000   -37.988   6.430466E+02
   955.000   -40.846   6.841107E+02
   955.000   -43.704   7.250946E+02
   955.000   -46.562   7.659985E+02
   955.000   -49.420   8.068224E+02
   955.000   -52.278   8.475664E+02
   955.000   -55.136   8.882306E+02
   955.000   -57.994   9.288149E+02
   955.000   -60.852   9.693195E+02
   955.000   -63.710   1.009744E+03
   955.000   -66.568   1.050089E+03
   955.000   -71.332   1.117163E+03
   955.000   -76.095   1.184002E+03
   955.000   -80.858   1.250621E+03
   955.000   -85.835   1.320000E+03
   955.000   -90.385   1.329100E+03
   955.000   -95.148   1.338626E+03
   955.000   -99.912   1.348154E+03
   955.000  -104.675   1.357680E+03
   955.000  -109.438   1.367206E+03
   955.000  -114.201   1.376732E+03
   955.000  -118.965   1.386260E+03
   955.000  -123.728   1.395786E+03
   955.000  -128.491   1.401163E+03
   955.000  -133.255   1.403248E+03
   955.000  -138.018   1.405332E+03
   955.000  -142.781   1.407417E+03
   955.000  -147.545   1.409502E+03
   955.000  -152.308   1.411587E+03
   955.000  -157.071   1.413672E+03
   955.000  -161.835   1.415757E+03
   955.000  -166.598   1.417842E+03
   955.000  -171.361   1.419926E+03
   955.000  -176.124   1.422011E+03
   955.000  -180.888   1.424096E+03
   955.000  -185.651   1.426181E+03
   955.000  -190.414   1.428266E+03
   955.000  -195.178   1.430351E+03
   955.000  -199.941   1.432436E+03
   955.000  -204.704   1.434520E+03
   955.000  -209.468   1.436606E+03
   955.000  -214.231   1.438690E+03
   955.000  -218.994   1.440775E+03
   955.000  -228.521   1.444945E+03
   955.000  -238.047   1.449114E+03
   955.000  -247.574   1.453284E+03
   955.000  -257.101   1.457454E+03
   955.000  -266.627   1.461624E+03
   955.000  -276.154   1.465794E+03
   955.000  -285.681   1.469963E+03
   955.000  -290.444   1.472048E+03
   955.000  -295.207   1.474133E+03
   955.000  -299.971   1.476218E+03
   955.000  -304.734   1.478303E+03
   955.000  -314.260   1.482472E+03
   955.000  -323.787   1.486642E+03
   955.000  -333.314   1.490812E+03
   955.000  -342.840   1.494981E+03
   955.000  -352.367   1.499151E+03
   955.000  -361.894   1.503321E+03
   955.000  -371.420   1.507491E+03
   955.000  -380.947   1.511661E+03
   955.000  -390.473   1.515830E+03
   955.000  -400.000   1.520000E+03
   960.000     0.119   0.000000E+00
   960.000    -0.357   1.410681E+01
   960.000    -1.310   4.206844E+01
   960.000    -1.888   5.884512E+01
   960.000    -2.263   6.777030E+01
   960.000    -2.739   7.895061E+01
   960.000    -3.215   8.997574E+01
   960.000    -3.692   1.008683E+02
   960.000    -4.168   1.115825E+02
   960.000    -5.121   1.325665E+02
   960.000    -5.597   1.428140E+02
   960.000    -6.073   1.529060E+02
   960.000    -6.550   1.628631E+02
   960.000    -7.502   1.822683E+02
   960.000    -8.455   2.010698E+02
   960.000    -9.408   2.192468E+02
   960.000   -10.360   2.367808E+02
   960.000   -11.313   2.537085E+02
   960.000   -12.266   2.700108E+02
   960.000   -13.218   2.856715E+02
   960.000   -14.171   3.007233E+02
   960.000   -16.076   3.289353E+02
   960.000   -17.982   3.546588E+02
   960.000   -19.915   3.781882E+02
   960.000   -21.792   4.075111E+02
   960.000   -23.698   4.362564E+02
   960.000   -24.732   4.514156E+02
   960.000   -27.508   4.916675E+02
   960.000   -29.414   5.192612E+02
   960.000   -31.319   5.468052E+02
   960.000   -33.224   5.743139E+02
   960.000   -35.130   6.018015E+02
   960.000   -37.988   6.429520E+02
   960.000   -40.846   6.840225E+02
   960.000   -43.704   7.250131E+02
   960.000   -46.562   7.659238E+02
   960.000   -49.420   8.067546E+02
   960.000   -52.278   8.475057E+02
   960.000   -55.136   8.881770E+02
   960.000   -57.994   9.287688E+02
   960.000   -60.852   9.692809E+02
   960.000   -63.710   1.009714E+03
   960.000   -66.568   1.050067E+03
   960.000   -71.331   1.117141E+03
   960.000   -76.094   1.183996E+03
   960.000   -80.857   1.250631E+03
   960.000   -85.832   1.320000E+03
   960.000   -90.384   1.329104E+03
   960.000   -95.147   1.338630E+03
   960.000   -99.911   1.348158E+03
   960.000  -104.674   1.357684E+03
   960.000  -109.437   1.367210E+03
   960.000  -114.201   1.376738E+03
   960.000  -118.964   1.386264E+03
   960.000  -123.727   1.395790E+03
   960.000  -128.491   1.401164E+03
   960.000  -133.254   1.403249E+03
   960.000  -138.017   1.405333E+03
   960.000  -142.781   1.407418E+03
   960.000  -147.544   1.409503E+03
   960.000  -152.307   1.411588E+03
   960.000  -157.071   1.413673E+03
   960.000  -161.834   1.415758E+03
   960.000  -166.597   1.417842E+03
   960.000  -171.361   1.419927E+03
   960.000  -176.124   1.422012E+03
   960.000  -180.887   1.424097E+03
   960.000  -185.651   1.426182E+03
   960.000  -190.414   1.428267E+03
   960.000  -195.177   1.430351E+03
   960.000  -199.941   1.432437E+03
   960.000  -204.704   1.434521E+03
   960.000  -209.467   1.436606E+03
   960.000  -214.230   1.438691E+03
   960.000  -218.994   1.440776E+03
   960.000  -228.520   1.444945E+03
   960.000  -238.047   1.449115E+03
   960.000  -247.574   1.453285E+03
   960.000  -257.100   1.457454E+03
   960.000  -266.627   1.461624E+03
   960.000  -276.154   1.465794E+03
   960.000  -285.680   1.469964E+03
   960.000  -290.444   1.472049E+03
   960.000  -295.207   1.474133E+03
   960.000  -299.970   1.476218E+03
   960.000  -304.734   1.478303E+03
   960.000  -314.260   1.482473E+03
   960.000  -323.787   1.486642E+03
   960.000  -333.314   1.490812E+03
   960.000  -342.840   1.494982E+03
   960.000  -352.367   1.499152E+03
   960.000  -361.893   1.503321E+03
   960.000  -371.420   1.507491E+03
   960.000  -380.947   1.511661E+03
   960.000  -390.473   1.515830E+03
   960.000  -400.000   1.520000E+03
   965.000     0.118   0.000000E+00
   965.000    -0.358   1.408733E+01
   965.000    -1.311   4.200810E+01
   967.000    -1.892   5.880277E+01
   965.000    -2.264   6.770142E+01
   965.000    -2.740   7.888127E+01
   965.000    -3.216   8.990575E+01
   965.000    -3.693   1.007975E+02
   965.000    -4.169   1.115109E+02
   965.000    -5.122   1.324929E+02
   965.000    -5.598   1.427394E+02
   965.000    -6.074   1.528303E+02
   965.000    -6.551   1.627863E+02
   965.000    -7.503   1.821891E+02
   965.000    -8.456   2.009883E+02
   965.000    -9.409   2.191629E+02
   965.000   -10.361   2.366944E+02
   965.000   -11.314   2.536194E+02
   965.000   -12.267   2.699190E+02
   965.000   -13.219   2.855768E+02
   965.000   -14.172   3.006256E+02
   965.000   -16.077   3.288312E+02
   965.000   -17.983   3.545477E+02
   965.000   -19.910   3.779998E+02
   965.000   -21.793   4.074149E+02
   965.000   -23.699   4.361580E+02
   965.000   -24.720   4.511285E+02
   965.000   -27.509   4.915701E+02
   965.000   -29.415   5.191680E+02
   965.000   -31.320   5.467164E+02
   965.000   -33.225   5.742294E+02
   965.000   -35.130   6.017070E+02
   965.000   -37.988   6.428639E+02
   965.000   -40.846   6.839409E+02
   965.000   -43.704   7.249380E+02
   965.000   -46.562   7.658553E+02
   965.000   -49.420   8.066928E+02
   965.000   -52.278   8.474507E+02
   965.000   -55.136   8.881291E+02
   965.000   -57.994   9.287281E+02
   965.000   -60.852   9.692477E+02
   965.000   -63.710   1.009688E+03
   965.000   -66.568   1.050049E+03
   965.000   -71.332   1.117151E+03
   965.000   -76.095   1.184020E+03
   965.000   -80.858   1.250671E+03
   965.000   -85.829   1.320000E+03
   965.000   -90.385   1.329112E+03
   965.000   -95.148   1.338638E+03
   965.000   -99.912   1.348166E+03
   965.000  -104.675   1.357692E+03
   965.000  -109.438   1.367218E+03
   965.000  -114.201   1.376744E+03
   965.000  -118.965   1.386272E+03
   965.000  -123.728   1.395798E+03
   965.000  -128.491   1.401165E+03
   965.000  -133.255   1.403250E+03
   965.000  -138.018   1.405335E+03
   965.000  -142.781   1.407420E+03
   965.000  -147.545   1.409505E+03
   965.000  -152.308   1.411589E+03
   965.000  -157.071   1.413674E+03
   965.000  -161.835   1.415759E+03
   965.000  -166.598   1.417844E+03
   965.000  -171.361   1.419929E+03
   965.000  -176.124   1.422013E+03
   965.000  -180.888   1.424098E+03
   965.000  -185.651   1.426183E+03
   965.000  -190.414   1.428268E+03
   965.000  -195.178   1.430353E+03
   965.000  -199.941   1.432438E+03
   965.000  -204.704   1.434522E+03
   965.000  -209.468   1.436607E+03
   965.000  -214.231   1.438692E+03
   965.000  -218.994   1.440777E+03
   965.000  -228.521   1.444947E+03
   965.000  -238.047   1.449116E+03
   965.000  -247.574   1.453286E+03
   965.000  -257.101   1.457456E+03
   965.000  -266.627   1.461625E+03
   965.000  -276.154   1.465795E+03
   965.000  -285.681   1.469965E+03
   965.000  -290.444   1.472049E+03
   965.000  -295.207   1.474134E+03
   965.000  -299.971   1.476219E+03
   965.000  -304.734   1.478304E+03
   965.000  -314.260   1.482473E+03
   965.000  -323.787   1.486643E+03
   965.000  -333.314   1.490813E+03
   965.000  -342.840   1.494982E+03
   965.000  -352.367   1.499152E+03
   965.000  -361.894   1.503322E+03
   965.000  -371.420   1.507491E+03
   965.000  -380.947   1.511661E+03
   965.000  -390.473   1.515830E+03
   965.000  -400.000   1.520000E+03
   970.000     0.115   0.000000E+00
   970.000    -0.361   1.411824E+01
   970.000    -1.314   4.210191E+01
   970.000    -1.840   5.741280E+01
   970.000    -2.267   6.757868E+01
   970.000    -2.743   7.875962E+01
   970.000    -3.219   8.978590E+01
   970.000    -3.696   1.006800E+02
   970.000    -4.172   1.113960E+02
   970.000    -5.125   1.323841E+02
   970.000    -5.601   1.426337E+02
   970.000    -6.077   1.527277E+02
   970.000    -6.554   1.626867E+02
   970.000    -7.506   1.820953E+02
   970.000    -8.459   2.008994E+02
   970.000    -9.412   2.190781E+02
   970.000   -10.364   2.366128E+02
   970.000   -11.317   2.535400E+02
   970.000   -12.270   2.698409E+02
   970.000   -13.222   2.854992E+02
   970.000   -14.175   3.005475E+02
   970.000   -16.080   3.287498E+02
   970.000   -17.985   3.544471E+02
   970.000   -19.906   3.778222E+02
   970.000   -21.796   4.073421E+02
   970.000   -23.701   4.360587E+02
   969.000   -24.710   4.508759E+02
   970.000   -27.512   4.915025E+02
   970.000   -29.417   5.190930E+02
   970.000   -31.323   5.466618E+02
   970.000   -33.228   5.741800E+02
   970.000   -35.133   6.016623E+02
   970.000   -37.991   6.428257E+02
   970.000   -40.849   6.839089E+02
   970.000   -43.707   7.249121E+02
   970.000   -46.565   7.658356E+02
   970.000   -49.423   8.066795E+02
   970.000   -52.281   8.474439E+02
   970.000   -55.139   8.881290E+02
   970.000   -57.997   9.287348E+02
   970.000   -60.855   9.692615E+02
   970.000   -63.713   1.009709E+03
   970.000   -66.571   1.050078E+03
   970.000   -71.334   1.117179E+03
   970.000   -76.097   1.184061E+03
   970.000   -80.861   1.250739E+03
   970.000   -85.826   1.320000E+03
   970.000   -90.387   1.329122E+03
   970.000   -95.150   1.338648E+03
   970.000   -99.914   1.348176E+03
   970.000  -104.677   1.357702E+03
   970.000  -109.440   1.367228E+03
   970.000  -114.204   1.376756E+03
   970.000  -118.967   1.386282E+03
   970.000  -123.730   1.395808E+03
   970.000  -128.493   1.401167E+03
   970.000  -133.257   1.403252E+03
   970.000  -138.020   1.405337E+03
   970.000  -142.783   1.407422E+03
   970.000  -147.546   1.409506E+03
   970.000  -152.310   1.411591E+03
   970.000  -157.073   1.413676E+03
   970.000  -161.836   1.415761E+03
   970.000  -166.600   1.417846E+03
   970.000  -171.363   1.419931E+03
   970.000  -176.126   1.422015E+03
   970.000  -180.889   1.424100E+03
   970.000  -185.653   1.426185E+03
   970.000  -190.416   1.428270E+03
   970.000  -195.179   1.430354E+03
   970.000  -199.943   1.432439E+03
   970.000  -204.706   1.434524E+03
   970.000  -209.469   1.436609E+03
   970.000  -214.232   1.438693E+03
   970.000  -218.996   1.440778E+03
   970.000  -228.522   1.444948E+03
   970.000  -238.049   1.449118E+03
   970.000  -247.575   1.453287E+03
   970.000  -257.102   1.457457E+03
   970.000  -266.628   1.461626E+03
   970.000  -276.155   1.465796E+03
   970.000  -285.681   1.469965E+03
   970.000  -290.445   1.472050E+03
   970.000  -295.208   1.474135E+03
   970.000  -299.971   1.476219E+03
   970.000  -304.735   1.478305E+03
   970.000  -314.261   1.482474E+03
   970.000  -323.788   1.486644E+03
   970.000  -333.314   1.490813E+03
   970.000  -342.841   1.494983E+03
   970.000  -352.367   1.499152E+03
   970.000  -361.894   1.503322E+03
   970.000  -371.420   1.507491E+03
   970.000  -380.947   1.511661E+03
   970.000  -390.473   1.515830E+03
   970.000  -400.000   1.520000E+03
   975.000     0.110   0.000000E+00
   975.000    -0.366   1.416329E+01
   975.000    -1.319   4.223714E+01
   975.000    -1.754   5.492310E+01
   975.000    -2.272   6.730241E+01
   975.000    -2.748   7.850933E+01
   975.000    -3.224   8.955949E+01
   975.000    -3.701   1.004755E+02
   975.000    -4.177   1.112115E+02
   975.000    -5.130   1.322343E+02
   975.000    -5.606   1.424990E+02
   975.000    -6.082   1.526065E+02
   975.000    -6.559   1.625778E+02
   975.000    -7.511   1.820070E+02
   975.000    -8.464   2.008274E+02
   975.000    -9.416   2.189997E+02
   975.000   -10.369   2.365624E+02
   975.000   -11.322   2.534962E+02
   975.000   -12.274   2.697844E+02
   975.000   -13.227   2.854616E+02
   975.000   -14.180   3.005106E+02
   975.000   -16.085   3.287100E+02
   975.000   -17.990   3.544009E+02
   975.000   -19.902   3.776634E+02
   975.000   -21.801   4.073268E+02
   975.000   -23.706   4.360487E+02
   975.000   -24.674   4.502087E+02
   975.000   -27.517   4.914733E+02
   975.000   -29.422   5.190723E+02
   975.000   -31.327   5.466322E+02
   975.000   -33.233   5.741692E+02
   975.000   -35.138   6.016551E+02
   975.000   -37.996   6.428238E+02
   975.000   -40.854   6.839122E+02
   975.000   -43.712   7.249208E+02
   975.000   -46.570   7.658500E+02
   975.000   -49.427   8.066855E+02
   975.000   -52.285   8.474561E+02
   975.000   -55.143   8.881476E+02
   975.000   -58.001   9.287600E+02
   975.000   -60.859   9.692934E+02
   975.000   -63.717   1.009748E+03
   975.000   -66.575   1.050124E+03
   975.000   -71.338   1.117237E+03
   975.000   -76.101   1.184132E+03
   975.000   -80.865   1.250823E+03
   975.000   -85.823   1.320000E+03
   975.000   -90.391   1.329136E+03
   975.000   -95.154   1.338662E+03
   975.000   -99.918   1.348190E+03
   975.000  -104.681   1.357716E+03
   975.000  -109.444   1.367242E+03
   975.000  -114.207   1.376768E+03
   975.000  -118.970   1.386294E+03
   975.000  -123.734   1.395822E+03
   975.000  -128.497   1.401170E+03
   975.000  -133.260   1.403255E+03
   975.000  -138.023   1.405340E+03
   975.000  -142.786   1.407424E+03
   975.000  -147.550   1.409509E+03
   975.000  -152.313   1.411594E+03
   975.000  -157.076   1.413679E+03
   975.000  -161.839   1.415763E+03
   975.000  -166.603   1.417848E+03
   975.000  -171.366   1.419933E+03
   975.000  -176.129   1.422018E+03
   975.000  -180.892   1.424102E+03
   975.000  -185.655   1.426187E+03
   975.000  -190.419   1.428272E+03
   975.000  -195.182   1.430357E+03
   975.000  -199.945   1.432441E+03
   975.000  -204.708   1.434526E+03
   975.000  -209.471   1.436611E+03
   975.000  -214.235   1.438696E+03
   975.000  -218.998   1.440780E+03
   975.000  -228.524   1.444950E+03
   975.000  -238.051   1.449119E+03
   975.000  -247.577   1.453288E+03
   975.000  -257.104   1.457458E+03
   975.000  -266.630   1.461627E+03
   975.000  -276.156   1.465797E+03
   975.000  -285.683   1.469966E+03
   975.000  -290.446   1.472051E+03
   975.000  -295.209   1.474136E+03
   975.000  -299.973   1.476221E+03
   975.000  -304.736   1.478305E+03
   975.000  -314.262   1.482475E+03
   975.000  -323.789   1.486644E+03
   975.000  -333.315   1.490814E+03
   975.000  -342.841   1.494983E+03
   975.000  -352.368   1.499153E+03
   975.000  -361.894   1.503322E+03
   975.000  -371.421   1.507492E+03
   975.000  -380.947   1.511661E+03
   975.000  -390.474   1.515831E+03
   975.000  -400.000   1.520000E+03
   980.000     0.103   0.000000E+00
   980.000    -0.373   1.422343E+01
   980.000    -1.326   4.242214E+01
   980.000    -1.668   5.245179E+01
   980.000    -2.279   6.711403E+01
   980.000    -2.755   7.836150E+01
   980.000    -3.231   8.944643E+01
   980.000    -3.708   1.003923E+02
   980.000    -4.184   1.111538E+02
   980.000    -5.136   1.321944E+02
   980.000    -5.613   1.424963E+02
   980.000    -6.089   1.526170E+02
   980.000    -6.565   1.625783E+02
   980.000    -7.518   1.820444E+02
   980.000    -8.471   2.008752E+02
   980.000    -9.423   2.190535E+02
   980.000   -10.376   2.366186E+02
   980.000   -11.329   2.535519E+02
   980.000   -12.281   2.698377E+02
   980.000   -13.234   2.855105E+02
   980.000   -14.186   3.005381E+02
   980.000   -16.092   3.287373E+02
   980.000   -17.997   3.544086E+02
   980.000   -19.897   3.775081E+02
   980.000   -21.807   4.073197E+02
   980.000   -24.645   4.497820E+02
   980.000   -25.618   4.638962E+02
   980.000   -27.523   4.915110E+02
   980.000   -29.428   5.190971E+02
   980.000   -31.334   5.466657E+02
   980.000   -33.239   5.741863E+02
   980.000   -35.144   6.016724E+02
   980.000   -38.002   6.428436E+02
   980.000   -40.860   6.839359E+02
   980.000   -43.718   7.249492E+02
   980.000   -46.576   7.658835E+02
   980.000   -49.434   8.067388E+02
   980.000   -52.291   8.475009E+02
   980.000   -55.149   8.881984E+02
   980.000   -58.007   9.288171E+02
   980.000   -60.865   9.693571E+02
   980.000   -63.723   1.009818E+03
   980.000   -66.581   1.050201E+03
   980.000   -71.344   1.117326E+03
   980.000   -76.107   1.184233E+03
   980.000   -80.870   1.250922E+03
   980.000   -85.820   1.320000E+03
   980.000   -90.396   1.329152E+03
   980.000   -95.160   1.338680E+03
   980.000   -99.923   1.348206E+03
   980.000  -104.686   1.357732E+03
   980.000  -109.449   1.367258E+03
   980.000  -114.212   1.376784E+03
   980.000  -118.975   1.386310E+03
   980.000  -123.738   1.395836E+03
   980.000  -128.502   1.401174E+03
   980.000  -133.265   1.403258E+03
   980.000  -138.028   1.405343E+03
   980.000  -142.791   1.407428E+03
   980.000  -147.554   1.409512E+03
   980.000  -152.317   1.411597E+03
   980.000  -157.080   1.413682E+03
   980.000  -161.843   1.415766E+03
   980.000  -166.607   1.417851E+03
   980.000  -171.370   1.419936E+03
   980.000  -176.133   1.422020E+03
   980.000  -180.896   1.424105E+03
   980.000  -185.659   1.426190E+03
   980.000  -190.422   1.428274E+03
   980.000  -195.185   1.430359E+03
   980.000  -199.949   1.432444E+03
   980.000  -204.712   1.434529E+03
   980.000  -209.475   1.436613E+03
   980.000  -214.238   1.438698E+03
   980.000  -219.001   1.440782E+03
   980.000  -228.527   1.444952E+03
   980.000  -238.054   1.449121E+03
   980.000  -247.580   1.453291E+03
   980.000  -257.106   1.457460E+03
   980.000  -266.632   1.461629E+03
   980.000  -276.159   1.465799E+03
   980.000  -285.685   1.469968E+03
   980.000  -290.448   1.472053E+03
   980.000  -295.211   1.474137E+03
   980.000  -299.974   1.476222E+03
   980.000  -304.737   1.478306E+03
   980.000  -314.264   1.482476E+03
   980.000  -323.790   1.486645E+03
   980.000  -333.316   1.490815E+03
   980.000  -342.842   1.494984E+03
   980.000  -352.369   1.499153E+03
   980.000  -361.895   1.503323E+03
   980.000  -371.421   1.507492E+03
   980.000  -380.947   1.511661E+03
   980.000  -390.474   1.515831E+03
   980.000  -400.000   1.520000E+03
   985.000     0.094   0.000000E+00
   985.000    -0.382   1.413438E+01
   985.000    -1.335   4.214638E+01
   985.000    -1.885   5.814624E+01
   985.000    -2.288   6.774254E+01
   985.000    -2.764   7.895396E+01
   985.000    -3.240   8.999767E+01
   985.000    -3.716   1.008840E+02
   985.000    -4.193   1.116353E+02
   985.000    -5.145   1.326203E+02
   985.000    -5.622   1.428979E+02
   985.000    -6.098   1.529964E+02
   985.000    -6.574   1.629374E+02
   985.000    -7.527   1.823674E+02
   985.000    -8.479   2.011474E+02
   985.000    -9.432   2.193173E+02
   985.000   -10.385   2.368573E+02
   985.000   -11.337   2.537505E+02
   985.000   -12.290   2.700326E+02
   985.000   -13.242   2.856697E+02
   985.000   -14.195   3.006951E+02
   985.000   -16.100   3.288470E+02
   985.000   -18.005   3.544904E+02
   985.000   -19.893   3.774290E+02
   985.000   -21.816   4.074375E+02
   985.000   -24.615   4.492232E+02
   985.000   -25.626   4.639046E+02
   985.000   -27.532   4.915519E+02
   985.000   -29.437   5.191475E+02
   985.000   -31.342   5.467070E+02
   985.000   -33.247   5.742312E+02
   985.000   -35.152   6.017203E+02
   985.000   -38.010   6.428955E+02
   985.000   -40.868   6.839920E+02
   985.000   -43.726   7.250099E+02
   985.000   -46.584   7.659492E+02
   985.000   -49.441   8.067956E+02
   985.000   -52.299   8.475776E+02
   985.000   -55.157   8.882810E+02
   985.000   -58.015   9.289058E+02
   985.000   -60.873   9.694520E+02
   985.000   -63.731   1.009920E+03
   985.000   -66.588   1.050295E+03
   985.000   -71.351   1.117431E+03
   985.000   -76.114   1.184349E+03
   985.000   -80.877   1.251050E+03
   985.000   -85.817   1.320000E+03
   985.000   -90.403   1.329172E+03
   985.000   -95.166   1.338698E+03
   985.000   -99.930   1.348226E+03
   985.000  -104.693   1.357752E+03
   985.000  -109.456   1.367278E+03
   985.000  -114.219   1.376804E+03
   985.000  -118.982   1.386330E+03
   985.000  -123.745   1.395856E+03
   985.000  -128.508   1.401178E+03
   985.000  -133.271   1.403262E+03
   985.000  -138.034   1.405347E+03
   985.000  -142.797   1.407432E+03
   985.000  -147.560   1.409516E+03
   985.000  -152.323   1.411601E+03
   985.000  -157.086   1.413685E+03
   985.000  -161.849   1.415770E+03
   985.000  -166.612   1.417854E+03
   985.000  -171.375   1.419939E+03
   985.000  -176.138   1.422024E+03
   985.000  -180.901   1.424108E+03
   985.000  -185.664   1.426193E+03
   985.000  -190.427   1.428277E+03
   985.000  -195.190   1.430362E+03
   985.000  -199.953   1.432447E+03
   985.000  -204.716   1.434531E+03
   985.000  -209.479   1.436616E+03
   985.000  -214.242   1.438700E+03
   985.000  -219.005   1.440785E+03
   985.000  -228.531   1.444954E+03
   985.000  -238.057   1.449123E+03
   985.000  -247.583   1.453293E+03
   985.000  -257.109   1.457462E+03
   985.000  -266.635   1.461631E+03
   985.000  -276.161   1.465800E+03
   985.000  -285.687   1.469969E+03
   985.000  -290.450   1.472054E+03
   985.000  -295.213   1.474139E+03
   985.000  -299.977   1.476224E+03
   985.000  -304.740   1.478308E+03
   985.000  -314.266   1.482477E+03
   985.000  -323.792   1.486647E+03
   985.000  -333.318   1.490816E+03
   985.000  -342.844   1.494985E+03
   985.000  -352.370   1.499154E+03
   985.000  -361.896   1.503323E+03
   985.000  -371.422   1.507492E+03
   985.000  -380.948   1.511662E+03
   985.000  -390.474   1.515831E+03
   985.000  -400.000   1.520000E+03
   990.000     0.088   0.000000E+00
   990.000    -0.388   1.405471E+01
   990.000    -1.341   4.190774E+01
   990.000    -1.817   5.567471E+01
   990.000    -2.102   6.387770E+01
   990.000    -2.770   7.958352E+01
   990.000    -3.246   9.059837E+01
   990.000    -3.722   1.014565E+02
   990.000    -4.199   1.121804E+02
   990.000    -5.151   1.331131E+02
   990.000    -5.628   1.433659E+02
   990.000    -6.104   1.534406E+02
   990.000    -6.580   1.633588E+02
   990.000    -7.533   1.827459E+02
   990.000    -8.485   2.014866E+02
   990.000    -9.438   2.196204E+02
   990.000   -10.390   2.371093E+02
   990.000   -11.343   2.539902E+02
   990.000   -12.296   2.702445E+02
   990.000   -13.248   2.858561E+02
   990.000   -14.201   3.008578E+02
   990.000   -16.106   3.289678E+02
   990.000   -18.011   3.545745E+02
   990.000   -19.889   3.773662E+02
   990.000   -21.822   4.075031E+02
   990.000   -24.585   4.487210E+02
   990.000   -25.632   4.639225E+02
   990.000   -27.537   4.915537E+02
   990.000   -29.442   5.191497E+02
   990.000   -31.347   5.467106E+02
   990.000   -33.253   5.742510E+02
   990.000   -35.158   6.017423E+02
   990.000   -38.016   6.429212E+02
   990.000   -40.873   6.840077E+02
   990.000   -43.731   7.250303E+02
   990.000   -46.589   7.659747E+02
   990.000   -49.447   8.068407E+02
   990.000   -52.304   8.476141E+02
   990.000   -55.162   8.883234E+02
   990.000   -58.020   9.289542E+02
   990.000   -60.878   9.695067E+02
   990.000   -63.736   1.009981E+03
   990.000   -66.593   1.050362E+03
   990.000   -71.356   1.117510E+03
   990.000   -76.119   1.184440E+03
   990.000   -80.882   1.251152E+03
   990.000   -85.814   1.320000E+03
   990.000   -90.408   1.329188E+03
   990.000   -95.171   1.338714E+03
   990.000   -99.934   1.348240E+03
   990.000  -104.697   1.357766E+03
   990.000  -109.460   1.367292E+03
   990.000  -114.223   1.376818E+03
   990.000  -118.986   1.386344E+03
   990.000  -123.749   1.395870E+03
   990.000  -128.512   1.401181E+03
   990.000  -133.275   1.403265E+03
   990.000  -138.038   1.405350E+03
   990.000  -142.801   1.407435E+03
   990.000  -147.564   1.409519E+03
   990.000  -152.326   1.411603E+03
   990.000  -157.089   1.413688E+03
   990.000  -161.852   1.415772E+03
   990.000  -166.615   1.417857E+03
   990.000  -171.378   1.419941E+03
   990.000  -176.141   1.422026E+03
   990.000  -180.904   1.424111E+03
   990.000  -185.667   1.426195E+03
   990.000  -190.430   1.428280E+03
   990.000  -195.193   1.430364E+03
   990.000  -199.956   1.432449E+03
   990.000  -204.719   1.434533E+03
   990.000  -209.482   1.436618E+03
   990.000  -214.245   1.438703E+03
   990.000  -219.008   1.440787E+03
   990.000  -228.534   1.444956E+03
   990.000  -238.060   1.449125E+03
   990.000  -247.586   1.453295E+03
   990.000  -257.111   1.457463E+03
   990.000  -266.637   1.461632E+03
   990.000  -276.163   1.465802E+03
   990.000  -285.689   1.469971E+03
   990.000  -290.452   1.472055E+03
   990.000  -295.215   1.474140E+03
   990.000  -299.978   1.476224E+03
   990.000  -304.741   1.478309E+03
   990.000  -314.267   1.482478E+03
   990.000  -323.793   1.486647E+03
   990.000  -333.319   1.490816E+03
   990.000  -342.845   1.494986E+03
   990.000  -352.370   1.499154E+03
   990.000  -361.896   1.503323E+03
   990.000  -371.422   1.507493E+03
   990.000  -380.948   1.511662E+03
   990.000  -390.474   1.515831E+03
   990.000  -400.000   1.520000E+03
   995.000     0.085   0.000000E+00
   995.000    -0.391   1.396592E+01
   995.000    -1.344   4.164188E+01
   995.000    -1.820   5.532221E+01
   995.000    -2.319   6.956827E+01
   995.000    -2.773   8.019414E+01
   995.000    -3.249   9.117547E+01
   995.000    -3.725   1.020016E+02
   995.000    -4.202   1.126948E+02
   995.000    -5.154   1.335704E+02
   995.000    -5.631   1.437966E+02
   995.000    -6.107   1.538460E+02
   995.000    -6.583   1.637401E+02
   995.000    -7.536   1.830823E+02
   995.000    -8.488   2.017825E+02
   995.000    -9.441   2.198796E+02
   995.000   -10.393   2.373354E+02
   995.000   -11.346   2.541863E+02
   995.000   -12.299   2.704132E+02
   995.000   -13.251   2.860000E+02
   995.000   -14.204   3.009790E+02
   995.000   -16.109   3.290488E+02
   995.000   -18.014   3.546208E+02
   995.000   -19.884   3.772904E+02
   995.000   -21.824   4.075087E+02
   995.000   -24.556   4.482405E+02
   995.000   -25.635   4.639037E+02
   995.000   -27.540   4.915316E+02
   995.000   -29.445   5.191263E+02
   995.000   -31.350   5.466874E+02
   995.000   -33.255   5.742146E+02
   995.000   -35.161   6.017221E+02
   995.000   -38.018   6.428905E+02
   995.000   -40.876   6.839958E+02
   995.000   -43.734   7.250234E+02
   995.000   -46.592   7.659732E+02
   995.000   -49.449   8.068305E+02
   995.000   -52.307   8.476240E+02
   995.000   -55.165   8.883392E+02
   995.000   -58.023   9.289762E+02
   995.000   -60.880   9.695207E+02
   995.000   -63.738   1.010001E+03
   995.000   -66.596   1.050403E+03
   995.000   -71.359   1.117562E+03
   995.000   -76.122   1.184504E+03
   995.000   -80.885   1.251229E+03
   995.000   -85.810   1.320000E+03
   995.000   -90.410   1.329200E+03
   995.000   -95.173   1.338726E+03
   995.000   -99.936   1.348252E+03
   995.000  -104.699   1.357778E+03
   995.000  -109.462   1.367304E+03
   995.000  -114.225   1.376830E+03
   995.000  -118.988   1.386356E+03
   995.000  -123.751   1.395882E+03
   995.000  -128.514   1.401183E+03
   995.000  -133.277   1.403268E+03
   995.000  -138.040   1.405352E+03
   995.000  -142.803   1.407437E+03
   995.000  -147.565   1.409521E+03
   995.000  -152.328   1.411606E+03
   995.000  -157.091   1.413690E+03
   995.000  -161.854   1.415775E+03
   995.000  -166.617   1.417859E+03
   995.000  -171.380   1.419944E+03
   995.000  -176.143   1.422028E+03
   995.000  -180.906   1.424113E+03
   995.000  -185.669   1.426197E+03
   995.000  -190.432   1.428282E+03
   995.000  -195.195   1.430367E+03
   995.000  -199.958   1.432451E+03
   995.000  -204.720   1.434535E+03
   995.000  -209.483   1.436620E+03
   995.000  -214.246   1.438704E+03
   995.000  -219.009   1.440789E+03
   995.000  -228.535   1.444958E+03
   995.000  -238.061   1.449127E+03
   995.000  -247.587   1.453296E+03
   995.000  -257.113   1.457465E+03
   995.000  -266.638   1.461634E+03
   995.000  -276.164   1.465803E+03
   995.000  -285.690   1.469972E+03
   995.000  -290.453   1.472056E+03
   995.000  -295.216   1.474141E+03
   995.000  -299.979   1.476226E+03
   995.000  -304.742   1.478310E+03
   995.000  -314.268   1.482479E+03
   995.000  -323.793   1.486648E+03
   995.000  -333.319   1.490817E+03
   995.000  -342.845   1.494986E+03
   995.000  -352.371   1.499155E+03
   995.000  -361.897   1.503324E+03
   995.000  -371.423   1.507493E+03
   995.000  -380.948   1.511662E+03
   995.000  -390.474   1.515831E+03
   995.000  -400.000   1.520000E+03
  1000.000     0.083   0.000000E+00
  1000.000    -0.393   1.390235E+01
  1000.000    -1.346   4.145021E+01
  1000.000    -1.822   5.506531E+01
   998.000    -2.449   7.294211E+01
  1000.000    -2.775   8.065206E+01
  1000.000    -3.251   9.161327E+01
  1000.000    -3.727   1.024072E+02
  1000.000    -4.204   1.130704E+02
  1000.000    -5.156   1.338923E+02
  1000.000    -5.632   1.440731E+02
  1000.000    -6.109   1.541213E+02
  1000.000    -6.585   1.639946E+02
  1000.000    -7.538   1.832996E+02
  1000.000    -8.490   2.019676E+02
  1000.000    -9.443   2.200366E+02
  1000.000   -10.395   2.374680E+02
  1000.000   -11.348   2.542973E+02
  1000.000   -12.301   2.705052E+02
  1000.000   -13.253   2.860751E+02
  1000.000   -14.206   3.010388E+02
  1000.000   -16.111   3.290821E+02
  1000.000   -18.016   3.546304E+02
  1000.000   -19.880   3.772087E+02
  1000.000   -21.826   4.074939E+02
  1000.000   -24.526   4.477315E+02
  1000.000   -25.637   4.638584E+02
  1000.000   -27.542   4.914861E+02
  1000.000   -29.447   5.190818E+02
  1000.000   -31.352   5.466448E+02
  1000.000   -33.257   5.741746E+02
  1000.000   -35.162   6.016707E+02
  1000.000   -38.020   6.428586E+02
  1000.000   -40.878   6.839693E+02
  1000.000   -43.736   7.250027E+02
  1000.000   -46.593   7.659439E+02
  1000.000   -49.451   8.068215E+02
  1000.000   -52.309   8.476210E+02
  1000.000   -55.167   8.883424E+02
  1000.000   -58.024   9.289713E+02
  1000.000   -60.882   9.695362E+02
  1000.000   -63.740   1.010023E+03
  1000.000   -66.598   1.050431E+03
  1000.000   -71.360   1.117587E+03
  1000.000   -76.123   1.184539E+03
  1000.000   -80.886   1.251276E+03
  1000.000   -85.807   1.320000E+03
  1000.000   -90.412   1.329210E+03
  1000.000   -95.175   1.338736E+03
  1000.000   -99.938   1.348262E+03
  1000.000  -104.701   1.357788E+03
  1000.000  -109.464   1.367314E+03
  1000.000  -114.226   1.376838E+03
  1000.000  -118.989   1.386364E+03
  1000.000  -123.752   1.395890E+03
  1000.000  -128.515   1.401185E+03
  1000.000  -133.278   1.403270E+03
  1000.000  -138.041   1.405354E+03
  1000.000  -142.804   1.407439E+03
  1000.000  -147.567   1.409523E+03
  1000.000  -152.330   1.411608E+03
  1000.000  -157.092   1.413692E+03
  1000.000  -161.855   1.415776E+03
  1000.000  -166.618   1.417861E+03
  1000.000  -171.381   1.419945E+03
  1000.000  -176.144   1.422030E+03
  1000.000  -180.907   1.424114E+03
  1000.000  -185.670   1.426199E+03
  1000.000  -190.433   1.428283E+03
  1000.000  -195.196   1.430368E+03
  1000.000  -199.959   1.432452E+03
  1000.000  -204.721   1.434537E+03
  1000.000  -209.484   1.436621E+03
  1000.000  -214.247   1.438706E+03
  1000.000  -219.010   1.440790E+03
  1000.000  -228.536   1.444959E+03
  1000.000  -238.062   1.449128E+03
  1000.000  -247.587   1.453297E+03
  1000.000  -257.113   1.457466E+03
  1000.000  -266.639   1.461635E+03
  1000.000  -276.165   1.465804E+03
  1000.000  -285.691   1.469973E+03
  1000.000  -290.453   1.472057E+03
  1000.000  -295.216   1.474141E+03
  1000.000  -299.979   1.476226E+03
  1000.000  -304.742   1.478311E+03
  1000.000  -314.268   1.482480E+03
  1000.000  -323.794   1.486649E+03
  1000.000  -333.320   1.490818E+03
  1000.000  -342.845   1.494986E+03
  1000.000  -352.371   1.499155E+03
  1000.000  -361.897   1.503324E+03
  1000.000  -371.423   1.507493E+03
  1000.000  -380.948   1.511662E+03
  1000.000  -390.474   1.515831E+03
  1000.000  -400.000   1.520000E+03
  1005.000     0.082   0.000000E+00
  1005.000    -0.394   1.389479E+01
  1005.000    -1.347   4.142593E+01
  1005.000    -1.823   5.503022E+01
  1005.000    -2.299   6.853404E+01
  1004.000    -2.553   7.566647E+01
  1005.000    -3.252   9.165259E+01
  1005.000    -3.728   1.024283E+02
  1005.000    -4.205   1.130766E+02
  1005.000    -5.157   1.338774E+02
  1005.000    -5.633   1.440507E+02
  1005.000    -6.110   1.540929E+02
  1005.000    -6.586   1.639616E+02
  1005.000    -7.539   1.832606E+02
  1005.000    -8.491   2.019255E+02
  1005.000    -9.444   2.199935E+02
  1005.000   -10.396   2.374249E+02
  1005.000   -11.349   2.542551E+02
  1005.000   -12.301   2.704475E+02
  1005.000   -13.254   2.860355E+02
  1005.000   -14.207   3.010009E+02
  1005.000   -16.112   3.290478E+02
  1005.000   -18.017   3.546006E+02
  1005.000   -19.894   3.773386E+02
  1005.000   -21.827   4.074145E+02
  1005.000   -24.496   4.471921E+02
  1005.000   -25.638   4.637738E+02
  1005.000   -27.543   4.914083E+02
  1005.000   -29.448   5.190102E+02
  1005.000   -31.353   5.465788E+02
  1005.000   -33.258   5.741138E+02
  1005.000   -35.163   6.016149E+02
  1005.000   -38.021   6.428099E+02
  1005.000   -40.879   6.839275E+02
  1005.000   -43.737   7.249675E+02
  1005.000   -46.594   7.659152E+02
  1005.000   -49.452   8.067992E+02
  1005.000   -52.310   8.476050E+02
  1005.000   -55.167   8.883184E+02
  1005.000   -58.025   9.289677E+02
  1005.000   -60.883   9.695389E+02
  1005.000   -63.741   1.010032E+03
  1005.000   -66.598   1.050432E+03
  1005.000   -71.361   1.117612E+03
  1005.000   -76.124   1.184575E+03
  1005.000   -80.887   1.251322E+03
  1005.000   -85.804   1.320000E+03
  1005.000   -90.413   1.329218E+03
  1005.000   -95.176   1.338744E+03
  1005.000   -99.939   1.348270E+03
  1005.000  -104.701   1.357794E+03
  1005.000  -109.464   1.367320E+03
  1005.000  -114.227   1.376846E+03
  1005.000  -118.990   1.386372E+03
  1005.000  -123.753   1.395898E+03
  1005.000  -128.516   1.401187E+03
  1005.000  -133.279   1.403271E+03
  1005.000  -138.042   1.405356E+03
  1005.000  -142.804   1.407440E+03
  1005.000  -147.567   1.409524E+03
  1005.000  -152.330   1.411609E+03
  1005.000  -157.093   1.413693E+03
  1005.000  -161.856   1.415778E+03
  1005.000  -166.619   1.417862E+03
  1005.000  -171.382   1.419947E+03
  1005.000  -176.145   1.422031E+03
  1005.000  -180.907   1.424115E+03
  1005.000  -185.670   1.426200E+03
  1005.000  -190.433   1.428284E+03
  1005.000  -195.196   1.430369E+03
  1005.000  -199.959   1.432453E+03
  1005.000  -204.722   1.434538E+03
  1005.000  -209.485   1.436622E+03
  1005.000  -214.248   1.438707E+03
  1005.000  -219.011   1.440791E+03
  1005.000  -228.536   1.444960E+03
  1005.000  -238.062   1.449129E+03
  1005.000  -247.588   1.453298E+03
  1005.000  -257.114   1.457467E+03
  1005.000  -266.639   1.461635E+03
  1005.000  -276.165   1.465804E+03
  1005.000  -285.691   1.469973E+03
  1005.000  -290.454   1.472058E+03
  1005.000  -295.217   1.474142E+03
  1005.000  -299.980   1.476227E+03
  1005.000  -304.742   1.478311E+03
  1005.000  -314.268   1.482480E+03
  1005.000  -323.794   1.486649E+03
  1005.000  -333.320   1.490818E+03
  1005.000  -342.845   1.494987E+03
  1005.000  -352.371   1.499155E+03
  1005.000  -361.897   1.503324E+03
  1005.000  -371.423   1.507493E+03
  1005.000  -380.948   1.511662E+03
  1005.000  -390.474   1.515831E+03
  1005.000  -400.000   1.520000E+03
  1010.000     0.082   0.000000E+00
  1010.000    -0.394   1.400148E+01
  1010.000    -1.347   4.174964E+01
  1010.000    -1.823   5.546588E+01
  1010.000    -2.208   6.649734E+01
  1010.000    -2.776   7.983465E+01
  1010.000    -3.252   9.083898E+01
  1010.000    -3.728   1.016862E+02
  1010.000    -4.205   1.123988E+02
  1010.000    -5.157   1.333085E+02
  1010.000    -5.633   1.435285E+02
  1010.000    -6.110   1.536131E+02
  1010.000    -6.586   1.635199E+02
  1010.000    -7.539   1.828846E+02
  1010.000    -8.491   2.016037E+02
  1010.000    -9.444   2.197167E+02
  1010.000   -10.396   2.371857E+02
  1010.000   -11.349   2.540475E+02
  1010.000   -12.301   2.702668E+02
  1010.000   -13.254   2.858775E+02
  1010.000   -14.207   3.008623E+02
  1010.000   -16.112   3.289401E+02
  1010.000   -18.017   3.545165E+02
  1010.000   -19.908   3.774337E+02
  1010.000   -21.827   4.072916E+02
  1010.000   -24.466   4.466326E+02
  1010.000   -25.638   4.636579E+02
  1010.000   -27.543   4.913035E+02
  1010.000   -29.448   5.189147E+02
  1010.000   -31.353   5.464915E+02
  1010.000   -33.258   5.740339E+02
  1010.000   -35.163   6.015416E+02
  1010.000   -38.021   6.427454E+02
  1010.000   -40.879   6.838710E+02
  1010.000   -43.737   7.249183E+02
  1010.000   -46.594   7.658730E+02
  1010.000   -49.452   8.067637E+02
  1010.000   -52.310   8.475760E+02
  1010.000   -55.167   8.882957E+02
  1010.000   -58.025   9.289513E+02
  1010.000   -60.883   9.695287E+02
  1010.000   -63.741   1.010028E+03
  1010.000   -66.598   1.050434E+03
  1010.000   -71.361   1.117624E+03
  1010.000   -76.124   1.184597E+03
  1010.000   -80.887   1.251354E+03
  1010.000   -85.801   1.320000E+03
  1010.000   -90.413   1.329224E+03
  1010.000   -95.176   1.338750E+03
  1010.000   -99.939   1.348276E+03
  1010.000  -104.701   1.357800E+03
  1010.000  -109.464   1.367326E+03
  1010.000  -114.227   1.376852E+03
  1010.000  -118.990   1.386378E+03
  1010.000  -123.753   1.395904E+03
  1010.000  -128.516   1.401188E+03
  1010.000  -133.279   1.403273E+03
  1010.000  -138.042   1.405357E+03
  1010.000  -142.804   1.407441E+03
  1010.000  -147.567   1.409526E+03
  1010.000  -152.330   1.411610E+03
  1010.000  -157.093   1.413695E+03
  1010.000  -161.856   1.415779E+03
  1010.000  -166.619   1.417864E+03
  1010.000  -171.382   1.419948E+03
  1010.000  -176.145   1.422032E+03
  1010.000  -180.907   1.424116E+03
  1010.000  -185.670   1.426201E+03
  1010.000  -190.433   1.428285E+03
  1010.000  -195.196   1.430370E+03
  1010.000  -199.959   1.432454E+03
  1010.000  -204.722   1.434539E+03
  1010.000  -209.485   1.436623E+03
  1010.000  -214.248   1.438708E+03
  1010.000  -219.011   1.440792E+03
  1010.000  -228.536   1.444961E+03
  1010.000  -238.062   1.449130E+03
  1010.000  -247.588   1.453299E+03
  1010.000  -257.114   1.457468E+03
  1010.000  -266.639   1.461636E+03
  1010.000  -276.165   1.465805E+03
  1010.000  -285.691   1.469974E+03
  1010.000  -290.454   1.472058E+03
  1010.000  -295.217   1.474143E+03
  1010.000  -299.980   1.476227E+03
  1010.000  -304.742   1.478311E+03
  1010.000  -314.268   1.482480E+03
  1010.000  -323.794   1.486649E+03
  1010.000  -333.320   1.490818E+03
  1010.000  -342.845   1.494987E+03
  1010.000  -352.371   1.499156E+03
  1010.000  -361.897   1.503325E+03
  1010.000  -371.423   1.507494E+03
  1010.000  -380.948   1.511662E+03
  1010.000  -390.474   1.515831E+03
  1010.000  -400.000   1.520000E+03
  1015.000     0.081   0.000000E+00
  1015.000    -0.395   1.415629E+01
  1015.000    -1.348   4.221889E+01
  1016.000    -1.862   5.726406E+01
  1015.000    -2.300   6.783480E+01
  1015.000    -2.777   7.908088E+01
  1015.000    -3.253   9.014102E+01
  1015.000    -3.729   1.010396E+02
  1015.000    -4.206   1.117996E+02
  1015.000    -5.158   1.327926E+02
  1015.000    -5.634   1.430495E+02
  1015.000    -6.111   1.531682E+02
  1015.000    -6.587   1.631066E+02
  1015.000    -7.540   1.825271E+02
  1015.000    -8.492   2.012938E+02
  1015.000    -9.445   2.194477E+02
  1015.000   -10.397   2.369519E+02
  1015.000   -11.350   2.538440E+02
  1015.000   -12.302   2.700894E+02
  1015.000   -13.255   2.857228E+02
  1015.000   -14.208   3.007274E+02
  1015.000   -16.113   3.288372E+02
  1015.000   -18.018   3.544381E+02
  1015.000   -19.922   3.775231E+02
  1015.000   -21.828   4.071795E+02
  1015.000   -24.437   4.460845E+02
  1015.000   -25.638   4.635397E+02
  1015.000   -27.544   4.912115E+02
  1015.000   -29.449   5.188329E+02
  1015.000   -31.354   5.464185E+02
  1015.000   -33.259   5.739686E+02
  1015.000   -35.164   6.014833E+02
  1015.000   -38.022   6.426964E+02
  1015.000   -40.880   6.838303E+02
  1015.000   -43.737   7.248709E+02
  1015.000   -46.595   7.658469E+02
  1015.000   -49.453   8.067443E+02
  1015.000   -52.311   8.475630E+02
  1015.000   -55.168   8.882890E+02
  1015.000   -58.026   9.289507E+02
  1015.000   -60.884   9.695340E+02
  1015.000   -63.741   1.010025E+03
  1015.000   -66.599   1.050452E+03
  1015.000   -71.362   1.117651E+03
  1015.000   -76.125   1.184634E+03
  1015.000   -80.888   1.251400E+03
  1015.000   -85.798   1.320000E+03
  1015.000   -90.414   1.329232E+03
  1015.000   -95.176   1.338756E+03
  1015.000   -99.939   1.348282E+03
  1015.000  -104.702   1.357808E+03
  1015.000  -109.465   1.367334E+03
  1015.000  -114.228   1.376860E+03
  1015.000  -118.991   1.386386E+03
  1015.000  -123.754   1.395912E+03
  1015.000  -128.516   1.401189E+03
  1015.000  -133.279   1.403274E+03
  1015.000  -138.042   1.405358E+03
  1015.000  -142.805   1.407443E+03
  1015.000  -147.568   1.409527E+03
  1015.000  -152.331   1.411612E+03
  1015.000  -157.094   1.413696E+03
  1015.000  -161.857   1.415781E+03
  1015.000  -166.619   1.417865E+03
  1015.000  -171.382   1.419949E+03
  1015.000  -176.145   1.422034E+03
  1015.000  -180.908   1.424118E+03
  1015.000  -185.671   1.426202E+03
  1015.000  -190.434   1.428287E+03
  1015.000  -195.197   1.430371E+03
  1015.000  -199.960   1.432456E+03
  1015.000  -204.722   1.434540E+03
  1015.000  -209.485   1.436624E+03
  1015.000  -214.248   1.438709E+03
  1015.000  -219.011   1.440793E+03
  1015.000  -228.537   1.444962E+03
  1015.000  -238.062   1.449130E+03
  1015.000  -247.588   1.453299E+03
  1015.000  -257.114   1.457468E+03
  1015.000  -266.640   1.461637E+03
  1015.000  -276.165   1.465806E+03
  1015.000  -285.691   1.469975E+03
  1015.000  -290.454   1.472059E+03
  1015.000  -295.217   1.474143E+03
  1015.000  -299.980   1.476228E+03
  1015.000  -304.743   1.478312E+03
  1015.000  -314.268   1.482481E+03
  1015.000  -323.794   1.486650E+03
  1015.000  -333.320   1.490819E+03
  1015.000  -342.846   1.494987E+03
  1015.000  -352.371   1.499156E+03
  1015.000  -361.897   1.503325E+03
  1015.000  -371.423   1.507494E+03
  1015.000  -380.949   1.511663E+03
  1015.000  -390.474   1.515831E+03
  1015.000  -400.000   1.520000E+03
  1020.000     0.081   0.000000E+00
  1020.000    -0.395   1.413483E+01
  1020.000    -1.348   4.215060E+01
  1020.000    -1.899   5.816927E+01
  1020.000    -2.300   6.772969E+01
  1020.000    -2.777   7.895835E+01
  1020.000    -3.253   9.000504E+01
  1020.000    -3.729   1.008935E+02
  1020.000    -4.206   1.116461E+02
  1020.000    -5.158   1.326314E+02
  1020.000    -5.634   1.428870E+02
  1020.000    -6.111   1.530057E+02
  1020.000    -6.587   1.629451E+02
  1020.000    -7.540   1.823705E+02
  1020.000    -8.492   2.011446E+02
  1020.000    -9.445   2.193072E+02
  1020.000   -10.397   2.368209E+02
  1020.000   -11.350   2.537229E+02
  1020.000   -12.302   2.699782E+02
  1020.000   -13.255   2.856212E+02
  1020.000   -14.208   3.006351E+02
  1020.000   -16.113   3.287618E+02
  1020.000   -18.018   3.543774E+02
  1020.000   -19.935   3.776239E+02
  1020.000   -21.828   4.070720E+02
  1020.000   -24.407   4.455353E+02
  1020.000   -25.638   4.634334E+02
  1020.000   -27.544   4.911147E+02
  1020.000   -29.449   5.187445E+02
  1020.000   -31.354   5.463377E+02
  1020.000   -33.259   5.738946E+02
  1020.000   -35.164   6.014156E+02
  1020.000   -38.022   6.426372E+02
  1020.000   -40.880   6.837789E+02
  1020.000   -43.737   7.248266E+02
  1020.000   -46.595   7.658094E+02
  1020.000   -49.453   8.067132E+02
  1020.000   -52.311   8.475381E+02
  1020.000   -55.168   8.882701E+02
  1020.000   -58.026   9.289377E+02
  1020.000   -60.884   9.695269E+02
  1020.000   -63.741   1.010023E+03
  1020.000   -66.599   1.050456E+03
  1020.000   -71.362   1.117665E+03
  1020.000   -76.125   1.184657E+03
  1020.000   -80.888   1.251432E+03
  1020.000   -85.795   1.320000E+03
  1020.000   -90.414   1.329238E+03
  1020.000   -95.176   1.338762E+03
  1020.000   -99.939   1.348288E+03
  1020.000  -104.702   1.357814E+03
  1020.000  -109.465   1.367340E+03
  1020.000  -114.228   1.376866E+03
  1020.000  -118.991   1.386392E+03
  1020.000  -123.754   1.395918E+03
  1020.000  -128.516   1.401191E+03
  1020.000  -133.279   1.403275E+03
  1020.000  -138.042   1.405360E+03
  1020.000  -142.805   1.407444E+03
  1020.000  -147.568   1.409528E+03
  1020.000  -152.331   1.411613E+03
  1020.000  -157.094   1.413697E+03
  1020.000  -161.857   1.415782E+03
  1020.000  -166.619   1.417866E+03
  1020.000  -171.382   1.419950E+03
  1020.000  -176.145   1.422035E+03
  1020.000  -180.908   1.424119E+03
  1020.000  -185.671   1.426203E+03
  1020.000  -190.434   1.428288E+03
  1020.000  -195.197   1.430372E+03
  1020.000  -199.960   1.432457E+03
  1020.000  -204.722   1.434541E+03
  1020.000  -209.485   1.436625E+03
  1020.000  -214.248   1.438710E+03
  1020.000  -219.011   1.440794E+03
  1020.000  -228.537   1.444963E+03
  1020.000  -238.062   1.449131E+03
  1020.000  -247.588   1.453300E+03
  1020.000  -257.114   1.457469E+03
  1020.000  -266.640   1.461638E+03
  1020.000  -276.165   1.465806E+03
  1020.000  -285.691   1.469975E+03
  1020.000  -290.454   1.472060E+03
  1020.000  -295.217   1.474144E+03
  1020.000  -299.980   1.476228E+03
  1020.000  -304.743   1.478313E+03
  1020.000  -314.268   1.482481E+03
  1020.000  -323.794   1.486650E+03
  1020.000  -333.320   1.490819E+03
  1020.000  -342.846   1.494988E+03
  1020.000  -352.371   1.499156E+03
  1020.000  -361.897   1.503325E+03
  1020.000  -371.423   1.507494E+03
  1020.000  -380.949   1.511663E+03
  1020.000  -390.474   1.515831E+03
  1020.000  -400.000   1.520000E+03
  1025.000     0.081   0.000000E+00
  1025.000    -0.395   1.410875E+01
  1025.000    -1.348   4.207196E+01
  1025.000    -1.946   5.942695E+01
  1025.000    -2.300   6.784678E+01
  1025.000    -2.777   7.905777E+01
  1025.000    -3.253   9.008851E+01
  1025.000    -3.729   1.009626E+02
  1025.000    -4.206   1.117023E+02
  1025.000    -5.158   1.326659E+02
  1025.000    -5.634   1.429124E+02
  1025.000    -6.111   1.530231E+02
  1025.000    -6.587   1.629555E+02
  1025.000    -7.540   1.823697E+02
  1025.000    -8.492   2.011354E+02
  1025.000    -9.445   2.192922E+02
  1025.000   -10.397   2.368021E+02
  1025.000   -11.350   2.537018E+02
  1025.000   -12.302   2.699561E+02
  1025.000   -13.255   2.855992E+02
  1025.000   -14.208   3.006138E+02
  1025.000   -16.113   3.287440E+02
  1025.000   -18.018   3.543645E+02
  1025.000   -19.949   3.777773E+02
  1025.000   -21.828   4.069947E+02
  1025.000   -24.377   4.450089E+02
  1025.000   -25.638   4.633474E+02
  1025.000   -27.544   4.910345E+02
  1025.000   -29.449   5.186699E+02
  1025.000   -31.354   5.462684E+02
  1025.000   -33.259   5.738304E+02
  1025.000   -35.164   6.013562E+02
  1025.000   -38.022   6.425847E+02
  1025.000   -40.880   6.837329E+02
  1025.000   -43.737   7.247869E+02
  1025.000   -46.595   7.657758E+02
  1025.000   -49.453   8.066854E+02
  1025.000   -52.311   8.475161E+02
  1025.000   -55.168   8.882537E+02
  1025.000   -58.026   9.289269E+02
  1025.000   -60.884   9.695215E+02
  1025.000   -63.741   1.010024E+03
  1025.000   -66.599   1.050462E+03
  1025.000   -71.362   1.117680E+03
  1025.000   -76.125   1.184681E+03
  1025.000   -80.888   1.251465E+03
  1025.000   -85.792   1.320000E+03
  1025.000   -90.414   1.329244E+03
  1025.000   -95.176   1.338768E+03
  1025.000   -99.939   1.348294E+03
  1025.000  -104.702   1.357820E+03
  1025.000  -109.465   1.367346E+03
  1025.000  -114.228   1.376872E+03
  1025.000  -118.991   1.386398E+03
  1025.000  -123.754   1.395924E+03
  1025.000  -128.516   1.401192E+03
  1025.000  -133.279   1.403276E+03
  1025.000  -138.042   1.405361E+03
  1025.000  -142.805   1.407445E+03
  1025.000  -147.568   1.409530E+03
  1025.000  -152.331   1.411614E+03
  1025.000  -157.094   1.413699E+03
  1025.000  -161.857   1.415783E+03
  1025.000  -166.619   1.417867E+03
  1025.000  -171.382   1.419951E+03
  1025.000  -176.145   1.422036E+03
  1025.000  -180.908   1.424120E+03
  1025.000  -185.671   1.426204E+03
  1025.000  -190.434   1.428289E+03
  1025.000  -195.197   1.430373E+03
  1025.000  -199.960   1.432458E+03
  1025.000  -204.722   1.434542E+03
  1025.000  -209.485   1.436626E+03
  1025.000  -214.248   1.438710E+03
  1025.000  -219.011   1.440795E+03
  1025.000  -228.537   1.444964E+03
  1025.000  -238.062   1.449132E+03
  1025.000  -247.588   1.453301E+03
  1025.000  -257.114   1.457470E+03
  1025.000  -266.640   1.461638E+03
  1025.000  -276.165   1.465807E+03
  1025.000  -285.691   1.469976E+03
  1025.000  -290.454   1.472060E+03
  1025.000  -295.217   1.474144E+03
  1025.000  -299.980   1.476229E+03
  1025.000  -304.743   1.478313E+03
  1025.000  -314.268   1.482482E+03
  1025.000  -323.794   1.486650E+03
  1025.000  -333.320   1.490819E+03
  1025.000  -342.846   1.494988E+03
  1025.000  -352.371   1.499156E+03
  1025.000  -361.897   1.503325E+03
  1025.000  -371.423   1.507494E+03
  1025.000  -380.949   1.511663E+03
  1025.000  -390.474   1.515831E+03
  1025.000  -400.000   1.520000E+03
  1030.000     0.081   0.000000E+00
  1030.000    -0.395   1.409001E+01
  1030.000    -1.348   4.201583E+01
  1030.000    -1.992   6.067459E+01
  1030.000    -2.300   6.799049E+01
  1030.000    -2.777   7.919393E+01
  1030.000    -3.253   9.021718E+01
  1030.000    -3.729   1.010839E+02
  1030.000    -4.206   1.118164E+02
  1030.000    -5.158   1.327666E+02
  1030.000    -5.634   1.430068E+02
  1030.000    -6.111   1.531115E+02
  1030.000    -6.587   1.630382E+02
  1030.000    -7.540   1.824420E+02
  1030.000    -8.492   2.011988E+02
  1030.000    -9.445   2.193479E+02
  1030.000   -10.397   2.368512E+02
  1030.000   -11.350   2.537456E+02
  1030.000   -12.302   2.699955E+02
  1030.000   -13.255   2.856351E+02
  1030.000   -14.208   3.006470E+02
  1030.000   -16.113   3.287739E+02
  1030.000   -18.018   3.543933E+02
  1030.000   -19.963   3.779671E+02
  1030.000   -21.828   4.069481E+02
  1030.000   -24.348   4.445217E+02
  1030.000   -25.638   4.632834E+02
  1030.000   -27.544   4.909728E+02
  1030.000   -29.449   5.186109E+02
  1030.000   -31.354   5.462123E+02
  1030.000   -33.259   5.737774E+02
  1030.000   -35.164   6.013065E+02
  1030.000   -38.022   6.425400E+02
  1030.000   -40.880   6.836933E+02
  1030.000   -43.737   7.247524E+02
  1030.000   -46.595   7.657464E+02
  1030.000   -49.453   8.066613E+02
  1030.000   -52.311   8.474971E+02
  1030.000   -55.168   8.882399E+02
  1030.000   -58.026   9.289183E+02
  1030.000   -60.884   9.695182E+02
  1030.000   -63.741   1.010025E+03
  1030.000   -66.599   1.050469E+03
  1030.000   -71.362   1.117695E+03
  1030.000   -76.125   1.184705E+03
  1030.000   -80.888   1.251498E+03
  1030.000   -85.789   1.320000E+03
  1030.000   -90.414   1.329250E+03
  1030.000   -95.176   1.338774E+03
  1030.000   -99.939   1.348300E+03
  1030.000  -104.702   1.357826E+03
  1030.000  -109.465   1.367352E+03
  1030.000  -114.228   1.376878E+03
  1030.000  -118.991   1.386404E+03
  1030.000  -123.754   1.395930E+03
  1030.000  -128.516   1.401193E+03
  1030.000  -133.279   1.403278E+03
  1030.000  -138.042   1.405362E+03
  1030.000  -142.805   1.407447E+03
  1030.000  -147.568   1.409531E+03
  1030.000  -152.331   1.411615E+03
  1030.000  -157.094   1.413700E+03
  1030.000  -161.857   1.415784E+03
  1030.000  -166.619   1.417868E+03
  1030.000  -171.382   1.419952E+03
  1030.000  -176.145   1.422037E+03
  1030.000  -180.908   1.424121E+03
  1030.000  -185.671   1.426206E+03
  1030.000  -190.434   1.428290E+03
  1030.000  -195.197   1.430374E+03
  1030.000  -199.960   1.432459E+03
  1030.000  -204.722   1.434543E+03
  1030.000  -209.485   1.436627E+03
  1030.000  -214.248   1.438711E+03
  1030.000  -219.011   1.440796E+03
  1030.000  -228.537   1.444964E+03
  1030.000  -238.062   1.449133E+03
  1030.000  -247.588   1.453302E+03
  1030.000  -257.114   1.457470E+03
  1030.000  -266.640   1.461639E+03
  1030.000  -276.165   1.465807E+03
  1030.000  -285.691   1.469976E+03
  1030.000  -290.454   1.472061E+03
  1030.000  -295.217   1.474145E+03
  1030.000  -299.980   1.476229E+03
  1030.000  -304.743   1.478314E+03
  1030.000  -314.268   1.482482E+03
  1030.000  -323.794   1.486651E+03
  1030.000  -333.320   1.490820E+03
  1030.000  -342.846   1.494988E+03
  1030.000  -352.371   1.499157E+03
  1030.000  -361.897   1.503325E+03
  1030.000  -371.423   1.507494E+03
  1030.000  -380.949   1.511663E+03
  1030.000  -390.474   1.515831E+03
  1030.000  -400.000   1.520000E+03
  1035.000     0.081   0.000000E+00
  1035.000    -0.395   1.407462E+01
  1035.000    -1.348   4.196901E+01
  1035.000    -2.038   6.193093E+01
  1035.000    -2.300   6.814716E+01
  1035.000    -2.777   7.935981E+01
  1035.000    -3.253   9.037577E+01
  1035.000    -3.729   1.012356E+02
  1035.000    -4.206   1.119617E+02
  1035.000    -5.158   1.328999E+02
  1035.000    -5.634   1.431346E+02
  1035.000    -6.111   1.532341E+02
  1035.000    -6.587   1.631559E+02
  1035.000    -7.540   1.825507E+02
  1035.000    -8.492   2.012993E+02
  1035.000    -9.445   2.194412E+02
  1035.000   -10.397   2.369381E+02
  1035.000   -11.350   2.538267E+02
  1035.000   -12.302   2.700716E+02
  1035.000   -13.255   2.857069E+02
  1035.000   -14.208   3.007151E+02
  1035.000   -16.113   3.288364E+02
  1035.000   -18.018   3.544522E+02
  1035.000   -19.977   3.781843E+02
  1035.000   -21.828   4.069258E+02
  1035.000   -24.318   4.440400E+02
  1035.000   -25.638   4.632377E+02
  1035.000   -27.544   4.909271E+02
  1035.000   -29.449   5.185657E+02
  1035.000   -31.354   5.461683E+02
  1035.000   -33.259   5.737349E+02
  1035.000   -35.164   6.012659E+02
  1035.000   -38.022   6.425028E+02
  1035.000   -40.880   6.836599E+02
  1035.000   -43.737   7.247231E+02
  1035.000   -46.595   7.657214E+02
  1035.000   -49.453   8.066408E+02
  1035.000   -52.311   8.474812E+02
  1035.000   -55.168   8.882287E+02
  1035.000   -58.026   9.289119E+02
  1035.000   -60.884   9.695166E+02
  1035.000   -63.741   1.010029E+03
  1035.000   -66.599   1.050477E+03
  1035.000   -71.362   1.117712E+03
  1035.000   -76.125   1.184731E+03
  1035.000   -80.888   1.251532E+03
  1035.000   -85.786   1.320000E+03
  1035.000   -90.414   1.329256E+03
  1035.000   -95.176   1.338780E+03
  1035.000   -99.939   1.348306E+03
  1035.000  -104.702   1.357832E+03
  1035.000  -109.465   1.367358E+03
  1035.000  -114.228   1.376884E+03
  1035.000  -118.991   1.386410E+03
  1035.000  -123.754   1.395936E+03
  1035.000  -128.516   1.401195E+03
  1035.000  -133.279   1.403279E+03
  1035.000  -138.042   1.405363E+03
  1035.000  -142.805   1.407448E+03
  1035.000  -147.568   1.409532E+03
  1035.000  -152.331   1.411616E+03
  1035.000  -157.094   1.413701E+03
  1035.000  -161.857   1.415785E+03
  1035.000  -166.619   1.417869E+03
  1035.000  -171.382   1.419953E+03
  1035.000  -176.145   1.422038E+03
  1035.000  -180.908   1.424122E+03
  1035.000  -185.671   1.426207E+03
  1035.000  -190.434   1.428291E+03
  1035.000  -195.197   1.430375E+03
  1035.000  -199.960   1.432460E+03
  1035.000  -204.722   1.434544E+03
  1035.000  -209.485   1.436628E+03
  1035.000  -214.248   1.438712E+03
  1035.000  -219.011   1.440797E+03
  1035.000  -228.537   1.444965E+03
  1035.000  -238.062   1.449134E+03
  1035.000  -247.588   1.453302E+03
  1035.000  -257.114   1.457471E+03
  1035.000  -266.640   1.461640E+03
  1035.000  -276.165   1.465808E+03
  1035.000  -285.691   1.469977E+03
  1035.000  -290.454   1.472061E+03
  1035.000  -295.217   1.474145E+03
  1035.000  -299.980   1.476230E+03
  1035.000  -304.743   1.478314E+03
  1035.000  -314.268   1.482482E+03
  1035.000  -323.794   1.486651E+03
  1035.000  -333.320   1.490820E+03
  1035.000  -342.846   1.494989E+03
  1035.000  -352.371   1.499157E+03
  1035.000  -361.897   1.503326E+03
  1035.000  -371.423   1.507494E+03
  1035.000  -380.949   1.511663E+03
  1035.000  -390.474   1.515831E+03
  1035.000  -400.000   1.520000E+03
  1040.000     0.082   0.000000E+00
  1040.000    -0.394   1.405554E+01
  1040.000    -1.347   4.191291E+01
  1040.000    -1.823   5.567814E+01
  1041.000    -2.094   6.346784E+01
  1040.000    -2.776   7.947863E+01
  1040.000    -3.252   9.049348E+01
  1040.000    -3.728   1.013519E+02
  1040.000    -4.205   1.120762E+02
  1040.000    -5.157   1.330104E+02
  1040.000    -5.633   1.432429E+02
  1040.000    -6.110   1.533401E+02
  1040.000    -6.586   1.632596E+02
  1040.000    -7.539   1.826496E+02
  1040.000    -8.491   2.013935E+02
  1040.000    -9.444   2.195309E+02
  1040.000   -10.396   2.370235E+02
  1040.000   -11.349   2.539082E+02
  1040.000   -12.301   2.701496E+02
  1040.000   -13.254   2.857816E+02
  1040.000   -14.207   3.007870E+02
  1040.000   -16.112   3.289036E+02
  1040.000   -18.017   3.545162E+02
  1040.000   -19.991   3.784181E+02
  1040.000   -21.827   4.069038E+02
  1040.000   -24.288   4.435722E+02
  1040.000   -25.638   4.632049E+02
  1040.000   -27.543   4.908783E+02
  1040.000   -29.448   5.185162E+02
  1040.000   -31.353   5.461188E+02
  1040.000   -33.258   5.736861E+02
  1040.000   -35.163   6.012181E+02
  1040.000   -38.021   6.424572E+02
  1040.000   -40.879   6.836172E+02
  1040.000   -43.737   7.246982E+02
  1040.000   -46.594   7.656860E+02
  1040.000   -49.452   8.066093E+02
  1040.000   -52.310   8.474539E+02
  1040.000   -55.167   8.882057E+02
  1040.000   -58.025   9.288933E+02
  1040.000   -60.883   9.695026E+02
  1040.000   -63.741   1.010034E+03
  1040.000   -66.598   1.050473E+03
  1040.000   -71.361   1.117716E+03
  1040.000   -76.124   1.184743E+03
  1040.000   -80.887   1.251553E+03
  1040.000   -85.783   1.320000E+03
  1040.000   -90.413   1.329260E+03
  1040.000   -95.176   1.338786E+03
  1040.000   -99.939   1.348312E+03
  1040.000  -104.701   1.357836E+03
  1040.000  -109.464   1.367362E+03
  1040.000  -114.227   1.376888E+03
  1040.000  -118.990   1.386414E+03
  1040.000  -123.753   1.395940E+03
  1040.000  -128.516   1.401196E+03
  1040.000  -133.279   1.403280E+03
  1040.000  -138.042   1.405365E+03
  1040.000  -142.804   1.407449E+03
  1040.000  -147.567   1.409533E+03
  1040.000  -152.330   1.411617E+03
  1040.000  -157.093   1.413702E+03
  1040.000  -161.856   1.415786E+03
  1040.000  -166.619   1.417870E+03
  1040.000  -171.382   1.419955E+03
  1040.000  -176.145   1.422039E+03
  1040.000  -180.907   1.424123E+03
  1040.000  -185.670   1.426207E+03
  1040.000  -190.433   1.428291E+03
  1040.000  -195.196   1.430376E+03
  1040.000  -199.959   1.432460E+03
  1040.000  -204.722   1.434544E+03
  1040.000  -209.485   1.436629E+03
  1040.000  -214.248   1.438713E+03
  1040.000  -219.011   1.440797E+03
  1040.000  -228.536   1.444966E+03
  1040.000  -238.062   1.449134E+03
  1040.000  -247.588   1.453303E+03
  1040.000  -257.114   1.457472E+03
  1040.000  -266.639   1.461640E+03
  1040.000  -276.165   1.465809E+03
  1040.000  -285.691   1.469977E+03
  1040.000  -290.454   1.472062E+03
  1040.000  -295.217   1.474146E+03
  1040.000  -299.980   1.476230E+03
  1040.000  -304.742   1.478314E+03
  1040.000  -314.268   1.482483E+03
  1040.000  -323.794   1.486652E+03
  1040.000  -333.320   1.490820E+03
  1040.000  -342.845   1.494988E+03
  1040.000  -352.371   1.499157E+03
  1040.000  -361.897   1.503326E+03
  1040.000  -371.423   1.507494E+03
  1040.000  -380.948   1.511663E+03
  1040.000  -390.474   1.515831E+03
  1040.000  -400.000   1.520000E+03
  1045.000     0.082   0.000000E+00
  1045.000    -0.394   1.404843E+01
  1045.000    -1.347   4.189117E+01
  1045.000    -1.823   5.565633E+01
  1045.000    -2.124   6.431411E+01
  1045.000    -2.776   7.964489E+01
  1045.000    -3.252   9.065452E+01
  1045.000    -3.728   1.015081E+02
  1045.000    -4.205   1.122280E+02
  1045.000    -5.157   1.331541E+02
  1045.000    -5.633   1.433830E+02
  1045.000    -6.110   1.534767E+02
  1045.000    -6.586   1.633929E+02
  1045.000    -7.539   1.827768E+02
  1045.000    -8.491   2.015152E+02
  1045.000    -9.444   2.196474E+02
  1045.000   -10.396   2.371353E+02
  1045.000   -11.349   2.540155E+02
  1045.000   -12.301   2.702528E+02
  1045.000   -13.254   2.858811E+02
  1045.000   -14.207   3.008830E+02
  1045.000   -16.112   3.289937E+02
  1045.000   -18.017   3.546017E+02
  1045.000   -20.005   3.786600E+02
  1045.000   -21.827   4.069049E+02
  1045.000   -24.259   4.431265E+02
  1045.000   -25.638   4.631789E+02
  1045.000   -27.543   4.908502E+02
  1045.000   -29.448   5.184869E+02
  1045.000   -31.353   5.460890E+02
  1045.000   -33.258   5.736565E+02
  1045.000   -35.163   6.011892E+02
  1045.000   -38.021   6.424302E+02
  1045.000   -40.879   6.835928E+02
  1045.000   -43.737   7.246768E+02
  1045.000   -46.594   7.656679E+02
  1045.000   -49.452   8.065948E+02
  1045.000   -52.310   8.474432E+02
  1045.000   -55.167   8.881989E+02
  1045.000   -58.025   9.288906E+02
  1045.000   -60.883   9.695041E+02
  1045.000   -63.741   1.010040E+03
  1045.000   -66.598   1.050483E+03
  1045.000   -71.361   1.117734E+03
  1045.000   -76.124   1.184770E+03
  1045.000   -80.887   1.251591E+03
  1045.000   -85.779   1.320000E+03
  1045.000   -90.413   1.329268E+03
  1045.000   -95.176   1.338794E+03
  1045.000   -99.939   1.348320E+03
  1045.000  -104.701   1.357844E+03
  1045.000  -109.464   1.367370E+03
  1045.000  -114.227   1.376896E+03
  1045.000  -118.990   1.386422E+03
  1045.000  -123.753   1.395948E+03
  1045.000  -128.516   1.401198E+03
  1045.000  -133.279   1.403282E+03
  1045.000  -138.042   1.405366E+03
  1045.000  -142.804   1.407450E+03
  1045.000  -147.567   1.409534E+03
  1045.000  -152.330   1.411619E+03
  1045.000  -157.093   1.413703E+03
  1045.000  -161.856   1.415787E+03
  1045.000  -166.619   1.417872E+03
  1045.000  -171.382   1.419956E+03
  1045.000  -176.145   1.422040E+03
  1045.000  -180.907   1.424124E+03
  1045.000  -185.670   1.426208E+03
  1045.000  -190.433   1.428293E+03
  1045.000  -195.196   1.430377E+03
  1045.000  -199.959   1.432461E+03
  1045.000  -204.722   1.434546E+03
  1045.000  -209.485   1.436630E+03
  1045.000  -214.248   1.438714E+03
  1045.000  -219.011   1.440799E+03
  1045.000  -228.536   1.444967E+03
  1045.000  -238.062   1.449135E+03
  1045.000  -247.588   1.453304E+03
  1045.000  -257.114   1.457473E+03
  1045.000  -266.639   1.461641E+03
  1045.000  -276.165   1.465809E+03
  1045.000  -285.691   1.469978E+03
  1045.000  -290.454   1.472062E+03
  1045.000  -295.217   1.474147E+03
  1045.000  -299.980   1.476231E+03
  1045.000  -304.742   1.478315E+03
  1045.000  -314.268   1.482483E+03
  1045.000  -323.794   1.486652E+03
  1045.000  -333.320   1.490821E+03
  1045.000  -342.845   1.494989E+03
  1045.000  -352.371   1.499157E+03
  1045.000  -361.897   1.503326E+03
  1045.000  -371.423   1.507495E+03
  1045.000  -380.948   1.511663E+03
  1045.000  -390.474   1.515831E+03
  1045.000  -400.000   1.520000E+03
  1050.000     0.082   0.000000E+00
  1050.000    -0.394   1.403863E+01
  1050.000    -1.347   4.186163E+01
  1050.000    -1.823   5.561681E+01
  1050.000    -2.161   6.532767E+01
  1050.000    -2.776   7.978032E+01
  1050.000    -3.252   9.078938E+01
  1050.000    -3.728   1.016421E+02
  1050.000    -4.205   1.123609E+02
  1050.000    -5.157   1.332844E+02
  1050.000    -5.633   1.435117E+02
  1050.000    -6.110   1.536038E+02
  1050.000    -6.586   1.635183E+02
  1050.000    -7.539   1.828985E+02
  1050.000    -8.491   2.016331E+02
  1050.000    -9.444   2.197614E+02
  1050.000   -10.396   2.372455E+02
  1050.000   -11.349   2.541220E+02
  1050.000   -12.301   2.703555E+02
  1050.000   -13.254   2.859803E+02
  1050.000   -14.207   3.009789E+02
  1050.000   -16.112   3.290836E+02
  1050.000   -18.017   3.546867E+02
  1050.000   -20.019   3.789010E+02
  1050.000   -21.827   4.069055E+02
  1050.000   -24.229   4.426657E+02
  1050.000   -25.638   4.631525E+02
  1050.000   -27.543   4.908221E+02
  1050.000   -29.448   5.184580E+02
  1050.000   -31.353   5.460601E+02
  1050.000   -33.258   5.736281E+02
  1050.000   -35.163   6.011619E+02
  1050.000   -38.021   6.424052E+02
  1050.000   -40.879   6.835706E+02
  1050.000   -43.737   7.246577E+02
  1050.000   -46.594   7.656521E+02
  1050.000   -49.452   8.065825E+02
  1050.000   -52.310   8.474344E+02
  1050.000   -55.167   8.881938E+02
  1050.000   -58.025   9.288892E+02
  1050.000   -60.883   9.695065E+02
  1050.000   -63.741   1.010046E+03
  1050.000   -66.598   1.050493E+03
  1050.000   -71.361   1.117752E+03
  1050.000   -76.124   1.184796E+03
  1050.000   -80.887   1.251626E+03
  1050.000   -85.776   1.320000E+03
  1050.000   -90.413   1.329274E+03
  1050.000   -95.176   1.338800E+03
  1050.000   -99.939   1.348326E+03
  1050.000  -104.701   1.357850E+03
  1050.000  -109.464   1.367376E+03
  1050.000  -114.227   1.376902E+03
  1050.000  -118.990   1.386428E+03
  1050.000  -123.753   1.395954E+03
  1050.000  -128.516   1.401199E+03
  1050.000  -133.279   1.403283E+03
  1050.000  -138.042   1.405368E+03
  1050.000  -142.804   1.407451E+03
  1050.000  -147.567   1.409536E+03
  1050.000  -152.330   1.411620E+03
  1050.000  -157.093   1.413704E+03
  1050.000  -161.856   1.415789E+03
  1050.000  -166.619   1.417873E+03
  1050.000  -171.382   1.419957E+03
  1050.000  -176.145   1.422041E+03
  1050.000  -180.907   1.424125E+03
  1050.000  -185.670   1.426210E+03
  1050.000  -190.433   1.428294E+03
  1050.000  -195.196   1.430378E+03
  1050.000  -199.959   1.432462E+03
  1050.000  -204.722   1.434547E+03
  1050.000  -209.485   1.436631E+03
  1050.000  -214.248   1.438715E+03
  1050.000  -219.011   1.440799E+03
  1050.000  -228.536   1.444968E+03
  1050.000  -238.062   1.449136E+03
  1050.000  -247.588   1.453305E+03
  1050.000  -257.114   1.457473E+03
  1050.000  -266.639   1.461641E+03
  1050.000  -276.165   1.465810E+03
  1050.000  -285.691   1.469979E+03
  1050.000  -290.454   1.472063E+03
  1050.000  -295.217   1.474147E+03
  1050.000  -299.980   1.476231E+03
  1050.000  -304.742   1.478315E+03
  1050.000  -314.268   1.482484E+03
  1050.000  -323.794   1.486652E+03
  1050.000  -333.320   1.490821E+03
  1050.000  -342.845   1.494989E+03
  1050.000  -352.371   1.499158E+03
  1050.000  -361.897   1.503326E+03
  1050.000  -371.423   1.507495E+03
  1050.000  -380.948   1.511663E+03
  1050.000  -390.474   1.515831E+03
  1050.000  -400.000   1.520000E+03
  1055.000     0.082   0.000000E+00
  1055.000    -0.394   1.402963E+01
  1055.000    -1.347   4.183394E+01
  1055.000    -1.823   5.557952E+01
  1055.000    -2.199   6.637150E+01
  1055.000    -2.776   7.992128E+01
  1055.000    -3.252   9.092840E+01
  1055.000    -3.728   1.017792E+02
  1055.000    -4.205   1.124960E+02
  1055.000    -5.157   1.334153E+02
  1055.000    -5.633   1.436405E+02
  1055.000    -6.110   1.537305E+02
  1055.000    -6.586   1.636428E+02
  1055.000    -7.539   1.830187E+02
  1055.000    -8.491   2.017489E+02
  1055.000    -9.444   2.198728E+02
  1055.000   -10.396   2.373524E+02
  1055.000   -11.349   2.542245E+02
  1055.000   -12.301   2.704538E+02
  1055.000   -13.254   2.860742E+02
  1055.000   -14.207   3.010687E+02
  1055.000   -16.112   3.291657E+02
  1055.000   -18.017   3.547621E+02
  1055.000   -20.032   3.791187E+02
  1055.000   -21.827   4.068973E+02
  1055.000   -24.199   4.421966E+02
  1055.000   -25.638   4.631183E+02
  1055.000   -27.543   4.907873E+02
  1055.000   -29.448   5.184239E+02
  1055.000   -31.353   5.460275E+02
  1055.000   -33.258   5.735976E+02
  1055.000   -35.163   6.011337E+02
  1055.000   -38.021   6.423808E+02
  1055.000   -40.879   6.835498E+02
  1055.000   -43.737   7.246405E+02
  1055.000   -46.594   7.656384E+02
  1055.000   -49.452   8.065720E+02
  1055.000   -52.310   8.474272E+02
  1055.000   -55.167   8.881899E+02
  1055.000   -58.025   9.288886E+02
  1055.000   -60.883   9.695094E+02
  1055.000   -63.741   1.010052E+03
  1055.000   -66.598   1.050504E+03
  1055.000   -71.361   1.117769E+03
  1055.000   -76.124   1.184821E+03
  1055.000   -80.887   1.251658E+03
  1055.000   -85.773   1.320000E+03
  1055.000   -90.413   1.329280E+03
  1055.000   -95.176   1.338806E+03
  1055.000   -99.939   1.348332E+03
  1055.000  -104.701   1.357856E+03
  1055.000  -109.464   1.367382E+03
  1055.000  -114.227   1.376908E+03
  1055.000  -118.990   1.386434E+03
  1055.000  -123.753   1.395960E+03
  1055.000  -128.516   1.401200E+03
  1055.000  -133.279   1.403285E+03
  1055.000  -138.042   1.405369E+03
  1055.000  -142.804   1.407453E+03
  1055.000  -147.567   1.409537E+03
  1055.000  -152.330   1.411621E+03
  1055.000  -157.093   1.413705E+03
  1055.000  -161.856   1.415790E+03
  1055.000  -166.619   1.417874E+03
  1055.000  -171.382   1.419958E+03
  1055.000  -176.145   1.422042E+03
  1055.000  -180.907   1.424126E+03
  1055.000  -185.670   1.426211E+03
  1055.000  -190.433   1.428295E+03
  1055.000  -195.196   1.430379E+03
  1055.000  -199.959   1.432463E+03
  1055.000  -204.722   1.434548E+03
  1055.000  -209.485   1.436632E+03
  1055.000  -214.248   1.438716E+03
  1055.000  -219.011   1.440800E+03
  1055.000  -228.536   1.444968E+03
  1055.000  -238.062   1.449137E+03
  1055.000  -247.588   1.453305E+03
  1055.000  -257.114   1.457474E+03
  1055.000  -266.639   1.461642E+03
  1055.000  -276.165   1.465811E+03
  1055.000  -285.691   1.469979E+03
  1055.000  -290.454   1.472063E+03
  1055.000  -295.217   1.474148E+03
  1055.000  -299.980   1.476232E+03
  1055.000  -304.742   1.478316E+03
  1055.000  -314.268   1.482484E+03
  1055.000  -323.794   1.486653E+03
  1055.000  -333.320   1.490821E+03
  1055.000  -342.845   1.494989E+03
  1055.000  -352.371   1.499158E+03
  1055.000  -361.897   1.503326E+03
  1055.000  -371.423   1.507495E+03
  1055.000  -380.948   1.511663E+03
  1055.000  -390.474   1.515831E+03
  1055.000  -400.000   1.520000E+03
  1060.000     0.083   0.000000E+00
  1060.000    -0.393   1.401746E+01
  1060.000    -1.346   4.179813E+01
  1060.000    -1.822   5.553219E+01
  1060.000    -2.236   6.740169E+01
  1060.000    -2.775   8.004856E+01
  1060.000    -3.251   9.105272E+01
  1060.000    -3.727   1.019006E+02
  1060.000    -4.204   1.126145E+02
  1060.000    -5.156   1.335283E+02
  1060.000    -5.632   1.437508E+02
  1060.000    -6.109   1.538381E+02
  1060.000    -6.585   1.637478E+02
  1060.000    -7.538   1.831184E+02
  1060.000    -8.490   2.018435E+02
  1060.000    -9.443   2.199623E+02
  1060.000   -10.395   2.374369E+02
  1060.000   -11.348   2.543040E+02
  1060.000   -12.301   2.705450E+02
  1060.000   -13.253   2.861437E+02
  1060.000   -14.206   3.011330E+02
  1060.000   -16.111   3.292192E+02
  1060.000   -18.016   3.548059E+02
  1060.000   -20.046   3.793268E+02
  1060.000   -21.826   4.068490E+02
  1060.000   -24.169   4.417053E+02
  1060.000   -25.637   4.630500E+02
  1060.000   -27.542   4.907228E+02
  1060.000   -29.447   5.183645E+02
  1060.000   -31.352   5.459734E+02
  1060.000   -33.257   5.735486E+02
  1060.000   -35.162   6.010894E+02
  1060.000   -38.020   6.423424E+02
  1060.000   -40.878   6.835164E+02
  1060.000   -43.736   7.246112E+02
  1060.000   -46.593   7.656125E+02
  1060.000   -49.451   8.065493E+02
  1060.000   -52.309   8.474074E+02
  1060.000   -55.167   8.881871E+02
  1060.000   -58.024   9.288744E+02
  1060.000   -60.882   9.694980E+02
  1060.000   -63.740   1.010044E+03
  1060.000   -66.598   1.050512E+03
  1060.000   -71.360   1.117770E+03
  1060.000   -76.123   1.184828E+03
  1060.000   -80.886   1.251675E+03
  1060.000   -85.770   1.320000E+03
  1060.000   -90.412   1.329284E+03
  1060.000   -95.175   1.338810E+03
  1060.000   -99.938   1.348336E+03
  1060.000  -104.701   1.357862E+03
  1060.000  -109.464   1.367388E+03
  1060.000  -114.226   1.376912E+03
  1060.000  -118.989   1.386438E+03
  1060.000  -123.752   1.395964E+03
  1060.000  -128.515   1.401201E+03
  1060.000  -133.278   1.403285E+03
  1060.000  -138.041   1.405370E+03
  1060.000  -142.804   1.407454E+03
  1060.000  -147.567   1.409538E+03
  1060.000  -152.330   1.411622E+03
  1060.000  -157.092   1.413706E+03
  1060.000  -161.855   1.415790E+03
  1060.000  -166.618   1.417875E+03
  1060.000  -171.381   1.419959E+03
  1060.000  -176.144   1.422043E+03
  1060.000  -180.907   1.424127E+03
  1060.000  -185.670   1.426212E+03
  1060.000  -190.433   1.428296E+03
  1060.000  -195.196   1.430380E+03
  1060.000  -199.959   1.432464E+03
  1060.000  -204.721   1.434548E+03
  1060.000  -209.484   1.436632E+03
  1060.000  -214.247   1.438717E+03
  1060.000  -219.010   1.440801E+03
  1060.000  -228.536   1.444969E+03
  1060.000  -238.062   1.449138E+03
  1060.000  -247.587   1.453306E+03
  1060.000  -257.113   1.457474E+03
  1060.000  -266.639   1.461643E+03
  1060.000  -276.165   1.465811E+03
  1060.000  -285.691   1.469980E+03
  1060.000  -290.453   1.472063E+03
  1060.000  -295.216   1.474148E+03
  1060.000  -299.979   1.476232E+03
  1060.000  -304.742   1.478316E+03
  1060.000  -314.268   1.482485E+03
  1060.000  -323.794   1.486653E+03
  1060.000  -333.320   1.490822E+03
  1060.000  -342.845   1.494990E+03
  1060.000  -352.371   1.499158E+03
  1060.000  -361.897   1.503327E+03
  1060.000  -371.423   1.507495E+03
  1060.000  -380.948   1.511663E+03
  1060.000  -390.474   1.515832E+03
  1060.000  -400.000   1.520000E+03
  1065.000     0.084   0.000000E+00
  1065.000    -0.392   1.400518E+01
  1065.000    -1.345   4.176166E+01
  1065.000    -1.821   5.548388E+01
  1065.000    -2.274   6.845665E+01
  1065.000    -2.774   8.017819E+01
  1065.000    -3.250   9.117891E+01
  1065.000    -3.726   1.020234E+02
  1065.000    -4.203   1.127338E+02
  1065.000    -5.155   1.336406E+02
  1065.000    -5.631   1.438600E+02
  1065.000    -6.108   1.539443E+02
  1065.000    -6.584   1.638510E+02
  1065.000    -7.537   1.832155E+02
  1065.000    -8.489   2.019345E+02
  1065.000    -9.442   2.200477E+02
  1065.000   -10.394   2.375170E+02
  1065.000   -11.347   2.543790E+02
  1065.000   -12.300   2.706148E+02
  1065.000   -13.252   2.862075E+02
  1065.000   -14.205   3.011892E+02
  1065.000   -16.110   3.292507E+02
  1065.000   -18.015   3.548103E+02
  1065.000   -20.060   3.794784E+02
  1065.000   -21.825   4.067465E+02
  1065.000   -24.140   4.411814E+02
  1065.000   -25.636   4.629452E+02
  1065.000   -27.541   4.906351E+02
  1065.000   -29.446   5.182921E+02
  1065.000   -31.351   5.459136E+02
  1065.000   -33.256   5.734987E+02
  1065.000   -35.161   6.010471E+02
  1065.000   -38.019   6.423079E+02
  1065.000   -40.877   6.834873E+02
  1065.000   -43.735   7.245859E+02
  1065.000   -46.592   7.655902E+02
  1065.000   -49.450   8.065294E+02
  1065.000   -52.308   8.473896E+02
  1065.000   -55.166   8.881713E+02
  1065.000   -58.023   9.288605E+02
  1065.000   -60.881   9.694863E+02
  1065.000   -63.739   1.010035E+03
  1065.000   -66.597   1.050506E+03
  1065.000   -71.360   1.117781E+03
  1065.000   -76.122   1.184831E+03
  1065.000   -80.885   1.251687E+03
  1065.000   -85.767   1.320000E+03
  1065.000   -90.411   1.329288E+03
  1065.000   -95.174   1.338814E+03
  1065.000   -99.937   1.348340E+03
  1065.000  -104.700   1.357866E+03
  1065.000  -109.463   1.367392E+03
  1065.000  -114.226   1.376918E+03
  1065.000  -118.989   1.386444E+03
  1065.000  -123.752   1.395970E+03
  1065.000  -128.514   1.401202E+03
  1065.000  -133.277   1.403286E+03
  1065.000  -138.040   1.405370E+03
  1065.000  -142.803   1.407455E+03
  1065.000  -147.566   1.409539E+03
  1065.000  -152.329   1.411623E+03
  1065.000  -157.092   1.413707E+03
  1065.000  -161.855   1.415792E+03
  1065.000  -166.618   1.417876E+03
  1065.000  -171.381   1.419960E+03
  1065.000  -176.143   1.422044E+03
  1065.000  -180.906   1.424128E+03
  1065.000  -185.669   1.426212E+03
  1065.000  -190.432   1.428296E+03
  1065.000  -195.195   1.430381E+03
  1065.000  -199.958   1.432465E+03
  1065.000  -204.721   1.434549E+03
  1065.000  -209.484   1.436633E+03
  1065.000  -214.247   1.438717E+03
  1065.000  -219.010   1.440802E+03
  1065.000  -228.535   1.444970E+03
  1065.000  -238.061   1.449138E+03
  1065.000  -247.587   1.453306E+03
  1065.000  -257.113   1.457475E+03
  1065.000  -266.639   1.461643E+03
  1065.000  -276.164   1.465811E+03
  1065.000  -285.690   1.469980E+03
  1065.000  -290.453   1.472064E+03
  1065.000  -295.216   1.474148E+03
  1065.000  -299.979   1.476232E+03
  1065.000  -304.742   1.478317E+03
  1065.000  -314.268   1.482485E+03
  1065.000  -323.794   1.486653E+03
  1065.000  -333.319   1.490821E+03
  1065.000  -342.845   1.494990E+03
  1065.000  -352.371   1.499158E+03
  1065.000  -361.897   1.503327E+03
  1065.000  -371.423   1.507495E+03
  1065.000  -380.948   1.511663E+03
  1065.000  -390.474   1.515832E+03
  1065.000  -400.000   1.520000E+03
  1070.000     0.084   0.000000E+00
  1070.000    -0.392   1.400710E+01
  1070.000    -1.345   4.173555E+01
  1070.000    -1.821   5.545858E+01
  1070.000    -2.311   6.948817E+01
  1070.000    -2.774   8.033184E+01
  1070.000    -3.250   9.132789E+01
  1070.000    -3.726   1.021704E+02
  1070.000    -4.203   1.128815E+02
  1070.000    -5.155   1.337458E+02
  1070.000    -5.631   1.439725E+02
  1070.000    -6.108   1.540659E+02
  1070.000    -6.584   1.639840E+02
  1070.000    -7.537   1.833264E+02
  1070.000    -8.489   2.020312E+02
  1070.000    -9.442   2.201366E+02
  1070.000   -10.394   2.376042E+02
  1070.000   -11.347   2.544704E+02
  1070.000   -12.300   2.707168E+02
  1070.000   -13.252   2.863284E+02
  1070.000   -14.205   3.013390E+02
  1070.000   -16.110   3.292912E+02
  1070.000   -18.015   3.547523E+02
  1070.000   -20.074   3.794084E+02
  1070.000   -21.825   4.065506E+02
  1070.000   -24.110   4.405162E+02
  1070.000   -25.636   4.628009E+02
  1070.000   -27.541   4.905503E+02
  1070.000   -29.446   5.182405E+02
  1070.000   -31.351   5.458812E+02
  1070.000   -33.256   5.734780E+02
  1070.000   -35.161   6.010341E+02
  1070.000   -38.019   6.422994E+02
  1070.000   -40.877   6.834814E+02
  1070.000   -43.735   7.245817E+02
  1070.000   -46.592   7.655872E+02
  1070.000   -49.450   8.065274E+02
  1070.000   -52.308   8.473884E+02
  1070.000   -55.166   8.881708E+02
  1070.000   -58.023   9.288609E+02
  1070.000   -60.881   9.694877E+02
  1070.000   -63.739   1.010038E+03
  1070.000   -66.597   1.050512E+03
  1070.000   -71.360   1.117786E+03
  1070.000   -76.122   1.184838E+03
  1070.000   -80.885   1.251703E+03
  1070.000   -85.764   1.320000E+03
  1070.000   -90.411   1.329294E+03
  1070.000   -95.174   1.338820E+03
  1070.000   -99.937   1.348346E+03
  1070.000  -104.700   1.357872E+03
  1070.000  -109.463   1.367398E+03
  1070.000  -114.226   1.376924E+03
  1070.000  -118.989   1.386450E+03
  1070.000  -123.752   1.395976E+03
  1070.000  -128.514   1.401203E+03
  1070.000  -133.277   1.403288E+03
  1070.000  -138.040   1.405372E+03
  1070.000  -142.803   1.407456E+03
  1070.000  -147.566   1.409540E+03
  1070.000  -152.329   1.411624E+03
  1070.000  -157.092   1.413708E+03
  1070.000  -161.855   1.415793E+03
  1070.000  -166.618   1.417877E+03
  1070.000  -171.381   1.419961E+03
  1070.000  -176.143   1.422045E+03
  1070.000  -180.906   1.424129E+03
  1070.000  -185.669   1.426213E+03
  1070.000  -190.432   1.428297E+03
  1070.000  -195.195   1.430382E+03
  1070.000  -199.958   1.432466E+03
  1070.000  -204.721   1.434550E+03
  1070.000  -209.484   1.436634E+03
  1070.000  -214.247   1.438718E+03
  1070.000  -219.010   1.440803E+03
  1070.000  -228.535   1.444970E+03
  1070.000  -238.061   1.449139E+03
  1070.000  -247.587   1.453307E+03
  1070.000  -257.113   1.457476E+03
  1070.000  -266.639   1.461644E+03
  1070.000  -276.164   1.465812E+03
  1070.000  -285.690   1.469980E+03
  1070.000  -290.453   1.472064E+03
  1070.000  -295.216   1.474149E+03
  1070.000  -299.979   1.476233E+03
  1070.000  -304.742   1.478317E+03
  1070.000  -314.268   1.482485E+03
  1070.000  -323.794   1.486654E+03
  1070.000  -333.319   1.490822E+03
  1070.000  -342.845   1.494990E+03
  1070.000  -352.371   1.499159E+03
  1070.000  -361.897   1.503327E+03
  1070.000  -371.423   1.507495E+03
  1070.000  -380.948   1.511663E+03
  1070.000  -390.474   1.515832E+03
  1070.000  -400.000   1.520000E+03
