c
       24192
     0.000    -1.602   0.000000E+00
     0.000    -2.358   2.507097E+01
     0.000    -3.025   4.453175E+01
     0.000    -3.499   5.817107E+01
     0.000    -3.973   7.165594E+01
     0.000    -4.448   8.501308E+01
     0.000    -4.922   9.818510E+01
     0.000    -5.396   1.111991E+02
     0.000    -5.871   1.240812E+02
     0.000    -6.819   1.493671E+02
     0.000    -7.293   1.617421E+02
     0.000    -7.768   1.739819E+02
     0.000    -8.242   1.860344E+02
     0.000    -9.191   2.097336E+02
     0.000   -10.139   2.327597E+02
     0.000   -11.088   2.551625E+02
     0.000   -11.765   2.706531E+02
     0.000   -12.985   3.059499E+02
     0.000   -13.933   3.329063E+02
     0.000   -14.882   3.594489E+02
     0.000   -15.831   3.855276E+02
     0.000   -18.269   4.504870E+02
     0.000   -19.625   4.688733E+02
     0.000   -21.522   4.951520E+02
     0.000   -23.419   5.218768E+02
     0.000   -25.316   5.488714E+02
     0.000   -27.213   5.759971E+02
     0.000   -29.110   6.031376E+02
     0.000   -31.008   6.302060E+02
     0.000   -32.905   6.571050E+02
     0.000   -34.802   6.837856E+02
     0.000   -36.699   7.101508E+02
     0.000   -39.545   7.491553E+02
     0.000   -42.390   7.876002E+02
     0.000   -45.236   8.255260E+02
     0.000   -48.082   8.625710E+02
     0.000   -50.927   8.987534E+02
     0.000   -53.773   9.342201E+02
     0.000   -56.619   9.690148E+02
     0.000   -59.465   1.003211E+03
     0.000   -62.310   1.036880E+03
     0.000   -65.156   1.070095E+03
     0.000   -68.002   1.102904E+03
     0.000   -72.745   1.156792E+03
     0.000   -77.487   1.209385E+03
     0.000   -82.230   1.259918E+03
     0.000   -88.513   1.320000E+03
     0.000   -91.716   1.326406E+03
     0.000   -96.459   1.335892E+03
     0.000  -101.202   1.345378E+03
     0.000  -105.944   1.354862E+03
     0.000  -110.687   1.364348E+03
     0.000  -115.430   1.373834E+03
     0.000  -120.173   1.383320E+03
     0.000  -124.916   1.392806E+03
     0.000  -129.659   1.400507E+03
     0.000  -134.401   1.402603E+03
     0.000  -139.144   1.404699E+03
     0.000  -143.887   1.406795E+03
     0.000  -148.630   1.408892E+03
     0.000  -153.373   1.410988E+03
     0.000  -158.116   1.413085E+03
     0.000  -162.858   1.415181E+03
     0.000  -167.601   1.417277E+03
     0.000  -172.344   1.419374E+03
     0.000  -177.087   1.421470E+03
     0.000  -181.830   1.423567E+03
     0.000  -186.573   1.425663E+03
     0.000  -191.315   1.427759E+03
     0.000  -196.058   1.429856E+03
     0.000  -200.801   1.431952E+03
     0.000  -205.544   1.434048E+03
     0.000  -210.287   1.436145E+03
     0.000  -215.030   1.438241E+03
     0.000  -219.772   1.440337E+03
     0.000  -229.258   1.444530E+03
     0.000  -238.744   1.448723E+03
     0.000  -248.229   1.452916E+03
     0.000  -257.715   1.457109E+03
     0.000  -267.201   1.461301E+03
     0.000  -276.686   1.465494E+03
     0.000  -286.172   1.469687E+03
     0.000  -290.915   1.471783E+03
     0.000  -295.658   1.473880E+03
     0.000  -300.401   1.475976E+03
     0.000  -305.143   1.478072E+03
     0.000  -314.629   1.482265E+03
     0.000  -324.115   1.486458E+03
     0.000  -333.600   1.490651E+03
     0.000  -343.086   1.494843E+03
     0.000  -352.572   1.499036E+03
     0.000  -362.057   1.503229E+03
     0.000  -371.543   1.507422E+03
     0.000  -381.029   1.511615E+03
     0.000  -390.514   1.515807E+03
     0.000  -400.000   1.520000E+03
     5.000    -1.643   0.000000E+00
     5.000    -2.441   2.665626E+01
     5.000    -3.066   4.497735E+01
     5.000    -3.540   5.868413E+01
     5.000    -4.014   7.222697E+01
     5.000    -4.488   8.560592E+01
     5.000    -4.963   9.884890E+01
     5.000    -5.437   1.119003E+02
     5.000    -5.911   1.247880E+02
     5.000    -6.860   1.500994E+02
     5.000    -7.334   1.624959E+02
     5.000    -7.808   1.747285E+02
     5.000    -8.282   1.867971E+02
     5.000    -9.231   2.104668E+02
     5.000   -10.179   2.334520E+02
     5.000   -11.591   2.665358E+02
     5.000   -12.076   2.807499E+02
     5.000   -13.025   3.082744E+02
     5.000   -13.973   3.354225E+02
     5.000   -14.922   3.622472E+02
     5.000   -15.870   3.886904E+02
     5.000   -17.800   4.413438E+02
     5.000   -19.664   4.675670E+02
     5.000   -21.561   4.944781E+02
     5.000   -23.458   5.215923E+02
     5.000   -25.355   5.488371E+02
     5.000   -27.252   5.761320E+02
     5.000   -29.149   6.033922E+02
     5.000   -31.046   6.305338E+02
     5.000   -32.942   6.574948E+02
     5.000   -34.839   6.842268E+02
     5.000   -36.736   7.106423E+02
     5.000   -39.582   7.496932E+02
     5.000   -42.427   7.882220E+02
     5.000   -45.273   8.261669E+02
     5.000   -48.118   8.632314E+02
     5.000   -50.963   8.994614E+02
     5.000   -53.809   9.349775E+02
     5.000   -56.654   9.698117E+02
     5.000   -59.500   1.004072E+03
     5.000   -62.345   1.037810E+03
     5.000   -65.190   1.071099E+03
     5.000   -68.036   1.104036E+03
     5.000   -72.778   1.158210E+03
     5.000   -77.521   1.211360E+03
     5.000   -82.263   1.263240E+03
     5.000   -87.659   1.320000E+03
     5.000   -91.748   1.328178E+03
     5.000   -96.490   1.337662E+03
     5.000  -101.232   1.347146E+03
     5.000  -105.975   1.356632E+03
     5.000  -110.717   1.366116E+03
     5.000  -115.459   1.375600E+03
     5.000  -120.202   1.385086E+03
     5.000  -124.944   1.394570E+03
     5.000  -129.686   1.400893E+03
     5.000  -134.429   1.402983E+03
     5.000  -139.171   1.405072E+03
     5.000  -143.913   1.407162E+03
     5.000  -148.656   1.409252E+03
     5.000  -153.398   1.411341E+03
     5.000  -158.140   1.413431E+03
     5.000  -162.883   1.415521E+03
     5.000  -167.625   1.417610E+03
     5.000  -172.367   1.419699E+03
     5.000  -177.110   1.421789E+03
     5.000  -181.852   1.423879E+03
     5.000  -186.594   1.425968E+03
     5.000  -191.337   1.428058E+03
     5.000  -196.079   1.430147E+03
     5.000  -200.822   1.432237E+03
     5.000  -205.564   1.434327E+03
     5.000  -210.306   1.436416E+03
     5.000  -215.049   1.438506E+03
     5.000  -219.791   1.440596E+03
     5.000  -229.276   1.444775E+03
     5.000  -238.760   1.448954E+03
     5.000  -248.245   1.453133E+03
     5.000  -257.730   1.457312E+03
     5.000  -267.214   1.461491E+03
     5.000  -276.699   1.465671E+03
     5.000  -286.184   1.469850E+03
     5.000  -290.926   1.471939E+03
     5.000  -295.668   1.474029E+03
     5.000  -300.411   1.476119E+03
     5.000  -305.153   1.478208E+03
     5.000  -314.638   1.482387E+03
     5.000  -324.122   1.486566E+03
     5.000  -333.607   1.490746E+03
     5.000  -343.092   1.494925E+03
     5.000  -352.577   1.499104E+03
     5.000  -362.061   1.503283E+03
     5.000  -371.546   1.507462E+03
     5.000  -381.031   1.511642E+03
     5.000  -390.515   1.515821E+03
     5.000  -400.000   1.520000E+03
    10.000    -1.691   0.000000E+00
    10.000    -2.523   2.795734E+01
    10.000    -3.114   4.535255E+01
    10.000    -3.588   5.913507E+01
    10.000    -4.062   7.271915E+01
    10.000    -4.536   8.613155E+01
    10.000    -5.010   9.937448E+01
    10.000    -5.484   1.124498E+02
    10.000    -5.959   1.253861E+02
    10.000    -6.907   1.507095E+02
    10.000    -7.381   1.631260E+02
    10.000    -7.855   1.753799E+02
    10.000    -8.329   1.874716E+02
    10.000    -9.278   2.111947E+02
    10.000   -10.226   2.342476E+02
    10.000   -11.417   2.622661E+02
    10.000   -12.123   2.831625E+02
    10.000   -13.071   3.109331E+02
    10.000   -14.020   3.384134E+02
    10.000   -14.968   3.655493E+02
    10.000   -15.916   3.923751E+02
    11.000   -17.238   4.296777E+02
    10.000   -19.710   4.656591E+02
    10.000   -21.606   4.930749E+02
    10.000   -23.503   5.206119E+02
    10.000   -25.400   5.481919E+02
    10.000   -27.297   5.757724E+02
    10.000   -29.193   6.032567E+02
    10.000   -31.090   6.306012E+02
    10.000   -32.987   6.577526E+02
    10.000   -34.883   6.846255E+02
    10.000   -36.780   7.111815E+02
    10.000   -39.625   7.504102E+02
    10.000   -42.470   7.891041E+02
    10.000   -45.315   8.271945E+02
    10.000   -48.160   8.644096E+02
    10.000   -51.005   9.007944E+02
    10.000   -53.851   9.364714E+02
    10.000   -56.696   9.714791E+02
    10.000   -59.541   1.005919E+03
    10.000   -62.386   1.039871E+03
    10.000   -65.231   1.073430E+03
    10.000   -68.076   1.106683E+03
    10.000   -72.818   1.161555E+03
    10.000   -77.559   1.215779E+03
    10.000   -82.301   1.269497E+03
    10.000   -86.804   1.320000E+03
    10.000   -91.785   1.329962E+03
    10.000   -96.526   1.339444E+03
    10.000  -101.268   1.348928E+03
    10.000  -106.010   1.358412E+03
    10.000  -110.752   1.367896E+03
    10.000  -115.494   1.377380E+03
    10.000  -120.235   1.386862E+03
    10.000  -124.977   1.396346E+03
    10.000  -129.719   1.401280E+03
    10.000  -134.461   1.403363E+03
    10.000  -139.202   1.405446E+03
    10.000  -143.944   1.407529E+03
    10.000  -148.686   1.409612E+03
    10.000  -153.428   1.411694E+03
    10.000  -158.170   1.413777E+03
    10.000  -162.911   1.415860E+03
    10.000  -167.653   1.417943E+03
    10.000  -172.395   1.420026E+03
    10.000  -177.137   1.422109E+03
    10.000  -181.878   1.424191E+03
    10.000  -186.620   1.426274E+03
    10.000  -191.362   1.428357E+03
    10.000  -196.104   1.430440E+03
    10.000  -200.846   1.432523E+03
    10.000  -205.587   1.434605E+03
    10.000  -210.329   1.436688E+03
    10.000  -215.071   1.438771E+03
    10.000  -219.813   1.440854E+03
    10.000  -229.296   1.445019E+03
    10.000  -238.780   1.449185E+03
    10.000  -248.263   1.453350E+03
    10.000  -257.747   1.457516E+03
    10.000  -267.230   1.461681E+03
    10.000  -276.714   1.465847E+03
    10.000  -286.197   1.470013E+03
    10.000  -290.939   1.472095E+03
    10.000  -295.681   1.474178E+03
    10.000  -300.423   1.476261E+03
    10.000  -305.165   1.478344E+03
    10.000  -314.648   1.482510E+03
    10.000  -324.132   1.486675E+03
    10.000  -333.615   1.490841E+03
    10.000  -343.099   1.495007E+03
    10.000  -352.582   1.499172E+03
    10.000  -362.066   1.503338E+03
    10.000  -371.549   1.507503E+03
    10.000  -381.033   1.511669E+03
    10.000  -390.516   1.515834E+03
    10.000  -400.000   1.520000E+03
    15.000    -1.641   0.000000E+00
    15.000    -2.115   1.531971E+01
    15.000    -2.606   3.118690E+01
    15.000    -3.538   5.769337E+01
    15.000    -4.012   7.103539E+01
    15.000    -4.486   8.425791E+01
    15.000    -4.961   9.738231E+01
    15.000    -5.435   1.103479E+02
    15.000    -5.909   1.231779E+02
    15.000    -6.858   1.484432E+02
    15.000    -7.332   1.608452E+02
    15.000    -7.806   1.730991E+02
    15.000    -8.280   1.852027E+02
    15.000    -9.229   2.089767E+02
    15.000   -10.177   2.321055E+02
    15.000   -11.243   2.573436E+02
    15.000   -12.074   2.821763E+02
    15.000   -13.023   3.102097E+02
    15.000   -13.971   3.378937E+02
    15.000   -14.920   3.652837E+02
    15.000   -15.868   3.923191E+02
    15.000   -16.982   4.236437E+02
    15.000   -19.662   4.624332E+02
    15.000   -21.559   4.901862E+02
    15.000   -23.456   5.180322E+02
    15.000   -25.353   5.459220E+02
    15.000   -27.250   5.738053E+02
    15.000   -29.147   6.015877E+02
    15.000   -31.044   6.291976E+02
    15.000   -32.941   6.565977E+02
    15.000   -34.838   6.837108E+02
    15.000   -36.735   7.104942E+02
    15.000   -39.580   7.500414E+02
    15.000   -42.425   7.890325E+02
    15.000   -45.271   8.274157E+02
    15.000   -48.116   8.648899E+02
    15.000   -50.962   9.015698E+02
    15.000   -53.807   9.375097E+02
    15.000   -56.652   9.728173E+02
    15.000   -59.498   1.007590E+03
    15.000   -62.343   1.041893E+03
    15.000   -65.189   1.075882E+03
    15.000   -68.034   1.109591E+03
    15.000   -72.777   1.165427E+03
    15.000   -77.519   1.221004E+03
    15.000   -82.261   1.276612E+03
    15.000   -85.950   1.320000E+03
    15.000   -91.746   1.331592E+03
    15.000   -96.488   1.341076E+03
    15.000  -101.231   1.350562E+03
    15.000  -105.973   1.360046E+03
    15.000  -110.715   1.369530E+03
    15.000  -115.458   1.379016E+03
    15.000  -120.200   1.388500E+03
    15.000  -124.943   1.397986E+03
    15.000  -129.685   1.401635E+03
    15.000  -134.427   1.403712E+03
    15.000  -139.170   1.405789E+03
    15.000  -143.912   1.407865E+03
    15.000  -148.654   1.409942E+03
    15.000  -153.397   1.412018E+03
    15.000  -158.139   1.414095E+03
    15.000  -162.882   1.416172E+03
    15.000  -167.624   1.418248E+03
    15.000  -172.366   1.420324E+03
    15.000  -177.109   1.422401E+03
    15.000  -181.851   1.424478E+03
    15.000  -186.593   1.426554E+03
    15.000  -191.336   1.428631E+03
    15.000  -196.078   1.430707E+03
    15.000  -200.821   1.432784E+03
    15.000  -205.563   1.434861E+03
    15.000  -210.305   1.436937E+03
    15.000  -215.048   1.439014E+03
    15.000  -219.790   1.441090E+03
    15.000  -229.275   1.445244E+03
    15.000  -238.759   1.449396E+03
    15.000  -248.244   1.453550E+03
    15.000  -257.729   1.457703E+03
    15.000  -267.214   1.461856E+03
    15.000  -276.698   1.466009E+03
    15.000  -286.183   1.470162E+03
    15.000  -290.926   1.472239E+03
    15.000  -295.668   1.474315E+03
    15.000  -300.410   1.476392E+03
    15.000  -305.153   1.478469E+03
    15.000  -314.637   1.482622E+03
    15.000  -324.122   1.486775E+03
    15.000  -333.607   1.490928E+03
    15.000  -343.092   1.495081E+03
    15.000  -352.576   1.499234E+03
    15.000  -362.061   1.503387E+03
    15.000  -371.546   1.507541E+03
    15.000  -381.031   1.511694E+03
    15.000  -390.515   1.515847E+03
    15.000  -400.000   1.520000E+03
    20.000    -1.923   0.000000E+00
    20.000    -2.689   2.625685E+01
    20.000    -3.345   4.595147E+01
    20.000    -3.819   5.992484E+01
    20.000    -4.293   7.370906E+01
    20.000    -4.766   8.727952E+01
    20.000    -5.240   1.006968E+02
    20.000    -5.714   1.139352E+02
    20.000    -6.188   1.269968E+02
    20.000    -7.136   1.525973E+02
    20.000    -7.610   1.651395E+02
    20.000    -8.084   1.775116E+02
    20.000    -8.558   1.897145E+02
    20.000    -9.505   2.135913E+02
    20.000   -10.453   2.368264E+02
    20.000   -11.069   2.515102E+02
    20.000   -12.349   2.901477E+02
    20.000   -13.297   3.183803E+02
    20.000   -14.244   3.462415E+02
    20.000   -15.192   3.737909E+02
    20.000   -16.661   4.158553E+02
    20.000   -18.036   4.358321E+02
    20.000   -19.931   4.636743E+02
    20.000   -21.827   4.917435E+02
    20.000   -23.722   5.199029E+02
    20.000   -25.618   5.481186E+02
    20.000   -27.514   5.762925E+02
    20.000   -29.409   6.043356E+02
    20.000   -31.305   6.322047E+02
    20.000   -33.200   6.598031E+02
    20.000   -35.096   6.871185E+02
    20.000   -36.992   7.141276E+02
    20.000   -39.835   7.539695E+02
    20.000   -42.679   7.933387E+02
    20.000   -45.522   8.319257E+02
    20.000   -48.365   8.696242E+02
    20.000   -51.209   9.065564E+02
    20.000   -54.052   9.427576E+02
    20.000   -56.896   9.783790E+02
    20.000   -59.739   1.013467E+03
    20.000   -62.582   1.048158E+03
    20.000   -65.426   1.082593E+03
    20.000   -68.269   1.116799E+03
    20.000   -73.008   1.173699E+03
    20.000   -77.747   1.230669E+03
    20.000   -82.486   1.288110E+03
    20.000   -85.096   1.320000E+03
    20.000   -91.964   1.333736E+03
    20.000   -96.703   1.343214E+03
    20.000  -101.442   1.352692E+03
    20.000  -106.181   1.362170E+03
    20.000  -110.920   1.371648E+03
    20.000  -115.659   1.381126E+03
    20.000  -120.398   1.390604E+03
    20.000  -125.137   1.400018E+03
    20.000  -129.876   1.402087E+03
    20.000  -134.615   1.404155E+03
    20.000  -139.354   1.406224E+03
    20.000  -144.093   1.408292E+03
    20.000  -148.832   1.410361E+03
    20.000  -153.571   1.412430E+03
    20.000  -158.310   1.414498E+03
    20.000  -163.049   1.416567E+03
    20.000  -167.788   1.418636E+03
    20.000  -172.527   1.420704E+03
    20.000  -177.266   1.422773E+03
    20.000  -182.005   1.424842E+03
    20.000  -186.744   1.426910E+03
    20.000  -191.483   1.428979E+03
    20.000  -196.222   1.431048E+03
    20.000  -200.962   1.433117E+03
    20.000  -205.701   1.435185E+03
    20.000  -210.440   1.437254E+03
    20.000  -215.179   1.439323E+03
    20.000  -219.918   1.441391E+03
    20.000  -229.396   1.445529E+03
    20.000  -238.874   1.449666E+03
    20.000  -248.352   1.453803E+03
    20.000  -257.830   1.457941E+03
    20.000  -267.308   1.462078E+03
    20.000  -276.786   1.466215E+03
    20.000  -286.264   1.470352E+03
    20.000  -291.003   1.472421E+03
    20.000  -295.742   1.474490E+03
    20.000  -300.481   1.476558E+03
    20.000  -305.220   1.478627E+03
    20.000  -314.698   1.482764E+03
    20.000  -324.176   1.486902E+03
    20.000  -333.654   1.491039E+03
    20.000  -343.132   1.495176E+03
    20.000  -352.610   1.499314E+03
    20.000  -362.088   1.503451E+03
    20.000  -371.566   1.507588E+03
    20.000  -381.044   1.511725E+03
    20.000  -390.522   1.515863E+03
    20.000  -400.000   1.520000E+03
    25.000    -2.028   0.000000E+00
    25.000    -2.771   2.546058E+01
    25.000    -3.449   4.580503E+01
    25.000    -3.923   5.980780E+01
    25.000    -4.397   7.362876E+01
    25.000    -4.871   8.727005E+01
    25.000    -5.344   1.007051E+02
    25.000    -5.818   1.139925E+02
    25.000    -6.292   1.271048E+02
    25.000    -7.240   1.528085E+02
    25.000    -7.713   1.653757E+02
    25.000    -8.187   1.777984E+02
    25.000    -8.661   1.900504E+02
    25.000    -9.608   2.140196E+02
    25.000   -10.895   2.455645E+02
    25.000   -11.504   2.642812E+02
    25.000   -12.451   2.930732E+02
    25.000   -13.399   3.215527E+02
    25.000   -14.346   3.496600E+02
    25.000   -15.294   3.774547E+02
    25.000   -16.341   4.077239E+02
    25.000   -18.136   4.341408E+02
    25.000   -20.031   4.623333E+02
    25.000   -21.927   4.907485E+02
    25.000   -23.822   5.192845E+02
    25.000   -25.717   5.478283E+02
    25.000   -27.612   5.763310E+02
    25.000   -29.507   6.047072E+02
    25.000   -31.402   6.328636E+02
    25.000   -33.297   6.607196E+02
    25.000   -35.192   6.882945E+02
    25.000   -37.087   7.155424E+02
    25.000   -39.930   7.559168E+02
    25.000   -42.773   7.958029E+02
    25.000   -45.615   8.347037E+02
    25.000   -48.458   8.727564E+02
    25.000   -51.301   9.100386E+02
    25.000   -54.143   9.466188E+02
    25.000   -56.986   9.826315E+02
    25.000   -59.829   1.018161E+03
    25.000   -62.671   1.053344E+03
    25.000   -65.514   1.088315E+03
    25.000   -68.357   1.123158E+03
    25.000   -73.094   1.181223E+03
    25.000   -77.832   1.239618E+03
    25.000   -84.241   1.320000E+03
    25.000   -87.308   1.326134E+03
    25.000   -92.045   1.335608E+03
    25.000   -96.783   1.345084E+03
    25.000  -101.521   1.354560E+03
    25.000  -106.259   1.364036E+03
    25.000  -110.997   1.373512E+03
    25.000  -115.734   1.382986E+03
    25.000  -120.472   1.392462E+03
    25.000  -125.210   1.400422E+03
    25.000  -129.948   1.402483E+03
    25.000  -134.685   1.404545E+03
    25.000  -139.423   1.406607E+03
    25.000  -144.161   1.408668E+03
    25.000  -148.899   1.410730E+03
    25.000  -153.636   1.412792E+03
    25.000  -158.374   1.414853E+03
    25.000  -163.112   1.416915E+03
    25.000  -167.850   1.418977E+03
    25.000  -172.587   1.421038E+03
    25.000  -177.325   1.423100E+03
    25.000  -182.063   1.425162E+03
    25.000  -186.801   1.427224E+03
    25.000  -191.538   1.429285E+03
    25.000  -196.276   1.431347E+03
    25.000  -201.014   1.433409E+03
    25.000  -205.752   1.435471E+03
    25.000  -210.490   1.437532E+03
    25.000  -215.227   1.439594E+03
    25.000  -219.965   1.441656E+03
    25.000  -229.441   1.445779E+03
    25.000  -238.916   1.449902E+03
    25.000  -248.392   1.454026E+03
    25.000  -257.867   1.458149E+03
    25.000  -267.343   1.462273E+03
    25.000  -276.818   1.466396E+03
    25.000  -286.294   1.470519E+03
    25.000  -291.031   1.472581E+03
    25.000  -295.769   1.474643E+03
    25.000  -300.507   1.476704E+03
    25.000  -305.245   1.478766E+03
    25.000  -314.720   1.482889E+03
    25.000  -324.196   1.487013E+03
    25.000  -333.671   1.491136E+03
    25.000  -343.147   1.495260E+03
    25.000  -352.622   1.499383E+03
    25.000  -362.098   1.503506E+03
    25.000  -371.573   1.507630E+03
    25.000  -381.049   1.511753E+03
    25.000  -390.524   1.515876E+03
    25.000  -400.000   1.520000E+03
    30.000    -2.046   0.000000E+00
    30.000    -2.854   2.702211E+01
    30.000    -3.467   4.508083E+01
    30.000    -3.941   5.888311E+01
    30.000    -4.415   7.254476E+01
    30.000    -4.889   8.606186E+01
    30.000    -5.362   9.940311E+01
    30.000    -5.836   1.126220E+02
    30.000    -6.310   1.256877E+02
    30.000    -7.257   1.513256E+02
    30.000    -7.731   1.639211E+02
    30.000    -8.205   1.763567E+02
    30.000    -8.679   1.886314E+02
    30.000    -9.626   2.126693E+02
    30.000   -10.721   2.396243E+02
    30.000   -11.521   2.644201E+02
    30.000   -12.469   2.935119E+02
    30.000   -13.416   3.222302E+02
    30.000   -14.364   3.506345E+02
    30.000   -15.311   3.786635E+02
    30.000   -16.021   3.994246E+02
    30.000   -18.154   4.312150E+02
    30.000   -20.049   4.597641E+02
    30.000   -21.944   4.885282E+02
    30.000   -23.839   5.174247E+02
    30.000   -25.734   5.463223E+02
    30.000   -27.629   5.751928E+02
    30.000   -29.524   6.039177E+02
    30.000   -31.419   6.324142E+02
    30.000   -33.314   6.606007E+02
    30.000   -35.209   6.885101E+02
    30.000   -37.104   7.160668E+02
    30.000   -39.946   7.569960E+02
    30.000   -42.789   7.973555E+02
    30.000   -45.631   8.367057E+02
    30.000   -48.474   8.752035E+02
    30.000   -51.316   9.129236E+02
    30.000   -54.159   9.499611E+02
    30.000   -57.002   9.864400E+02
    30.000   -59.844   1.022479E+03
    30.000   -62.687   1.058233E+03
    30.000   -65.529   1.093807E+03
    30.000   -68.372   1.129319E+03
    30.000   -73.109   1.188655E+03
    30.000   -77.847   1.248619E+03
    30.000   -83.387   1.320000E+03
    30.000   -87.322   1.327870E+03
    30.000   -92.059   1.337344E+03
    30.000   -96.797   1.346820E+03
    30.000  -101.535   1.356296E+03
    30.000  -106.272   1.365770E+03
    30.000  -111.010   1.375246E+03
    30.000  -115.747   1.384720E+03
    30.000  -120.485   1.394196E+03
    30.000  -125.222   1.400796E+03
    30.000  -129.960   1.402851E+03
    30.000  -134.697   1.404906E+03
    30.000  -139.435   1.406962E+03
    30.000  -144.172   1.409017E+03
    30.000  -148.910   1.411072E+03
    30.000  -153.648   1.413128E+03
    30.000  -158.385   1.415183E+03
    30.000  -163.123   1.417238E+03
    30.000  -167.860   1.419293E+03
    30.000  -172.598   1.421349E+03
    30.000  -177.335   1.423404E+03
    30.000  -182.073   1.425459E+03
    30.000  -186.810   1.427514E+03
    30.000  -191.548   1.429570E+03
    30.000  -196.285   1.431625E+03
    30.000  -201.023   1.433680E+03
    30.000  -205.761   1.435735E+03
    30.000  -210.498   1.437790E+03
    30.000  -215.236   1.439846E+03
    30.000  -219.973   1.441901E+03
    30.000  -229.448   1.446011E+03
    30.000  -238.923   1.450122E+03
    30.000  -248.398   1.454232E+03
    30.000  -257.874   1.458343E+03
    30.000  -267.349   1.462453E+03
    30.000  -276.824   1.466564E+03
    30.000  -286.299   1.470674E+03
    30.000  -291.036   1.472729E+03
    30.000  -295.774   1.474785E+03
    30.000  -300.512   1.476840E+03
    30.000  -305.249   1.478895E+03
    30.000  -314.724   1.483006E+03
    30.000  -324.199   1.487116E+03
    30.000  -333.674   1.491227E+03
    30.000  -343.149   1.495337E+03
    30.000  -352.625   1.499448E+03
    30.000  -362.100   1.503558E+03
    30.000  -371.575   1.507669E+03
    30.000  -381.050   1.511779E+03
    30.000  -390.525   1.515890E+03
    30.000  -400.000   1.520000E+03
    35.000    -2.223   0.000000E+00
    35.000    -2.937   2.448062E+01
    35.000    -3.644   4.575137E+01
    35.000    -4.117   5.976626E+01
    35.000    -4.591   7.364084E+01
    35.000    -5.064   8.731664E+01
    35.000    -5.538   1.008516E+02
    35.000    -6.011   1.141887E+02
    35.000    -6.485   1.273841E+02
    35.000    -7.432   1.532382E+02
    35.000    -7.906   1.659237E+02
    35.000    -8.379   1.784127E+02
    35.000    -8.853   1.907577E+02
    35.000    -9.800   2.149103E+02
    34.000   -10.582   2.346547E+02
    35.000   -11.694   2.694215E+02
    35.000   -12.641   2.987322E+02
    35.000   -13.588   3.276980E+02
    35.000   -14.535   3.563166E+02
    35.000   -15.700   3.910615E+02
    35.000   -16.429   4.019774E+02
    35.000   -18.323   4.306115E+02
    35.000   -20.218   4.595370E+02
    35.000   -22.112   4.886789E+02
    35.000   -24.006   5.179240E+02
    35.000   -25.900   5.471883E+02
    35.000   -27.794   5.763978E+02
    35.000   -29.689   6.054687E+02
    35.000   -31.583   6.342989E+02
    35.000   -33.477   6.628246E+02
    35.000   -35.371   6.910485E+02
    35.000   -37.265   7.189075E+02
    35.000   -40.107   7.603370E+02
    35.000   -42.948   8.011429E+02
    35.000   -45.789   8.409212E+02
    35.000   -48.630   8.798355E+02
    35.000   -51.472   9.179949E+02
    35.000   -54.313   9.554580E+02
    35.000   -57.154   9.924242E+02
    35.000   -59.995   1.029006E+03
    35.000   -62.837   1.065332E+03
    35.000   -65.678   1.101529E+03
    35.000   -68.519   1.137726E+03
    35.000   -73.255   1.198401E+03
    35.000   -77.990   1.259905E+03
    35.000   -82.533   1.320000E+03
    35.000   -87.461   1.329856E+03
    35.000   -92.196   1.339326E+03
    35.000   -96.932   1.348798E+03
    35.000  -101.667   1.358268E+03
    35.000  -106.403   1.367740E+03
    35.000  -111.138   1.377210E+03
    35.000  -115.874   1.386682E+03
    35.000  -120.609   1.396152E+03
    35.000  -125.344   1.401216E+03
    35.000  -130.080   1.403264E+03
    35.000  -134.815   1.405312E+03
    35.000  -139.551   1.407360E+03
    35.000  -144.286   1.409408E+03
    35.000  -149.022   1.411456E+03
    35.000  -153.757   1.413504E+03
    35.000  -158.493   1.415552E+03
    35.000  -163.228   1.417600E+03
    35.000  -167.963   1.419648E+03
    35.000  -172.699   1.421696E+03
    35.000  -177.434   1.423744E+03
    35.000  -182.170   1.425792E+03
    35.000  -186.905   1.427840E+03
    35.000  -191.641   1.429888E+03
    35.000  -196.376   1.431936E+03
    35.000  -201.112   1.433984E+03
    35.000  -205.847   1.436032E+03
    35.000  -210.582   1.438080E+03
    35.000  -215.318   1.440128E+03
    35.000  -220.053   1.442176E+03
    35.000  -229.524   1.446272E+03
    35.000  -238.995   1.450368E+03
    35.000  -248.466   1.454464E+03
    35.000  -257.937   1.458560E+03
    35.000  -267.408   1.462656E+03
    35.000  -276.879   1.466752E+03
    35.000  -286.349   1.470848E+03
    35.000  -291.085   1.472896E+03
    35.000  -295.820   1.474944E+03
    35.000  -300.556   1.476992E+03
    35.000  -305.291   1.479040E+03
    35.000  -314.762   1.483136E+03
    35.000  -324.233   1.487232E+03
    35.000  -333.704   1.491328E+03
    35.000  -343.175   1.495424E+03
    35.000  -352.646   1.499520E+03
    35.000  -362.116   1.503616E+03
    35.000  -371.587   1.507712E+03
    35.000  -381.058   1.511808E+03
    35.000  -390.529   1.515904E+03
    35.000  -400.000   1.520000E+03
    40.000    -2.376   0.000000E+00
    40.000    -3.020   2.253869E+01
    40.000    -3.796   4.629258E+01
    40.000    -4.269   6.052023E+01
    40.000    -4.743   7.458797E+01
    40.000    -5.216   8.843901E+01
    40.000    -5.690   1.021342E+02
    40.000    -6.163   1.156177E+02
    40.000    -6.636   1.289202E+02
    40.000    -7.583   1.550151E+02
    40.000    -8.056   1.677828E+02
    40.000    -8.530   1.804012E+02
    40.000    -9.003   1.928181E+02
    40.000    -9.950   2.171567E+02
    40.000   -10.461   2.299461E+02
    40.000   -11.843   2.738116E+02
    40.000   -12.790   3.034457E+02
    40.000   -13.737   3.327192E+02
    40.000   -14.683   3.616067E+02
    40.000   -15.380   3.826281E+02
    40.000   -16.577   4.008029E+02
    40.000   -18.470   4.298144E+02
    40.000   -20.364   4.591146E+02
    40.000   -22.257   4.886201E+02
    40.000   -24.151   5.182258E+02
    40.000   -26.044   5.478650E+02
    40.000   -27.938   5.774478E+02
    40.000   -29.831   6.068459E+02
    40.000   -31.724   6.360168E+02
    40.000   -33.618   6.649185E+02
    40.000   -35.511   6.934693E+02
    40.000   -37.405   7.216604E+02
    40.000   -40.245   7.635658E+02
    40.000   -43.085   8.048458E+02
    40.000   -45.925   8.450948E+02
    40.000   -48.765   8.844570E+02
    40.000   -51.606   9.230697E+02
    40.000   -54.446   9.610396E+02
    40.000   -57.286   9.985578E+02
    40.000   -60.126   1.035699E+03
    40.000   -62.966   1.072640E+03
    40.000   -65.806   1.109524E+03
    40.000   -68.647   1.146475E+03
    40.000   -73.380   1.208524E+03
    40.000   -78.114   1.271627E+03
    40.000   -81.679   1.320000E+03
    40.000   -87.581   1.331804E+03
    40.000   -92.315   1.341272E+03
    40.000   -97.048   1.350738E+03
    40.000  -101.782   1.360206E+03
    40.000  -106.516   1.369674E+03
    40.000  -111.249   1.379140E+03
    40.000  -115.983   1.388608E+03
    40.000  -120.716   1.398074E+03
    40.000  -125.450   1.401626E+03
    40.000  -130.184   1.403667E+03
    40.000  -134.917   1.405708E+03
    40.000  -139.651   1.407749E+03
    40.000  -144.385   1.409790E+03
    40.000  -149.118   1.411831E+03
    40.000  -153.852   1.413872E+03
    40.000  -158.585   1.415912E+03
    40.000  -163.319   1.417953E+03
    40.000  -168.053   1.419994E+03
    40.000  -172.786   1.422035E+03
    40.000  -177.520   1.424076E+03
    40.000  -182.254   1.426117E+03
    40.000  -186.987   1.428158E+03
    40.000  -191.721   1.430199E+03
    40.000  -196.454   1.432240E+03
    40.000  -201.188   1.434281E+03
    40.000  -205.922   1.436322E+03
    40.000  -210.655   1.438363E+03
    40.000  -215.389   1.440404E+03
    40.000  -220.122   1.442444E+03
    40.000  -229.590   1.446527E+03
    40.000  -239.057   1.450608E+03
    40.000  -248.524   1.454690E+03
    40.000  -257.991   1.458772E+03
    40.000  -267.459   1.462854E+03
    40.000  -276.926   1.466936E+03
    40.000  -286.393   1.471018E+03
    40.000  -291.127   1.473059E+03
    40.000  -295.860   1.475099E+03
    40.000  -300.594   1.477140E+03
    40.000  -305.328   1.479182E+03
    40.000  -314.795   1.483263E+03
    40.000  -324.262   1.487345E+03
    40.000  -333.729   1.491427E+03
    40.000  -343.197   1.495509E+03
    40.000  -352.664   1.499591E+03
    40.000  -362.131   1.503673E+03
    40.000  -371.598   1.507754E+03
    40.000  -381.066   1.511836E+03
    40.000  -390.533   1.515918E+03
    40.000  -400.000   1.520000E+03
    45.000    -2.402   0.000000E+00
    45.000    -3.102   2.420873E+01
    45.000    -3.822   4.606714E+01
    45.000    -4.295   6.022207E+01
    45.000    -4.769   7.424095E+01
    45.000    -5.242   8.806293E+01
    45.000    -5.715   1.017163E+02
    45.000    -6.189   1.152284E+02
    45.000    -6.662   1.285414E+02
    45.000    -7.609   1.546817E+02
    45.000    -8.082   1.674805E+02
    45.000    -8.555   1.801073E+02
    45.000    -9.029   1.925883E+02
    45.000   -10.360   2.267732E+02
    45.000   -10.922   2.448847E+02
    45.000   -11.869   2.750827E+02
    45.000   -12.815   3.048913E+02
    45.000   -13.762   3.343743E+02
    45.000   -15.075   3.746938E+02
    45.000   -15.655   3.835435E+02
    45.000   -16.602   3.980693E+02
    45.000   -18.495   4.273799E+02
    45.000   -20.389   4.570360E+02
    45.000   -22.282   4.868620E+02
    45.000   -24.175   5.168021E+02
    45.000   -26.069   5.468348E+02
    45.000   -27.962   5.767807E+02
    45.000   -29.855   6.065476E+02
    45.000   -31.749   6.361154E+02
    45.000   -33.642   6.653830E+02
    45.000   -35.535   6.943013E+02
    45.000   -37.428   7.228421E+02
    45.000   -40.268   7.652914E+02
    45.000   -43.108   8.071014E+02
    45.000   -45.948   8.478810E+02
    45.000   -48.788   8.877629E+02
    45.000   -51.628   9.269043E+02
    45.000   -54.468   9.654584E+02
    45.000   -57.308   1.003548E+03
    45.000   -60.148   1.041321E+03
    45.000   -62.988   1.078957E+03
    45.000   -65.828   1.116570E+03
    45.000   -68.668   1.154286E+03
    45.000   -73.402   1.217814E+03
    45.000   -78.135   1.282567E+03
    45.000   -80.824   1.320000E+03
    45.000   -87.602   1.333556E+03
    45.000   -92.335   1.343022E+03
    45.000   -97.068   1.352488E+03
    45.000  -101.802   1.361956E+03
    45.000  -106.535   1.371422E+03
    45.000  -111.268   1.380888E+03
    45.000  -116.001   1.390354E+03
    45.000  -120.735   1.399822E+03
    45.000  -125.468   1.401996E+03
    45.000  -130.201   1.404031E+03
    45.000  -134.935   1.406065E+03
    45.000  -139.668   1.408100E+03
    45.000  -144.401   1.410134E+03
    45.000  -149.135   1.412169E+03
    45.000  -153.868   1.414204E+03
    45.000  -158.601   1.416238E+03
    45.000  -163.335   1.418273E+03
    45.000  -168.068   1.420307E+03
    45.000  -172.801   1.422342E+03
    45.000  -177.534   1.424376E+03
    45.000  -182.268   1.426411E+03
    45.000  -187.001   1.428445E+03
    45.000  -191.734   1.430480E+03
    45.000  -196.468   1.432515E+03
    45.000  -201.201   1.434549E+03
    45.000  -205.934   1.436583E+03
    45.000  -210.668   1.438618E+03
    45.000  -215.401   1.440653E+03
    45.000  -220.134   1.442687E+03
    45.000  -229.601   1.446756E+03
    45.000  -239.067   1.450825E+03
    45.000  -248.534   1.454894E+03
    45.000  -258.001   1.458964E+03
    45.000  -267.467   1.463032E+03
    45.000  -276.934   1.467102E+03
    45.000  -286.401   1.471171E+03
    45.000  -291.134   1.473205E+03
    45.000  -295.867   1.475240E+03
    45.000  -300.601   1.477275E+03
    45.000  -305.334   1.479309E+03
    45.000  -314.800   1.483378E+03
    45.000  -324.267   1.487447E+03
    45.000  -333.734   1.491516E+03
    45.000  -343.200   1.495585E+03
    45.000  -352.667   1.499655E+03
    45.000  -362.134   1.503724E+03
    45.000  -371.600   1.507793E+03
    45.000  -381.067   1.511862E+03
    45.000  -390.533   1.515931E+03
    45.000  -400.000   1.520000E+03
    50.000    -2.471   0.000000E+00
    50.000    -3.185   2.515358E+01
    50.000    -3.891   4.687964E+01
    50.000    -4.364   6.119483E+01
    50.000    -4.837   7.531349E+01
    50.000    -5.310   8.924031E+01
    50.000    -5.784   1.030081E+02
    50.000    -6.257   1.165618E+02
    50.000    -6.730   1.299335E+02
    50.000    -7.677   1.561661E+02
    50.000    -8.150   1.690041E+02
    50.000    -8.623   1.816675E+02
    50.000    -9.096   1.941576E+02
    50.000   -10.260   2.241388E+02
    50.000   -10.989   2.477594E+02
    50.000   -11.936   2.781266E+02
    50.000   -12.882   3.081066E+02
    50.000   -13.829   3.377663E+02
    50.000   -14.771   3.668993E+02
    50.000   -15.722   3.815098E+02
    50.000   -16.668   3.961461E+02
    50.000   -18.561   4.257654E+02
    50.000   -20.454   4.557183E+02
    50.000   -22.347   4.858646E+02
    50.000   -24.240   5.161664E+02
    50.000   -26.133   5.465492E+02
    50.000   -28.026   5.768525E+02
    50.000   -29.919   6.069911E+02
    50.000   -31.812   6.369263E+02
    50.000   -33.705   6.665644E+02
    50.000   -35.598   6.958526E+02
    50.000   -37.491   7.247645E+02
    50.000   -40.331   7.677504E+02
    50.000   -43.170   8.100621E+02
    50.000   -46.010   8.513622E+02
    50.000   -48.849   8.917579E+02
    50.000   -51.689   9.314643E+02
    50.000   -54.528   9.705779E+02
    50.000   -57.368   1.009264E+03
    50.000   -60.207   1.047694E+03
    50.000   -63.047   1.086043E+03
    50.000   -65.886   1.124412E+03
    50.000   -68.726   1.162976E+03
    50.000   -73.458   1.227986E+03
    50.000   -79.970   1.320000E+03
    50.000   -82.923   1.325906E+03
    50.000   -87.656   1.335372E+03
    50.000   -92.388   1.344836E+03
    50.000   -97.121   1.354302E+03
    50.000  -101.853   1.363766E+03
    50.000  -106.586   1.373232E+03
    50.000  -111.318   1.382696E+03
    50.000  -116.051   1.392162E+03
    50.000  -120.783   1.400348E+03
    50.000  -125.516   1.402377E+03
    50.000  -130.248   1.404404E+03
    50.000  -134.981   1.406433E+03
    50.000  -139.713   1.408460E+03
    50.000  -144.446   1.410489E+03
    50.000  -149.178   1.412516E+03
    50.000  -153.911   1.414545E+03
    50.000  -158.643   1.416572E+03
    50.000  -163.376   1.418601E+03
    50.000  -168.108   1.420628E+03
    50.000  -172.841   1.422657E+03
    50.000  -177.573   1.424684E+03
    50.000  -182.306   1.426713E+03
    50.000  -187.038   1.428740E+03
    50.000  -191.771   1.430769E+03
    50.000  -196.503   1.432796E+03
    50.000  -201.236   1.434825E+03
    50.000  -205.968   1.436852E+03
    50.000  -210.700   1.438880E+03
    50.000  -215.433   1.440908E+03
    50.000  -220.165   1.442936E+03
    50.000  -229.630   1.446992E+03
    50.000  -239.095   1.451048E+03
    50.000  -248.560   1.455104E+03
    50.000  -258.025   1.459160E+03
    50.000  -267.490   1.463216E+03
    50.000  -276.955   1.467272E+03
    50.000  -286.420   1.471328E+03
    50.000  -291.153   1.473356E+03
    50.000  -295.885   1.475384E+03
    50.000  -300.618   1.477412E+03
    50.000  -305.350   1.479440E+03
    50.000  -314.815   1.483496E+03
    50.000  -324.280   1.487552E+03
    50.000  -333.745   1.491608E+03
    50.000  -343.210   1.495664E+03
    50.000  -352.675   1.499720E+03
    50.000  -362.140   1.503776E+03
    50.000  -371.605   1.507832E+03
    50.000  -381.070   1.511888E+03
    50.000  -390.535   1.515944E+03
    50.000  -400.000   1.520000E+03
    55.000    -2.342   0.000000E+00
    55.000    -3.268   3.118190E+01
    55.000    -3.762   4.585647E+01
    55.000    -4.236   5.981019E+01
    55.000    -4.709   7.360522E+01
    55.000    -5.182   8.726586E+01
    55.000    -5.656   1.008161E+02
    55.000    -6.129   1.141950E+02
    55.000    -6.603   1.274560E+02
    55.000    -7.549   1.534749E+02
    55.000    -8.023   1.662823E+02
    55.000    -8.496   1.789078E+02
    55.000    -8.970   1.914033E+02
    55.000   -10.159   2.220525E+02
    55.000   -10.863   2.449314E+02
    55.000   -11.810   2.754121E+02
    55.000   -12.757   3.055632E+02
    55.000   -13.704   3.353805E+02
    55.000   -14.466   3.591011E+02
    55.000   -15.597   3.765864E+02
    55.000   -16.544   3.913586E+02
    55.000   -18.438   4.212520E+02
    55.000   -20.331   4.514837E+02
    55.000   -22.225   4.819675E+02
    55.000   -24.119   5.126393E+02
    55.000   -26.012   5.433684E+02
    55.000   -27.906   5.740442E+02
    55.000   -29.799   6.045908E+02
    55.000   -31.693   6.349440E+02
    55.000   -33.587   6.649941E+02
    55.000   -35.480   6.946809E+02
    55.000   -37.374   7.240065E+02
    55.000   -40.214   7.675561E+02
    55.000   -43.055   8.104822E+02
    55.000   -45.895   8.523591E+02
    55.000   -48.735   8.933693E+02
    55.000   -51.576   9.336795E+02
    55.000   -54.416   9.734142E+02
    55.000   -57.257   1.012777E+03
    55.000   -60.097   1.051915E+03
    55.000   -62.938   1.091023E+03
    55.000   -65.778   1.130234E+03
    55.000   -68.618   1.169695E+03
    55.000   -73.352   1.236465E+03
    55.000   -79.116   1.320000E+03
    55.000   -82.820   1.327408E+03
    55.000   -87.554   1.336876E+03
    55.000   -92.288   1.346344E+03
    55.000   -97.022   1.355812E+03
    55.000  -101.757   1.365282E+03
    55.000  -106.491   1.374750E+03
    55.000  -111.225   1.384218E+03
    55.000  -115.959   1.393686E+03
    55.000  -120.693   1.400674E+03
    55.000  -125.427   1.402696E+03
    55.000  -130.161   1.404719E+03
    55.000  -134.895   1.406741E+03
    55.000  -139.629   1.408764E+03
    55.000  -144.363   1.410786E+03
    55.000  -149.097   1.412809E+03
    55.000  -153.831   1.414831E+03
    55.000  -158.565   1.416854E+03
    55.000  -163.299   1.418876E+03
    55.000  -168.033   1.420898E+03
    55.000  -172.767   1.422921E+03
    55.000  -177.501   1.424943E+03
    55.000  -182.235   1.426966E+03
    55.000  -186.969   1.428988E+03
    55.000  -191.703   1.431011E+03
    55.000  -196.437   1.433033E+03
    55.000  -201.171   1.435056E+03
    55.000  -205.905   1.437078E+03
    55.000  -210.639   1.439101E+03
    55.000  -215.373   1.441123E+03
    55.000  -220.107   1.443146E+03
    55.000  -229.575   1.447191E+03
    55.000  -239.043   1.451236E+03
    55.000  -248.511   1.455280E+03
    55.000  -257.979   1.459325E+03
    55.000  -267.447   1.463370E+03
    55.000  -276.915   1.467415E+03
    55.000  -286.383   1.471460E+03
    55.000  -291.117   1.473483E+03
    55.000  -295.851   1.475505E+03
    55.000  -300.586   1.477528E+03
    55.000  -305.320   1.479551E+03
    55.000  -314.788   1.483596E+03
    55.000  -324.256   1.487640E+03
    55.000  -333.724   1.491685E+03
    55.000  -343.192   1.495730E+03
    55.000  -352.660   1.499775E+03
    55.000  -362.128   1.503820E+03
    55.000  -371.596   1.507865E+03
    55.000  -381.064   1.511910E+03
    55.000  -390.532   1.515955E+03
    55.000  -400.000   1.520000E+03
    60.000    -2.435   0.000000E+00
    60.000    -3.350   3.151399E+01
    60.000    -3.855   4.678802E+01
    60.000    -4.328   6.092336E+01
    60.000    -4.801   7.489388E+01
    60.000    -5.275   8.873023E+01
    60.000    -5.748   1.023751E+02
    60.000    -6.221   1.158587E+02
    60.000    -6.695   1.292095E+02
    60.000    -7.641   1.553735E+02
    60.000    -8.115   1.682420E+02
    60.000    -8.588   1.809230E+02
    60.000    -9.061   1.934436E+02
    60.000   -10.058   2.192849E+02
    60.000   -10.954   2.486508E+02
    60.000   -11.901   2.793126E+02
    60.000   -12.847   3.096133E+02
    60.000   -14.162   3.512111E+02
    60.000   -14.741   3.601799E+02
    60.000   -15.687   3.749601E+02
    60.000   -16.634   3.898764E+02
    60.000   -18.527   4.200578E+02
    60.000   -20.420   4.506073E+02
    60.000   -22.313   4.814271E+02
    60.000   -24.206   5.124633E+02
    60.000   -26.100   5.435781E+02
    60.000   -27.993   5.746199E+02
    60.000   -29.886   6.055389E+02
    60.000   -31.779   6.362351E+02
    60.000   -33.672   6.666469E+02
    60.000   -35.565   6.967069E+02
    60.000   -37.459   7.263810E+02
    60.000   -40.298   7.704401E+02
    60.000   -43.138   8.138610E+02
    60.000   -45.978   8.562511E+02
    60.000   -48.818   8.978006E+02
    60.000   -51.657   9.386229E+02
    60.000   -54.497   9.789594E+02
    60.000   -57.337   1.018946E+03
    60.000   -60.177   1.058770E+03
    60.000   -63.016   1.098631E+03
    60.000   -65.856   1.138718E+03
    60.000   -68.696   1.179176E+03
    60.000   -73.429   1.247921E+03
    60.000   -78.261   1.320000E+03
    60.000   -82.895   1.329268E+03
    60.000   -87.628   1.338734E+03
    60.000   -92.360   1.348198E+03
    60.000   -97.093   1.357664E+03
    60.000  -101.826   1.367130E+03
    60.000  -106.559   1.376596E+03
    60.000  -111.292   1.386062E+03
    60.000  -116.025   1.395528E+03
    60.000  -120.758   1.401064E+03
    60.000  -125.491   1.403079E+03
    60.000  -130.224   1.405095E+03
    60.000  -134.957   1.407111E+03
    60.000  -139.690   1.409127E+03
    60.000  -144.423   1.411143E+03
    60.000  -149.155   1.413159E+03
    60.000  -153.888   1.415174E+03
    60.000  -158.621   1.417190E+03
    60.000  -163.354   1.419206E+03
    60.000  -168.087   1.421222E+03
    60.000  -172.820   1.423238E+03
    60.000  -177.553   1.425254E+03
    60.000  -182.286   1.427270E+03
    60.000  -187.019   1.429286E+03
    60.000  -191.752   1.431302E+03
    60.000  -196.485   1.433318E+03
    60.000  -201.218   1.435334E+03
    60.000  -205.950   1.437349E+03
    60.000  -210.683   1.439365E+03
    60.000  -215.416   1.441381E+03
    60.000  -220.149   1.443397E+03
    60.000  -229.615   1.447429E+03
    60.000  -239.081   1.451460E+03
    60.000  -248.547   1.455492E+03
    60.000  -258.013   1.459524E+03
    60.000  -267.478   1.463555E+03
    60.000  -276.944   1.467587E+03
    60.000  -286.410   1.471619E+03
    60.000  -291.143   1.473635E+03
    60.000  -295.876   1.475651E+03
    60.000  -300.609   1.477667E+03
    60.000  -305.342   1.479683E+03
    60.000  -314.808   1.483715E+03
    60.000  -324.273   1.487746E+03
    60.000  -333.739   1.491778E+03
    60.000  -343.205   1.495810E+03
    60.000  -352.671   1.499841E+03
    60.000  -362.137   1.503873E+03
    60.000  -371.603   1.507905E+03
    60.000  -381.068   1.511936E+03
    60.000  -390.534   1.515968E+03
    60.000  -400.000   1.520000E+03
    65.000    -2.487   0.000000E+00
    65.000    -3.433   3.236341E+01
    65.000    -3.907   4.666111E+01
    65.000    -4.380   6.078340E+01
    65.000    -4.853   7.476480E+01
    65.000    -5.326   8.860176E+01
    65.000    -5.800   1.023202E+02
    65.000    -6.273   1.158598E+02
    65.000    -6.746   1.292473E+02
    65.000    -7.693   1.555874E+02
    65.000    -8.166   1.685092E+02
    65.000    -8.639   1.812733E+02
    65.000    -9.112   1.938789E+02
    66.000    -9.937   2.152403E+02
    65.000   -11.005   2.506136E+02
    65.000   -11.952   2.816162E+02
    65.000   -12.898   3.122460E+02
    65.122   -13.850   3.427075E+02
    65.000   -14.791   3.575741E+02
    65.000   -15.737   3.725362E+02
    65.000   -16.684   3.876243E+02
    65.000   -18.577   4.181501E+02
    65.000   -20.470   4.490447E+02
    65.000   -22.363   4.802604E+02
    65.000   -24.256   5.116886E+02
    65.000   -26.148   5.431599E+02
    65.000   -28.041   5.746025E+02
    65.000   -29.934   6.058953E+02
    65.000   -31.827   6.369743E+02
    65.000   -33.720   6.677665E+02
    65.000   -35.613   6.981925E+02
    65.000   -37.506   7.282040E+02
    65.000   -40.345   7.727784E+02
    65.000   -43.185   8.166854E+02
    65.000   -46.024   8.595739E+02
    65.000   -48.864   9.016527E+02
    65.000   -51.703   9.430271E+02
    65.000   -54.542   9.839251E+02
    65.000   -57.382   1.024521E+03
    65.000   -60.221   1.065025E+03
    65.000   -63.060   1.105660E+03
    65.000   -65.900   1.146648E+03
    65.000   -68.739   1.188204E+03
    65.000   -73.471   1.259215E+03
    65.000   -77.407   1.320000E+03
    65.000   -82.936   1.331058E+03
    65.000   -87.668   1.340522E+03
    65.000   -92.401   1.349988E+03
    65.000   -97.133   1.359452E+03
    65.000  -101.865   1.368916E+03
    65.000  -106.598   1.378382E+03
    65.000  -111.330   1.387846E+03
    65.000  -116.062   1.397310E+03
    65.000  -120.794   1.401438E+03
    65.000  -125.527   1.403448E+03
    65.000  -130.259   1.405457E+03
    65.000  -134.991   1.407467E+03
    65.000  -139.724   1.409477E+03
    65.000  -144.456   1.411486E+03
    65.000  -149.188   1.413495E+03
    65.000  -153.921   1.415505E+03
    65.000  -158.653   1.417515E+03
    65.000  -163.385   1.419524E+03
    65.000  -168.117   1.421533E+03
    65.000  -172.850   1.423543E+03
    65.000  -177.582   1.425553E+03
    65.000  -182.314   1.427562E+03
    65.000  -187.047   1.429572E+03
    65.000  -191.779   1.431581E+03
    65.000  -196.511   1.433591E+03
    65.000  -201.244   1.435600E+03
    65.000  -205.976   1.437610E+03
    65.000  -210.708   1.439619E+03
    65.000  -215.440   1.441629E+03
    65.000  -220.173   1.443638E+03
    65.000  -229.637   1.447657E+03
    65.000  -239.102   1.451676E+03
    65.000  -248.566   1.455695E+03
    65.000  -258.031   1.459714E+03
    65.000  -267.496   1.463734E+03
    65.000  -276.960   1.467752E+03
    65.000  -286.425   1.471772E+03
    65.000  -291.157   1.473781E+03
    65.000  -295.889   1.475790E+03
    65.000  -300.622   1.477800E+03
    65.000  -305.354   1.479810E+03
    65.000  -314.819   1.483829E+03
    65.000  -324.283   1.487848E+03
    65.000  -333.748   1.491867E+03
    65.000  -343.212   1.495886E+03
    65.000  -352.677   1.499905E+03
    65.000  -362.142   1.503924E+03
    65.000  -371.606   1.507943E+03
    65.000  -381.071   1.511962E+03
    65.000  -390.535   1.515981E+03
    65.000  -400.000   1.520000E+03
    70.000    -2.682   0.000000E+00
    70.000    -3.487   2.862154E+01
    70.000    -4.101   4.774769E+01
    70.000    -4.574   6.226035E+01
    70.000    -5.047   7.658437E+01
    70.000    -5.520   9.072288E+01
    70.000    -5.993   1.046785E+02
    70.000    -6.466   1.184536E+02
    70.000    -6.939   1.320501E+02
    70.000    -7.885   1.587138E+02
    70.000    -8.358   1.717841E+02
    70.000    -8.831   1.846814E+02
    70.000    -9.304   1.974069E+02
    70.000    -9.815   2.109444E+02
    70.000   -11.196   2.572228E+02
    70.000   -12.142   2.885081E+02
    70.000   -13.553   3.345508E+02
    70.000   -14.034   3.421404E+02
    70.000   -14.980   3.571819E+02
    70.000   -15.926   3.723236E+02
    70.000   -16.872   3.876021E+02
    70.000   -18.764   4.185040E+02
    70.000   -20.656   4.497896E+02
    70.000   -22.548   4.813906E+02
    70.000   -24.440   5.131942E+02
    70.000   -26.332   5.450603E+02
    70.000   -28.224   5.768860E+02
    70.000   -30.116   6.085320E+02
    70.000   -32.008   6.399620E+02
    70.000   -33.900   6.710793E+02
    70.000   -35.792   7.018047E+02
    70.000   -37.684   7.321112E+02
    70.000   -40.522   7.771464E+02
    70.000   -43.360   8.214577E+02
    70.000   -46.198   8.647727E+02
    70.000   -49.036   9.072760E+02
    70.000   -51.874   9.491187E+02
    70.000   -54.712   9.905044E+02
    70.000   -57.550   1.031629E+03
    70.000   -60.388   1.072759E+03
    70.000   -63.226   1.114116E+03
    70.000   -66.064   1.155980E+03
    70.000   -68.902   1.198669E+03
    70.000   -73.632   1.272553E+03
    72.000   -76.211   1.320000E+03
    70.000   -83.092   1.333762E+03
    70.000   -87.822   1.343222E+03
    70.000   -92.552   1.352682E+03
    70.000   -97.282   1.362142E+03
    70.000  -102.012   1.371602E+03
    70.000  -106.741   1.381060E+03
    70.000  -111.471   1.390520E+03
    70.000  -116.201   1.399980E+03
    70.000  -120.931   1.401996E+03
    70.000  -125.661   1.403996E+03
    70.000  -130.391   1.405996E+03
    70.000  -135.121   1.407996E+03
    70.000  -139.851   1.409996E+03
    70.000  -144.581   1.411996E+03
    70.000  -149.311   1.413996E+03
    70.000  -154.041   1.415996E+03
    70.000  -158.771   1.417996E+03
    70.000  -163.501   1.419997E+03
    70.000  -168.231   1.421997E+03
    70.000  -172.961   1.423997E+03
    70.000  -177.691   1.425997E+03
    70.000  -182.421   1.427997E+03
    70.000  -187.151   1.429997E+03
    70.000  -191.881   1.431997E+03
    70.000  -196.611   1.433997E+03
    70.000  -201.341   1.435997E+03
    70.000  -206.071   1.437997E+03
    70.000  -210.801   1.439997E+03
    70.000  -215.531   1.441997E+03
    70.000  -220.261   1.443997E+03
    70.000  -229.721   1.447998E+03
    70.000  -239.181   1.451998E+03
    70.000  -248.641   1.455998E+03
    70.000  -258.101   1.459998E+03
    70.000  -267.561   1.463998E+03
    70.000  -277.021   1.467998E+03
    70.000  -286.481   1.471999E+03
    70.000  -291.211   1.473999E+03
    70.000  -295.941   1.475999E+03
    70.000  -300.671   1.477999E+03
    70.000  -305.400   1.479998E+03
    70.000  -314.860   1.483999E+03
    70.000  -324.320   1.487999E+03
    70.000  -333.780   1.491999E+03
    70.000  -343.240   1.495999E+03
    70.000  -352.700   1.499999E+03
    70.000  -362.160   1.503999E+03
    70.000  -371.620   1.508000E+03
    70.000  -381.080   1.512000E+03
    70.000  -390.540   1.516000E+03
    70.000  -400.000   1.520000E+03
    75.000    -2.738   0.000000E+00
    75.000    -3.541   2.852308E+01
    75.000    -4.157   4.771557E+01
    75.000    -4.630   6.225039E+01
    75.000    -5.103   7.660807E+01
    75.000    -5.576   9.078925E+01
    75.000    -6.049   1.047945E+02
    75.000    -6.521   1.185955E+02
    75.000    -6.994   1.322510E+02
    75.000    -7.940   1.590397E+02
    75.000    -8.413   1.721738E+02
    75.000    -8.886   1.851350E+02
    75.000    -9.663   2.060808E+02
    75.000   -10.305   2.279875E+02
    75.000   -11.251   2.599295E+02
    75.000   -12.197   2.915136E+02
    75.000   -13.248   3.261592E+02
    75.000   -14.088   3.395378E+02
    75.000   -15.034   3.547379E+02
    75.000   -15.980   3.700743E+02
    75.000   -16.926   3.855446E+02
    75.000   -18.818   4.168130E+02
    75.000   -20.709   4.484704E+02
    75.000   -22.601   4.804604E+02
    75.000   -24.493   5.126290E+02
    75.000   -26.385   5.448704E+02
    75.000   -28.276   5.770504E+02
    75.000   -30.168   6.090737E+02
    75.000   -32.060   6.408742E+02
    75.000   -33.951   6.723252E+02
    75.000   -35.843   7.033946E+02
    75.000   -37.735   7.340407E+02
    75.000   -40.572   7.795197E+02
    75.000   -43.410   8.242448E+02
    75.000   -46.248   8.679947E+02
    75.000   -49.085   9.109296E+02
    75.000   -51.923   9.532222E+02
    75.000   -54.760   9.950414E+02
    75.000   -57.598   1.036644E+03
    75.000   -60.436   1.078286E+03
    75.000   -63.273   1.120191E+03
    75.000   -66.111   1.162652E+03
    75.000   -68.948   1.205951E+03
    75.000   -73.678   1.280979E+03
    75.000   -76.043   1.320000E+03
    75.000   -83.136   1.334186E+03
    75.000   -87.866   1.343646E+03
    75.000   -92.595   1.353104E+03
    75.000   -97.324   1.362562E+03
    75.000  -102.054   1.372022E+03
    75.000  -106.783   1.381480E+03
    75.000  -111.512   1.390938E+03
    75.000  -116.241   1.400084E+03
    75.000  -120.971   1.402083E+03
    75.000  -125.700   1.404081E+03
    75.000  -130.429   1.406080E+03
    75.000  -135.159   1.408078E+03
    75.000  -139.888   1.410077E+03
    75.000  -144.617   1.412075E+03
    75.000  -149.347   1.414074E+03
    75.000  -154.076   1.416073E+03
    75.000  -158.805   1.418071E+03
    75.000  -163.535   1.420070E+03
    75.000  -168.264   1.422069E+03
    75.000  -172.993   1.424067E+03
    75.000  -177.722   1.426065E+03
    75.000  -182.452   1.428064E+03
    75.000  -187.181   1.430063E+03
    75.000  -191.910   1.432061E+03
    75.000  -196.640   1.434060E+03
    75.000  -201.369   1.436059E+03
    75.000  -206.098   1.438057E+03
    75.000  -210.828   1.440056E+03
    75.000  -215.557   1.442055E+03
    75.000  -220.286   1.444053E+03
    75.000  -229.745   1.448050E+03
    75.000  -239.203   1.452047E+03
    75.000  -248.662   1.456045E+03
    75.000  -258.121   1.460042E+03
    75.000  -267.579   1.464039E+03
    75.000  -277.038   1.468036E+03
    75.000  -286.497   1.472034E+03
    75.000  -291.226   1.474032E+03
    75.000  -295.955   1.476031E+03
    75.000  -300.685   1.478030E+03
    75.000  -305.414   1.480028E+03
    75.000  -314.872   1.484025E+03
    75.000  -324.331   1.488022E+03
    75.000  -333.790   1.492020E+03
    75.000  -343.248   1.496017E+03
    75.000  -352.707   1.500014E+03
    75.000  -362.166   1.504011E+03
    75.000  -371.624   1.508008E+03
    75.000  -381.083   1.512006E+03
    75.000  -390.541   1.516003E+03
    75.000  -400.000   1.520000E+03
    80.000    -2.750   0.000000E+00
    80.000    -3.595   2.985649E+01
    80.000    -4.169   4.767398E+01
    80.000    -4.642   6.217652E+01
    80.000    -5.115   7.651444E+01
    80.000    -5.588   9.068714E+01
    80.000    -6.060   1.046645E+02
    80.000    -6.533   1.185053E+02
    80.000    -7.006   1.321794E+02
    80.000    -7.952   1.590264E+02
    80.000    -8.425   1.721988E+02
    80.000    -8.898   1.852036E+02
    80.000    -9.511   2.017956E+02
    80.000   -10.317   2.295053E+02
    80.000   -11.263   2.616902E+02
    80.000   -12.208   2.934896E+02
    80.000   -12.943   3.179455E+02
    80.000   -14.100   3.365211E+02
    80.000   -15.046   3.518684E+02
    80.000   -15.992   3.673667E+02
    80.000   -16.938   3.829887E+02
    80.000   -18.829   4.145691E+02
    80.000   -20.721   4.465963E+02
    80.000   -22.613   4.789544E+02
    80.000   -24.504   5.114744E+02
    80.000   -26.396   5.440708E+02
    80.000   -28.287   5.766018E+02
    80.000   -30.179   6.089934E+02
    80.000   -32.071   6.411519E+02
    80.000   -33.963   6.729552E+02
    80.000   -35.854   7.043456E+02
    80.000   -37.746   7.353076E+02
    80.000   -40.583   7.812116E+02
    80.000   -43.421   8.263604E+02
    80.000   -46.258   8.705199E+02
    80.000   -49.096   9.138605E+02
    80.000   -51.933   9.565076E+02
    80.000   -54.771   9.987237E+02
    80.000   -57.608   1.040700E+03
    80.000   -60.446   1.082717E+03
    80.000   -63.283   1.124985E+03
    80.000   -66.121   1.167772E+03
    80.000   -68.958   1.211292E+03
    80.000   -75.763   1.320000E+03
    80.000   -78.417   1.325308E+03
    80.000   -83.146   1.334766E+03
    80.000   -87.875   1.344224E+03
    80.000   -92.604   1.353682E+03
    80.000   -97.333   1.363140E+03
    80.000  -102.063   1.372600E+03
    80.000  -106.792   1.382058E+03
    80.000  -111.521   1.391516E+03
    80.000  -116.250   1.400206E+03
    80.000  -120.979   1.402202E+03
    80.000  -125.708   1.404199E+03
    80.000  -130.438   1.406196E+03
    80.000  -135.167   1.408192E+03
    80.000  -139.896   1.410189E+03
    80.000  -144.625   1.412185E+03
    80.000  -149.354   1.414182E+03
    80.000  -154.083   1.416178E+03
    80.000  -158.813   1.418175E+03
    80.000  -163.542   1.420171E+03
    80.000  -168.271   1.422168E+03
    80.000  -173.000   1.424164E+03
    80.000  -177.729   1.426161E+03
    80.000  -182.458   1.428157E+03
    80.000  -187.188   1.430154E+03
    80.000  -191.917   1.432151E+03
    80.000  -196.646   1.434147E+03
    80.000  -201.375   1.436144E+03
    80.000  -206.104   1.438140E+03
    80.000  -210.833   1.440137E+03
    80.000  -215.563   1.442134E+03
    80.000  -220.292   1.444130E+03
    80.000  -229.750   1.448123E+03
    80.000  -239.208   1.452116E+03
    80.000  -248.667   1.456110E+03
    80.000  -258.125   1.460103E+03
    80.000  -267.583   1.464096E+03
    80.000  -277.042   1.468089E+03
    80.000  -286.500   1.472082E+03
    80.000  -291.229   1.474079E+03
    80.000  -295.958   1.476075E+03
    80.000  -300.688   1.478072E+03
    80.000  -305.417   1.480069E+03
    80.000  -314.875   1.484062E+03
    80.000  -324.333   1.488055E+03
    80.000  -333.792   1.492048E+03
    80.000  -343.250   1.496041E+03
    80.000  -352.708   1.500034E+03
    80.000  -362.167   1.504028E+03
    80.000  -371.625   1.508021E+03
    80.000  -381.083   1.512014E+03
    80.000  -390.542   1.516007E+03
    80.000  -400.000   1.520000E+03
    85.000    -2.779   0.000000E+00
    85.000    -3.649   3.084615E+01
    85.000    -4.198   4.794534E+01
    85.000    -4.671   6.249952E+01
    85.000    -5.143   7.685723E+01
    85.000    -5.616   9.107912E+01
    85.000    -6.089   1.051346E+02
    85.000    -6.562   1.190233E+02
    85.000    -7.035   1.327452E+02
    85.000    -7.981   1.596878E+02
    85.000    -8.454   1.729082E+02
    85.000    -8.926   1.859336E+02
    85.000    -9.358   1.976989E+02
    85.000   -10.345   2.318986E+02
    85.000   -11.291   2.643083E+02
    85.000   -12.639   3.099196E+02
    85.000   -13.182   3.186332E+02
    85.000   -14.128   3.339630E+02
    85.000   -15.074   3.494626E+02
    85.000   -16.020   3.651179E+02
    85.000   -16.965   3.808902E+02
    85.000   -18.857   4.128072E+02
    85.000   -20.749   4.451391E+02
    85.000   -22.640   4.778332E+02
    85.000   -24.532   5.107417E+02
    85.000   -26.423   5.436725E+02
    85.000   -28.315   5.765788E+02
    85.000   -30.206   6.093065E+02
    85.000   -32.098   6.417877E+02
    85.000   -33.989   6.738896E+02
    85.000   -35.881   7.056040E+02
    85.000   -37.772   7.368239E+02
    85.000   -40.610   7.831360E+02
    85.000   -43.447   8.286669E+02
    85.000   -46.284   8.731850E+02
    85.000   -49.121   9.168447E+02
    85.000   -51.959   9.598323E+02
    85.000   -54.796   1.002366E+03
    85.000   -57.633   1.044654E+03
    85.000   -60.471   1.086955E+03
    85.000   -63.308   1.129482E+03
    85.000   -66.145   1.172490E+03
    85.000   -68.983   1.216197E+03
    85.000   -75.483   1.320000E+03
    85.000   -78.440   1.325914E+03
    85.000   -83.169   1.335372E+03
    85.000   -87.898   1.344830E+03
    85.000   -92.627   1.354288E+03
    85.000   -97.355   1.363744E+03
    85.000  -102.084   1.373202E+03
    85.000  -106.813   1.382660E+03
    85.000  -111.542   1.392118E+03
    85.000  -116.271   1.400332E+03
    85.000  -121.000   1.402327E+03
    85.000  -125.728   1.404321E+03
    85.000  -130.457   1.406316E+03
    85.000  -135.186   1.408310E+03
    85.000  -139.915   1.410305E+03
    85.000  -144.644   1.412299E+03
    85.000  -149.372   1.414293E+03
    85.000  -154.101   1.416288E+03
    85.000  -158.830   1.418282E+03
    85.000  -163.559   1.420277E+03
    85.000  -168.288   1.422271E+03
    85.000  -173.017   1.424266E+03
    85.000  -177.745   1.426260E+03
    85.000  -182.474   1.428255E+03
    85.000  -187.203   1.430249E+03
    85.000  -191.932   1.432244E+03
    85.000  -196.661   1.434238E+03
    85.000  -201.390   1.436233E+03
    85.000  -206.118   1.438227E+03
    85.000  -210.847   1.440221E+03
    85.000  -215.576   1.442216E+03
    85.000  -220.305   1.444211E+03
    85.000  -229.762   1.448199E+03
    85.000  -239.220   1.452188E+03
    85.000  -248.678   1.456177E+03
    85.000  -258.135   1.460166E+03
    85.000  -267.593   1.464155E+03
    85.000  -277.051   1.468144E+03
    85.000  -286.508   1.472133E+03
    85.000  -291.237   1.474127E+03
    85.000  -295.966   1.476122E+03
    85.000  -300.695   1.478116E+03
    85.000  -305.424   1.480111E+03
    85.000  -314.881   1.484100E+03
    85.000  -324.339   1.488089E+03
    85.000  -333.797   1.492078E+03
    85.000  -343.254   1.496066E+03
    85.000  -352.712   1.500055E+03
    85.000  -362.169   1.504044E+03
    85.000  -371.627   1.508033E+03
    85.000  -381.085   1.512022E+03
    85.000  -390.542   1.516011E+03
    85.000  -400.000   1.520000E+03
    90.000    -2.807   0.000000E+00
    90.000    -3.703   3.188093E+01
    90.000    -4.226   4.823568E+01
    90.000    -4.698   6.282401E+01
    90.000    -5.171   7.727848E+01
    90.000    -5.644   9.156740E+01
    90.000    -6.117   1.056902E+02
    90.000    -6.590   1.196464E+02
    90.000    -7.063   1.334355E+02
    90.000    -8.008   1.604825E+02
    90.000    -8.481   1.737678E+02
    90.000    -8.954   1.868842E+02
    90.000    -9.206   1.937933E+02
    90.000   -10.373   2.345574E+02
    90.000   -11.318   2.671988E+02
    90.000   -12.334   3.018844E+02
    90.000   -13.210   3.160595E+02
    90.000   -14.155   3.315167E+02
    90.000   -15.101   3.471595E+02
    90.000   -16.047   3.629803E+02
    90.000   -16.992   3.789284E+02
    90.000   -18.884   4.111805E+02
    90.000   -20.775   4.438472E+02
    90.000   -22.667   4.769196E+02
    90.000   -24.558   5.101543E+02
    90.000   -26.449   5.434344E+02
    90.000   -28.341   5.766815E+02
    90.000   -30.232   6.097391E+02
    90.000   -32.124   6.425246E+02
    90.000   -34.015   6.749301E+02
    90.000   -35.906   7.069063E+02
    90.000   -37.798   7.384072E+02
    90.000   -40.635   7.850814E+02
    90.000   -43.472   8.309586E+02
    90.000   -46.309   8.757873E+02
    90.000   -49.146   9.197365E+02
    90.000   -51.983   9.629931E+02
    90.000   -54.820   1.005802E+03
    90.000   -57.657   1.048355E+03
    90.000   -60.495   1.090895E+03
    90.000   -63.332   1.133665E+03
    90.000   -66.169   1.176901E+03
    90.000   -69.006   1.220779E+03
    90.000   -75.203   1.320000E+03
    90.000   -78.463   1.326520E+03
    90.000   -83.191   1.335976E+03
    90.000   -87.920   1.345434E+03
    90.000   -92.648   1.354890E+03
    90.000   -97.377   1.364348E+03
    90.000  -102.105   1.373804E+03
    90.000  -106.834   1.383262E+03
    90.000  -111.562   1.392718E+03
    90.000  -116.291   1.400458E+03
    90.000  -121.019   1.402451E+03
    90.000  -125.748   1.404443E+03
    90.000  -130.476   1.406435E+03
    90.000  -135.205   1.408428E+03
    90.000  -139.933   1.410420E+03
    90.000  -144.662   1.412413E+03
    90.000  -149.390   1.414405E+03
    90.000  -154.119   1.416397E+03
    90.000  -158.847   1.418390E+03
    90.000  -163.576   1.420382E+03
    90.000  -168.304   1.422374E+03
    90.000  -173.033   1.424367E+03
    90.000  -177.761   1.426359E+03
    90.000  -182.490   1.428352E+03
    90.000  -187.218   1.430344E+03
    90.000  -191.947   1.432336E+03
    90.000  -196.675   1.434328E+03
    90.000  -201.404   1.436321E+03
    90.000  -206.132   1.438313E+03
    90.000  -210.860   1.440305E+03
    90.000  -215.589   1.442298E+03
    90.000  -220.317   1.444290E+03
    90.000  -229.774   1.448275E+03
    90.000  -239.231   1.452260E+03
    90.000  -248.688   1.456244E+03
    90.000  -258.145   1.460229E+03
    90.000  -267.602   1.464214E+03
    90.000  -277.059   1.468198E+03
    90.000  -286.516   1.472183E+03
    90.000  -291.245   1.474176E+03
    90.000  -295.973   1.476168E+03
    90.000  -300.702   1.478161E+03
    90.000  -305.430   1.480153E+03
    90.000  -314.887   1.484137E+03
    90.000  -324.344   1.488122E+03
    90.000  -333.801   1.492107E+03
    90.000  -343.258   1.496092E+03
    90.000  -352.715   1.500076E+03
    90.000  -362.172   1.504061E+03
    90.000  -371.629   1.508046E+03
    90.000  -381.086   1.512031E+03
    90.000  -390.543   1.516015E+03
    90.000  -400.000   1.520000E+03
    95.000    -2.847   0.000000E+00
    95.000    -3.757   3.269091E+01
    95.000    -4.265   4.872320E+01
    95.000    -4.738   6.347673E+01
    95.000    -5.211   7.806038E+01
    95.000    -5.684   9.247421E+01
    95.000    -6.157   1.067182E+02
    95.000    -6.629   1.207628E+02
    95.000    -7.102   1.346673E+02
    95.000    -8.048   1.619665E+02
    95.000    -8.521   1.753607E+02
    95.000    -9.127   1.922822E+02
    95.000    -9.466   2.043278E+02
    95.000   -10.412   2.376794E+02
    95.000   -11.357   2.706388E+02
    95.000   -12.030   2.938651E+02
    95.000   -13.249   3.137959E+02
    95.000   -14.194   3.294413E+02
    95.000   -15.140   3.452726E+02
    95.000   -16.085   3.612534E+02
    95.000   -17.031   3.773824E+02
    95.000   -18.922   4.099881E+02
    95.000   -20.813   4.430283E+02
    95.000   -22.705   4.764517E+02
    95.000   -24.596   5.100225E+02
    95.000   -26.487   5.436474E+02
    95.000   -28.378   5.772044E+02
    95.000   -30.269   6.105707E+02
    95.000   -32.161   6.436466E+02
    95.000   -34.052   6.763269E+02
    95.000   -35.943   7.085614E+02
    95.000   -37.834   7.402792E+02
    95.000   -40.671   7.872877E+02
    95.000   -43.508   8.334666E+02
    95.000   -46.345   8.785653E+02
    95.000   -49.182   9.227585E+02
    95.000   -52.018   9.662536E+02
    95.000   -54.855   1.009284E+03
    95.000   -57.692   1.052067E+03
    95.000   -60.529   1.094839E+03
    95.000   -63.366   1.137850E+03
    95.000   -66.202   1.181281E+03
    95.000   -69.039   1.225399E+03
    95.000   -74.923   1.320000E+03
    95.000   -78.495   1.327144E+03
    95.000   -83.223   1.336600E+03
    95.000   -87.951   1.346056E+03
    95.000   -92.679   1.355512E+03
    95.000   -97.407   1.364968E+03
    95.000  -102.135   1.374424E+03
    95.000  -106.863   1.383880E+03
    95.000  -111.591   1.393336E+03
    95.000  -116.319   1.400588E+03
    95.000  -121.047   1.402578E+03
    95.000  -125.775   1.404568E+03
    95.000  -130.503   1.406558E+03
    95.000  -135.231   1.408548E+03
    95.000  -139.959   1.410539E+03
    95.000  -144.687   1.412529E+03
    95.000  -149.415   1.414519E+03
    95.000  -154.143   1.416509E+03
    95.000  -158.871   1.418499E+03
    95.000  -163.599   1.420490E+03
    95.000  -168.327   1.422480E+03
    95.000  -173.055   1.424470E+03
    95.000  -177.783   1.426460E+03
    95.000  -182.511   1.428450E+03
    95.000  -187.239   1.430441E+03
    95.000  -191.967   1.432431E+03
    95.000  -196.695   1.434421E+03
    95.000  -201.424   1.436412E+03
    95.000  -206.152   1.438402E+03
    95.000  -210.880   1.440392E+03
    95.000  -215.608   1.442382E+03
    95.000  -220.336   1.444372E+03
    95.000  -229.792   1.448353E+03
    95.000  -239.248   1.452333E+03
    95.000  -248.704   1.456314E+03
    95.000  -258.160   1.460294E+03
    95.000  -267.616   1.464274E+03
    95.000  -277.072   1.468255E+03
    95.000  -286.528   1.472235E+03
    95.000  -291.256   1.474225E+03
    95.000  -295.984   1.476216E+03
    95.000  -300.712   1.478206E+03
    95.000  -305.440   1.480196E+03
    95.000  -314.896   1.484176E+03
    95.000  -324.352   1.488157E+03
    95.000  -333.808   1.492137E+03
    95.000  -343.264   1.496118E+03
    95.000  -352.720   1.500098E+03
    95.000  -362.176   1.504078E+03
    95.000  -371.632   1.508059E+03
    95.000  -381.088   1.512039E+03
    95.000  -390.544   1.516020E+03
    95.000  -400.000   1.520000E+03
   100.000    -2.871   0.000000E+00
   100.000    -3.812   3.404293E+01
   100.000    -4.289   4.921194E+01
   100.000    -4.762   6.411712E+01
   100.000    -5.235   7.882754E+01
   100.000    -5.708   9.337071E+01
   100.000    -6.180   1.077157E+02
   100.000    -6.653   1.219224E+02
   100.000    -7.126   1.359594E+02
   100.000    -8.071   1.634918E+02
   100.000    -8.544   1.770124E+02
   100.000    -9.048   1.912195E+02
   100.000    -9.490   2.070932E+02
   100.000   -10.435   2.407281E+02
   100.000   -11.725   2.859689E+02
   100.000   -12.326   2.958086E+02
   100.000   -13.272   3.114763E+02
   100.000   -14.218   3.273411E+02
   100.000   -15.163   3.433644E+02
   100.000   -16.109   3.595598E+02
   100.000   -17.054   3.758850E+02
   100.000   -18.945   4.088912E+02
   100.000   -20.836   4.423063E+02
   100.000   -22.727   4.760714E+02
   100.000   -24.619   5.100062E+02
   100.000   -26.510   5.439554E+02
   100.000   -28.401   5.778284E+02
   100.000   -30.292   6.114773E+02
   100.000   -32.183   6.447903E+02
   100.000   -34.074   6.777265E+02
   100.000   -35.965   7.101731E+02
   100.000   -37.856   7.420857E+02
   100.000   -40.693   7.893739E+02
   100.000   -43.529   8.357991E+02
   100.000   -46.366   8.811262E+02
   100.000   -49.203   9.255693E+02
   100.000   -52.039   9.692744E+02
   100.000   -54.876   1.012504E+03
   100.000   -57.713   1.055497E+03
   100.000   -60.549   1.098488E+03
   100.000   -63.386   1.141732E+03
   100.000   -66.223   1.185432E+03
   100.000   -69.059   1.229810E+03
   100.000   -74.643   1.320000E+03
   100.000   -78.515   1.327744E+03
   100.000   -83.242   1.337198E+03
   100.000   -87.970   1.346654E+03
   100.000   -92.698   1.356110E+03
   100.000   -97.426   1.365566E+03
   100.000  -102.153   1.375020E+03
   100.000  -106.881   1.384476E+03
   100.000  -111.609   1.393932E+03
   100.000  -116.336   1.400712E+03
   100.000  -121.064   1.402700E+03
   100.000  -125.792   1.404688E+03
   100.000  -130.520   1.406677E+03
   100.000  -135.247   1.408665E+03
   100.000  -139.975   1.410653E+03
   100.000  -144.703   1.412641E+03
   100.000  -149.431   1.414629E+03
   100.000  -154.158   1.416617E+03
   100.000  -158.886   1.418605E+03
   100.000  -163.614   1.420594E+03
   100.000  -168.341   1.422581E+03
   100.000  -173.069   1.424570E+03
   100.000  -177.797   1.426558E+03
   100.000  -182.525   1.428546E+03
   100.000  -187.252   1.430534E+03
   100.000  -191.980   1.432522E+03
   100.000  -196.708   1.434510E+03
   100.000  -201.436   1.436499E+03
   100.000  -206.163   1.438487E+03
   100.000  -210.891   1.440475E+03
   100.000  -215.619   1.442463E+03
   100.000  -220.346   1.444451E+03
   100.000  -229.802   1.448427E+03
   100.000  -239.257   1.452403E+03
   100.000  -248.713   1.456380E+03
   100.000  -258.168   1.460356E+03
   100.000  -267.624   1.464332E+03
   100.000  -277.079   1.468309E+03
   100.000  -286.535   1.472285E+03
   100.000  -291.262   1.474273E+03
   100.000  -295.990   1.476261E+03
   100.000  -300.718   1.478249E+03
   100.000  -305.445   1.480237E+03
   100.000  -314.901   1.484214E+03
   100.000  -324.356   1.488190E+03
   100.000  -333.812   1.492166E+03
   100.000  -343.267   1.496142E+03
   100.000  -352.723   1.500119E+03
   100.000  -362.178   1.504095E+03
   100.000  -371.634   1.508071E+03
   100.000  -381.089   1.512047E+03
   100.000  -390.545   1.516024E+03
   100.000  -400.000   1.520000E+03
   105.000    -2.899   0.000000E+00
   105.000    -3.372   1.735337E+01
   105.000    -3.866   3.539633E+01
   105.000    -4.790   6.499225E+01
   105.000    -5.263   7.990663E+01
   105.000    -5.735   9.463083E+01
   105.000    -6.208   1.092294E+02
   105.000    -6.681   1.236731E+02
   105.000    -7.154   1.379644E+02
   105.000    -8.099   1.660682E+02
   105.000    -8.572   1.799191E+02
   105.000    -8.969   1.914306E+02
   105.000    -9.517   2.117491E+02
   105.000   -10.463   2.466615E+02
   107.000   -11.070   2.703615E+02
   105.000   -12.354   2.929497E+02
   105.000   -13.299   3.091298E+02
   105.000   -14.245   3.254202E+02
   105.000   -15.190   3.417989E+02
   105.000   -16.136   3.583276E+02
   105.000   -17.081   3.749521E+02
   105.000   -18.972   4.084349E+02
   105.000   -20.863   4.422490E+02
   105.000   -22.754   4.763553E+02
   105.000   -24.645   5.105854E+02
   105.000   -26.536   5.448313E+02
   105.000   -28.427   5.789810E+02
   105.000   -30.318   6.128397E+02
   105.000   -32.209   6.463513E+02
   105.000   -34.100   6.794634E+02
   105.000   -35.991   7.120745E+02
   105.000   -37.882   7.441624E+02
   105.000   -40.718   7.916612E+02
   105.000   -43.555   8.383180E+02
   105.000   -46.391   8.838478E+02
   105.000   -49.227   9.284605E+02
   105.000   -52.064   9.723599E+02
   105.000   -54.900   1.015773E+03
   105.000   -57.737   1.058974E+03
   105.000   -60.573   1.102172E+03
   105.000   -63.410   1.145672E+03
   105.000   -66.246   1.189624E+03
   105.000   -69.083   1.234302E+03
   105.000   -74.363   1.320000E+03
   105.000   -78.537   1.328348E+03
   105.000   -83.265   1.337804E+03
   105.000   -87.992   1.347258E+03
   105.000   -92.719   1.356712E+03
   105.000   -97.447   1.366168E+03
   105.000  -102.174   1.375622E+03
   105.000  -106.902   1.385078E+03
   105.000  -111.629   1.394532E+03
   105.000  -116.356   1.400837E+03
   105.000  -121.084   1.402824E+03
   105.000  -125.811   1.404809E+03
   105.000  -130.539   1.406796E+03
   105.000  -135.266   1.408782E+03
   105.000  -139.993   1.410768E+03
   105.000  -144.721   1.412754E+03
   105.000  -149.448   1.414740E+03
   105.000  -154.176   1.416726E+03
   105.000  -158.903   1.418712E+03
   105.000  -163.630   1.420698E+03
   105.000  -168.358   1.422684E+03
   105.000  -173.085   1.424670E+03
   105.000  -177.813   1.426656E+03
   105.000  -182.540   1.428642E+03
   105.000  -187.267   1.430628E+03
   105.000  -191.995   1.432614E+03
   105.000  -196.722   1.434600E+03
   105.000  -201.450   1.436586E+03
   105.000  -206.177   1.438572E+03
   105.000  -210.904   1.440558E+03
   105.000  -215.632   1.442544E+03
   105.000  -220.359   1.444530E+03
   105.000  -229.814   1.448503E+03
   105.000  -239.269   1.452475E+03
   105.000  -248.723   1.456446E+03
   105.000  -258.178   1.460419E+03
   105.000  -267.633   1.464391E+03
   105.000  -277.088   1.468363E+03
   105.000  -286.543   1.472335E+03
   105.000  -291.270   1.474321E+03
   105.000  -295.997   1.476307E+03
   105.000  -300.725   1.478293E+03
   105.000  -305.452   1.480279E+03
   105.000  -314.907   1.484251E+03
   105.000  -324.362   1.488223E+03
   105.000  -333.817   1.492196E+03
   105.000  -343.271   1.496167E+03
   105.000  -352.726   1.500140E+03
   105.000  -362.181   1.504112E+03
   105.000  -371.636   1.508084E+03
   105.000  -381.090   1.512056E+03
   105.000  -390.545   1.516028E+03
   105.000  -400.000   1.520000E+03
   110.000    -2.919   0.000000E+00
   110.000    -3.392   1.735471E+01
   110.000    -3.920   3.661578E+01
   110.000    -4.810   6.510282E+01
   110.000    -5.283   8.000662E+01
   110.000    -5.755   9.471637E+01
   110.000    -6.228   1.092956E+02
   110.000    -6.701   1.237140E+02
   110.000    -7.173   1.379429E+02
   110.000    -8.119   1.659862E+02
   110.000    -8.592   1.797739E+02
   110.000    -8.890   1.883698E+02
   110.000    -9.537   2.122329E+02
   110.234   -10.482   2.469120E+02
   110.099   -11.028   2.705952E+02
   110.000   -12.373   2.933024E+02
   110.000   -13.319   3.094422E+02
   110.000   -14.264   3.257103E+02
   110.000   -15.210   3.421652E+02
   110.000   -16.155   3.587545E+02
   110.000   -17.100   3.754450E+02
   110.000   -18.991   4.090847E+02
   110.000   -20.882   4.430784E+02
   110.000   -22.773   4.773778E+02
   110.000   -24.664   5.117994E+02
   110.000   -26.555   5.462355E+02
   110.000   -28.446   5.805460E+02
   110.000   -30.336   6.145301E+02
   110.000   -32.227   6.481696E+02
   110.000   -34.118   6.813942E+02
   110.000   -36.009   7.141517E+02
   110.000   -37.900   7.463617E+02
   110.000   -40.736   7.940100E+02
   110.000   -43.573   8.408438E+02
   110.000   -46.409   8.865438E+02
   110.000   -49.245   9.313051E+02
   110.000   -52.081   9.753600E+02
   110.000   -54.918   1.018973E+03
   110.000   -57.754   1.062347E+03
   110.000   -60.590   1.105775E+03
   110.000   -63.427   1.149526E+03
   110.000   -66.263   1.193742E+03
   110.000   -69.099   1.238691E+03
   110.000   -74.083   1.320000E+03
   110.000   -78.553   1.328940E+03
   110.000   -83.281   1.338396E+03
   110.000   -88.008   1.347850E+03
   110.000   -92.735   1.357304E+03
   110.000   -97.462   1.366758E+03
   110.000  -102.189   1.376212E+03
   110.000  -106.916   1.385666E+03
   110.000  -111.644   1.395122E+03
   110.000  -116.371   1.400960E+03
   110.000  -121.098   1.402944E+03
   110.000  -125.825   1.404928E+03
   110.000  -130.552   1.406912E+03
   110.000  -135.279   1.408896E+03
   110.000  -140.006   1.410880E+03
   110.000  -144.734   1.412864E+03
   110.000  -149.461   1.414848E+03
   110.000  -154.188   1.416832E+03
   110.000  -158.915   1.418816E+03
   110.000  -163.642   1.420800E+03
   110.000  -168.369   1.422784E+03
   110.000  -173.097   1.424768E+03
   110.000  -177.824   1.426752E+03
   110.000  -182.551   1.428736E+03
   110.000  -187.278   1.430720E+03
   110.000  -192.005   1.432704E+03
   110.000  -196.732   1.434688E+03
   110.000  -201.460   1.436672E+03
   110.000  -206.187   1.438656E+03
   110.000  -210.914   1.440640E+03
   110.000  -215.641   1.442624E+03
   110.000  -220.368   1.444608E+03
   110.000  -229.822   1.448576E+03
   110.000  -239.277   1.452544E+03
   110.000  -248.731   1.456512E+03
   110.000  -258.185   1.460480E+03
   110.000  -267.640   1.464448E+03
   110.000  -277.094   1.468416E+03
   110.000  -286.548   1.472384E+03
   110.000  -291.275   1.474368E+03
   110.000  -296.003   1.476352E+03
   110.000  -300.730   1.478336E+03
   110.000  -305.457   1.480320E+03
   110.000  -314.911   1.484288E+03
   110.000  -324.366   1.488256E+03
   110.000  -333.820   1.492224E+03
   110.000  -343.274   1.496192E+03
   110.000  -352.728   1.500160E+03
   110.000  -362.183   1.504128E+03
   110.000  -371.637   1.508096E+03
   110.000  -381.091   1.512064E+03
   110.000  -390.546   1.516032E+03
   110.000  -400.000   1.520000E+03
   115.000    -2.928   0.000000E+00
   115.000    -3.401   1.721167E+01
   114.000    -3.963   3.764717E+01
   115.000    -4.819   6.469625E+01
   115.000    -5.292   7.946130E+01
   115.000    -5.764   9.402971E+01
   115.000    -6.237   1.084629E+02
   115.000    -6.710   1.227291E+02
   115.000    -7.182   1.367976E+02
   115.000    -8.128   1.644855E+02
   115.000    -8.811   1.840584E+02
   115.000    -9.073   1.935974E+02
   113.000    -9.980   2.272034E+02
   115.000   -10.958   2.712140E+02
   115.000   -11.437   2.792047E+02
   115.000   -12.382   2.950969E+02
   115.000   -13.328   3.111884E+02
   115.000   -14.273   3.274395E+02
   115.000   -15.218   3.438621E+02
   115.000   -16.164   3.604299E+02
   115.000   -17.109   3.771051E+02
   115.000   -19.000   4.107548E+02
   115.000   -20.891   4.447747E+02
   115.000   -22.782   4.791217E+02
   115.000   -24.672   5.135873E+02
   115.000   -26.563   5.480976E+02
   115.000   -28.454   5.824650E+02
   115.000   -30.345   6.165330E+02
   115.000   -32.236   6.502317E+02
   115.000   -34.127   6.835325E+02
   115.000   -36.017   7.163431E+02
   115.000   -37.908   7.486278E+02
   115.000   -40.744   7.963924E+02
   115.000   -43.581   8.433520E+02
   115.000   -46.417   8.891742E+02
   115.000   -49.253   9.340644E+02
   115.000   -52.089   9.782563E+02
   115.000   -54.926   1.022034E+03
   115.000   -57.762   1.065596E+03
   115.000   -60.598   1.109258E+03
   115.000   -63.434   1.153219E+03
   115.000   -66.270   1.197724E+03
   115.000   -69.107   1.242961E+03
   115.000   -73.804   1.320000E+03
   115.000   -78.561   1.329514E+03
   115.000   -83.288   1.338968E+03
   115.000   -88.015   1.348422E+03
   115.000   -92.742   1.357876E+03
   115.000   -97.469   1.367330E+03
   115.000  -102.196   1.376784E+03
   115.000  -106.923   1.386238E+03
   115.000  -111.650   1.395692E+03
   115.000  -116.377   1.401079E+03
   115.000  -121.104   1.403061E+03
   115.000  -125.831   1.405043E+03
   115.000  -130.558   1.407025E+03
   115.000  -135.285   1.409007E+03
   115.000  -140.012   1.410989E+03
   115.000  -144.739   1.412971E+03
   115.000  -149.466   1.414953E+03
   115.000  -154.194   1.416935E+03
   115.000  -158.921   1.418917E+03
   115.000  -163.648   1.420899E+03
   115.000  -168.375   1.422881E+03
   115.000  -173.102   1.424863E+03
   115.000  -177.829   1.426845E+03
   115.000  -182.556   1.428827E+03
   115.000  -187.283   1.430809E+03
   115.000  -192.010   1.432791E+03
   115.000  -196.737   1.434773E+03
   115.000  -201.464   1.436755E+03
   115.000  -206.191   1.438737E+03
   115.000  -210.918   1.440719E+03
   115.000  -215.645   1.442701E+03
   115.000  -220.372   1.444683E+03
   115.000  -229.826   1.448647E+03
   115.000  -239.280   1.452611E+03
   115.000  -248.734   1.456575E+03
   115.000  -258.189   1.460540E+03
   115.000  -267.643   1.464504E+03
   115.000  -277.097   1.468468E+03
   115.000  -286.551   1.472432E+03
   115.000  -291.278   1.474414E+03
   115.000  -296.005   1.476396E+03
   115.000  -300.732   1.478378E+03
   115.000  -305.459   1.480360E+03
   115.000  -314.913   1.484324E+03
   115.000  -324.367   1.488288E+03
   115.000  -333.821   1.492252E+03
   115.000  -343.275   1.496216E+03
   115.000  -352.730   1.500180E+03
   115.000  -362.184   1.504144E+03
   115.000  -371.638   1.508108E+03
   115.000  -381.092   1.512072E+03
   115.000  -390.546   1.516036E+03
   115.000  -400.000   1.520000E+03
   120.000    -2.931   0.000000E+00
   120.000    -3.404   1.690661E+01
   120.000    -4.060   4.027484E+01
   120.000    -4.822   6.412473E+01
   120.000    -5.295   7.875242E+01
   120.000    -5.767   9.321685E+01
   120.000    -6.240   1.075828E+02
   120.000    -6.713   1.218237E+02
   120.000    -7.185   1.359146E+02
   120.000    -8.131   1.638136E+02
   120.000    -8.732   1.815407E+02
   118.077    -9.075   1.934525E+02
   120.000    -9.549   2.153112E+02
   120.000   -10.889   2.730649E+02
   120.000   -11.440   2.822243E+02
   120.000   -12.385   2.980747E+02
   120.000   -13.330   3.140873E+02
   120.000   -14.276   3.302748E+02
   120.000   -15.221   3.466098E+02
   120.000   -16.167   3.631202E+02
   120.000   -17.112   3.797517E+02
   120.000   -19.003   4.133139E+02
   120.000   -20.894   4.472659E+02
   120.000   -22.784   4.815427E+02
   120.000   -24.675   5.159754E+02
   120.000   -26.566   5.504451E+02
   120.000   -28.457   5.847792E+02
   120.000   -30.348   6.188471E+02
   120.000   -32.238   6.525446E+02
   120.000   -34.129   6.858517E+02
   120.000   -36.020   7.186987E+02
   120.000   -37.911   7.510250E+02
   120.000   -40.747   7.988557E+02
   120.000   -43.583   8.458548E+02
   120.000   -46.420   8.917907E+02
   120.000   -49.256   9.367863E+02
   120.000   -52.092   9.811219E+02
   120.000   -54.928   1.025029E+03
   120.000   -57.764   1.068780E+03
   120.000   -60.601   1.112657E+03
   120.000   -63.437   1.156856E+03
   120.000   -66.273   1.201635E+03
   120.000   -69.109   1.247147E+03
   120.000   -73.524   1.320000E+03
   120.000   -78.563   1.330078E+03
   120.000   -83.290   1.339532E+03
   120.000   -88.017   1.348986E+03
   120.000   -92.744   1.358440E+03
   120.000   -97.471   1.367894E+03
   120.000  -102.198   1.377348E+03
   120.000  -106.925   1.386802E+03
   120.000  -111.652   1.396256E+03
   120.000  -116.379   1.401196E+03
   120.000  -121.106   1.403176E+03
   120.000  -125.833   1.405156E+03
   120.000  -130.560   1.407136E+03
   120.000  -135.287   1.409116E+03
   120.000  -140.014   1.411096E+03
   120.000  -144.741   1.413076E+03
   120.000  -149.468   1.415056E+03
   120.000  -154.195   1.417036E+03
   120.000  -158.922   1.419016E+03
   120.000  -163.649   1.420997E+03
   120.000  -168.376   1.422977E+03
   120.000  -173.103   1.424957E+03
   120.000  -177.830   1.426937E+03
   120.000  -182.557   1.428917E+03
   120.000  -187.284   1.430897E+03
   120.000  -192.011   1.432877E+03
   120.000  -196.738   1.434857E+03
   120.000  -201.466   1.436837E+03
   120.000  -206.193   1.438817E+03
   120.000  -210.920   1.440798E+03
   120.000  -215.647   1.442778E+03
   120.000  -220.374   1.444758E+03
   120.000  -229.828   1.448718E+03
   120.000  -239.282   1.452678E+03
   120.000  -248.736   1.456638E+03
   120.000  -258.190   1.460598E+03
   120.000  -267.644   1.464558E+03
   120.000  -277.098   1.468518E+03
   120.000  -286.552   1.472479E+03
   120.000  -291.279   1.474459E+03
   120.000  -296.006   1.476439E+03
   120.000  -300.733   1.478419E+03
   120.000  -305.460   1.480399E+03
   120.000  -314.914   1.484359E+03
   120.000  -324.368   1.488319E+03
   120.000  -333.822   1.492279E+03
   120.000  -343.276   1.496239E+03
   120.000  -352.730   1.500199E+03
   120.000  -362.184   1.504160E+03
   120.000  -371.638   1.508120E+03
   120.000  -381.092   1.512080E+03
   120.000  -390.546   1.516040E+03
   120.000  -400.000   1.520000E+03
   125.000    -3.004   0.000000E+00
   125.000    -3.477   1.647043E+01
   125.000    -4.142   3.946506E+01
   125.000    -4.894   6.227463E+01
   125.000    -5.367   7.641022E+01
   125.000    -5.840   9.038279E+01
   125.000    -6.312   1.041639E+02
   125.000    -6.785   1.178123E+02
   125.000    -7.258   1.312882E+02
   123.030    -8.175   1.601673E+02
   125.000    -8.669   1.862658E+02
   125.000    -9.148   2.055439E+02
   125.000    -9.621   2.250118E+02
   125.000   -10.819   2.762668E+02
   125.000   -11.511   2.876664E+02
   125.000   -12.456   3.033789E+02
   125.000   -13.402   3.192666E+02
   125.000   -14.347   3.353081E+02
   125.000   -15.292   3.515207E+02
   125.000   -16.237   3.679042E+02
   125.000   -17.182   3.844258E+02
   125.000   -19.073   4.178300E+02
   125.000   -20.963   4.516408E+02
   125.000   -22.854   4.857919E+02
   125.000   -24.744   5.200769E+02
   125.000   -26.635   5.544103E+02
   125.000   -28.525   5.886179E+02
   125.000   -30.416   6.226264E+02
   125.000   -32.306   6.562818E+02
   125.000   -34.197   6.895390E+02
   125.000   -36.087   7.223365E+02
   125.000   -37.977   7.546191E+02
   125.000   -40.813   8.024535E+02
   125.000   -43.649   8.494795E+02
   125.000   -46.485   8.954397E+02
   125.000   -49.320   9.404900E+02
   125.000   -52.156   9.849267E+02
   125.000   -54.992   1.028972E+03
   125.000   -57.827   1.072894E+03
   125.000   -60.663   1.116960E+03
   125.000   -63.499   1.161432E+03
   125.000   -66.334   1.206481E+03
   125.000   -69.170   1.252328E+03
   125.000   -73.244   1.320000E+03
   125.000   -78.622   1.330756E+03
   125.000   -83.348   1.340208E+03
   125.000   -88.075   1.349662E+03
   125.000   -92.801   1.359114E+03
   125.000   -97.527   1.368566E+03
   125.000  -102.253   1.378018E+03
   125.000  -106.979   1.387470E+03
   125.000  -111.705   1.396922E+03
   125.000  -116.431   1.401334E+03
   125.000  -121.158   1.403312E+03
   125.000  -125.884   1.405290E+03
   125.000  -130.610   1.407267E+03
   125.000  -135.336   1.409245E+03
   125.000  -140.062   1.411223E+03
   125.000  -144.788   1.413200E+03
   125.000  -149.514   1.415178E+03
   125.000  -154.241   1.417156E+03
   125.000  -158.967   1.419134E+03
   125.000  -163.693   1.421112E+03
   125.000  -168.419   1.423089E+03
   125.000  -173.145   1.425067E+03
   125.000  -177.871   1.427045E+03
   125.000  -182.597   1.429022E+03
   125.000  -187.324   1.431001E+03
   125.000  -192.050   1.432978E+03
   125.000  -196.776   1.434956E+03
   125.000  -201.502   1.436934E+03
   125.000  -206.228   1.438911E+03
   125.000  -210.954   1.440889E+03
   125.000  -215.680   1.442867E+03
   125.000  -220.407   1.444845E+03
   125.000  -229.859   1.448800E+03
   125.000  -239.311   1.452756E+03
   125.000  -248.763   1.456711E+03
   125.000  -258.216   1.460667E+03
   125.000  -267.668   1.464622E+03
   125.000  -277.120   1.468578E+03
   125.000  -286.573   1.472534E+03
   125.000  -291.299   1.474511E+03
   125.000  -296.025   1.476489E+03
   125.000  -300.751   1.478467E+03
   125.000  -305.477   1.480445E+03
   125.000  -314.929   1.484400E+03
   125.000  -324.382   1.488356E+03
   125.000  -333.834   1.492311E+03
   125.000  -343.286   1.496267E+03
   125.000  -352.739   1.500222E+03
   125.000  -362.191   1.504178E+03
   125.000  -371.643   1.508133E+03
   125.000  -381.095   1.512089E+03
   125.000  -390.548   1.516045E+03
   125.000  -400.000   1.520000E+03
   130.000    -3.067   0.000000E+00
   130.000    -3.540   1.580073E+01
   130.000    -4.223   3.845589E+01
   130.000    -4.957   5.980424E+01
   130.000    -5.430   7.334933E+01
   130.000    -5.902   8.669936E+01
   130.000    -6.375   9.990602E+01
   130.229    -6.851   1.128684E+02
   127.824    -7.293   1.283264E+02
   130.000    -8.265   1.766851E+02
   130.000    -8.605   1.921815E+02
   130.000    -9.210   2.162187E+02
   130.000    -9.683   2.354621E+02
   130.000   -10.749   2.804260E+02
   130.000   -11.573   2.937894E+02
   130.000   -12.518   3.092870E+02
   130.000   -13.463   3.249593E+02
   130.000   -14.408   3.408155E+02
   130.000   -15.353   3.568530E+02
   130.000   -16.298   3.730625E+02
   130.000   -17.243   3.894399E+02
   130.000   -19.133   4.225839E+02
   130.000   -21.023   4.561918E+02
   130.000   -22.914   4.901462E+02
   130.000   -24.804   5.242655E+02
   130.000   -26.694   5.584139E+02
   130.000   -28.584   5.925026E+02
   130.000   -30.474   6.264056E+02
   130.000   -32.364   6.599625E+02
   130.000   -34.255   6.931468E+02
   130.000   -36.145   7.258718E+02
   130.000   -38.035   7.581169E+02
   130.000   -40.870   8.059115E+02
   130.000   -43.705   8.529166E+02
   130.000   -46.541   8.988880E+02
   130.000   -49.376   9.439911E+02
   130.000   -52.211   9.885141E+02
   130.000   -55.046   1.032704E+03
   130.000   -57.882   1.076822E+03
   130.000   -60.717   1.121119E+03
   130.000   -63.552   1.165862E+03
   130.000   -66.387   1.211182E+03
   130.000   -69.223   1.257368E+03
   130.000   -72.964   1.320000E+03
   130.000   -78.673   1.331418E+03
   130.000   -83.399   1.340870E+03
   130.000   -88.124   1.350320E+03
   130.000   -92.849   1.359770E+03
   130.000   -97.575   1.369222E+03
   130.000  -102.300   1.378672E+03
   130.000  -107.026   1.388124E+03
   130.000  -111.751   1.397574E+03
   130.000  -116.476   1.401468E+03
   130.000  -121.202   1.403444E+03
   130.000  -125.927   1.405419E+03
   130.000  -130.653   1.407395E+03
   130.000  -135.378   1.409371E+03
   130.000  -140.103   1.411346E+03
   130.000  -144.829   1.413322E+03
   130.000  -149.554   1.415297E+03
   130.000  -154.280   1.417273E+03
   130.000  -159.005   1.419248E+03
   130.000  -163.730   1.421224E+03
   130.000  -168.456   1.423199E+03
   130.000  -173.181   1.425175E+03
   130.000  -177.907   1.427150E+03
   130.000  -182.632   1.429126E+03
   130.000  -187.357   1.431101E+03
   130.000  -192.083   1.433077E+03
   130.000  -196.808   1.435052E+03
   130.000  -201.534   1.437028E+03
   130.000  -206.259   1.439003E+03
   130.000  -210.984   1.440979E+03
   130.000  -215.710   1.442955E+03
   130.000  -220.435   1.444930E+03
   130.000  -229.886   1.448881E+03
   130.000  -239.337   1.452832E+03
   130.000  -248.787   1.456783E+03
   130.000  -258.238   1.460734E+03
   130.000  -267.689   1.464685E+03
   130.000  -277.140   1.468636E+03
   130.000  -286.591   1.472588E+03
   130.000  -291.316   1.474563E+03
   130.000  -296.041   1.476538E+03
   130.000  -300.767   1.478514E+03
   130.000  -305.492   1.480489E+03
   130.000  -314.943   1.484441E+03
   130.000  -324.394   1.488392E+03
   130.000  -333.845   1.492343E+03
   130.000  -343.295   1.496294E+03
   130.000  -352.746   1.500245E+03
   130.000  -362.197   1.504196E+03
   130.000  -371.648   1.508147E+03
   130.000  -381.098   1.512098E+03
   130.000  -390.549   1.516049E+03
   130.000  -400.000   1.520000E+03
   135.000    -3.145   0.000000E+00
   135.000    -3.617   1.522688E+01
   135.000    -4.304   3.720290E+01
   135.000    -5.035   5.767817E+01
   135.000    -5.507   7.066226E+01
   135.096    -5.981   8.354980E+01
   133.000    -6.341   9.558543E+01
   135.000    -6.925   1.255137E+02
   135.000    -7.397   1.466715E+02
   135.000    -8.542   1.978399E+02
   135.000    -8.814   2.083926E+02
   135.000    -9.287   2.270865E+02
   135.000    -9.759   2.461431E+02
   135.000   -10.680   2.845556E+02
   135.000   -11.649   3.000411E+02
   135.000   -12.594   3.153485E+02
   135.000   -13.539   3.308468E+02
   135.000   -14.484   3.465391E+02
   135.000   -15.429   3.624282E+02
   135.000   -16.374   3.785112E+02
   135.000   -17.318   3.947422E+02
   135.000   -19.208   4.276261E+02
   135.000   -21.098   4.609938E+02
   135.000   -22.988   4.947122E+02
   135.000   -24.878   5.286642E+02
   135.000   -26.767   5.626582E+02
   135.000   -28.657   5.966289E+02
   135.000   -30.547   6.304190E+02
   135.000   -32.437   6.638540E+02
   135.000   -34.326   6.968933E+02
   135.000   -36.216   7.295381E+02
   135.000   -38.106   7.617542E+02
   135.000   -40.941   8.095013E+02
   135.000   -43.775   8.564604E+02
   135.000   -46.610   9.024139E+02
   135.000   -49.445   9.475707E+02
   135.000   -52.279   9.921968E+02
   135.000   -55.114   1.036531E+03
   135.000   -57.949   1.080831E+03
   135.000   -60.783   1.125386E+03
   135.000   -63.618   1.170401E+03
   135.000   -66.453   1.216041E+03
   135.000   -69.288   1.262652E+03
   135.000   -72.684   1.320000E+03
   135.000   -78.736   1.332104E+03
   135.000   -83.461   1.341554E+03
   135.000   -88.185   1.351002E+03
   135.000   -92.910   1.360452E+03
   135.000   -97.634   1.369900E+03
   135.000  -102.359   1.379350E+03
   135.000  -107.083   1.388798E+03
   135.000  -111.808   1.398248E+03
   135.000  -116.532   1.401607E+03
   135.000  -121.257   1.403581E+03
   135.000  -125.981   1.405554E+03
   135.000  -130.706   1.407527E+03
   135.000  -135.430   1.409500E+03
   135.000  -140.154   1.411473E+03
   135.000  -144.879   1.413447E+03
   135.000  -149.603   1.415420E+03
   135.000  -154.328   1.417393E+03
   135.000  -159.052   1.419366E+03
   135.000  -163.777   1.421339E+03
   135.000  -168.501   1.423312E+03
   135.000  -173.226   1.425286E+03
   135.000  -177.950   1.427259E+03
   135.000  -182.675   1.429232E+03
   135.000  -187.399   1.431205E+03
   135.000  -192.124   1.433179E+03
   135.000  -196.848   1.435152E+03
   135.000  -201.573   1.437125E+03
   135.000  -206.297   1.439098E+03
   135.000  -211.021   1.441071E+03
   135.000  -215.746   1.443045E+03
   135.000  -220.470   1.445018E+03
   135.000  -229.919   1.448964E+03
   135.000  -239.368   1.452911E+03
   135.000  -248.817   1.456857E+03
   135.000  -258.266   1.460804E+03
   135.000  -267.715   1.464750E+03
   135.000  -277.164   1.468696E+03
   135.000  -286.613   1.472643E+03
   135.000  -291.337   1.474616E+03
   135.000  -296.062   1.476589E+03
   135.000  -300.786   1.478562E+03
   135.000  -305.511   1.480536E+03
   135.000  -314.960   1.484482E+03
   135.000  -324.409   1.488429E+03
   135.000  -333.858   1.492375E+03
   135.000  -343.306   1.496321E+03
   135.000  -352.755   1.500268E+03
   135.000  -362.204   1.504214E+03
   135.000  -371.653   1.508161E+03
   135.000  -381.102   1.512107E+03
   135.000  -390.551   1.516054E+03
   135.000  -400.000   1.520000E+03
   140.000    -3.177   0.000000E+00
   140.000    -3.649   1.438166E+01
   140.000    -4.385   3.659935E+01
   140.413    -5.067   5.449316E+01
   137.749    -5.525   6.889142E+01
   140.000    -6.011   9.459923E+01
   140.000    -6.484   1.153859E+02
   140.000    -6.956   1.360641E+02
   140.000    -7.429   1.567927E+02
   140.000    -8.479   2.028328E+02
   140.000    -8.846   2.169323E+02
   140.000    -9.318   2.354178E+02
   140.000    -9.791   2.543388E+02
   140.000   -10.610   2.880877E+02
   140.000   -11.680   3.049756E+02
   140.000   -12.625   3.201156E+02
   140.000   -13.570   3.354639E+02
   140.000   -14.515   3.510228E+02
   140.000   -15.460   3.667890E+02
   140.000   -16.404   3.827296E+02
   140.000   -17.349   3.988288E+02
   140.000   -19.239   4.314775E+02
   140.000   -21.129   4.646380E+02
   140.000   -23.018   4.981930E+02
   140.000   -24.908   5.320193E+02
   140.000   -26.797   5.658936E+02
   140.000   -28.687   5.997476E+02
   140.000   -30.577   6.334208E+02
   140.000   -32.466   6.667574E+02
   140.000   -34.356   6.997419E+02
   140.000   -36.246   7.323352E+02
   140.000   -38.135   7.644782E+02
   140.000   -40.970   8.121814E+02
   140.000   -43.804   8.591335E+02
   140.000   -46.639   9.051049E+02
   140.000   -49.473   9.503238E+02
   140.000   -52.307   9.950609E+02
   140.000   -55.142   1.039539E+03
   140.000   -57.976   1.084021E+03
   140.000   -60.811   1.128832E+03
   140.000   -63.645   1.174127E+03
   140.000   -66.480   1.220203E+03
   140.000   -69.314   1.267312E+03
   140.000   -72.404   1.320000E+03
   140.000   -78.762   1.332716E+03
   140.000   -83.486   1.342164E+03
   140.000   -88.211   1.351614E+03
   140.000   -92.935   1.361062E+03
   140.000   -97.659   1.370510E+03
   140.000  -102.383   1.379958E+03
   140.000  -107.107   1.389406E+03
   140.000  -111.831   1.398854E+03
   140.000  -116.555   1.401732E+03
   140.000  -121.279   1.403703E+03
   140.000  -126.003   1.405674E+03
   140.000  -130.727   1.407645E+03
   140.000  -135.451   1.409616E+03
   140.000  -140.175   1.411588E+03
   140.000  -144.900   1.413559E+03
   140.000  -149.624   1.415530E+03
   140.000  -154.348   1.417501E+03
   140.000  -159.072   1.419472E+03
   140.000  -163.796   1.421443E+03
   140.000  -168.520   1.423415E+03
   140.000  -173.244   1.425386E+03
   140.000  -177.968   1.427357E+03
   140.000  -182.692   1.429328E+03
   140.000  -187.416   1.431299E+03
   140.000  -192.140   1.433270E+03
   140.000  -196.864   1.435241E+03
   140.000  -201.589   1.437213E+03
   140.000  -206.313   1.439184E+03
   140.000  -211.037   1.441155E+03
   140.000  -215.761   1.443126E+03
   140.000  -220.485   1.445097E+03
   140.000  -229.933   1.449039E+03
   140.000  -239.381   1.452981E+03
   140.000  -248.829   1.456924E+03
   140.000  -258.278   1.460866E+03
   140.000  -267.726   1.464808E+03
   140.000  -277.174   1.468751E+03
   140.000  -286.622   1.472693E+03
   140.000  -291.346   1.474664E+03
   140.000  -296.070   1.476635E+03
   140.000  -300.794   1.478606E+03
   140.000  -305.518   1.480577E+03
   140.000  -314.967   1.484520E+03
   140.000  -324.415   1.488462E+03
   140.000  -333.863   1.492404E+03
   140.000  -343.311   1.496346E+03
   140.000  -352.759   1.500289E+03
   140.000  -362.207   1.504231E+03
   140.000  -371.656   1.508173E+03
   140.000  -381.104   1.512116E+03
   140.000  -390.552   1.516058E+03
   140.000  -400.000   1.520000E+03
   145.000    -3.173   0.000000E+00
   145.000    -3.645   1.375340E+01
   144.000    -4.450   3.667391E+01
   145.000    -5.063   6.356694E+01
   145.000    -5.535   8.366331E+01
   145.000    -6.007   1.037042E+02
   145.000    -6.480   1.238482E+02
   145.000    -6.952   1.440026E+02
   145.000    -7.425   1.642467E+02
   145.000    -8.415   2.067528E+02
   145.000    -8.842   2.229329E+02
   145.000    -9.314   2.411874E+02
   145.000    -9.787   2.598833E+02
   145.000   -10.540   2.905051E+02
   145.000   -11.676   3.082465E+02
   145.000   -12.621   3.232595E+02
   145.000   -13.566   3.385026E+02
   145.000   -14.511   3.539635E+02
   145.000   -15.456   3.696417E+02
   145.000   -16.401   3.855056E+02
   145.000   -17.345   4.015055E+02
   145.000   -19.235   4.340071E+02
   145.000   -21.125   4.670547E+02
   145.000   -23.014   5.005382E+02
   145.000   -24.904   5.342772E+02
   145.000   -26.794   5.680896E+02
   145.000   -28.683   6.018359E+02
   145.000   -30.573   6.354326E+02
   145.000   -32.463   6.687468E+02
   145.000   -34.352   7.016837E+02
   145.000   -36.242   7.342461E+02
   145.000   -38.132   7.663865E+02
   145.000   -40.966   8.140509E+02
   145.000   -43.801   8.610077E+02
   145.000   -46.635   9.069877E+02
   145.000   -49.469   9.522828E+02
   145.000   -52.304   9.971363E+02
   145.000   -55.138   1.041732E+03
   145.000   -57.973   1.086404E+03
   145.000   -60.807   1.131425E+03
   145.000   -63.642   1.177077E+03
   145.000   -66.476   1.223630E+03
   145.000   -69.311   1.271371E+03
   145.000   -72.124   1.320000E+03
   145.000   -78.759   1.333270E+03
   145.000   -83.483   1.342718E+03
   145.000   -88.207   1.352166E+03
   145.000   -92.931   1.361614E+03
   145.000   -97.656   1.371064E+03
   145.000  -102.380   1.380512E+03
   145.000  -107.104   1.389960E+03
   145.000  -111.828   1.399408E+03
   145.000  -116.552   1.401846E+03
   145.000  -121.276   1.403815E+03
   145.000  -126.000   1.405784E+03
   145.000  -130.725   1.407754E+03
   145.000  -135.449   1.409723E+03
   145.000  -140.173   1.411692E+03
   145.000  -144.897   1.413661E+03
   145.000  -149.621   1.415630E+03
   145.000  -154.345   1.417600E+03
   145.000  -159.069   1.419569E+03
   145.000  -163.793   1.421538E+03
   145.000  -168.518   1.423508E+03
   145.000  -173.242   1.425477E+03
   145.000  -177.966   1.427446E+03
   145.000  -182.690   1.429415E+03
   145.000  -187.414   1.431384E+03
   145.000  -192.138   1.433354E+03
   145.000  -196.862   1.435323E+03
   145.000  -201.587   1.437292E+03
   145.000  -206.311   1.439261E+03
   145.000  -211.035   1.441231E+03
   145.000  -215.759   1.443200E+03
   145.000  -220.483   1.445169E+03
   145.000  -229.931   1.449107E+03
   145.000  -239.380   1.453046E+03
   145.000  -248.828   1.456985E+03
   145.000  -258.276   1.460923E+03
   145.000  -267.724   1.464861E+03
   145.000  -277.173   1.468800E+03
   145.000  -286.621   1.472738E+03
   145.000  -291.345   1.474708E+03
   145.000  -296.069   1.476677E+03
   145.000  -300.793   1.478646E+03
   145.000  -305.517   1.480615E+03
   145.000  -314.966   1.484554E+03
   145.000  -324.414   1.488492E+03
   145.000  -333.862   1.492431E+03
   145.000  -343.310   1.496369E+03
   145.000  -352.759   1.500308E+03
   145.000  -362.207   1.504246E+03
   145.000  -371.655   1.508184E+03
   145.000  -381.103   1.512123E+03
   145.000  -390.552   1.516062E+03
   145.000  -400.000   1.520000E+03
   150.000    -3.042   0.000000E+00
   150.000    -3.515   1.348524E+01
   152.000    -4.545   4.348529E+01
   150.000    -4.932   5.965161E+01
   150.000    -5.405   7.997925E+01
   150.000    -5.877   1.002759E+02
   150.000    -6.350   1.206294E+02
   150.000    -6.823   1.409982E+02
   150.000    -7.295   1.613397E+02
   150.000    -8.352   2.069510E+02
   150.000    -8.713   2.206830E+02
   150.000    -9.185   2.389850E+02
   150.000    -9.658   2.577205E+02
   150.000   -10.471   2.908518E+02
   150.000   -11.548   3.076987E+02
   150.000   -12.493   3.227193E+02
   150.000   -13.439   3.379820E+02
   150.000   -14.384   3.534490E+02
   150.000   -15.329   3.691311E+02
   150.000   -16.274   3.849854E+02
   150.000   -17.219   4.009922E+02
   150.000   -19.109   4.334621E+02
   150.000   -21.000   4.665336E+02
   150.000   -22.890   5.000336E+02
   150.000   -24.780   5.337523E+02
   150.000   -26.670   5.675522E+02
   150.000   -28.561   6.013147E+02
   150.000   -30.451   6.349110E+02
   150.000   -32.341   6.682321E+02
   150.000   -34.232   7.012163E+02
   150.000   -36.122   7.337938E+02
   150.000   -38.012   7.659500E+02
   150.000   -40.848   8.136723E+02
   150.000   -43.683   8.606654E+02
   150.000   -46.518   9.067142E+02
   150.000   -49.354   9.521067E+02
   150.000   -52.189   9.970365E+02
   150.000   -55.025   1.041756E+03
   150.000   -57.860   1.086554E+03
   150.000   -60.695   1.131744E+03
   150.000   -63.531   1.177663E+03
   150.000   -66.366   1.224652E+03
   150.000   -69.202   1.273180E+03
   151.000   -71.788   1.320000E+03
   150.000   -78.653   1.333730E+03
   150.000   -83.379   1.343182E+03
   150.000   -88.104   1.352632E+03
   150.000   -92.830   1.362084E+03
   150.000   -97.556   1.371536E+03
   150.000  -102.282   1.380988E+03
   150.000  -107.007   1.390438E+03
   150.000  -111.733   1.399890E+03
   150.000  -116.459   1.401945E+03
   150.000  -121.184   1.403912E+03
   150.000  -125.910   1.405880E+03
   150.000  -130.636   1.407848E+03
   150.000  -135.361   1.409815E+03
   150.000  -140.087   1.411783E+03
   150.000  -144.813   1.413750E+03
   150.000  -149.538   1.415718E+03
   150.000  -154.264   1.417685E+03
   150.000  -158.990   1.419653E+03
   150.000  -163.715   1.421620E+03
   150.000  -168.441   1.423588E+03
   150.000  -173.167   1.425556E+03
   150.000  -177.893   1.427523E+03
   150.000  -182.618   1.429491E+03
   150.000  -187.344   1.431459E+03
   150.000  -192.070   1.433426E+03
   150.000  -196.795   1.435394E+03
   150.000  -201.521   1.437361E+03
   150.000  -206.247   1.439329E+03
   150.000  -210.972   1.441296E+03
   150.000  -215.698   1.443264E+03
   150.000  -220.424   1.445232E+03
   150.000  -229.875   1.449167E+03
   150.000  -239.327   1.453102E+03
   150.000  -248.778   1.457037E+03
   150.000  -258.229   1.460972E+03
   150.000  -267.681   1.464908E+03
   150.000  -277.132   1.468843E+03
   150.000  -286.583   1.472778E+03
   150.000  -291.309   1.474745E+03
   150.000  -296.035   1.476713E+03
   150.000  -300.761   1.478681E+03
   150.000  -305.486   1.480648E+03
   150.000  -314.938   1.484584E+03
   150.000  -324.389   1.488519E+03
   150.000  -333.840   1.492454E+03
   150.000  -343.292   1.496389E+03
   150.000  -352.743   1.500324E+03
   150.000  -362.194   1.504259E+03
   150.000  -371.646   1.508195E+03
   150.000  -381.097   1.512130E+03
   150.000  -390.549   1.516065E+03
   150.000  -400.000   1.520000E+03
   155.000    -3.038   0.000000E+00
   155.000    -3.511   1.362571E+01
   155.000    -4.555   4.366291E+01
   155.000    -4.928   5.965325E+01
   155.000    -5.401   7.998808E+01
   155.000    -5.873   1.003359E+02
   155.000    -6.346   1.207749E+02
   155.000    -6.819   1.412549E+02
   155.000    -7.291   1.617266E+02
   155.000    -8.289   2.051027E+02
   155.000    -8.709   2.211739E+02
   155.000    -9.181   2.396617E+02
   155.000    -9.654   2.585908E+02
   156.000   -10.387   2.889502E+02
   155.000   -11.544   3.074015E+02
   155.000   -12.489   3.225832E+02
   155.000   -13.435   3.379913E+02
   155.000   -14.380   3.535953E+02
   155.000   -15.325   3.693897E+02
   155.000   -16.270   3.853448E+02
   155.000   -17.215   4.014483E+02
   155.000   -19.106   4.341006E+02
   155.000   -20.996   4.672938E+02
   155.000   -22.886   5.008857E+02
   155.000   -24.776   5.346788E+02
   155.000   -26.667   5.685582E+02
   155.000   -28.557   6.023538E+02
   155.000   -30.447   6.359813E+02
   155.000   -32.338   6.693479E+02
   155.000   -34.228   7.023405E+02
   155.000   -36.118   7.349435E+02
   155.000   -38.008   7.671029E+02
   155.000   -40.844   8.148132E+02
   155.000   -43.679   8.618081E+02
   155.000   -46.515   9.078986E+02
   155.000   -49.350   9.532923E+02
   155.000   -52.186   9.982474E+02
   155.000   -55.021   1.042992E+03
   155.000   -57.857   1.087824E+03
   155.000   -60.692   1.133017E+03
   155.000   -63.527   1.178886E+03
   155.000   -66.363   1.225766E+03
   155.000   -69.198   1.273938E+03
   155.000   -71.833   1.320000E+03
   155.000   -78.650   1.333634E+03
   155.000   -83.376   1.343086E+03
   155.000   -88.101   1.352536E+03
   155.000   -92.827   1.361988E+03
   155.000   -97.553   1.371440E+03
   155.000  -102.279   1.380892E+03
   155.000  -107.004   1.390342E+03
   155.000  -111.730   1.399794E+03
   155.000  -116.456   1.401925E+03
   155.000  -121.181   1.403893E+03
   155.000  -125.907   1.405861E+03
   155.000  -130.633   1.407829E+03
   155.000  -135.359   1.409797E+03
   155.000  -140.084   1.411764E+03
   155.000  -144.810   1.413732E+03
   155.000  -149.536   1.415700E+03
   155.000  -154.262   1.417669E+03
   155.000  -158.987   1.419636E+03
   155.000  -163.713   1.421604E+03
   155.000  -168.439   1.423572E+03
   155.000  -173.165   1.425540E+03
   155.000  -177.890   1.427508E+03
   155.000  -182.616   1.429476E+03
   155.000  -187.342   1.431444E+03
   155.000  -192.068   1.433412E+03
   155.000  -196.793   1.435379E+03
   155.000  -201.519   1.437348E+03
   155.000  -206.245   1.439316E+03
   155.000  -210.970   1.441283E+03
   155.000  -215.696   1.443251E+03
   155.000  -220.422   1.445219E+03
   155.000  -229.873   1.449155E+03
   155.000  -239.325   1.453091E+03
   155.000  -248.776   1.457027E+03
   155.000  -258.228   1.460963E+03
   155.000  -267.679   1.464898E+03
   155.000  -277.131   1.468834E+03
   155.000  -286.582   1.472770E+03
   155.000  -291.308   1.474738E+03
   155.000  -296.034   1.476706E+03
   155.000  -300.760   1.478674E+03
   155.000  -305.485   1.480642E+03
   155.000  -314.937   1.484578E+03
   155.000  -324.388   1.488513E+03
   155.000  -333.840   1.492449E+03
   155.000  -343.291   1.496385E+03
   155.000  -352.743   1.500321E+03
   155.000  -362.194   1.504257E+03
   155.000  -371.646   1.508193E+03
   155.000  -381.097   1.512128E+03
   155.000  -390.549   1.516064E+03
   155.000  -400.000   1.520000E+03
   160.000    -3.392   0.000000E+00
   160.000    -3.864   1.455113E+01
   160.000    -4.572   3.607124E+01
   160.000    -5.281   6.816911E+01
   160.000    -5.753   8.947579E+01
   160.000    -6.225   1.107463E+02
   160.000    -6.697   1.319867E+02
   160.000    -7.169   1.532023E+02
   160.000    -7.641   1.743974E+02
   160.000    -8.225   2.005970E+02
   160.000    -9.058   2.336179E+02
   160.000    -9.530   2.528254E+02
   160.000   -10.339   2.866061E+02
   160.000   -10.946   2.963433E+02
   160.000   -11.891   3.116526E+02
   160.000   -12.835   3.271226E+02
   160.000   -13.779   3.427761E+02
   160.000   -14.724   3.586239E+02
   160.000   -15.668   3.746125E+02
   160.000   -16.612   3.907563E+02
   160.000   -17.557   4.070568E+02
   160.000   -19.445   4.399991E+02
   160.000   -21.334   4.734356E+02
   160.000   -23.222   5.071735E+02
   160.000   -25.111   5.410949E+02
   160.000   -27.000   5.750539E+02
   160.000   -28.888   6.088772E+02
   160.000   -30.777   6.425037E+02
   160.000   -32.665   6.758169E+02
   160.000   -34.554   7.087765E+02
   160.000   -36.443   7.413244E+02
   160.000   -38.331   7.734061E+02
   160.000   -41.164   8.209942E+02
   160.000   -43.997   8.678879E+02
   160.000   -46.830   9.138566E+02
   160.000   -49.663   9.591431E+02
   160.000   -52.496   1.004001E+03
   160.000   -55.329   1.048668E+03
   160.000   -58.162   1.093401E+03
   160.000   -60.995   1.138526E+03
   160.000   -63.828   1.184258E+03
   160.000   -66.660   1.230850E+03
   160.000   -69.493   1.278588E+03
   160.000   -71.889   1.320000E+03
   160.000   -78.936   1.334094E+03
   160.000   -83.658   1.343538E+03
   160.000   -88.379   1.352980E+03
   160.000   -93.101   1.362424E+03
   160.000   -97.822   1.371866E+03
   160.000  -102.544   1.381310E+03
   160.000  -107.266   1.390754E+03
   160.000  -111.987   1.400041E+03
   160.000  -116.709   1.402008E+03
   160.000  -121.430   1.403974E+03
   160.000  -126.152   1.405941E+03
   160.000  -130.873   1.407907E+03
   160.000  -135.595   1.409874E+03
   160.000  -140.316   1.411840E+03
   160.000  -145.038   1.413807E+03
   160.000  -149.759   1.415773E+03
   160.000  -154.481   1.417740E+03
   160.000  -159.202   1.419706E+03
   160.000  -163.924   1.421673E+03
   160.000  -168.645   1.423639E+03
   160.000  -173.367   1.425606E+03
   160.000  -178.088   1.427572E+03
   160.000  -182.810   1.429539E+03
   160.000  -187.531   1.431505E+03
   160.000  -192.253   1.433472E+03
   160.000  -196.974   1.435438E+03
   160.000  -201.696   1.437405E+03
   160.000  -206.418   1.439372E+03
   160.000  -211.139   1.441338E+03
   160.000  -215.861   1.443305E+03
   160.000  -220.582   1.445271E+03
   160.000  -230.025   1.449204E+03
   160.000  -239.468   1.453137E+03
   160.000  -248.911   1.457071E+03
   160.000  -258.354   1.461004E+03
   160.000  -267.797   1.464937E+03
   160.000  -277.240   1.468870E+03
   160.000  -286.683   1.472803E+03
   160.000  -291.405   1.474770E+03
   160.000  -296.126   1.476736E+03
   160.000  -300.848   1.478703E+03
   160.000  -305.570   1.480669E+03
   160.000  -315.013   1.484602E+03
   160.000  -324.456   1.488535E+03
   160.000  -333.899   1.492469E+03
   160.000  -343.342   1.496402E+03
   160.000  -352.785   1.500335E+03
   160.000  -362.228   1.504268E+03
   160.000  -371.671   1.508201E+03
   160.000  -381.114   1.512134E+03
   160.000  -390.557   1.516067E+03
   160.000  -400.000   1.520000E+03
   165.000    -3.471   0.000000E+00
   165.000    -3.943   1.463559E+01
   166.000    -4.593   3.438409E+01
   165.000    -5.359   6.957948E+01
   165.000    -5.831   9.107875E+01
   165.000    -6.303   1.125607E+02
   165.000    -6.775   1.340268E+02
   165.000    -7.247   1.554785E+02
   165.000    -8.162   1.970294E+02
   165.000    -8.664   2.168545E+02
   165.000    -9.136   2.359569E+02
   165.000    -9.608   2.554625E+02
   165.000   -10.279   2.839292E+02
   165.000   -11.024   2.959918E+02
   165.000   -11.968   3.114546E+02
   165.000   -12.912   3.270905E+02
   165.000   -13.856   3.429008E+02
   165.000   -14.800   3.588735E+02
   165.000   -15.745   3.750125E+02
   165.000   -16.689   3.912876E+02
   165.000   -17.633   4.076937E+02
   165.000   -19.521   4.408938E+02
   165.000   -21.409   4.745138E+02
   165.000   -23.297   5.084146E+02
   165.000   -25.186   5.424768E+02
   165.000   -27.074   5.765383E+02
   165.000   -28.962   6.104499E+02
   165.000   -30.850   6.441300E+02
   165.000   -32.739   6.775190E+02
   165.000   -34.627   7.104825E+02
   165.000   -36.515   7.430232E+02
   165.000   -38.403   7.751262E+02
   165.000   -41.236   8.227248E+02
   165.000   -44.068   8.695961E+02
   165.000   -46.900   9.155267E+02
   165.000   -49.733   9.607734E+02
   165.000   -52.565   1.005571E+03
   165.000   -55.397   1.050141E+03
   165.000   -58.230   1.094787E+03
   165.000   -61.062   1.139771E+03
   165.000   -63.894   1.185307E+03
   165.000   -66.727   1.231669E+03
   165.000   -69.559   1.279097E+03
   165.000   -71.945   1.320000E+03
   165.000   -79.000   1.334110E+03
   165.000   -83.721   1.343552E+03
   165.000   -88.442   1.352994E+03
   165.000   -93.162   1.362434E+03
   165.000   -97.883   1.371876E+03
   165.000  -102.603   1.381316E+03
   165.000  -107.324   1.390758E+03
   165.000  -112.044   1.400041E+03
   165.000  -116.765   1.402008E+03
   165.000  -121.486   1.403975E+03
   165.000  -126.206   1.405941E+03
   165.000  -130.927   1.407908E+03
   165.000  -135.647   1.409874E+03
   165.000  -140.368   1.411841E+03
   165.000  -145.089   1.413807E+03
   165.000  -149.809   1.415774E+03
   165.000  -154.530   1.417740E+03
   165.000  -159.250   1.419707E+03
   165.000  -163.971   1.421673E+03
   165.000  -168.691   1.423640E+03
   165.000  -173.412   1.425606E+03
   165.000  -178.133   1.427573E+03
   165.000  -182.853   1.429539E+03
   165.000  -187.574   1.431506E+03
   165.000  -192.294   1.433472E+03
   165.000  -197.015   1.435439E+03
   165.000  -201.736   1.437406E+03
   165.000  -206.456   1.439372E+03
   165.000  -211.177   1.441339E+03
   165.000  -215.897   1.443305E+03
   165.000  -220.618   1.445272E+03
   165.000  -230.059   1.449205E+03
   165.000  -239.500   1.453138E+03
   165.000  -248.941   1.457071E+03
   165.000  -258.383   1.461004E+03
   165.000  -267.824   1.464937E+03
   165.000  -277.265   1.468870E+03
   165.000  -286.706   1.472803E+03
   165.000  -291.427   1.474770E+03
   165.000  -296.147   1.476736E+03
   165.000  -300.868   1.478703E+03
   165.000  -305.588   1.480669E+03
   165.000  -315.030   1.484603E+03
   165.000  -324.471   1.488536E+03
   165.000  -333.912   1.492469E+03
   165.000  -343.353   1.496402E+03
   165.000  -352.794   1.500335E+03
   165.000  -362.235   1.504268E+03
   165.000  -371.677   1.508201E+03
   165.000  -381.118   1.512134E+03
   165.000  -390.559   1.516067E+03
   165.000  -400.000   1.520000E+03
   170.000    -3.456   0.000000E+00
   170.000    -3.928   1.451249E+01
   170.000    -4.628   3.589799E+01
   170.000    -5.344   6.857400E+01
   170.000    -5.816   9.011210E+01
   170.000    -6.288   1.116476E+02
   170.000    -6.761   1.332257E+02
   170.000    -7.233   1.547547E+02
   170.000    -8.099   1.942452E+02
   170.000    -8.649   2.160937E+02
   170.000    -9.121   2.352923E+02
   170.000    -9.593   2.549053E+02
   170.000   -10.219   2.815793E+02
   170.000   -11.009   2.944066E+02
   170.000   -11.953   3.099148E+02
   170.000   -12.898   3.256291E+02
   170.000   -13.842   3.415025E+02
   170.000   -14.786   3.575366E+02
   170.000   -15.730   3.737410E+02
   170.000   -16.674   3.901009E+02
   170.000   -17.618   4.066072E+02
   170.000   -19.507   4.400015E+02
   170.000   -21.395   4.737664E+02
   170.000   -23.283   5.078173E+02
   170.000   -25.172   5.420103E+02
   170.000   -27.060   5.761852E+02
   170.000   -28.948   6.101931E+02
   170.000   -30.836   6.439547E+02
   170.000   -32.725   6.774115E+02
   170.000   -34.613   7.104166E+02
   170.000   -36.501   7.429988E+02
   170.000   -38.390   7.751497E+02
   170.000   -41.222   8.227601E+02
   170.000   -44.055   8.696584E+02
   170.000   -46.887   9.155806E+02
   170.000   -49.719   9.607826E+02
   170.000   -52.552   1.005546E+03
   170.000   -55.384   1.050041E+03
   170.000   -58.217   1.094586E+03
   170.000   -61.049   1.139437E+03
   170.000   -63.882   1.184820E+03
   170.000   -66.714   1.230961E+03
   170.000   -69.547   1.278169E+03
   170.000   -72.001   1.320000E+03
   170.000   -78.988   1.333974E+03
   170.000   -83.709   1.343416E+03
   170.000   -88.430   1.352858E+03
   170.000   -93.150   1.362298E+03
   170.000   -97.871   1.371740E+03
   170.000  -102.592   1.381182E+03
   170.000  -107.313   1.390624E+03
   170.000  -112.034   1.400014E+03
   170.000  -116.754   1.401980E+03
   170.000  -121.475   1.403948E+03
   170.000  -126.196   1.405915E+03
   170.000  -130.917   1.407882E+03
   170.000  -135.637   1.409848E+03
   170.000  -140.358   1.411815E+03
   170.000  -145.079   1.413783E+03
   170.000  -149.800   1.415750E+03
   170.000  -154.520   1.417716E+03
   170.000  -159.241   1.419683E+03
   170.000  -163.962   1.421650E+03
   170.000  -168.683   1.423618E+03
   170.000  -173.403   1.425584E+03
   170.000  -178.124   1.427551E+03
   170.000  -182.845   1.429518E+03
   170.000  -187.566   1.431486E+03
   170.000  -192.286   1.433452E+03
   170.000  -197.007   1.435419E+03
   170.000  -201.728   1.437386E+03
   170.000  -206.449   1.439353E+03
   170.000  -211.170   1.441321E+03
   170.000  -215.890   1.443287E+03
   170.000  -220.611   1.445254E+03
   170.000  -230.053   1.449189E+03
   170.000  -239.494   1.453122E+03
   170.000  -248.936   1.457056E+03
   170.000  -258.377   1.460990E+03
   170.000  -267.819   1.464924E+03
   170.000  -277.260   1.468858E+03
   170.000  -286.702   1.472792E+03
   170.000  -291.422   1.474759E+03
   170.000  -296.143   1.476726E+03
   170.000  -300.864   1.478693E+03
   170.000  -305.585   1.480660E+03
   170.000  -315.026   1.484594E+03
   170.000  -324.468   1.488528E+03
   170.000  -333.909   1.492462E+03
   170.000  -343.351   1.496396E+03
   170.000  -352.792   1.500330E+03
   170.000  -362.234   1.504264E+03
   170.000  -371.675   1.508198E+03
   170.000  -381.117   1.512132E+03
   170.000  -390.558   1.516066E+03
   170.000  -400.000   1.520000E+03
   175.000    -3.459   0.000000E+00
   175.000    -3.931   1.460146E+01
   175.000    -4.671   3.732160E+01
   175.000    -5.347   6.830794E+01
   175.000    -5.819   8.994534E+01
   175.000    -6.291   1.115836E+02
   175.000    -6.764   1.332678E+02
   175.000    -7.236   1.549057E+02
   175.000    -8.035   1.915317E+02
   175.000    -8.652   2.161315E+02
   175.000    -9.124   2.354380E+02
   175.000    -9.596   2.551649E+02
   175.000   -10.158   2.792247E+02
   175.000   -11.012   2.931232E+02
   175.000   -11.956   3.087055E+02
   175.000   -12.900   3.244769E+02
   175.000   -13.845   3.404402E+02
   175.000   -14.789   3.565468E+02
   175.000   -15.733   3.728103E+02
   175.000   -16.677   3.892276E+02
   175.000   -17.621   4.058147E+02
   175.000   -19.509   4.393303E+02
   175.000   -21.398   4.732502E+02
   175.000   -23.286   5.074246E+02
   175.000   -25.174   5.417086E+02
   175.000   -27.063   5.759963E+02
   175.000   -28.951   6.100849E+02
   175.000   -30.839   6.439137E+02
   175.000   -32.728   6.774248E+02
   175.000   -34.616   7.104715E+02
   175.000   -36.504   7.430843E+02
   175.000   -38.392   7.752283E+02
   175.000   -41.225   8.228737E+02
   175.000   -44.057   8.697556E+02
   175.000   -46.890   9.156766E+02
   175.000   -49.722   9.608436E+02
   175.000   -52.555   1.005554E+03
   175.000   -55.387   1.049977E+03
   175.000   -58.219   1.094415E+03
   175.000   -61.052   1.139168E+03
   175.000   -63.884   1.184400E+03
   175.000   -66.717   1.230400E+03
   175.000   -69.549   1.277416E+03
   175.000   -72.057   1.320000E+03
   175.000   -78.991   1.333868E+03
   175.000   -83.711   1.343308E+03
   175.000   -88.432   1.352750E+03
   175.000   -93.153   1.362192E+03
   175.000   -97.874   1.371634E+03
   175.000  -102.594   1.381074E+03
   175.000  -107.315   1.390516E+03
   175.000  -112.036   1.399958E+03
   175.000  -116.756   1.401958E+03
   175.000  -121.477   1.403926E+03
   175.000  -126.198   1.405893E+03
   175.000  -130.919   1.407861E+03
   175.000  -135.639   1.409828E+03
   175.000  -140.360   1.411795E+03
   175.000  -145.081   1.413763E+03
   175.000  -149.802   1.415730E+03
   175.000  -154.522   1.417697E+03
   175.000  -159.243   1.419665E+03
   175.000  -163.964   1.421632E+03
   175.000  -168.684   1.423599E+03
   175.000  -173.405   1.425567E+03
   175.000  -178.126   1.427534E+03
   175.000  -182.847   1.429502E+03
   175.000  -187.567   1.431469E+03
   175.000  -192.288   1.433436E+03
   175.000  -197.009   1.435404E+03
   175.000  -201.730   1.437371E+03
   175.000  -206.450   1.439338E+03
   175.000  -211.171   1.441306E+03
   175.000  -215.892   1.443273E+03
   175.000  -220.612   1.445240E+03
   175.000  -230.054   1.449175E+03
   175.000  -239.495   1.453110E+03
   175.000  -248.937   1.457045E+03
   175.000  -258.378   1.460979E+03
   175.000  -267.820   1.464914E+03
   175.000  -277.261   1.468849E+03
   175.000  -286.703   1.472784E+03
   175.000  -291.423   1.474751E+03
   175.000  -296.144   1.476718E+03
   175.000  -300.865   1.478686E+03
   175.000  -305.585   1.480653E+03
   175.000  -315.027   1.484588E+03
   175.000  -324.468   1.488522E+03
   175.000  -333.910   1.492457E+03
   175.000  -343.351   1.496392E+03
   175.000  -352.793   1.500327E+03
   175.000  -362.234   1.504261E+03
   175.000  -371.676   1.508196E+03
   175.000  -381.117   1.512131E+03
   175.000  -390.559   1.516065E+03
   175.000  -400.000   1.520000E+03
   180.000    -3.487   0.000000E+00
   180.000    -3.959   1.475712E+01
   180.000    -4.715   3.819275E+01
   180.000    -5.375   6.871225E+01
   180.000    -5.847   9.053236E+01
   180.000    -6.319   1.123476E+02
   180.000    -6.791   1.341579E+02
   180.000    -7.263   1.559635E+02
   180.000    -7.972   1.887086E+02
   180.000    -8.679   2.170661E+02
   180.000    -9.151   2.365271E+02
   180.000    -9.624   2.564543E+02
   180.000   -10.098   2.768733E+02
   180.000   -11.040   2.923035E+02
   180.000   -11.984   3.079802E+02
   180.000   -12.928   3.238411E+02
   180.000   -13.872   3.398724E+02
   180.000   -14.816   3.560594E+02
   180.000   -15.760   3.723864E+02
   180.000   -16.704   3.888756E+02
   180.000   -17.648   4.055246E+02
   180.000   -19.536   4.391664E+02
   180.000   -21.424   4.731804E+02
   180.000   -23.313   5.074709E+02
   180.000   -25.201   5.418388E+02
   180.000   -27.089   5.761790E+02
   180.000   -28.977   6.103258E+02
   180.000   -30.865   6.442017E+02
   180.000   -32.753   6.777324E+02
   180.000   -34.642   7.108261E+02
   180.000   -36.530   7.434369E+02
   180.000   -38.418   7.755717E+02
   180.000   -41.250   8.232053E+02
   180.000   -44.082   8.700740E+02
   180.000   -46.915   9.159667E+02
   180.000   -49.747   9.610922E+02
   180.000   -52.579   1.005733E+03
   180.000   -55.411   1.050089E+03
   180.000   -58.244   1.094463E+03
   180.000   -61.076   1.139107E+03
   180.000   -63.908   1.184233E+03
   180.000   -66.740   1.230097E+03
   180.000   -69.573   1.276998E+03
   180.000   -72.113   1.320000E+03
   180.000   -79.013   1.333800E+03
   180.000   -83.734   1.343242E+03
   180.000   -88.454   1.352682E+03
   180.000   -93.174   1.362122E+03
   180.000   -97.895   1.371564E+03
   180.000  -102.615   1.381004E+03
   180.000  -107.336   1.390446E+03
   180.000  -112.056   1.399886E+03
   180.000  -116.776   1.401944E+03
   180.000  -121.497   1.403912E+03
   180.000  -126.217   1.405879E+03
   180.000  -130.938   1.407847E+03
   180.000  -135.658   1.409814E+03
   180.000  -140.378   1.411782E+03
   180.000  -145.099   1.413750E+03
   180.000  -149.819   1.415717E+03
   180.000  -154.540   1.417685E+03
   180.000  -159.260   1.419652E+03
   180.000  -163.980   1.421620E+03
   180.000  -168.701   1.423588E+03
   180.000  -173.421   1.425555E+03
   180.000  -178.142   1.427523E+03
   180.000  -182.862   1.429490E+03
   180.000  -187.582   1.431458E+03
   180.000  -192.303   1.433426E+03
   180.000  -197.023   1.435393E+03
   180.000  -201.744   1.437361E+03
   180.000  -206.464   1.439328E+03
   180.000  -211.184   1.441296E+03
   180.000  -215.905   1.443264E+03
   180.000  -220.625   1.445231E+03
   180.000  -230.066   1.449166E+03
   180.000  -239.507   1.453102E+03
   180.000  -248.947   1.457037E+03
   180.000  -258.388   1.460972E+03
   180.000  -267.829   1.464907E+03
   180.000  -277.270   1.468842E+03
   180.000  -286.711   1.472778E+03
   180.000  -291.431   1.474745E+03
   180.000  -296.151   1.476713E+03
   180.000  -300.872   1.478680E+03
   180.000  -305.592   1.480648E+03
   180.000  -315.033   1.484583E+03
   180.000  -324.474   1.488518E+03
   180.000  -333.915   1.492454E+03
   180.000  -343.355   1.496389E+03
   180.000  -352.796   1.500324E+03
   180.000  -362.237   1.504259E+03
   180.000  -371.678   1.508195E+03
   180.000  -381.118   1.512129E+03
   180.000  -390.559   1.516065E+03
   180.000  -400.000   1.520000E+03
   185.000    -3.498   0.000000E+00
   185.000    -3.970   1.483958E+01
   185.000    -4.758   3.940672E+01
   185.000    -5.386   6.859417E+01
   185.000    -5.858   9.058561E+01
   185.000    -6.330   1.125704E+02
   185.000    -6.802   1.345491E+02
   185.000    -7.274   1.565227E+02
   185.000    -7.909   1.860769E+02
   185.000    -8.690   2.176003E+02
   185.000    -9.162   2.372055E+02
   185.000    -9.634   2.572409E+02
   185.000   -10.038   2.747478E+02
   185.000   -11.050   2.914242E+02
   185.000   -11.994   3.071932E+02
   185.000   -12.939   3.231568E+02
   185.000   -13.883   3.392670E+02
   185.000   -14.827   3.555264E+02
   185.000   -15.771   3.719196E+02
   185.000   -16.715   3.884567E+02
   185.000   -17.659   4.051481E+02
   185.000   -19.547   4.388852E+02
   185.000   -21.435   4.729769E+02
   185.000   -23.323   5.073123E+02
   185.000   -25.211   5.417310E+02
   185.000   -27.099   5.761113E+02
   185.000   -28.987   6.102891E+02
   185.000   -30.876   6.442059E+02
   185.000   -32.764   6.777527E+02
   185.000   -34.652   7.108387E+02
   185.000   -36.540   7.434412E+02
   185.000   -38.428   7.755736E+02
   185.000   -41.260   8.231942E+02
   185.000   -44.092   8.700395E+02
   185.000   -46.924   9.158830E+02
   185.000   -49.757   9.609823E+02
   185.000   -52.589   1.005572E+03
   185.000   -55.421   1.049868E+03
   185.000   -58.253   1.094156E+03
   185.000   -61.085   1.138721E+03
   185.000   -63.917   1.183757E+03
   185.000   -66.750   1.229537E+03
   185.000   -69.582   1.276311E+03
   185.000   -72.169   1.320000E+03
   185.000   -79.022   1.333706E+03
   185.000   -83.742   1.343146E+03
   185.000   -88.463   1.352588E+03
   185.000   -93.183   1.362028E+03
   185.000   -97.903   1.371468E+03
   185.000  -102.624   1.380910E+03
   185.000  -107.344   1.390350E+03
   185.000  -112.064   1.399790E+03
   185.000  -116.784   1.401924E+03
   185.000  -121.505   1.403892E+03
   185.000  -126.225   1.405860E+03
   185.000  -130.945   1.407828E+03
   185.000  -135.665   1.409796E+03
   185.000  -140.386   1.411764E+03
   185.000  -145.106   1.413732E+03
   185.000  -149.826   1.415700E+03
   185.000  -154.546   1.417667E+03
   185.000  -159.267   1.419636E+03
   185.000  -163.987   1.421604E+03
   185.000  -168.707   1.423571E+03
   185.000  -173.427   1.425539E+03
   185.000  -178.148   1.427507E+03
   185.000  -182.868   1.429475E+03
   185.000  -187.588   1.431443E+03
   185.000  -192.308   1.433411E+03
   185.000  -197.029   1.435379E+03
   185.000  -201.749   1.437347E+03
   185.000  -206.469   1.439315E+03
   185.000  -211.190   1.441283E+03
   185.000  -215.910   1.443251E+03
   185.000  -220.630   1.445219E+03
   185.000  -230.071   1.449155E+03
   185.000  -239.511   1.453090E+03
   185.000  -248.952   1.457026E+03
   185.000  -258.392   1.460962E+03
   185.000  -267.833   1.464898E+03
   185.000  -277.273   1.468834E+03
   185.000  -286.714   1.472770E+03
   185.000  -291.434   1.474738E+03
   185.000  -296.154   1.476705E+03
   185.000  -300.875   1.478674E+03
   185.000  -305.595   1.480641E+03
   185.000  -315.035   1.484577E+03
   185.000  -324.476   1.488513E+03
   185.000  -333.916   1.492449E+03
   185.000  -343.357   1.496385E+03
   185.000  -352.797   1.500321E+03
   185.000  -362.238   1.504257E+03
   185.000  -371.678   1.508192E+03
   185.000  -381.119   1.512128E+03
   185.000  -390.559   1.516064E+03
   185.000  -400.000   1.520000E+03
   190.000    -3.508   0.000000E+00
   190.000    -3.980   1.501650E+01
   188.000    -4.784   4.015312E+01
   190.000    -5.396   6.896127E+01
   190.000    -5.868   9.103681E+01
   190.000    -6.340   1.131078E+02
   190.000    -6.812   1.351771E+02
   190.000    -7.284   1.572472E+02
   189.000    -7.858   1.841033E+02
   190.000    -8.700   2.183067E+02
   190.000    -9.172   2.381063E+02
   190.000    -9.644   2.583580E+02
   190.000    -9.978   2.729782E+02
   190.000   -11.060   2.909758E+02
   190.000   -12.004   3.068578E+02
   190.000   -12.948   3.228911E+02
   190.000   -13.892   3.390683E+02
   190.000   -14.836   3.553800E+02
   190.000   -15.780   3.718143E+02
   190.000   -16.724   3.883776E+02
   190.000   -17.668   4.050949E+02
   190.000   -19.556   4.388673E+02
   190.000   -21.445   4.729983E+02
   190.000   -23.333   5.073449E+02
   190.000   -25.221   5.417675E+02
   190.000   -27.109   5.761458E+02
   190.000   -28.997   6.103169E+02
   190.000   -30.885   6.442050E+02
   190.000   -32.773   6.777379E+02
   190.000   -34.661   7.108077E+02
   190.000   -36.549   7.434024E+02
   190.000   -38.437   7.755236E+02
   190.000   -41.269   8.231071E+02
   190.000   -44.101   8.699126E+02
   190.000   -46.933   9.157133E+02
   190.000   -49.765   9.607504E+02
   190.000   -52.597   1.005290E+03
   190.000   -55.430   1.049546E+03
   190.000   -58.262   1.093776E+03
   190.000   -61.094   1.138277E+03
   190.000   -63.926   1.183244E+03
   190.000   -66.758   1.228931E+03
   190.000   -69.590   1.275606E+03
   190.000   -72.225   1.320000E+03
   190.000   -79.030   1.333610E+03
   190.000   -83.750   1.343050E+03
   190.000   -88.471   1.352492E+03
   190.000   -93.191   1.361932E+03
   190.000   -97.911   1.371372E+03
   190.000  -102.631   1.380812E+03
   190.000  -107.351   1.390252E+03
   190.000  -112.071   1.399692E+03
   190.000  -116.791   1.401904E+03
   190.000  -121.512   1.403873E+03
   190.000  -126.232   1.405841E+03
   190.000  -130.952   1.407809E+03
   190.000  -135.672   1.409777E+03
   190.000  -140.392   1.411745E+03
   190.000  -145.112   1.413714E+03
   190.000  -149.832   1.415682E+03
   190.000  -154.553   1.417650E+03
   190.000  -159.273   1.419619E+03
   190.000  -163.993   1.421587E+03
   190.000  -168.713   1.423555E+03
   190.000  -173.433   1.425523E+03
   190.000  -178.153   1.427491E+03
   190.000  -182.873   1.429460E+03
   190.000  -187.594   1.431428E+03
   190.000  -192.314   1.433397E+03
   190.000  -197.034   1.435365E+03
   190.000  -201.754   1.437333E+03
   190.000  -206.474   1.439301E+03
   190.000  -211.194   1.441269E+03
   190.000  -215.914   1.443238E+03
   190.000  -220.635   1.445206E+03
   190.000  -230.075   1.449143E+03
   190.000  -239.515   1.453079E+03
   190.000  -248.955   1.457015E+03
   190.000  -258.396   1.460952E+03
   190.000  -267.836   1.464889E+03
   190.000  -277.276   1.468825E+03
   190.000  -286.717   1.472762E+03
   190.000  -291.437   1.474730E+03
   190.000  -296.157   1.476698E+03
   190.000  -300.877   1.478666E+03
   190.000  -305.597   1.480635E+03
   190.000  -315.037   1.484571E+03
   190.000  -324.478   1.488508E+03
   190.000  -333.918   1.492444E+03
   190.000  -343.358   1.496381E+03
   190.000  -352.799   1.500318E+03
   190.000  -362.239   1.504254E+03
   190.000  -371.679   1.508190E+03
   190.000  -381.119   1.512127E+03
   190.000  -390.560   1.516064E+03
   190.000  -400.000   1.520000E+03
   195.000    -3.470   0.000000E+00
   195.000    -3.942   1.467179E+01
   195.000    -4.764   4.015002E+01
   195.000    -5.358   6.761926E+01
   195.000    -5.830   8.945938E+01
   195.000    -6.302   1.113085E+02
   195.000    -6.774   1.331648E+02
   195.000    -7.246   1.550263E+02
   195.000    -7.916   1.860834E+02
   195.000    -8.663   2.160940E+02
   195.000    -9.135   2.356034E+02
   195.000    -9.607   2.555441E+02
   195.000   -10.072   2.755981E+02
   195.000   -11.023   2.912295E+02
   195.000   -11.967   3.069601E+02
   195.000   -12.911   3.228726E+02
   195.000   -13.855   3.389519E+02
   195.000   -14.799   3.551828E+02
   195.000   -15.744   3.715669E+02
   195.000   -16.688   3.880845E+02
   195.000   -17.632   4.047565E+02
   195.000   -19.520   4.384419E+02
   195.000   -21.408   4.724820E+02
   195.000   -23.297   5.067841E+02
   195.000   -25.185   5.411519E+02
   195.000   -27.073   5.754817E+02
   195.000   -28.961   6.096090E+02
   195.000   -30.849   6.434561E+02
   195.000   -32.738   6.769660E+02
   195.000   -34.626   7.100183E+02
   195.000   -36.514   7.426071E+02
   195.000   -38.402   7.747025E+02
   195.000   -41.235   8.222555E+02
   195.000   -44.067   8.690200E+02
   195.000   -46.899   9.147818E+02
   195.000   -49.732   9.597944E+02
   195.000   -52.564   1.004290E+03
   195.000   -55.397   1.048500E+03
   195.000   -58.229   1.092678E+03
   195.000   -61.061   1.137125E+03
   195.000   -63.894   1.182056E+03
   195.000   -66.726   1.227668E+03
   195.000   -69.558   1.274214E+03
   195.000   -72.281   1.320000E+03
   195.000   -79.000   1.333438E+03
   195.000   -83.720   1.342878E+03
   195.000   -88.441   1.352320E+03
   195.000   -93.161   1.361760E+03
   195.000   -97.882   1.371202E+03
   195.000  -102.603   1.380644E+03
   195.000  -107.323   1.390084E+03
   195.000  -112.044   1.399526E+03
   195.000  -116.764   1.401870E+03
   195.000  -121.485   1.403839E+03
   195.000  -126.205   1.405807E+03
   195.000  -130.926   1.407776E+03
   195.000  -135.647   1.409745E+03
   195.000  -140.367   1.411714E+03
   195.000  -145.088   1.413683E+03
   195.000  -149.808   1.415652E+03
   195.000  -154.529   1.417621E+03
   195.000  -159.250   1.419590E+03
   195.000  -163.970   1.421558E+03
   195.000  -168.691   1.423527E+03
   195.000  -173.411   1.425496E+03
   195.000  -178.132   1.427465E+03
   195.000  -182.853   1.429434E+03
   195.000  -187.573   1.431402E+03
   195.000  -192.294   1.433371E+03
   195.000  -197.014   1.435340E+03
   195.000  -201.735   1.437309E+03
   195.000  -206.456   1.439278E+03
   195.000  -211.176   1.441246E+03
   195.000  -215.897   1.443215E+03
   195.000  -220.617   1.445184E+03
   195.000  -230.059   1.449122E+03
   195.000  -239.500   1.453060E+03
   195.000  -248.941   1.456997E+03
   195.000  -258.382   1.460935E+03
   195.000  -267.823   1.464872E+03
   195.000  -277.265   1.468810E+03
   195.000  -286.706   1.472748E+03
   195.000  -291.426   1.474717E+03
   195.000  -296.147   1.476686E+03
   195.000  -300.868   1.478655E+03
   195.000  -305.588   1.480623E+03
   195.000  -315.029   1.484561E+03
   195.000  -324.470   1.488498E+03
   195.000  -333.912   1.492436E+03
   195.000  -343.353   1.496374E+03
   195.000  -352.794   1.500312E+03
   195.000  -362.235   1.504249E+03
   195.000  -371.676   1.508187E+03
   195.000  -381.118   1.512125E+03
   195.000  -390.559   1.516062E+03
   195.000  -400.000   1.520000E+03
   200.000    -3.524   0.000000E+00
   200.000    -3.996   1.482642E+01
   200.000    -4.750   3.828017E+01
   200.000    -5.412   6.896983E+01
   200.000    -5.884   9.083270E+01
   200.000    -6.356   1.126815E+02
   200.000    -6.828   1.345175E+02
   200.000    -7.300   1.563417E+02
   200.000    -7.965   1.870715E+02
   200.000    -8.716   2.171966E+02
   200.000    -9.188   2.366534E+02
   200.000    -9.660   2.565302E+02
   200.000   -10.166   2.783089E+02
   200.000   -11.076   2.932243E+02
   200.000   -12.020   3.088872E+02
   200.000   -12.964   3.247286E+02
   200.000   -13.908   3.407354E+02
   200.000   -14.852   3.568936E+02
   200.000   -15.796   3.732259E+02
   200.000   -16.740   3.897115E+02
   200.000   -17.684   4.063286E+02
   200.000   -19.572   4.398867E+02
   200.000   -21.460   4.738111E+02
   200.000   -23.348   5.079890E+02
   200.000   -25.236   5.422588E+02
   200.000   -27.124   5.764978E+02
   200.000   -29.012   6.105411E+02
   200.000   -30.900   6.443119E+02
   200.000   -32.788   6.777365E+02
   200.000   -34.676   7.107193E+02
   200.000   -36.564   7.432242E+02
   200.000   -38.452   7.752516E+02
   200.000   -41.284   8.227192E+02
   200.000   -44.116   8.694156E+02
   200.000   -46.948   9.151137E+02
   200.000   -49.780   9.600535E+02
   200.000   -52.612   1.004496E+03
   200.000   -55.443   1.048627E+03
   200.000   -58.275   1.092762E+03
   200.000   -61.107   1.137170E+03
   200.000   -63.939   1.182046E+03
   200.000   -66.771   1.227593E+03
   200.000   -69.603   1.274070E+03
   200.000   -72.337   1.320000E+03
   200.000   -79.043   1.333412E+03
   200.000   -83.763   1.342852E+03
   200.000   -88.483   1.352292E+03
   200.000   -93.203   1.361732E+03
   200.000   -97.923   1.371172E+03
   200.000  -102.643   1.380612E+03
   200.000  -107.363   1.390052E+03
   200.000  -112.083   1.399492E+03
   200.000  -116.803   1.401863E+03
   200.000  -121.523   1.403832E+03
   200.000  -126.243   1.405801E+03
   200.000  -130.963   1.407770E+03
   200.000  -135.683   1.409739E+03
   200.000  -140.403   1.411708E+03
   200.000  -145.123   1.413677E+03
   200.000  -149.843   1.415646E+03
   200.000  -154.562   1.417614E+03
   200.000  -159.282   1.419583E+03
   200.000  -164.002   1.421552E+03
   200.000  -168.722   1.423521E+03
   200.000  -173.442   1.425490E+03
   200.000  -178.162   1.427459E+03
   200.000  -182.882   1.429428E+03
   200.000  -187.602   1.431397E+03
   200.000  -192.322   1.433366E+03
   200.000  -197.042   1.435335E+03
   200.000  -201.762   1.437304E+03
   200.000  -206.482   1.439273E+03
   200.000  -211.202   1.441242E+03
   200.000  -215.922   1.443211E+03
   200.000  -220.642   1.445180E+03
   200.000  -230.082   1.449118E+03
   200.000  -239.522   1.453056E+03
   200.000  -248.962   1.456994E+03
   200.000  -258.401   1.460931E+03
   200.000  -267.841   1.464869E+03
   200.000  -277.281   1.468807E+03
   200.000  -286.721   1.472745E+03
   200.000  -291.441   1.474714E+03
   200.000  -296.161   1.476683E+03
   200.000  -300.881   1.478652E+03
   200.000  -305.601   1.480621E+03
   200.000  -315.041   1.484559E+03
   200.000  -324.481   1.488497E+03
   200.000  -333.921   1.492435E+03
   200.000  -343.361   1.496373E+03
   200.000  -352.800   1.500310E+03
   200.000  -362.240   1.504248E+03
   200.000  -371.680   1.508186E+03
   200.000  -381.120   1.512124E+03
   200.000  -390.560   1.516062E+03
   200.000  -400.000   1.520000E+03
   205.000    -3.511   0.000000E+00
   205.000    -3.983   1.477029E+01
   205.000    -4.736   3.808325E+01
   205.000    -5.399   6.864441E+01
   205.000    -5.871   9.037401E+01
   205.000    -6.343   1.120838E+02
   205.000    -6.815   1.337761E+02
   205.000    -7.287   1.554528E+02
   205.000    -8.013   1.887673E+02
   205.000    -8.703   2.162786E+02
   205.000    -9.175   2.355683E+02
   205.000    -9.647   2.552706E+02
   205.000   -10.259   2.814238E+02
   205.000   -11.063   2.945471E+02
   205.000   -12.007   3.101012E+02
   205.000   -12.951   3.258346E+02
   205.000   -13.895   3.417347E+02
   205.000   -14.839   3.578125E+02
   205.000   -15.783   3.740680E+02
   205.000   -16.727   3.904620E+02
   205.000   -17.671   4.069911E+02
   205.000   -19.559   4.403699E+02
   205.000   -21.447   4.741300E+02
   205.000   -23.335   5.081587E+02
   205.000   -25.223   5.422941E+02
   205.000   -27.112   5.764310E+02
   205.000   -29.000   6.103676E+02
   205.000   -30.888   6.440442E+02
   205.000   -32.776   6.773865E+02
   205.000   -34.664   7.102860E+02
   205.000   -36.552   7.427279E+02
   205.000   -38.440   7.747096E+02
   205.000   -41.272   8.221041E+02
   205.000   -44.104   8.687386E+02
   205.000   -46.936   9.143847E+02
   205.000   -49.768   9.592899E+02
   205.000   -52.600   1.003686E+03
   205.000   -55.432   1.047792E+03
   205.000   -58.264   1.091890E+03
   205.000   -61.096   1.136262E+03
   205.000   -63.928   1.181063E+03
   205.000   -66.760   1.226549E+03
   205.000   -69.593   1.273003E+03
   205.000   -72.393   1.320000E+03
   205.000   -79.033   1.333280E+03
   205.000   -83.753   1.342720E+03
   205.000   -88.473   1.352160E+03
   205.000   -93.193   1.361600E+03
   205.000   -97.913   1.371040E+03
   205.000  -102.633   1.380480E+03
   205.000  -107.353   1.389920E+03
   205.000  -112.073   1.399360E+03
   205.000  -116.794   1.401836E+03
   205.000  -121.514   1.403806E+03
   205.000  -126.234   1.405775E+03
   205.000  -130.954   1.407744E+03
   205.000  -135.674   1.409714E+03
   205.000  -140.394   1.411683E+03
   205.000  -145.114   1.413652E+03
   205.000  -149.834   1.415622E+03
   205.000  -154.554   1.417591E+03
   205.000  -159.275   1.419561E+03
   205.000  -163.995   1.421530E+03
   205.000  -168.715   1.423500E+03
   205.000  -173.435   1.425469E+03
   205.000  -178.155   1.427438E+03
   205.000  -182.875   1.429408E+03
   205.000  -187.595   1.431377E+03
   205.000  -192.315   1.433346E+03
   205.000  -197.035   1.435316E+03
   205.000  -201.756   1.437285E+03
   205.000  -206.476   1.439255E+03
   205.000  -211.196   1.441224E+03
   205.000  -215.916   1.443194E+03
   205.000  -220.636   1.445163E+03
   205.000  -230.076   1.449102E+03
   205.000  -239.516   1.453040E+03
   205.000  -248.957   1.456979E+03
   205.000  -258.397   1.460918E+03
   205.000  -267.837   1.464857E+03
   205.000  -277.277   1.468796E+03
   205.000  -286.717   1.472734E+03
   205.000  -291.438   1.474704E+03
   205.000  -296.158   1.476673E+03
   205.000  -300.878   1.478643E+03
   205.000  -305.598   1.480612E+03
   205.000  -315.038   1.484551E+03
   205.000  -324.478   1.488490E+03
   205.000  -333.919   1.492429E+03
   205.000  -343.359   1.496367E+03
   205.000  -352.799   1.500306E+03
   205.000  -362.239   1.504245E+03
   205.000  -371.679   1.508183E+03
   205.000  -381.120   1.512123E+03
   205.000  -390.560   1.516061E+03
   205.000  -400.000   1.520000E+03
   210.000    -3.381   0.000000E+00
   210.000    -3.853   1.434232E+01
   210.000    -4.722   4.058197E+01
   210.000    -5.270   6.529982E+01
   210.000    -5.742   8.660483E+01
   210.000    -6.214   1.079203E+02
   210.000    -6.686   1.292434E+02
   210.000    -7.158   1.505717E+02
   210.000    -8.061   1.913838E+02
   210.000    -8.575   2.115775E+02
   210.000    -9.047   2.304619E+02
   210.000    -9.519   2.498190E+02
   210.000   -10.353   2.849767E+02
   210.000   -10.936   2.943872E+02
   210.000   -11.880   3.097770E+02
   210.000   -12.824   3.253508E+02
   210.000   -13.769   3.411175E+02
   210.000   -14.713   3.570419E+02
   210.000   -15.657   3.731384E+02
   210.000   -16.602   3.894215E+02
   210.000   -17.546   4.058287E+02
   210.000   -19.435   4.389778E+02
   210.000   -21.323   4.725194E+02
   210.000   -23.212   5.063745E+02
   210.000   -25.101   5.403631E+02
   210.000   -26.989   5.743414E+02
   210.000   -28.878   6.081770E+02
   210.000   -30.767   6.417704E+02
   210.000   -32.655   6.750247E+02
   210.000   -34.544   7.078883E+02
   210.000   -36.433   7.403272E+02
   210.000   -38.321   7.722760E+02
   210.000   -41.154   8.196368E+02
   210.000   -43.987   8.662501E+02
   210.000   -46.820   9.119090E+02
   210.000   -49.653   9.568155E+02
   210.000   -52.486   1.001192E+03
   210.000   -55.319   1.045282E+03
   210.000   -58.152   1.089377E+03
   210.000   -60.985   1.133692E+03
   210.000   -63.818   1.178434E+03
   210.000   -66.651   1.223893E+03
   210.000   -69.484   1.270287E+03
   210.000   -72.449   1.320000E+03
   210.000   -78.927   1.332956E+03
   210.000   -83.649   1.342400E+03
   210.000   -88.371   1.351844E+03
   210.000   -93.092   1.361286E+03
   210.000   -97.814   1.370730E+03
   210.000  -102.536   1.380174E+03
   210.000  -107.257   1.389616E+03
   210.000  -111.979   1.399060E+03
   210.000  -116.701   1.401774E+03
   210.000  -121.422   1.403745E+03
   210.000  -126.144   1.405715E+03
   210.000  -130.866   1.407686E+03
   210.000  -135.587   1.409656E+03
   210.000  -140.309   1.411626E+03
   210.000  -145.031   1.413597E+03
   210.000  -149.752   1.415567E+03
   210.000  -154.474   1.417538E+03
   210.000  -159.196   1.419508E+03
   210.000  -163.917   1.421478E+03
   210.000  -168.639   1.423449E+03
   210.000  -173.361   1.425420E+03
   210.000  -178.082   1.427390E+03
   210.000  -182.804   1.429360E+03
   210.000  -187.526   1.431331E+03
   210.000  -192.247   1.433301E+03
   210.000  -196.969   1.435272E+03
   210.000  -201.691   1.437242E+03
   210.000  -206.412   1.439212E+03
   210.000  -211.134   1.441183E+03
   210.000  -215.855   1.443153E+03
   210.000  -220.577   1.445124E+03
   210.000  -230.020   1.449064E+03
   210.000  -239.464   1.453006E+03
   210.000  -248.907   1.456946E+03
   210.000  -258.350   1.460887E+03
   210.000  -267.794   1.464828E+03
   210.000  -277.237   1.468769E+03
   210.000  -286.680   1.472710E+03
   210.000  -291.402   1.474680E+03
   210.000  -296.124   1.476651E+03
   210.000  -300.845   1.478621E+03
   210.000  -305.567   1.480591E+03
   210.000  -315.010   1.484532E+03
   210.000  -324.454   1.488473E+03
   210.000  -333.897   1.492414E+03
   210.000  -343.340   1.496355E+03
   210.000  -352.783   1.500296E+03
   210.000  -362.227   1.504237E+03
   210.000  -371.670   1.508177E+03
   210.000  -381.113   1.512118E+03
   210.000  -390.557   1.516059E+03
   210.000  -400.000   1.520000E+03
   215.000    -3.366   0.000000E+00
   215.000    -3.838   1.446271E+01
   215.000    -4.708   4.076296E+01
   215.000    -5.255   6.531930E+01
   215.000    -5.727   8.660103E+01
   215.000    -6.199   1.078467E+02
   215.000    -6.671   1.290614E+02
   215.000    -7.143   1.502493E+02
   215.000    -7.616   1.714599E+02
   215.000    -8.110   1.935898E+02
   215.000    -9.032   2.300684E+02
   215.000    -9.504   2.491567E+02
   215.000   -10.447   2.884596E+02
   215.000   -10.921   2.960464E+02
   215.000   -11.865   3.112985E+02
   215.000   -12.810   3.267493E+02
   215.000   -13.754   3.423658E+02
   215.000   -14.698   3.581524E+02
   215.000   -15.643   3.741249E+02
   215.000   -16.587   3.902473E+02
   215.000   -17.532   4.065249E+02
   215.000   -19.420   4.393870E+02
   215.000   -21.309   4.727318E+02
   215.000   -23.198   5.063855E+02
   215.000   -25.086   5.401900E+02
   215.000   -26.975   5.740391E+02
   215.000   -28.864   6.077450E+02
   215.000   -30.753   6.412343E+02
   215.000   -32.641   6.743822E+02
   215.000   -34.530   7.071747E+02
   215.000   -36.419   7.395502E+02
   215.000   -38.308   7.714672E+02
   215.000   -41.141   8.187781E+02
   215.000   -43.974   8.653524E+02
   215.000   -46.807   9.109768E+02
   215.000   -49.640   9.558272E+02
   215.000   -52.473   1.000171E+03
   215.000   -55.306   1.044252E+03
   215.000   -58.139   1.088314E+03
   215.000   -60.972   1.132581E+03
   215.000   -63.805   1.177325E+03
   215.000   -66.639   1.222778E+03
   215.000   -69.472   1.269147E+03
   215.000   -72.505   1.320000E+03
   215.000   -78.915   1.332820E+03
   215.000   -83.637   1.342264E+03
   215.000   -88.359   1.351708E+03
   215.000   -93.081   1.361152E+03
   215.000   -97.803   1.370596E+03
   215.000  -102.525   1.380040E+03
   215.000  -107.246   1.389482E+03
   215.000  -111.968   1.398926E+03
   215.000  -116.690   1.401747E+03
   215.000  -121.412   1.403718E+03
   215.000  -126.134   1.405689E+03
   215.000  -130.856   1.407660E+03
   215.000  -135.577   1.409630E+03
   215.000  -140.299   1.411601E+03
   215.000  -145.021   1.413572E+03
   215.000  -149.743   1.415543E+03
   215.000  -154.465   1.417514E+03
   215.000  -159.187   1.419485E+03
   215.000  -163.908   1.421456E+03
   215.000  -168.630   1.423426E+03
   215.000  -173.352   1.425397E+03
   215.000  -178.074   1.427368E+03
   215.000  -182.796   1.429339E+03
   215.000  -187.518   1.431310E+03
   215.000  -192.239   1.433281E+03
   215.000  -196.961   1.435252E+03
   215.000  -201.683   1.437223E+03
   215.000  -206.405   1.439194E+03
   215.000  -211.127   1.441165E+03
   215.000  -215.849   1.443136E+03
   215.000  -220.570   1.445106E+03
   215.000  -230.014   1.449048E+03
   215.000  -239.458   1.452990E+03
   215.000  -248.901   1.456931E+03
   215.000  -258.345   1.460873E+03
   215.000  -267.789   1.464815E+03
   215.000  -277.232   1.468757E+03
   215.000  -286.676   1.472699E+03
   215.000  -291.398   1.474670E+03
   215.000  -296.120   1.476641E+03
   215.000  -300.842   1.478612E+03
   215.000  -305.563   1.480582E+03
   215.000  -315.007   1.484524E+03
   215.000  -324.451   1.488466E+03
   215.000  -333.894   1.492407E+03
   215.000  -343.338   1.496349E+03
   215.000  -352.782   1.500291E+03
   215.000  -362.225   1.504233E+03
   215.000  -371.669   1.508175E+03
   215.000  -381.113   1.512117E+03
   215.000  -390.556   1.516058E+03
   215.000  -400.000   1.520000E+03
   220.000    -3.175   0.000000E+00
   220.000    -3.647   1.422151E+01
   222.000    -4.688   4.776784E+01
   220.000    -5.065   6.211776E+01
   220.000    -5.537   8.272259E+01
   220.000    -6.009   1.033344E+02
   220.000    -6.482   1.239974E+02
   220.000    -6.954   1.446256E+02
   220.000    -7.427   1.653072E+02
   218.000    -8.139   1.958783E+02
   220.000    -8.844   2.232081E+02
   220.000    -9.316   2.418065E+02
   220.000    -9.789   2.609087E+02
   220.000   -10.541   2.919209E+02
   220.000   -11.678   3.099533E+02
   220.000   -12.623   3.251440E+02
   220.000   -13.568   3.405375E+02
   220.000   -14.513   3.561247E+02
   220.000   -15.458   3.718962E+02
   220.000   -16.403   3.878478E+02
   220.000   -17.347   4.039201E+02
   220.000   -19.237   4.365215E+02
   220.000   -21.127   4.696334E+02
   220.000   -23.016   5.030885E+02
   220.000   -24.906   5.367662E+02
   220.000   -26.796   5.705037E+02
   220.000   -28.685   6.041340E+02
   220.000   -30.575   6.375769E+02
   220.000   -32.464   6.706888E+02
   220.000   -34.354   7.034693E+02
   220.000   -36.244   7.358552E+02
   220.000   -38.133   7.677646E+02
   220.000   -40.968   8.150999E+02
   220.000   -43.802   8.616960E+02
   220.000   -46.637   9.073495E+02
   220.000   -49.471   9.522376E+02
   220.000   -52.306   9.966153E+02
   220.000   -55.140   1.040699E+03
   220.000   -57.975   1.084745E+03
   220.000   -60.809   1.129023E+03
   220.000   -63.644   1.173761E+03
   220.000   -66.478   1.219170E+03
   220.000   -69.313   1.265558E+03
   220.000   -72.561   1.320000E+03
   220.000   -78.761   1.332400E+03
   220.000   -83.485   1.341848E+03
   220.000   -88.209   1.351296E+03
   220.000   -92.933   1.360744E+03
   220.000   -97.657   1.370192E+03
   220.000  -102.381   1.379640E+03
   220.000  -107.105   1.389088E+03
   220.000  -111.829   1.398536E+03
   220.000  -116.554   1.401667E+03
   220.000  -121.278   1.403639E+03
   220.000  -126.002   1.405611E+03
   220.000  -130.726   1.407584E+03
   220.000  -135.450   1.409556E+03
   220.000  -140.174   1.411528E+03
   220.000  -144.898   1.413500E+03
   220.000  -149.622   1.415472E+03
   220.000  -154.346   1.417444E+03
   220.000  -159.071   1.419417E+03
   220.000  -163.795   1.421389E+03
   220.000  -168.519   1.423361E+03
   220.000  -173.243   1.425334E+03
   220.000  -177.967   1.427306E+03
   220.000  -182.691   1.429278E+03
   220.000  -187.415   1.431250E+03
   220.000  -192.139   1.433222E+03
   220.000  -196.863   1.435194E+03
   220.000  -201.588   1.437167E+03
   220.000  -206.312   1.439139E+03
   220.000  -211.036   1.441111E+03
   220.000  -215.760   1.443084E+03
   220.000  -220.484   1.445056E+03
   220.000  -229.932   1.449000E+03
   220.000  -239.380   1.452944E+03
   220.000  -248.829   1.456889E+03
   220.000  -258.277   1.460833E+03
   220.000  -267.725   1.464778E+03
   220.000  -277.173   1.468722E+03
   220.000  -286.621   1.472667E+03
   220.000  -291.346   1.474639E+03
   220.000  -296.070   1.476611E+03
   220.000  -300.794   1.478583E+03
   220.000  -305.518   1.480556E+03
   220.000  -314.966   1.484500E+03
   220.000  -324.414   1.488444E+03
   220.000  -333.863   1.492389E+03
   220.000  -343.311   1.496333E+03
   220.000  -352.759   1.500278E+03
   220.000  -362.207   1.504222E+03
   220.000  -371.655   1.508167E+03
   220.000  -381.104   1.512111E+03
   220.000  -390.552   1.516056E+03
   220.000  -400.000   1.520000E+03
   225.000    -2.796   0.000000E+00
   225.000    -3.269   1.262596E+01
   225.000    -4.215   3.786969E+01
   225.000    -4.652   4.966081E+01
   225.000    -5.160   7.074667E+01
   225.000    -5.633   9.049488E+01
   225.000    -6.106   1.103390E+02
   225.000    -6.579   1.302655E+02
   225.000    -7.052   1.502622E+02
   225.000    -8.183   1.985313E+02
   225.000    -8.470   2.091882E+02
   225.000    -8.943   2.271372E+02
   225.000    -9.416   2.454945E+02
   225.000   -10.635   2.945389E+02
   225.000   -11.308   3.049652E+02
   225.000   -12.253   3.198450E+02
   225.000   -13.199   3.349914E+02
   225.000   -14.145   3.503554E+02
   225.000   -15.090   3.659172E+02
   225.000   -16.036   3.816841E+02
   225.000   -16.982   3.976244E+02
   225.000   -18.873   4.299653E+02
   225.000   -20.765   4.628789E+02
   225.000   -22.656   4.961863E+02
   225.000   -24.548   5.297606E+02
   225.000   -26.439   5.634403E+02
   225.000   -28.331   5.970986E+02
   225.000   -30.222   6.305442E+02
   225.000   -32.113   6.636831E+02
   225.000   -34.005   6.965153E+02
   225.000   -35.896   7.289517E+02
   225.000   -37.788   7.609534E+02
   225.000   -40.625   8.083856E+02
   225.000   -43.462   8.551020E+02
   225.000   -46.299   9.008661E+02
   225.000   -49.136   9.458457E+02
   225.000   -51.974   9.903007E+02
   225.000   -54.811   1.034430E+03
   225.000   -57.648   1.078500E+03
   225.000   -60.485   1.122797E+03
   225.000   -63.322   1.167503E+03
   225.000   -66.159   1.212930E+03
   225.000   -68.997   1.259295E+03
   225.000   -72.617   1.320000E+03
   225.000   -78.454   1.331674E+03
   225.000   -83.183   1.341132E+03
   225.000   -87.911   1.350588E+03
   225.000   -92.640   1.360046E+03
   225.000   -97.368   1.369502E+03
   225.000  -102.097   1.378960E+03
   225.000  -106.826   1.388418E+03
   225.000  -111.554   1.397874E+03
   225.000  -116.283   1.401531E+03
   225.000  -121.011   1.403505E+03
   225.000  -125.740   1.405480E+03
   225.000  -130.469   1.407454E+03
   225.000  -135.197   1.409429E+03
   225.000  -139.926   1.411403E+03
   225.000  -144.655   1.413378E+03
   225.000  -149.383   1.415352E+03
   225.000  -154.112   1.417327E+03
   225.000  -158.840   1.419301E+03
   225.000  -163.569   1.421276E+03
   225.000  -168.298   1.423250E+03
   225.000  -173.026   1.425224E+03
   225.000  -177.755   1.427199E+03
   225.000  -182.484   1.429174E+03
   225.000  -187.212   1.431148E+03
   225.000  -191.941   1.433123E+03
   225.000  -196.669   1.435097E+03
   225.000  -201.398   1.437072E+03
   225.000  -206.127   1.439046E+03
   225.000  -210.855   1.441020E+03
   225.000  -215.584   1.442995E+03
   225.000  -220.312   1.444969E+03
   225.000  -229.770   1.448919E+03
   225.000  -239.227   1.452867E+03
   225.000  -248.684   1.456816E+03
   225.000  -258.141   1.460765E+03
   225.000  -267.599   1.464714E+03
   225.000  -277.056   1.468663E+03
   225.000  -286.513   1.472612E+03
   225.000  -291.242   1.474587E+03
   225.000  -295.970   1.476561E+03
   225.000  -300.699   1.478536E+03
   225.000  -305.428   1.480510E+03
   225.000  -314.885   1.484459E+03
   225.000  -324.342   1.488408E+03
   225.000  -333.799   1.492357E+03
   225.000  -343.257   1.496306E+03
   225.000  -352.714   1.500255E+03
   225.000  -362.171   1.504204E+03
   225.000  -371.628   1.508153E+03
   225.000  -381.086   1.512102E+03
   225.000  -390.543   1.516051E+03
   225.000  -400.000   1.520000E+03
   230.000    -3.314   0.000000E+00
   230.000    -3.786   1.402795E+01
   230.000    -4.593   3.769526E+01
   230.000    -5.203   6.427089E+01
   230.000    -5.675   8.480281E+01
   230.000    -6.147   1.053154E+02
   230.000    -6.620   1.258585E+02
   230.000    -7.092   1.463505E+02
   230.000    -7.564   1.668394E+02
   230.000    -8.215   1.950962E+02
   230.000    -8.981   2.242382E+02
   230.000    -9.453   2.426535E+02
   230.000    -9.925   2.614555E+02
   230.000   -10.729   2.944856E+02
   230.000   -11.814   3.115236E+02
   230.000   -12.759   3.266254E+02
   230.000   -13.703   3.419073E+02
   230.000   -14.648   3.573800E+02
   230.000   -15.592   3.730225E+02
   230.000   -16.537   3.888805E+02
   230.000   -17.481   4.049029E+02
   230.000   -19.370   4.373713E+02
   230.000   -21.259   4.703376E+02
   230.000   -23.148   5.036713E+02
   230.000   -25.037   5.372363E+02
   230.000   -26.926   5.708702E+02
   230.000   -28.815   6.044238E+02
   230.000   -30.704   6.377539E+02
   230.000   -32.593   6.707900E+02
   230.000   -34.482   7.035056E+02
   230.000   -36.371   7.358044E+02
   230.000   -38.260   7.676477E+02
   230.000   -41.094   8.148753E+02
   230.000   -43.927   8.613730E+02
   230.000   -46.761   9.069383E+02
   230.000   -49.594   9.517412E+02
   230.000   -52.428   9.960659E+02
   230.000   -55.261   1.040094E+03
   230.000   -58.094   1.084128E+03
   230.000   -60.928   1.128427E+03
   230.000   -63.761   1.173198E+03
   230.000   -66.595   1.218760E+03
   230.000   -69.428   1.265288E+03
   230.000   -72.673   1.320000E+03
   230.000   -78.873   1.332400E+03
   230.000   -83.596   1.341846E+03
   230.000   -88.318   1.351290E+03
   230.000   -93.041   1.360736E+03
   230.000   -97.763   1.370180E+03
   230.000  -102.486   1.379626E+03
   230.000  -107.208   1.389070E+03
   230.000  -111.930   1.398514E+03
   230.000  -116.653   1.401662E+03
   230.000  -121.375   1.403634E+03
   230.000  -126.098   1.405607E+03
   230.000  -130.820   1.407579E+03
   230.000  -135.543   1.409551E+03
   230.000  -140.265   1.411524E+03
   230.000  -144.988   1.413496E+03
   230.000  -149.710   1.415468E+03
   230.000  -154.432   1.417440E+03
   230.000  -159.155   1.419413E+03
   230.000  -163.877   1.421385E+03
   230.000  -168.600   1.423357E+03
   230.000  -173.322   1.425330E+03
   230.000  -178.045   1.427302E+03
   230.000  -182.767   1.429274E+03
   230.000  -187.490   1.431247E+03
   230.000  -192.212   1.433219E+03
   230.000  -196.935   1.435191E+03
   230.000  -201.657   1.437164E+03
   230.000  -206.379   1.439136E+03
   230.000  -211.102   1.441108E+03
   230.000  -215.824   1.443080E+03
   230.000  -220.547   1.445053E+03
   230.000  -229.992   1.448997E+03
   230.000  -239.437   1.452942E+03
   230.000  -248.882   1.456887E+03
   230.000  -258.326   1.460831E+03
   230.000  -267.771   1.464776E+03
   230.000  -277.216   1.468720E+03
   230.000  -286.661   1.472665E+03
   230.000  -291.384   1.474637E+03
   230.000  -296.106   1.476609E+03
   230.000  -300.829   1.478582E+03
   230.000  -305.551   1.480554E+03
   230.000  -314.996   1.484499E+03
   230.000  -324.441   1.488443E+03
   230.000  -333.886   1.492388E+03
   230.000  -343.331   1.496333E+03
   230.000  -352.775   1.500277E+03
   230.000  -362.220   1.504221E+03
   230.000  -371.665   1.508166E+03
   230.000  -381.110   1.512111E+03
   230.000  -390.555   1.516055E+03
   230.000  -400.000   1.520000E+03
   235.000    -3.573   0.000000E+00
   235.000    -4.045   1.437942E+01
   235.000    -4.534   2.943575E+01
   235.000    -5.461   6.989827E+01
   235.000    -5.933   9.043210E+01
   235.000    -6.405   1.109146E+02
   235.000    -6.877   1.314324E+02
   235.000    -7.348   1.519374E+02
   235.000    -8.247   1.911507E+02
   235.000    -8.764   2.106600E+02
   235.000    -9.236   2.289169E+02
   235.000    -9.708   2.475707E+02
   235.000   -10.180   2.666281E+02
   235.000   -10.822   2.932374E+02
   235.000   -12.068   3.129971E+02
   235.000   -13.012   3.282200E+02
   235.000   -13.956   3.436389E+02
   235.000   -14.899   3.592322E+02
   235.000   -15.843   3.750163E+02
   235.000   -16.787   3.909759E+02
   235.000   -17.731   4.070801E+02
   235.000   -19.619   4.397000E+02
   235.000   -21.507   4.728090E+02
   235.000   -23.394   5.062385E+02
   235.000   -25.282   5.398688E+02
   235.000   -27.170   5.735359E+02
   235.000   -29.058   6.070803E+02
   235.000   -30.945   6.403820E+02
   235.000   -32.833   6.734205E+02
   235.000   -34.721   7.060925E+02
   235.000   -36.609   7.383284E+02
   235.000   -38.496   7.700847E+02
   235.000   -41.328   8.172194E+02
   235.000   -44.160   8.636305E+02
   235.000   -46.991   9.090742E+02
   235.000   -49.823   9.537919E+02
   235.000   -52.654   9.979976E+02
   235.000   -55.486   1.041991E+03
   235.000   -58.318   1.086007E+03
   235.000   -61.149   1.130311E+03
   235.000   -63.981   1.175167E+03
   235.000   -66.813   1.220854E+03
   235.000   -69.644   1.267624E+03
   235.000   -72.730   1.320000E+03
   235.000   -79.083   1.332706E+03
   235.000   -83.802   1.342144E+03
   235.000   -88.522   1.351584E+03
   235.000   -93.241   1.361022E+03
   235.000   -97.960   1.370460E+03
   235.000  -102.680   1.379900E+03
   235.000  -107.399   1.389338E+03
   235.000  -112.118   1.398776E+03
   235.000  -116.838   1.401716E+03
   235.000  -121.557   1.403687E+03
   235.000  -126.277   1.405659E+03
   235.000  -130.996   1.407630E+03
   235.000  -135.715   1.409601E+03
   235.000  -140.435   1.411573E+03
   235.000  -145.154   1.413544E+03
   235.000  -149.873   1.415516E+03
   235.000  -154.593   1.417487E+03
   235.000  -159.312   1.419458E+03
   235.000  -164.032   1.421430E+03
   235.000  -168.751   1.423401E+03
   235.000  -173.470   1.425373E+03
   235.000  -178.190   1.427344E+03
   235.000  -182.909   1.429316E+03
   235.000  -187.628   1.431287E+03
   235.000  -192.348   1.433258E+03
   235.000  -197.067   1.435230E+03
   235.000  -201.787   1.437201E+03
   235.000  -206.506   1.439173E+03
   235.000  -211.225   1.441144E+03
   235.000  -215.945   1.443116E+03
   235.000  -220.664   1.445087E+03
   235.000  -230.103   1.449030E+03
   235.000  -239.541   1.452972E+03
   235.000  -248.980   1.456915E+03
   235.000  -258.419   1.460858E+03
   235.000  -267.858   1.464801E+03
   235.000  -277.296   1.468743E+03
   235.000  -286.735   1.472686E+03
   235.000  -291.455   1.474658E+03
   235.000  -296.174   1.476629E+03
   235.000  -300.893   1.478600E+03
   235.000  -305.613   1.480572E+03
   235.000  -315.051   1.484515E+03
   235.000  -324.490   1.488458E+03
   235.000  -333.929   1.492400E+03
   235.000  -343.368   1.496343E+03
   235.000  -352.806   1.500286E+03
   235.000  -362.245   1.504229E+03
   235.000  -371.684   1.508172E+03
   235.000  -381.123   1.512115E+03
   235.000  -390.561   1.516057E+03
   235.000  -400.000   1.520000E+03
   240.000    -3.603   0.000000E+00
   238.000    -4.498   2.553445E+01
   240.000    -5.122   4.498227E+01
   241.804    -5.476   5.599546E+01
   240.000    -5.963   8.143032E+01
   240.000    -6.434   1.023284E+02
   240.000    -6.906   1.233727E+02
   240.000    -7.378   1.444230E+02
   240.000    -8.279   1.846202E+02
   240.000    -8.794   2.044039E+02
   240.000    -9.266   2.228705E+02
   240.000    -9.738   2.417983E+02
   240.000   -10.210   2.611330E+02
   240.000   -10.916   2.908132E+02
   240.000   -12.097   3.098249E+02
   240.000   -13.041   3.252267E+02
   240.000   -13.985   3.408168E+02
   240.000   -14.929   3.565800E+02
   240.000   -15.872   3.724949E+02
   240.000   -16.816   3.885778E+02
   240.000   -17.760   4.048122E+02
   240.000   -19.648   4.376709E+02
   240.000   -21.535   4.709427E+02
   240.000   -23.423   5.045298E+02
   240.000   -25.310   5.382584E+02
   240.000   -27.198   5.720232E+02
   240.000   -29.086   6.056506E+02
   240.000   -30.973   6.390270E+02
   240.000   -32.861   6.721107E+02
   240.000   -34.748   7.047934E+02
   240.000   -36.636   7.370446E+02
   240.000   -38.524   7.688241E+02
   240.000   -41.355   8.159370E+02
   240.000   -44.187   8.623299E+02
   240.000   -47.018   9.077433E+02
   240.000   -49.849   9.523780E+02
   240.000   -52.681   9.965428E+02
   240.000   -55.512   1.040466E+03
   240.000   -58.344   1.084439E+03
   240.000   -61.175   1.128711E+03
   240.000   -64.006   1.173550E+03
   240.000   -66.838   1.219343E+03
   240.000   -69.669   1.266412E+03
   242.000   -72.808   1.320000E+03
   240.000   -79.107   1.332598E+03
   240.000   -83.826   1.342036E+03
   240.000   -88.545   1.351474E+03
   240.000   -93.264   1.360912E+03
   240.000   -97.983   1.370350E+03
   240.000  -102.702   1.379788E+03
   240.000  -107.421   1.389226E+03
   240.000  -112.140   1.398664E+03
   240.000  -116.859   1.401693E+03
   240.000  -121.578   1.403664E+03
   240.000  -126.297   1.405636E+03
   240.000  -131.016   1.407608E+03
   240.000  -135.735   1.409580E+03
   240.000  -140.454   1.411552E+03
   240.000  -145.173   1.413523E+03
   240.000  -149.892   1.415495E+03
   240.000  -154.611   1.417467E+03
   240.000  -159.330   1.419439E+03
   240.000  -164.049   1.421410E+03
   240.000  -168.768   1.423382E+03
   240.000  -173.487   1.425354E+03
   240.000  -178.206   1.427326E+03
   240.000  -182.925   1.429298E+03
   240.000  -187.644   1.431269E+03
   240.000  -192.363   1.433241E+03
   240.000  -197.082   1.435213E+03
   240.000  -201.802   1.437185E+03
   240.000  -206.521   1.439157E+03
   240.000  -211.240   1.441129E+03
   240.000  -215.959   1.443101E+03
   240.000  -220.678   1.445072E+03
   240.000  -230.116   1.449016E+03
   240.000  -239.554   1.452959E+03
   240.000  -248.992   1.456903E+03
   240.000  -258.430   1.460847E+03
   240.000  -267.868   1.464790E+03
   240.000  -277.306   1.468734E+03
   240.000  -286.744   1.472677E+03
   240.000  -291.463   1.474649E+03
   240.000  -296.182   1.476621E+03
   240.000  -300.901   1.478593E+03
   240.000  -305.620   1.480564E+03
   240.000  -315.058   1.484508E+03
   240.000  -324.496   1.488451E+03
   240.000  -333.934   1.492395E+03
   240.000  -343.372   1.496339E+03
   240.000  -352.810   1.500282E+03
   240.000  -362.248   1.504226E+03
   240.000  -371.686   1.508169E+03
   240.000  -381.124   1.512113E+03
   240.000  -390.562   1.516056E+03
   240.000  -400.000   1.520000E+03
   245.000    -3.562   0.000000E+00
   245.000    -4.412   2.734893E+01
   245.000    -4.978   4.328698E+01
   245.000    -5.450   5.634650E+01
   243.000    -5.711   6.312059E+01
   245.000    -6.394   8.991986E+01
   245.000    -6.866   1.112696E+02
   245.000    -7.338   1.329013E+02
   245.000    -7.810   1.544770E+02
   245.000    -8.310   1.773252E+02
   245.000    -9.225   2.133413E+02
   245.000    -9.697   2.325101E+02
   245.000   -10.169   2.520891E+02
   245.000   -11.010   2.879780E+02
   245.000   -12.057   3.050905E+02
   245.000   -13.001   3.207020E+02
   245.000   -13.945   3.364770E+02
   245.000   -14.889   3.524251E+02
   245.000   -15.833   3.685386E+02
   245.000   -16.777   3.847901E+02
   245.000   -17.721   4.011645E+02
   245.000   -19.608   4.342178E+02
   245.000   -21.496   4.677049E+02
   245.000   -23.384   5.014422E+02
   245.000   -25.272   5.353125E+02
   245.000   -27.160   5.691912E+02
   245.000   -29.047   6.028960E+02
   245.000   -30.935   6.363719E+02
   245.000   -32.823   6.695131E+02
   245.000   -34.711   7.022383E+02
   245.000   -36.599   7.345083E+02
   245.000   -38.486   7.662951E+02
   245.000   -41.318   8.134330E+02
   245.000   -44.150   8.598157E+02
   245.000   -46.981   9.051777E+02
   245.000   -49.813   9.497398E+02
   245.000   -52.645   9.938162E+02
   245.000   -55.477   1.037636E+03
   245.000   -58.308   1.081460E+03
   245.000   -61.140   1.125583E+03
   245.000   -63.972   1.170233E+03
   245.000   -66.803   1.215743E+03
   245.000   -69.635   1.262500E+03
   245.000   -73.022   1.320000E+03
   245.000   -79.074   1.332104E+03
   245.000   -83.794   1.341544E+03
   245.000   -88.513   1.350982E+03
   245.000   -93.233   1.360422E+03
   245.000   -97.952   1.369860E+03
   245.000  -102.672   1.379300E+03
   245.000  -107.391   1.388738E+03
   245.000  -112.111   1.398178E+03
   245.000  -116.830   1.401592E+03
   245.000  -121.550   1.403566E+03
   245.000  -126.269   1.405539E+03
   245.000  -130.989   1.407513E+03
   245.000  -135.708   1.409486E+03
   245.000  -140.428   1.411460E+03
   245.000  -145.147   1.413433E+03
   245.000  -149.867   1.415407E+03
   245.000  -154.586   1.417380E+03
   245.000  -159.306   1.419354E+03
   245.000  -164.025   1.421327E+03
   245.000  -168.745   1.423301E+03
   245.000  -173.464   1.425274E+03
   245.000  -178.184   1.427248E+03
   245.000  -182.903   1.429221E+03
   245.000  -187.623   1.431194E+03
   245.000  -192.342   1.433168E+03
   245.000  -197.062   1.435141E+03
   245.000  -201.781   1.437115E+03
   245.000  -206.500   1.439088E+03
   245.000  -211.220   1.441062E+03
   245.000  -215.940   1.443035E+03
   245.000  -220.659   1.445008E+03
   245.000  -230.098   1.448955E+03
   245.000  -239.537   1.452902E+03
   245.000  -248.976   1.456849E+03
   245.000  -258.415   1.460796E+03
   245.000  -267.854   1.464743E+03
   245.000  -277.293   1.468690E+03
   245.000  -286.732   1.472637E+03
   245.000  -291.452   1.474611E+03
   245.000  -296.171   1.476584E+03
   245.000  -300.891   1.478558E+03
   245.000  -305.610   1.480531E+03
   245.000  -315.049   1.484478E+03
   245.000  -324.488   1.488425E+03
   245.000  -333.927   1.492372E+03
   245.000  -343.366   1.496318E+03
   245.000  -352.805   1.500265E+03
   245.000  -362.244   1.504212E+03
   245.000  -371.683   1.508159E+03
   245.000  -381.122   1.512106E+03
   245.000  -390.561   1.516053E+03
   245.000  -400.000   1.520000E+03
   250.000    -3.590   0.000000E+00
   250.000    -4.350   2.491139E+01
   250.000    -5.006   4.402688E+01
   250.000    -5.478   5.794620E+01
   250.000    -5.950   7.153257E+01
   248.421    -6.413   8.387132E+01
   252.149    -6.896   1.001861E+02
   250.000    -7.365   1.255511E+02
   250.000    -7.837   1.475313E+02
   250.000    -8.342   1.710208E+02
   250.000    -9.253   2.072365E+02
   250.000    -9.725   2.265967E+02
   250.000   -10.197   2.463743E+02
   250.000   -11.104   2.855550E+02
   250.000   -12.085   3.018054E+02
   250.000   -13.028   3.176277E+02
   250.000   -13.972   3.336056E+02
   250.000   -14.916   3.497364E+02
   250.000   -15.860   3.660148E+02
   250.000   -16.804   3.824018E+02
   250.000   -17.748   3.988760E+02
   250.000   -19.635   4.321311E+02
   250.000   -21.523   4.658001E+02
   250.000   -23.411   4.996574E+02
   250.000   -25.298   5.336276E+02
   250.000   -27.186   5.675894E+02
   250.000   -29.073   6.013500E+02
   250.000   -30.961   6.348716E+02
   250.000   -32.849   6.680252E+02
   250.000   -34.737   7.007441E+02
   250.000   -36.624   7.329879E+02
   250.000   -38.512   7.647713E+02
   250.000   -41.343   8.118420E+02
   250.000   -44.175   8.581492E+02
   250.000   -47.006   9.033954E+02
   250.000   -49.838   9.478554E+02
   250.000   -52.669   9.917754E+02
   250.000   -55.501   1.035406E+03
   250.000   -58.332   1.079010E+03
   250.000   -61.164   1.122832E+03
   250.000   -63.995   1.167096E+03
   250.000   -66.827   1.212104E+03
   250.000   -69.658   1.258043E+03
   250.000   -73.378   1.320000E+03
   250.000   -79.097   1.331438E+03
   250.000   -83.816   1.340876E+03
   250.000   -88.535   1.350314E+03
   250.000   -93.254   1.359752E+03
   250.000   -97.973   1.369190E+03
   250.000  -102.693   1.378630E+03
   250.000  -107.412   1.388068E+03
   250.000  -112.131   1.397506E+03
   250.000  -116.850   1.401454E+03
   250.000  -121.569   1.403429E+03
   250.000  -126.288   1.405405E+03
   250.000  -131.008   1.407381E+03
   250.000  -135.727   1.409357E+03
   250.000  -140.446   1.411333E+03
   250.000  -145.165   1.413308E+03
   250.000  -149.884   1.415284E+03
   250.000  -154.603   1.417260E+03
   250.000  -159.323   1.419236E+03
   250.000  -164.042   1.421211E+03
   250.000  -168.761   1.423187E+03
   250.000  -173.480   1.425163E+03
   250.000  -178.199   1.427139E+03
   250.000  -182.918   1.429114E+03
   250.000  -187.638   1.431090E+03
   250.000  -192.357   1.433066E+03
   250.000  -197.076   1.435042E+03
   250.000  -201.795   1.437018E+03
   250.000  -206.514   1.438993E+03
   250.000  -211.233   1.440969E+03
   250.000  -215.953   1.442945E+03
   250.000  -220.672   1.444921E+03
   250.000  -230.110   1.448872E+03
   250.000  -239.548   1.452824E+03
   250.000  -248.987   1.456775E+03
   250.000  -258.425   1.460727E+03
   250.000  -267.863   1.464678E+03
   250.000  -277.302   1.468630E+03
   250.000  -286.740   1.472581E+03
   250.000  -291.459   1.474557E+03
   250.000  -296.178   1.476533E+03
   250.000  -300.898   1.478509E+03
   250.000  -305.617   1.480485E+03
   250.000  -315.055   1.484436E+03
   250.000  -324.493   1.488387E+03
   250.000  -333.932   1.492339E+03
   250.000  -343.370   1.496291E+03
   250.000  -352.808   1.500242E+03
   250.000  -362.247   1.504194E+03
   250.000  -371.685   1.508145E+03
   250.000  -381.123   1.512097E+03
   250.000  -390.562   1.516049E+03
   250.000  -400.000   1.520000E+03
   255.000    -3.597   0.000000E+00
   253.000    -4.313   2.287409E+01
   255.000    -5.013   4.737275E+01
   255.000    -5.485   6.155127E+01
   255.000    -5.957   7.549691E+01
   255.000    -6.428   8.920568E+01
   255.000    -6.900   1.029181E+02
   255.515    -7.332   1.159787E+02
   255.000    -7.844   1.408080E+02
   255.000    -8.374   1.658326E+02
   255.000    -9.260   2.013623E+02
   255.000    -9.732   2.208366E+02
   255.000   -10.204   2.407496E+02
   254.000   -11.179   2.843781E+02
   255.000   -12.091   2.993826E+02
   255.000   -13.035   3.153107E+02
   255.000   -13.979   3.313753E+02
   255.000   -14.923   3.475908E+02
   255.000   -15.867   3.639484E+02
   255.000   -16.810   3.803825E+02
   255.000   -17.754   3.969145E+02
   255.000   -19.642   4.303167E+02
   255.000   -21.530   4.640407E+02
   255.000   -23.417   4.979313E+02
   255.000   -25.305   5.319588E+02
   255.000   -27.192   5.659062E+02
   255.000   -29.080   5.996837E+02
   255.000   -30.968   6.331997E+02
   255.000   -32.855   6.663122E+02
   255.000   -34.743   6.989938E+02
   255.000   -36.631   7.312065E+02
   255.000   -38.518   7.629268E+02
   255.000   -41.350   8.099251E+02
   255.000   -44.181   8.560966E+02
   255.000   -47.013   9.012391E+02
   255.000   -49.844   9.455444E+02
   255.000   -52.675   9.892663E+02
   255.000   -55.507   1.032674E+03
   255.000   -58.338   1.075986E+03
   255.000   -61.170   1.119456E+03
   255.000   -64.001   1.163340E+03
   255.000   -66.833   1.207849E+03
   255.000   -69.664   1.253164E+03
   255.000   -73.735   1.320000E+03
   255.000   -79.102   1.330734E+03
   255.000   -83.821   1.340172E+03
   255.000   -88.541   1.349612E+03
   255.000   -93.260   1.359050E+03
   255.000   -97.979   1.368488E+03
   255.000  -102.698   1.377926E+03
   255.000  -107.417   1.387364E+03
   255.000  -112.136   1.396802E+03
   255.000  -116.855   1.401308E+03
   255.000  -121.574   1.403286E+03
   255.000  -126.293   1.405264E+03
   255.000  -131.012   1.407242E+03
   255.000  -135.731   1.409221E+03
   255.000  -140.450   1.411199E+03
   255.000  -145.170   1.413177E+03
   255.000  -149.889   1.415155E+03
   255.000  -154.608   1.417134E+03
   255.000  -159.327   1.419112E+03
   255.000  -164.046   1.421090E+03
   255.000  -168.765   1.423068E+03
   255.000  -173.484   1.425046E+03
   255.000  -178.203   1.427024E+03
   255.000  -182.922   1.429003E+03
   255.000  -187.641   1.430981E+03
   255.000  -192.360   1.432959E+03
   255.000  -197.079   1.434937E+03
   255.000  -201.799   1.436916E+03
   255.000  -206.518   1.438894E+03
   255.000  -211.237   1.440872E+03
   255.000  -215.956   1.442850E+03
   255.000  -220.675   1.444828E+03
   255.000  -230.113   1.448785E+03
   255.000  -239.551   1.452741E+03
   255.000  -248.989   1.456697E+03
   255.000  -258.428   1.460654E+03
   255.000  -267.866   1.464610E+03
   255.000  -277.304   1.468567E+03
   255.000  -286.742   1.472523E+03
   255.000  -291.461   1.474501E+03
   255.000  -296.180   1.476479E+03
   255.000  -300.899   1.478458E+03
   255.000  -305.618   1.480436E+03
   255.000  -315.057   1.484393E+03
   255.000  -324.495   1.488349E+03
   255.000  -333.933   1.492305E+03
   255.000  -343.371   1.496262E+03
   255.000  -352.809   1.500218E+03
   255.000  -362.247   1.504174E+03
   255.000  -371.686   1.508131E+03
   255.000  -381.124   1.512087E+03
   255.000  -390.562   1.516044E+03
   255.000  -400.000   1.520000E+03
   260.000    -3.205   0.000000E+00
   260.000    -3.677   1.569333E+01
   260.000    -4.210   3.339367E+01
   260.000    -5.095   5.924962E+01
   260.000    -5.567   7.291423E+01
   260.000    -6.039   8.646557E+01
   260.000    -6.512   9.992612E+01
   260.000    -6.984   1.132295E+02
   260.000    -7.913   1.391296E+02
   260.000    -8.406   1.617104E+02
   260.000    -8.874   1.797384E+02
   260.000    -9.346   1.985112E+02
   260.000    -9.818   2.177848E+02
   260.000   -10.763   2.577600E+02
   260.000   -11.463   2.883019E+02
   260.000   -12.653   3.081713E+02
   260.000   -13.597   3.240979E+02
   260.000   -14.542   3.401944E+02
   260.000   -15.487   3.564310E+02
   260.000   -16.432   3.727924E+02
   260.000   -17.376   3.892586E+02
   260.000   -19.266   4.225788E+02
   260.000   -21.155   4.561853E+02
   260.000   -23.045   4.900383E+02
   260.000   -24.934   5.240097E+02
   260.000   -26.824   5.579381E+02
   260.000   -28.713   5.917093E+02
   260.000   -30.603   6.252583E+02
   260.000   -32.492   6.583995E+02
   260.000   -34.382   6.911133E+02
   260.000   -36.271   7.233405E+02
   260.000   -38.161   7.551175E+02
   260.000   -40.995   8.021285E+02
   260.000   -43.829   8.483166E+02
   260.000   -46.664   8.934493E+02
   260.000   -49.498   9.376914E+02
   260.000   -52.332   9.812994E+02
   260.000   -55.166   1.024513E+03
   260.000   -58.001   1.067576E+03
   260.000   -60.835   1.110732E+03
   260.000   -63.669   1.154210E+03
   260.000   -66.503   1.198201E+03
   260.000   -69.338   1.242942E+03
   260.000   -74.091   1.320000E+03
   260.000   -78.785   1.329388E+03
   260.000   -83.509   1.338836E+03
   260.000   -88.233   1.348284E+03
   260.000   -92.956   1.357730E+03
   260.000   -97.680   1.367178E+03
   260.000  -102.404   1.376626E+03
   260.000  -107.128   1.386074E+03
   260.000  -111.851   1.395520E+03
   260.000  -116.575   1.401043E+03
   260.000  -121.299   1.403025E+03
   260.000  -126.023   1.405008E+03
   260.000  -130.746   1.406990E+03
   260.000  -135.470   1.408973E+03
   260.000  -140.194   1.410956E+03
   260.000  -144.918   1.412939E+03
   260.000  -149.641   1.414921E+03
   260.000  -154.365   1.416904E+03
   260.000  -159.089   1.418886E+03
   260.000  -163.813   1.420869E+03
   260.000  -168.536   1.422851E+03
   260.000  -173.260   1.424834E+03
   260.000  -177.984   1.426817E+03
   260.000  -182.708   1.428800E+03
   260.000  -187.431   1.430782E+03
   260.000  -192.155   1.432765E+03
   260.000  -196.879   1.434747E+03
   260.000  -201.603   1.436730E+03
   260.000  -206.326   1.438712E+03
   260.000  -211.050   1.440695E+03
   260.000  -215.774   1.442678E+03
   260.000  -220.498   1.444661E+03
   260.000  -229.945   1.448626E+03
   260.000  -239.393   1.452591E+03
   260.000  -248.840   1.456556E+03
   260.000  -258.288   1.460521E+03
   260.000  -267.735   1.464487E+03
   260.000  -277.183   1.468452E+03
   260.000  -286.630   1.472417E+03
   260.000  -291.354   1.474400E+03
   260.000  -296.078   1.476382E+03
   260.000  -300.801   1.478365E+03
   260.000  -305.525   1.480348E+03
   260.000  -314.973   1.484313E+03
   260.000  -324.420   1.488278E+03
   260.000  -333.868   1.492243E+03
   260.000  -343.315   1.496209E+03
   260.000  -352.763   1.500174E+03
   260.000  -362.210   1.504139E+03
   260.000  -371.658   1.508104E+03
   260.000  -381.105   1.512070E+03
   260.000  -390.553   1.516035E+03
   260.000  -400.000   1.520000E+03
   265.000    -3.207   0.000000E+00
   265.000    -4.137   3.252388E+01
   265.000    -4.624   4.748955E+01
   265.000    -5.096   6.183056E+01
   265.000    -5.569   7.602000E+01
   265.000    -6.041   9.002992E+01
   265.000    -6.514   1.039260E+02
   265.000    -6.986   1.176560E+02
   265.000    -7.458   1.312259E+02
   264.000    -8.431   1.585081E+02
   267.279    -8.834   1.720865E+02
   265.000    -9.348   1.942183E+02
   265.000    -9.820   2.131640E+02
   265.000   -10.765   2.523786E+02
   265.000   -11.700   2.927730E+02
   265.000   -12.654   3.086221E+02
   265.000   -13.599   3.244514E+02
   265.000   -14.544   3.404275E+02
   265.000   -15.489   3.565547E+02
   265.000   -16.433   3.728012E+02
   265.000   -17.378   3.892056E+02
   265.000   -19.268   4.223390E+02
   265.000   -21.157   4.557665E+02
   265.000   -23.047   4.894578E+02
   265.000   -24.936   5.232785E+02
   265.000   -26.826   5.570637E+02
   265.000   -28.715   5.907020E+02
   265.000   -30.605   6.241136E+02
   265.000   -32.494   6.571377E+02
   265.000   -34.384   6.897317E+02
   265.000   -36.273   7.218390E+02
   265.000   -38.163   7.534956E+02
   265.000   -40.997   8.003102E+02
   265.000   -43.831   8.463076E+02
   265.000   -46.665   8.912336E+02
   265.000   -49.500   9.352761E+02
   265.000   -52.334   9.786466E+02
   265.000   -55.168   1.021583E+03
   265.000   -58.002   1.064339E+03
   265.000   -60.836   1.107152E+03
   265.000   -63.671   1.150232E+03
   265.000   -66.505   1.193780E+03
   265.000   -69.339   1.238010E+03
   265.000   -74.448   1.320000E+03
   265.000   -78.787   1.328678E+03
   265.000   -83.510   1.338124E+03
   265.000   -88.234   1.347572E+03
   265.000   -92.958   1.357020E+03
   265.000   -97.682   1.366468E+03
   265.000  -102.405   1.375914E+03
   265.000  -107.129   1.385362E+03
   265.000  -111.853   1.394810E+03
   265.000  -116.576   1.400894E+03
   265.000  -121.300   1.402879E+03
   265.000  -126.024   1.404865E+03
   265.000  -130.748   1.406850E+03
   265.000  -135.471   1.408835E+03
   265.000  -140.195   1.410820E+03
   265.000  -144.919   1.412805E+03
   265.000  -149.643   1.414790E+03
   265.000  -154.366   1.416775E+03
   265.000  -159.090   1.418760E+03
   265.000  -163.814   1.420746E+03
   265.000  -168.537   1.422730E+03
   265.000  -173.261   1.424715E+03
   265.000  -177.985   1.426701E+03
   265.000  -182.709   1.428686E+03
   265.000  -187.432   1.430671E+03
   265.000  -192.156   1.432656E+03
   265.000  -196.880   1.434641E+03
   265.000  -201.604   1.436626E+03
   265.000  -206.327   1.438611E+03
   265.000  -211.051   1.440596E+03
   265.000  -215.775   1.442582E+03
   265.000  -220.498   1.444566E+03
   265.000  -229.946   1.448537E+03
   265.000  -239.393   1.452507E+03
   265.000  -248.841   1.456477E+03
   265.000  -258.288   1.460447E+03
   265.000  -267.736   1.464418E+03
   265.000  -277.183   1.468388E+03
   265.000  -286.631   1.472358E+03
   265.000  -291.354   1.474343E+03
   265.000  -296.078   1.476328E+03
   265.000  -300.802   1.478313E+03
   265.000  -305.525   1.480298E+03
   265.000  -314.973   1.484268E+03
   265.000  -324.420   1.488238E+03
   265.000  -333.868   1.492209E+03
   265.000  -343.315   1.496179E+03
   265.000  -352.763   1.500149E+03
   265.000  -362.210   1.504119E+03
   265.000  -371.658   1.508090E+03
   265.000  -381.105   1.512060E+03
   265.000  -390.553   1.516030E+03
   265.000  -400.000   1.520000E+03
   270.000    -3.116   0.000000E+00
   270.000    -3.588   1.620998E+01
   270.000    -4.064   3.248469E+01
   270.000    -5.006   6.071084E+01
   270.000    -5.478   7.464746E+01
   270.000    -5.951   8.845437E+01
   270.000    -6.423   1.020704E+02
   270.000    -6.896   1.155506E+02
   270.000    -7.368   1.288349E+02
   270.000    -8.481   1.595299E+02
   270.000    -8.786   1.701844E+02
   270.712    -9.257   1.865785E+02
   270.000    -9.731   2.058432E+02
   270.000   -10.676   2.443460E+02
   270.000   -11.937   2.981383E+02
   270.000   -12.566   3.085033E+02
   270.000   -13.511   3.241729E+02
   270.000   -14.456   3.400013E+02
   270.000   -15.401   3.559858E+02
   270.000   -16.345   3.720951E+02
   270.000   -17.290   3.883669E+02
   270.000   -19.180   4.212359E+02
   270.000   -21.070   4.544304E+02
   270.000   -22.960   4.878982E+02
   270.000   -24.850   5.215264E+02
   270.000   -26.740   5.551141E+02
   270.000   -28.630   5.885835E+02
   270.000   -30.520   6.218162E+02
   270.000   -32.410   6.546970E+02
   270.000   -34.300   6.871447E+02
   270.000   -36.190   7.191466E+02
   270.000   -38.080   7.506574E+02
   270.000   -40.914   7.972512E+02
   270.000   -43.749   8.430723E+02
   270.000   -46.584   8.878060E+02
   270.000   -49.419   9.316351E+02
   270.000   -52.254   9.747836E+02
   270.000   -55.089   1.017462E+03
   270.000   -57.924   1.059922E+03
   270.000   -60.759   1.102383E+03
   270.000   -63.594   1.145065E+03
   270.000   -66.428   1.188183E+03
   270.000   -69.263   1.231955E+03
   270.000   -74.804   1.320000E+03
   270.000   -78.713   1.327818E+03
   270.000   -83.438   1.337268E+03
   270.000   -88.163   1.346718E+03
   270.000   -92.887   1.356166E+03
   270.000   -97.612   1.365616E+03
   270.000  -102.337   1.375066E+03
   270.000  -107.062   1.384516E+03
   270.000  -111.787   1.393966E+03
   270.000  -116.511   1.400718E+03
   270.000  -121.236   1.402706E+03
   270.000  -125.961   1.404694E+03
   270.000  -130.686   1.406683E+03
   270.000  -135.411   1.408671E+03
   270.000  -140.135   1.410658E+03
   270.000  -144.860   1.412646E+03
   270.000  -149.585   1.414635E+03
   270.000  -154.310   1.416623E+03
   270.000  -159.035   1.418611E+03
   270.000  -163.760   1.420599E+03
   270.000  -168.484   1.422587E+03
   270.000  -173.209   1.424575E+03
   270.000  -177.934   1.426563E+03
   270.000  -182.659   1.428551E+03
   270.000  -187.384   1.430539E+03
   270.000  -192.108   1.432527E+03
   270.000  -196.833   1.434515E+03
   270.000  -201.558   1.436503E+03
   270.000  -206.283   1.438491E+03
   270.000  -211.008   1.440479E+03
   270.000  -215.732   1.442467E+03
   270.000  -220.457   1.444455E+03
   270.000  -229.907   1.448431E+03
   270.000  -239.356   1.452407E+03
   270.000  -248.806   1.456383E+03
   270.000  -258.256   1.460359E+03
   270.000  -267.705   1.464335E+03
   270.000  -277.155   1.468311E+03
   270.000  -286.605   1.472288E+03
   270.000  -291.329   1.474275E+03
   270.000  -296.054   1.476263E+03
   270.000  -300.779   1.478251E+03
   270.000  -305.504   1.480240E+03
   270.000  -314.953   1.484215E+03
   270.000  -324.403   1.488192E+03
   270.000  -333.853   1.492168E+03
   270.000  -343.302   1.496144E+03
   270.000  -352.752   1.500120E+03
   270.000  -362.202   1.504096E+03
   270.000  -371.651   1.508072E+03
   270.000  -381.101   1.512048E+03
   270.000  -390.550   1.516024E+03
   270.000  -400.000   1.520000E+03
   275.000    -3.109   0.000000E+00
   275.000    -3.991   3.059273E+01
   275.000    -4.526   4.689534E+01
   275.000    -4.999   6.109392E+01
   275.000    -5.471   7.508869E+01
   275.000    -5.944   8.893940E+01
   275.000    -6.416   1.025881E+02
   275.000    -6.889   1.160927E+02
   275.000    -7.361   1.293966E+02
   275.000    -8.522   1.613969E+02
   275.000    -8.779   1.703376E+02
   275.000    -9.251   1.866962E+02
   275.000    -9.785   2.051043E+02
   275.000   -10.669   2.406692E+02
   275.000   -11.614   2.800304E+02
   275.000   -12.174   3.041533E+02
   275.000   -13.504   3.259564E+02
   275.000   -14.449   3.416212E+02
   275.000   -15.394   3.574520E+02
   275.000   -16.339   3.734470E+02
   275.000   -17.284   3.895858E+02
   275.000   -19.174   4.221665E+02
   275.000   -21.064   4.550726E+02
   275.000   -22.954   4.882846E+02
   275.000   -24.844   5.216586E+02
   275.000   -26.733   5.549875E+02
   275.000   -28.623   5.882264E+02
   275.000   -30.513   6.212375E+02
   275.000   -32.403   6.539051E+02
   275.000   -34.293   6.861591E+02
   275.000   -36.183   7.179745E+02
   275.000   -38.073   7.492900E+02
   275.000   -40.908   7.956285E+02
   275.000   -43.743   8.411785E+02
   275.000   -46.578   8.856516E+02
   275.000   -49.413   9.292325E+02
   275.000   -52.248   9.721044E+02
   275.000   -55.083   1.014497E+03
   275.000   -57.918   1.056632E+03
   275.000   -60.753   1.098750E+03
   275.000   -63.588   1.141075E+03
   275.000   -66.423   1.183799E+03
   275.000   -69.258   1.227123E+03
   275.000   -75.161   1.320000E+03
   275.000   -78.707   1.327092E+03
   275.000   -83.432   1.336542E+03
   275.000   -88.157   1.345992E+03
   275.000   -92.882   1.355442E+03
   275.000   -97.607   1.364892E+03
   275.000  -102.332   1.374342E+03
   275.000  -107.057   1.383792E+03
   275.000  -111.782   1.393242E+03
   275.000  -116.506   1.400567E+03
   275.000  -121.231   1.402557E+03
   275.000  -125.956   1.404548E+03
   275.000  -130.681   1.406538E+03
   275.000  -135.406   1.408529E+03
   275.000  -140.131   1.410520E+03
   275.000  -144.856   1.412510E+03
   275.000  -149.581   1.414501E+03
   275.000  -154.306   1.416491E+03
   275.000  -159.030   1.418482E+03
   275.000  -163.755   1.420472E+03
   275.000  -168.480   1.422463E+03
   275.000  -173.205   1.424453E+03
   275.000  -177.930   1.426444E+03
   275.000  -182.655   1.428435E+03
   275.000  -187.380   1.430425E+03
   275.000  -192.105   1.432416E+03
   275.000  -196.830   1.434406E+03
   275.000  -201.555   1.436397E+03
   275.000  -206.279   1.438387E+03
   275.000  -211.004   1.440378E+03
   275.000  -215.729   1.442368E+03
   275.000  -220.454   1.444359E+03
   275.000  -229.904   1.448340E+03
   275.000  -239.354   1.452321E+03
   275.000  -248.803   1.456302E+03
   275.000  -258.253   1.460283E+03
   275.000  -267.703   1.464265E+03
   275.000  -277.153   1.468246E+03
   275.000  -286.603   1.472227E+03
   275.000  -291.327   1.474217E+03
   275.000  -296.052   1.476208E+03
   275.000  -300.777   1.478198E+03
   275.000  -305.502   1.480189E+03
   275.000  -314.952   1.484170E+03
   275.000  -324.402   1.488151E+03
   275.000  -333.852   1.492132E+03
   275.000  -343.301   1.496113E+03
   275.000  -352.751   1.500094E+03
   275.000  -362.201   1.504076E+03
   275.000  -371.651   1.508057E+03
   275.000  -381.100   1.512038E+03
   275.000  -390.550   1.516019E+03
   275.000  -400.000   1.520000E+03
   280.000    -3.052   0.000000E+00
   280.000    -3.918   2.998880E+01
   280.000    -4.470   4.678115E+01
   280.000    -4.942   6.095582E+01
   280.000    -5.415   7.499077E+01
   280.000    -5.887   8.882514E+01
   280.000    -6.360   1.025164E+02
   280.000    -6.832   1.160055E+02
   280.000    -7.305   1.293487E+02
   280.000    -8.250   1.554556E+02
   280.000    -8.563   1.639590E+02
   280.000    -9.195   1.858331E+02
   280.000    -9.668   2.020891E+02
   282.000   -10.646   2.360372E+02
   280.000   -11.558   2.747151E+02
   280.000   -12.411   3.107196E+02
   280.000   -13.448   3.274816E+02
   280.000   -14.393   3.429573E+02
   280.000   -15.338   3.586201E+02
   280.000   -16.284   3.744584E+02
   280.000   -17.229   3.904088E+02
   280.000   -19.119   4.226392E+02
   280.000   -21.009   4.552521E+02
   280.000   -22.899   4.881948E+02
   280.000   -24.790   5.213104E+02
   280.000   -26.680   5.543983E+02
   280.000   -28.570   5.873921E+02
   280.000   -30.460   6.201683E+02
   280.000   -32.351   6.526278E+02
   280.000   -34.241   6.846664E+02
   280.000   -36.131   7.162847E+02
   280.000   -38.021   7.473961E+02
   280.000   -40.857   7.934682E+02
   280.000   -43.692   8.387349E+02
   280.000   -46.527   8.829242E+02
   280.000   -49.363   9.262460E+02
   280.000   -52.198   9.688581E+02
   280.000   -55.033   1.010959E+03
   280.000   -57.869   1.052798E+03
   280.000   -60.704   1.094583E+03
   280.000   -63.539   1.136533E+03
   280.000   -66.375   1.178867E+03
   280.000   -69.210   1.221738E+03
   280.000   -75.517   1.320000E+03
   280.000   -78.661   1.326288E+03
   280.000   -83.387   1.335740E+03
   280.000   -88.112   1.345190E+03
   280.000   -92.838   1.354642E+03
   280.000   -97.563   1.364092E+03
   280.000  -102.289   1.373544E+03
   280.000  -107.015   1.382996E+03
   280.000  -111.740   1.392446E+03
   280.000  -116.466   1.400400E+03
   280.000  -121.191   1.402393E+03
   280.000  -125.917   1.404387E+03
   280.000  -130.642   1.406380E+03
   280.000  -135.368   1.408374E+03
   280.000  -140.094   1.410367E+03
   280.000  -144.819   1.412360E+03
   280.000  -149.545   1.414354E+03
   280.000  -154.270   1.416347E+03
   280.000  -158.996   1.418340E+03
   280.000  -163.721   1.420333E+03
   280.000  -168.447   1.422327E+03
   280.000  -173.173   1.424320E+03
   280.000  -177.898   1.426313E+03
   280.000  -182.624   1.428307E+03
   280.000  -187.349   1.430300E+03
   280.000  -192.075   1.432294E+03
   280.000  -196.800   1.434287E+03
   280.000  -201.526   1.436280E+03
   280.000  -206.252   1.438274E+03
   280.000  -210.977   1.440267E+03
   280.000  -215.703   1.442260E+03
   280.000  -220.428   1.444253E+03
   280.000  -229.879   1.448240E+03
   280.000  -239.331   1.452227E+03
   280.000  -248.782   1.456214E+03
   280.000  -258.233   1.460200E+03
   280.000  -267.684   1.464187E+03
   280.000  -277.135   1.468173E+03
   280.000  -286.586   1.472160E+03
   280.000  -291.312   1.474153E+03
   280.000  -296.037   1.476147E+03
   280.000  -300.763   1.478140E+03
   280.000  -305.489   1.480134E+03
   280.000  -314.940   1.484120E+03
   280.000  -324.391   1.488107E+03
   280.000  -333.842   1.492093E+03
   280.000  -343.293   1.496080E+03
   280.000  -352.744   1.500067E+03
   280.000  -362.195   1.504053E+03
   280.000  -371.647   1.508040E+03
   280.000  -381.098   1.512027E+03
   280.000  -390.549   1.516013E+03
   280.000  -400.000   1.520000E+03
   285.000    -3.013   0.000000E+00
   285.000    -3.844   2.932223E+01
   285.000    -4.431   4.745170E+01
   285.000    -4.903   6.181549E+01
   285.000    -5.376   7.601570E+01
   285.000    -5.849   9.002468E+01
   285.000    -6.321   1.038156E+02
   285.000    -6.794   1.174490E+02
   285.000    -7.266   1.308686E+02
   285.000    -8.212   1.572135E+02
   285.000    -8.605   1.679474E+02
   285.000    -9.157   1.871252E+02
   285.000    -9.629   2.034210E+02
   285.000   -10.575   2.359365E+02
   285.644   -11.497   2.678492E+02
   285.000   -12.648   3.169557E+02
   285.000   -13.410   3.291832E+02
   285.000   -14.355   3.444992E+02
   285.000   -15.301   3.600521E+02
   285.000   -16.246   3.757439E+02
   285.000   -17.191   3.915688E+02
   285.000   -19.082   4.235714E+02
   285.000   -20.972   4.559546E+02
   285.000   -22.862   4.886518E+02
   285.000   -24.753   5.215066E+02
   285.000   -26.643   5.543477E+02
   285.000   -28.534   5.871236E+02
   285.000   -30.424   6.196509E+02
   285.000   -32.314   6.518456E+02
   285.000   -34.205   6.836800E+02
   285.000   -36.095   7.150784E+02
   285.000   -37.986   7.459891E+02
   285.000   -40.821   7.917575E+02
   285.000   -43.657   8.367313E+02
   285.000   -46.493   8.806244E+02
   285.000   -49.328   9.236385E+02
   285.000   -52.164   9.659602E+02
   285.000   -54.999   1.007765E+03
   285.000   -57.835   1.049301E+03
   285.000   -60.671   1.090744E+03
   285.000   -63.506   1.132316E+03
   285.000   -66.342   1.174245E+03
   285.000   -69.178   1.216678E+03
   285.000   -75.874   1.320000E+03
   285.000   -78.630   1.325512E+03
   285.000   -83.356   1.334964E+03
   285.000   -88.082   1.344416E+03
   285.000   -92.808   1.353868E+03
   285.000   -97.534   1.363320E+03
   285.000  -102.260   1.372772E+03
   285.000  -106.986   1.382224E+03
   285.000  -111.712   1.391676E+03
   285.000  -116.438   1.400238E+03
   285.000  -121.164   1.402234E+03
   285.000  -125.890   1.404230E+03
   285.000  -130.616   1.406226E+03
   285.000  -135.342   1.408222E+03
   285.000  -140.068   1.410218E+03
   285.000  -144.794   1.412214E+03
   285.000  -149.520   1.414210E+03
   285.000  -154.246   1.416206E+03
   285.000  -158.972   1.418202E+03
   285.000  -163.698   1.420198E+03
   285.000  -168.424   1.422194E+03
   285.000  -173.150   1.424190E+03
   285.000  -177.876   1.426186E+03
   285.000  -182.602   1.428182E+03
   285.000  -187.328   1.430178E+03
   285.000  -192.054   1.432174E+03
   285.000  -196.780   1.434170E+03
   285.000  -201.507   1.436167E+03
   285.000  -206.233   1.438163E+03
   285.000  -210.959   1.440159E+03
   285.000  -215.685   1.442155E+03
   285.000  -220.411   1.444151E+03
   285.000  -229.863   1.448143E+03
   285.000  -239.315   1.452135E+03
   285.000  -248.767   1.456127E+03
   285.000  -258.219   1.460119E+03
   285.000  -267.671   1.464111E+03
   285.000  -277.123   1.468103E+03
   285.000  -286.575   1.472095E+03
   285.000  -291.301   1.474091E+03
   285.000  -296.027   1.476087E+03
   285.000  -300.753   1.478083E+03
   285.000  -305.479   1.480079E+03
   285.000  -314.931   1.484071E+03
   285.000  -324.383   1.488063E+03
   285.000  -333.836   1.492056E+03
   285.000  -343.288   1.496048E+03
   285.000  -352.740   1.500040E+03
   285.000  -362.192   1.504032E+03
   285.000  -371.644   1.508024E+03
   285.000  -381.096   1.512016E+03
   285.000  -390.548   1.516008E+03
   285.000  -400.000   1.520000E+03
   290.000    -2.827   0.000000E+00
   290.000    -3.771   3.274836E+01
   290.000    -4.245   4.719751E+01
   290.000    -4.718   6.148304E+01
   290.000    -5.191   7.558562E+01
   290.000    -5.664   8.952694E+01
   290.000    -6.137   1.033069E+02
   290.000    -6.610   1.169254E+02
   290.000    -7.082   1.303544E+02
   290.000    -8.028   1.567862E+02
   290.000    -8.646   1.737257E+02
   290.000    -8.974   1.851575E+02
   290.000    -9.447   2.015868E+02
   290.000   -10.392   2.341758E+02
   290.000   -11.338   2.665216E+02
   289.150   -12.315   2.990602E+02
   292.000   -12.980   3.244119E+02
   290.000   -14.175   3.431353E+02
   290.000   -15.120   3.587457E+02
   290.000   -16.066   3.744782E+02
   290.000   -17.012   3.903069E+02
   290.000   -18.903   4.222018E+02
   290.000   -20.794   4.544445E+02
   290.000   -22.686   4.869445E+02
   290.000   -24.577   5.195466E+02
   290.000   -26.468   5.521909E+02
   290.000   -28.360   5.847654E+02
   290.000   -30.251   6.170689E+02
   290.000   -32.142   6.490462E+02
   290.000   -34.033   6.806772E+02
   290.000   -35.925   7.118983E+02
   290.000   -37.816   7.426136E+02
   290.000   -40.653   7.881250E+02
   290.000   -43.490   8.328368E+02
   290.000   -46.327   8.764843E+02
   290.000   -49.164   9.192595E+02
   290.000   -52.001   9.613002E+02
   290.000   -54.838   1.002847E+03
   290.000   -57.675   1.044074E+03
   290.000   -60.512   1.085179E+03
   290.000   -63.349   1.126396E+03
   290.000   -66.186   1.167877E+03
   290.000   -69.023   1.209814E+03
   290.000   -73.751   1.281703E+03
   290.000   -76.230   1.320000E+03
   290.000   -83.207   1.333954E+03
   290.000   -87.936   1.343412E+03
   290.000   -92.664   1.352868E+03
   290.000   -97.392   1.362324E+03
   290.000  -102.120   1.371780E+03
   290.000  -106.849   1.381238E+03
   290.000  -111.577   1.390694E+03
   290.000  -116.305   1.400032E+03
   290.000  -121.033   1.402031E+03
   290.000  -125.762   1.404031E+03
   290.000  -130.490   1.406030E+03
   290.000  -135.218   1.408030E+03
   290.000  -139.946   1.410029E+03
   290.000  -144.675   1.412029E+03
   290.000  -149.403   1.414028E+03
   290.000  -154.131   1.416027E+03
   290.000  -158.859   1.418027E+03
   290.000  -163.588   1.420027E+03
   290.000  -168.316   1.422026E+03
   290.000  -173.044   1.424025E+03
   290.000  -177.772   1.426025E+03
   290.000  -182.501   1.428025E+03
   290.000  -187.229   1.430024E+03
   290.000  -191.957   1.432023E+03
   290.000  -196.685   1.434023E+03
   290.000  -201.414   1.436022E+03
   290.000  -206.142   1.438022E+03
   290.000  -210.870   1.440021E+03
   290.000  -215.598   1.442021E+03
   290.000  -220.327   1.444020E+03
   290.000  -229.783   1.448019E+03
   290.000  -239.240   1.452018E+03
   290.000  -248.696   1.456017E+03
   290.000  -258.153   1.460016E+03
   290.000  -267.609   1.464015E+03
   290.000  -277.066   1.468014E+03
   290.000  -286.522   1.472013E+03
   290.000  -291.250   1.474012E+03
   290.000  -295.979   1.476012E+03
   290.000  -300.707   1.478011E+03
   290.000  -305.435   1.480011E+03
   290.000  -314.892   1.484010E+03
   290.000  -324.348   1.488008E+03
   290.000  -333.805   1.492008E+03
   290.000  -343.261   1.496006E+03
   290.000  -352.718   1.500005E+03
   290.000  -362.174   1.504004E+03
   290.000  -371.631   1.508003E+03
   290.000  -381.087   1.512002E+03
   290.000  -390.544   1.516001E+03
   290.000  -400.000   1.520000E+03
   295.000    -2.663   0.000000E+00
   295.000    -3.136   1.629320E+01
   295.000    -3.698   3.557009E+01
   295.000    -4.555   6.136145E+01
   295.000    -5.028   7.538474E+01
   295.000    -5.501   8.925554E+01
   295.000    -5.974   1.029738E+02
   295.000    -6.447   1.165395E+02
   295.000    -6.920   1.299529E+02
   295.000    -7.866   1.563226E+02
   295.000    -8.339   1.692718E+02
   295.000    -8.687   1.787174E+02
   295.000    -9.285   1.994162E+02
   295.000   -10.231   2.319433E+02
   295.000   -11.177   2.642033E+02
   295.000   -12.123   2.962001E+02
   295.000   -13.111   3.288165E+02
   295.000   -14.015   3.434478E+02
   295.000   -14.962   3.589038E+02
   295.000   -15.908   3.744661E+02
   295.000   -16.854   3.901353E+02
   295.000   -18.746   4.217741E+02
   295.000   -20.638   4.537736E+02
   295.000   -22.530   4.859832E+02
   295.000   -24.422   5.183286E+02
   295.000   -26.314   5.507334E+02
   295.000   -28.206   5.830404E+02
   295.000   -30.098   6.150933E+02
   295.000   -31.990   6.468439E+02
   295.000   -33.882   6.782725E+02
   295.000   -35.774   7.092761E+02
   295.000   -37.666   7.397954E+02
   295.000   -40.505   7.850434E+02
   295.000   -43.343   8.294571E+02
   295.000   -46.181   8.728310E+02
   295.000   -49.019   9.153443E+02
   295.000   -51.857   9.571106E+02
   295.000   -54.695   9.983727E+02
   295.000   -57.533   1.039277E+03
   295.000   -60.371   1.080059E+03
   295.000   -63.210   1.120917E+03
   295.000   -66.048   1.162005E+03
   295.000   -68.886   1.203568E+03
   295.000   -73.616   1.274425E+03
   295.000   -76.587   1.320000E+03
   295.000   -83.076   1.332978E+03
   295.000   -87.807   1.342440E+03
   295.000   -92.537   1.351900E+03
   295.000   -97.267   1.361360E+03
   295.000  -101.997   1.370820E+03
   295.000  -106.727   1.380280E+03
   295.000  -111.458   1.389742E+03
   295.000  -116.188   1.399202E+03
   295.000  -120.918   1.401834E+03
   295.000  -125.648   1.403837E+03
   295.000  -130.378   1.405839E+03
   295.000  -135.109   1.407842E+03
   295.000  -139.839   1.409845E+03
   295.000  -144.569   1.411848E+03
   295.000  -149.299   1.413851E+03
   295.000  -154.029   1.415853E+03
   295.000  -158.760   1.417856E+03
   295.000  -163.490   1.419859E+03
   295.000  -168.220   1.421862E+03
   295.000  -172.950   1.423865E+03
   295.000  -177.680   1.425867E+03
   295.000  -182.411   1.427871E+03
   295.000  -187.141   1.429873E+03
   295.000  -191.871   1.431876E+03
   295.000  -196.601   1.433879E+03
   295.000  -201.332   1.435882E+03
   295.000  -206.062   1.437885E+03
   295.000  -210.792   1.439887E+03
   295.000  -215.522   1.441890E+03
   295.000  -220.252   1.443893E+03
   295.000  -229.713   1.447899E+03
   295.000  -239.173   1.451904E+03
   295.000  -248.634   1.455910E+03
   295.000  -258.094   1.459916E+03
   295.000  -267.554   1.463921E+03
   295.000  -277.015   1.467927E+03
   295.000  -286.475   1.471932E+03
   295.000  -291.205   1.473935E+03
   295.000  -295.936   1.475938E+03
   295.000  -300.666   1.477941E+03
   295.000  -305.396   1.479944E+03
   295.000  -314.856   1.483949E+03
   295.000  -324.317   1.487955E+03
   295.000  -333.777   1.491960E+03
   295.000  -343.238   1.495966E+03
   295.000  -352.698   1.499972E+03
   295.000  -362.158   1.503977E+03
   295.000  -371.619   1.507983E+03
   295.000  -381.079   1.511989E+03
   295.000  -390.540   1.515995E+03
   295.000  -400.000   1.520000E+03
   300.000    -2.544   0.000000E+00
   300.000    -3.017   1.617779E+01
   300.000    -3.625   3.687288E+01
   300.000    -4.437   6.115222E+01
   300.000    -4.910   7.509075E+01
   300.000    -5.383   8.887912E+01
   300.000    -5.856   1.025161E+02
   300.000    -6.329   1.160005E+02
   300.000    -6.802   1.293312E+02
   300.000    -7.749   1.555565E+02
   300.000    -8.222   1.684210E+02
   300.000    -8.729   1.820458E+02
   300.000    -9.168   1.970702E+02
   300.000   -10.115   2.292560E+02
   300.000   -11.061   2.610879E+02
   300.000   -12.007   2.925911E+02
   300.000   -13.329   3.360695E+02
   300.000   -13.900   3.451654E+02
   300.000   -14.846   3.603473E+02
   300.000   -15.793   3.757310E+02
   300.000   -16.739   3.912111E+02
   300.000   -18.632   4.225303E+02
   300.000   -20.524   4.541969E+02
   300.000   -22.417   4.861189E+02
   300.000   -24.309   5.181720E+02
   300.000   -26.202   5.503100E+02
   300.000   -28.095   5.823441E+02
   300.000   -29.987   6.141143E+02
   300.000   -31.880   6.456188E+02
   300.000   -33.773   6.768070E+02
   300.000   -35.665   7.075583E+02
   300.000   -37.558   7.378679E+02
   300.000   -40.397   7.827834E+02
   300.000   -43.236   8.268849E+02
   300.000   -46.075   8.699817E+02
   300.000   -48.914   9.121961E+02
   300.000   -51.753   9.536819E+02
   300.000   -54.592   9.946400E+02
   300.000   -57.431   1.035220E+03
   300.000   -60.270   1.075660E+03
   300.000   -63.109   1.116122E+03
   300.000   -65.948   1.156818E+03
   300.000   -68.787   1.197972E+03
   300.000   -73.518   1.267984E+03
   300.000   -76.943   1.320000E+03
   300.000   -82.982   1.332078E+03
   300.000   -87.713   1.341540E+03
   300.000   -92.445   1.351004E+03
   300.000   -97.176   1.360466E+03
   300.000  -101.908   1.369930E+03
   300.000  -106.640   1.379394E+03
   300.000  -111.371   1.388856E+03
   300.000  -116.103   1.398320E+03
   300.000  -120.834   1.401650E+03
   300.000  -125.566   1.403656E+03
   300.000  -130.298   1.405662E+03
   300.000  -135.029   1.407667E+03
   300.000  -139.761   1.409674E+03
   300.000  -144.493   1.411680E+03
   300.000  -149.224   1.413685E+03
   300.000  -153.956   1.415691E+03
   300.000  -158.687   1.417697E+03
   300.000  -163.419   1.419703E+03
   300.000  -168.151   1.421709E+03
   300.000  -172.882   1.423715E+03
   300.000  -177.614   1.425721E+03
   300.000  -182.346   1.427727E+03
   300.000  -187.077   1.429733E+03
   300.000  -191.809   1.431739E+03
   300.000  -196.540   1.433745E+03
   300.000  -201.272   1.435751E+03
   300.000  -206.004   1.437757E+03
   300.000  -210.735   1.439762E+03
   300.000  -215.467   1.441769E+03
   300.000  -220.198   1.443774E+03
   300.000  -229.662   1.447786E+03
   300.000  -239.125   1.451798E+03
   300.000  -248.588   1.455810E+03
   300.000  -258.051   1.459822E+03
   300.000  -267.515   1.463834E+03
   300.000  -276.978   1.467846E+03
   300.000  -286.441   1.471857E+03
   300.000  -291.173   1.473864E+03
   300.000  -295.904   1.475869E+03
   300.000  -300.636   1.477875E+03
   300.000  -305.368   1.479881E+03
   300.000  -314.831   1.483893E+03
   300.000  -324.294   1.487905E+03
   300.000  -333.757   1.491917E+03
   300.000  -343.221   1.495929E+03
   300.000  -352.684   1.499941E+03
   300.000  -362.147   1.503952E+03
   300.000  -371.610   1.507964E+03
   300.000  -381.074   1.511976E+03
   300.000  -390.537   1.515988E+03
   300.000  -400.000   1.520000E+03
   305.000    -2.513   0.000000E+00
   305.000    -2.986   1.641983E+01
   305.000    -3.552   3.592895E+01
   305.000    -4.406   6.163858E+01
   305.000    -4.879   7.562818E+01
   305.000    -5.352   8.945036E+01
   305.000    -5.825   1.031060E+02
   305.000    -6.299   1.166244E+02
   305.000    -6.772   1.299488E+02
   305.000    -7.718   1.561035E+02
   305.000    -8.191   1.689346E+02
   305.000    -8.770   1.844232E+02
   305.000    -9.138   1.969455E+02
   305.000   -10.084   2.289121E+02
   305.000   -11.031   2.605792E+02
   305.000   -11.977   2.918797E+02
   305.000   -12.923   3.228263E+02
   307.000   -13.635   3.458822E+02
   305.000   -14.816   3.633137E+02
   305.000   -15.763   3.785588E+02
   305.000   -16.709   3.938912E+02
   305.000   -18.602   4.248971E+02
   305.000   -20.495   4.562832E+02
   305.000   -22.387   4.879067E+02
   305.000   -24.280   5.197006E+02
   305.000   -26.173   5.515456E+02
   305.000   -28.066   5.832709E+02
   305.000   -29.959   6.147593E+02
   305.000   -31.851   6.459684E+02
   305.000   -33.744   6.768710E+02
   305.000   -35.637   7.073588E+02
   305.000   -37.530   7.374062E+02
   305.000   -40.369   7.819522E+02
   305.000   -43.208   8.257098E+02
   305.000   -46.047   8.684737E+02
   305.000   -48.886   9.103454E+02
   305.000   -51.726   9.515226E+02
   305.000   -54.565   9.921258E+02
   305.000   -57.404   1.032355E+03
   305.000   -60.243   1.072429E+03
   305.000   -63.082   1.112519E+03
   305.000   -65.922   1.152851E+03
   305.000   -68.761   1.193583E+03
   305.000   -73.493   1.262795E+03
   305.000   -77.300   1.320000E+03
   305.000   -82.957   1.331314E+03
   305.000   -87.689   1.340778E+03
   305.000   -92.421   1.350242E+03
   305.000   -97.153   1.359706E+03
   305.000  -101.885   1.369170E+03
   305.000  -106.617   1.378634E+03
   305.000  -111.349   1.388098E+03
   305.000  -116.081   1.397562E+03
   305.000  -120.813   1.401491E+03
   305.000  -125.545   1.403500E+03
   305.000  -130.277   1.405508E+03
   305.000  -135.009   1.407517E+03
   305.000  -139.741   1.409526E+03
   305.000  -144.473   1.411534E+03
   305.000  -149.205   1.413543E+03
   305.000  -153.937   1.415552E+03
   305.000  -158.669   1.417560E+03
   305.000  -163.401   1.419569E+03
   305.000  -168.133   1.421578E+03
   305.000  -172.865   1.423586E+03
   305.000  -177.597   1.425595E+03
   305.000  -182.329   1.427603E+03
   305.000  -187.061   1.429612E+03
   305.000  -191.793   1.431621E+03
   305.000  -196.525   1.433629E+03
   305.000  -201.257   1.435638E+03
   305.000  -205.988   1.437646E+03
   305.000  -210.720   1.439655E+03
   305.000  -215.452   1.441663E+03
   305.000  -220.184   1.443672E+03
   305.000  -229.648   1.447689E+03
   305.000  -239.112   1.451707E+03
   305.000  -248.576   1.455724E+03
   305.000  -258.040   1.459741E+03
   305.000  -267.504   1.463758E+03
   305.000  -276.968   1.467776E+03
   305.000  -286.432   1.471793E+03
   305.000  -291.164   1.473801E+03
   305.000  -295.896   1.475810E+03
   305.000  -300.628   1.477819E+03
   305.000  -305.360   1.479827E+03
   305.000  -314.824   1.483845E+03
   305.000  -324.288   1.487862E+03
   305.000  -333.752   1.491879E+03
   305.000  -343.216   1.495896E+03
   305.000  -352.680   1.499914E+03
   305.000  -362.144   1.503931E+03
   305.000  -371.608   1.507948E+03
   305.000  -381.072   1.511965E+03
   305.000  -390.536   1.515983E+03
   305.000  -400.000   1.520000E+03
   310.000    -2.428   0.000000E+00
   310.000    -2.901   1.609654E+01
   312.000    -3.449   3.532624E+01
   310.000    -4.321   6.082998E+01
   310.000    -4.795   7.479954E+01
   310.000    -5.268   8.857717E+01
   310.000    -5.741   1.021916E+02
   310.000    -6.214   1.156422E+02
   310.000    -6.688   1.289562E+02
   310.000    -7.634   1.550327E+02
   310.000    -8.108   1.678492E+02
   310.000    -8.811   1.865610E+02
   310.000    -9.054   1.947809E+02
   310.000   -10.001   2.266173E+02
   310.000   -10.947   2.580774E+02
   310.000   -11.894   2.892264E+02
   310.000   -12.841   3.200311E+02
   310.000   -13.789   3.504969E+02
   310.000   -14.734   3.654805E+02
   310.000   -15.680   3.805909E+02
   310.000   -16.627   3.958136E+02
   310.000   -18.520   4.265642E+02
   310.000   -20.413   4.576849E+02
   310.000   -22.307   4.890512E+02
   310.000   -24.200   5.205555E+02
   310.000   -26.093   5.520996E+02
   310.000   -27.986   5.835257E+02
   310.000   -29.879   6.147429E+02
   310.000   -31.773   6.457192E+02
   310.000   -33.666   6.763401E+02
   310.000   -35.559   7.065546E+02
   310.000   -37.452   7.363359E+02
   310.000   -40.292   7.805211E+02
   310.000   -43.132   8.239684E+02
   310.000   -45.972   8.664299E+02
   310.000   -48.811   9.079679E+02
   310.000   -51.651   9.487948E+02
   310.000   -54.491   9.890632E+02
   310.000   -57.331   1.028957E+03
   310.000   -60.171   1.068688E+03
   310.000   -63.010   1.108416E+03
   310.000   -65.850   1.148357E+03
   310.000   -68.690   1.188654E+03
   310.000   -73.423   1.257083E+03
   310.000   -77.656   1.320000E+03
   310.000   -82.889   1.330466E+03
   310.000   -87.622   1.339932E+03
   310.000   -92.355   1.349398E+03
   310.000   -97.088   1.358864E+03
   310.000  -101.821   1.368330E+03
   310.000  -106.554   1.377796E+03
   310.000  -111.287   1.387262E+03
   310.000  -116.020   1.396728E+03
   310.000  -120.753   1.401316E+03
   310.000  -125.486   1.403328E+03
   310.000  -130.219   1.405339E+03
   310.000  -134.952   1.407351E+03
   310.000  -139.685   1.409363E+03
   310.000  -144.418   1.411374E+03
   310.000  -149.151   1.413386E+03
   310.000  -153.884   1.415397E+03
   310.000  -158.617   1.417409E+03
   310.000  -163.350   1.419421E+03
   310.000  -168.083   1.421432E+03
   310.000  -172.816   1.423444E+03
   310.000  -177.549   1.425455E+03
   310.000  -182.282   1.427467E+03
   310.000  -187.015   1.429479E+03
   310.000  -191.748   1.431490E+03
   310.000  -196.481   1.433502E+03
   310.000  -201.214   1.435513E+03
   310.000  -205.947   1.437525E+03
   310.000  -210.680   1.439536E+03
   310.000  -215.413   1.441548E+03
   310.000  -220.146   1.443560E+03
   310.000  -229.612   1.447583E+03
   310.000  -239.078   1.451606E+03
   310.000  -248.544   1.455629E+03
   310.000  -258.010   1.459652E+03
   310.000  -267.476   1.463676E+03
   310.000  -276.942   1.467699E+03
   310.000  -286.408   1.471722E+03
   310.000  -291.141   1.473733E+03
   310.000  -295.874   1.475745E+03
   310.000  -300.607   1.477757E+03
   310.000  -305.340   1.479768E+03
   310.000  -314.806   1.483791E+03
   310.000  -324.272   1.487815E+03
   310.000  -333.738   1.491838E+03
   310.000  -343.204   1.495861E+03
   310.000  -352.670   1.499884E+03
   310.000  -362.136   1.503907E+03
   310.000  -371.602   1.507930E+03
   310.000  -381.068   1.511954E+03
   310.000  -390.534   1.515977E+03
   310.000  -400.000   1.520000E+03
   315.000    -2.410   0.000000E+00
   315.000    -2.883   1.646299E+01
   315.000    -3.394   3.415001E+01
   315.000    -4.303   6.151878E+01
   315.000    -4.777   7.553033E+01
   315.000    -5.250   8.933569E+01
   315.000    -5.723   1.029657E+02
   315.000    -6.197   1.164497E+02
   315.000    -6.670   1.297318E+02
   315.000    -7.617   1.558063E+02
   315.000    -8.090   1.685729E+02
   315.000    -8.563   1.811560E+02
   316.000    -8.861   1.892728E+02
   315.000    -9.983   2.266063E+02
   315.000   -10.930   2.578934E+02
   315.000   -11.876   2.887981E+02
   315.000   -12.823   3.193861E+02
   315.000   -14.046   3.583921E+02
   315.000   -14.716   3.689405E+02
   315.000   -15.663   3.839202E+02
   315.000   -16.610   3.990077E+02
   315.000   -18.503   4.294977E+02
   315.000   -20.396   4.603315E+02
   315.000   -22.290   4.914132E+02
   315.000   -24.183   5.226213E+02
   315.000   -26.076   5.538678E+02
   315.000   -27.969   5.849970E+02
   315.000   -29.863   6.159486E+02
   315.000   -31.756   6.466181E+02
   315.000   -33.649   6.769520E+02
   315.000   -35.543   7.069010E+02
   315.000   -37.436   7.364091E+02
   315.000   -40.276   7.802065E+02
   315.000   -43.116   8.232893E+02
   315.000   -45.956   8.653922E+02
   315.000   -48.796   9.065932E+02
   315.000   -51.635   9.470394E+02
   315.000   -54.475   9.869492E+02
   315.000   -57.315   1.026497E+03
   315.000   -60.155   1.065869E+03
   315.000   -62.995   1.105241E+03
   315.000   -65.835   1.144779E+03
   315.000   -68.675   1.184650E+03
   315.000   -73.408   1.252298E+03
   315.000   -78.013   1.320000E+03
   315.000   -82.875   1.329724E+03
   315.000   -87.608   1.339190E+03
   315.000   -92.341   1.348656E+03
   315.000   -97.074   1.358122E+03
   315.000  -101.808   1.367590E+03
   315.000  -106.541   1.377056E+03
   315.000  -111.274   1.386522E+03
   315.000  -116.007   1.395988E+03
   315.000  -120.740   1.401160E+03
   315.000  -125.474   1.403175E+03
   315.000  -130.207   1.405189E+03
   315.000  -134.940   1.407203E+03
   315.000  -139.673   1.409217E+03
   315.000  -144.406   1.411232E+03
   315.000  -149.140   1.413246E+03
   315.000  -153.873   1.415260E+03
   315.000  -158.606   1.417274E+03
   315.000  -163.339   1.419289E+03
   315.000  -168.073   1.421303E+03
   315.000  -172.806   1.423317E+03
   315.000  -177.539   1.425331E+03
   315.000  -182.272   1.427346E+03
   315.000  -187.005   1.429360E+03
   315.000  -191.739   1.431374E+03
   315.000  -196.472   1.433388E+03
   315.000  -201.205   1.435402E+03
   315.000  -205.938   1.437417E+03
   315.000  -210.671   1.439431E+03
   315.000  -215.405   1.441445E+03
   315.000  -220.138   1.443459E+03
   315.000  -229.604   1.447488E+03
   315.000  -239.071   1.451516E+03
   315.000  -248.537   1.455545E+03
   315.000  -258.004   1.459573E+03
   315.000  -267.470   1.463602E+03
   315.000  -276.936   1.467630E+03
   315.000  -286.403   1.471659E+03
   315.000  -291.136   1.473673E+03
   315.000  -295.869   1.475687E+03
   315.000  -300.603   1.477701E+03
   315.000  -305.336   1.479716E+03
   315.000  -314.802   1.483744E+03
   315.000  -324.269   1.487773E+03
   315.000  -333.735   1.491801E+03
   315.000  -343.201   1.495829E+03
   315.000  -352.668   1.499858E+03
   315.000  -362.134   1.503886E+03
   315.000  -371.601   1.507915E+03
   315.000  -381.067   1.511943E+03
   315.000  -390.534   1.515972E+03
   315.000  -400.000   1.520000E+03
   320.000    -2.307   0.000000E+00
   320.000    -2.780   1.630079E+01
   320.000    -3.304   3.423060E+01
   320.000    -4.201   6.108130E+01
   320.000    -4.674   7.498843E+01
   320.000    -5.148   8.874919E+01
   320.000    -5.621   1.023068E+02
   320.000    -6.095   1.157197E+02
   320.000    -6.568   1.289323E+02
   320.000    -7.515   1.548710E+02
   320.000    -7.988   1.675712E+02
   320.000    -8.462   1.801279E+02
   320.000    -8.912   1.919042E+02
   320.000    -9.882   2.241086E+02
   320.000   -10.829   2.552049E+02
   320.000   -11.776   2.859499E+02
   320.000   -12.723   3.163448E+02
   320.000   -13.670   3.463749E+02
   320.000   -14.303   3.662772E+02
   320.000   -15.563   3.860232E+02
   320.000   -16.510   4.009741E+02
   320.000   -18.404   4.312111E+02
   320.000   -20.298   4.617970E+02
   320.000   -22.192   4.925978E+02
   320.000   -24.085   5.235193E+02
   320.000   -25.979   5.544879E+02
   320.000   -27.873   5.853441E+02
   320.000   -29.767   6.160110E+02
   320.000   -31.661   6.464150E+02
   320.000   -33.554   6.764709E+02
   320.000   -35.448   7.061467E+02
   320.000   -37.342   7.354429E+02
   320.000   -40.183   7.788890E+02
   320.000   -43.023   8.216169E+02
   320.000   -45.864   8.633746E+02
   320.000   -48.705   9.042313E+02
   320.000   -51.545   9.443580E+02
   320.000   -54.386   9.839553E+02
   320.000   -57.227   1.023181E+03
   320.000   -60.067   1.062176E+03
   320.000   -62.908   1.101166E+03
   320.000   -65.749   1.140327E+03
   320.000   -68.589   1.179764E+03
   320.000   -73.324   1.246642E+03
   320.000   -78.369   1.320000E+03
   320.000   -82.792   1.328846E+03
   320.000   -87.527   1.338316E+03
   320.000   -92.261   1.347784E+03
   320.000   -96.996   1.357254E+03
   320.000  -101.730   1.366722E+03
   320.000  -106.465   1.376192E+03
   320.000  -111.199   1.385660E+03
   320.000  -115.934   1.395130E+03
   320.000  -120.668   1.400980E+03
   320.000  -125.402   1.402997E+03
   320.000  -130.137   1.405014E+03
   320.000  -134.871   1.407031E+03
   320.000  -139.606   1.409049E+03
   320.000  -144.340   1.411066E+03
   320.000  -149.075   1.413084E+03
   320.000  -153.809   1.415101E+03
   320.000  -158.544   1.417118E+03
   320.000  -163.278   1.419135E+03
   320.000  -168.012   1.421152E+03
   320.000  -172.747   1.423170E+03
   320.000  -177.481   1.425187E+03
   320.000  -182.216   1.427205E+03
   320.000  -186.950   1.429222E+03
   320.000  -191.685   1.431239E+03
   320.000  -196.419   1.433256E+03
   320.000  -201.154   1.435274E+03
   320.000  -205.888   1.437291E+03
   320.000  -210.622   1.439308E+03
   320.000  -215.357   1.441326E+03
   320.000  -220.091   1.443343E+03
   320.000  -229.560   1.447377E+03
   320.000  -239.029   1.451412E+03
   320.000  -248.498   1.455447E+03
   320.000  -257.967   1.459481E+03
   320.000  -267.436   1.463516E+03
   320.000  -276.905   1.467551E+03
   320.000  -286.373   1.471585E+03
   320.000  -291.108   1.473602E+03
   320.000  -295.842   1.475619E+03
   320.000  -300.577   1.477637E+03
   320.000  -305.311   1.479654E+03
   320.000  -314.780   1.483689E+03
   320.000  -324.249   1.487723E+03
   320.000  -333.718   1.491758E+03
   320.000  -343.187   1.495793E+03
   320.000  -352.656   1.499827E+03
   320.000  -362.124   1.503861E+03
   320.000  -371.593   1.507896E+03
   320.000  -381.062   1.511931E+03
   320.000  -390.531   1.515965E+03
   320.000  -400.000   1.520000E+03
   325.000    -2.131   0.000000E+00
   325.000    -2.605   1.582490E+01
   325.000    -3.213   3.606069E+01
   325.000    -4.026   5.987059E+01
   325.000    -4.499   7.353179E+01
   325.000    -4.973   8.708105E+01
   325.000    -5.447   1.004857E+02
   325.000    -5.920   1.137147E+02
   325.000    -6.394   1.268213E+02
   325.000    -7.341   1.525487E+02
   325.000    -7.815   1.651918E+02
   325.000    -8.288   1.776508E+02
   325.000    -8.976   1.955099E+02
   325.000    -9.709   2.196284E+02
   325.000   -10.657   2.505365E+02
   325.000   -11.604   2.810799E+02
   325.000   -12.551   3.112852E+02
   325.000   -13.499   3.411777E+02
   324.000   -14.508   3.725971E+02
   325.000   -15.393   3.870682E+02
   325.000   -16.341   4.019065E+02
   325.000   -18.235   4.318769E+02
   325.000   -20.130   4.622179E+02
   325.000   -22.024   4.927595E+02
   325.000   -23.919   5.234549E+02
   325.000   -25.814   5.541600E+02
   325.000   -27.708   5.847401E+02
   325.000   -29.603   6.151498E+02
   325.000   -31.498   6.452965E+02
   325.000   -33.392   6.750933E+02
   325.000   -35.287   7.045509E+02
   325.000   -37.181   7.336131E+02
   325.000   -40.023   7.767265E+02
   325.000   -42.865   8.191454E+02
   325.000   -45.707   8.605373E+02
   325.000   -48.549   9.010942E+02
   325.000   -51.391   9.409456E+02
   325.000   -54.233   9.802240E+02
   325.000   -57.075   1.019102E+03
   325.000   -59.917   1.057750E+03
   325.000   -62.759   1.096372E+03
   325.000   -65.601   1.135143E+03
   325.000   -68.443   1.174159E+03
   325.000   -73.179   1.240273E+03
   325.000   -78.726   1.320000E+03
   325.000   -82.652   1.327852E+03
   325.000   -87.389   1.337326E+03
   325.000   -92.125   1.346798E+03
   325.000   -96.862   1.356272E+03
   325.000  -101.598   1.365744E+03
   325.000  -106.335   1.375218E+03
   325.000  -111.071   1.384690E+03
   325.000  -115.808   1.394164E+03
   325.000  -120.544   1.400776E+03
   325.000  -125.281   1.402797E+03
   325.000  -130.017   1.404817E+03
   325.000  -134.754   1.406838E+03
   325.000  -139.491   1.408859E+03
   325.000  -144.227   1.410879E+03
   325.000  -148.964   1.412900E+03
   325.000  -153.700   1.414921E+03
   325.000  -158.437   1.416942E+03
   325.000  -163.173   1.418962E+03
   325.000  -167.910   1.420983E+03
   325.000  -172.646   1.423004E+03
   325.000  -177.383   1.425025E+03
   325.000  -182.119   1.427045E+03
   325.000  -186.856   1.429066E+03
   325.000  -191.592   1.431087E+03
   325.000  -196.329   1.433108E+03
   325.000  -201.066   1.435129E+03
   325.000  -205.802   1.437149E+03
   325.000  -210.539   1.439170E+03
   325.000  -215.275   1.441191E+03
   325.000  -220.012   1.443212E+03
   325.000  -229.485   1.447253E+03
   325.000  -238.958   1.451295E+03
   325.000  -248.431   1.455336E+03
   325.000  -257.904   1.459378E+03
   325.000  -267.377   1.463419E+03
   325.000  -276.850   1.467460E+03
   325.000  -286.323   1.471502E+03
   325.000  -291.060   1.473523E+03
   325.000  -295.796   1.475543E+03
   325.000  -300.533   1.477564E+03
   325.000  -305.269   1.479585E+03
   325.000  -314.742   1.483626E+03
   325.000  -324.215   1.487668E+03
   325.000  -333.689   1.491710E+03
   325.000  -343.162   1.495751E+03
   325.000  -352.635   1.499793E+03
   325.000  -362.108   1.503834E+03
   325.000  -371.581   1.507876E+03
   325.000  -381.054   1.511917E+03
   325.000  -390.527   1.515959E+03
   325.000  -400.000   1.520000E+03
   330.000    -2.142   0.000000E+00
   330.000    -2.616   1.630794E+01
   330.000    -3.122   3.356758E+01
   330.000    -4.037   6.084352E+01
   330.000    -4.510   7.467769E+01
   330.000    -4.984   8.836119E+01
   330.000    -5.457   1.018397E+02
   330.000    -5.931   1.151730E+02
   330.000    -6.405   1.283346E+02
   330.000    -7.352   1.541219E+02
   330.000    -7.826   1.667780E+02
   330.000    -8.299   1.792414E+02
   330.000    -9.041   1.984652E+02
   330.000    -9.720   2.207312E+02
   330.000   -10.668   2.515728E+02
   330.000   -11.615   2.820206E+02
   330.000   -12.562   3.121342E+02
   330.000   -13.509   3.419117E+02
   330.000   -14.767   3.809667E+02
   330.000   -15.404   3.908302E+02
   330.000   -16.351   4.055660E+02
   330.000   -18.246   4.354075E+02
   330.000   -20.140   4.655476E+02
   330.000   -22.035   4.959030E+02
   330.000   -23.929   5.263398E+02
   330.000   -25.824   5.567865E+02
   330.000   -27.719   5.871131E+02
   330.000   -29.613   6.172394E+02
   330.000   -31.508   6.471012E+02
   330.000   -33.402   6.766116E+02
   330.000   -35.297   7.057851E+02
   330.000   -37.191   7.345449E+02
   330.000   -40.033   7.772640E+02
   330.000   -42.875   8.192581E+02
   330.000   -45.717   8.602671E+02
   330.000   -48.559   9.004667E+02
   330.000   -51.401   9.399402E+02
   330.000   -54.242   9.788258E+02
   330.000   -57.084   1.017330E+03
   330.000   -59.926   1.055608E+03
   330.000   -62.768   1.093862E+03
   330.000   -65.610   1.132225E+03
   330.000   -68.452   1.170833E+03
   330.000   -73.188   1.236205E+03
   330.000   -79.082   1.320000E+03
   330.000   -82.661   1.327158E+03
   330.000   -87.397   1.336630E+03
   330.000   -92.134   1.346104E+03
   330.000   -96.870   1.355576E+03
   330.000  -101.607   1.365050E+03
   330.000  -106.343   1.374522E+03
   330.000  -111.079   1.383994E+03
   330.000  -115.816   1.393468E+03
   330.000  -120.552   1.400628E+03
   330.000  -125.289   1.402651E+03
   330.000  -130.025   1.404675E+03
   330.000  -134.761   1.406698E+03
   330.000  -139.498   1.408721E+03
   330.000  -144.234   1.410744E+03
   330.000  -148.971   1.412768E+03
   330.000  -153.707   1.414791E+03
   330.000  -158.443   1.416814E+03
   330.000  -163.180   1.418837E+03
   330.000  -167.916   1.420860E+03
   330.000  -172.653   1.422884E+03
   330.000  -177.389   1.424907E+03
   330.000  -182.125   1.426930E+03
   330.000  -186.862   1.428954E+03
   330.000  -191.598   1.430977E+03
   330.000  -196.335   1.433000E+03
   330.000  -201.071   1.435023E+03
   330.000  -205.807   1.437046E+03
   330.000  -210.544   1.439070E+03
   330.000  -215.280   1.441093E+03
   330.000  -220.017   1.443116E+03
   330.000  -229.489   1.447163E+03
   330.000  -238.962   1.451209E+03
   330.000  -248.435   1.455256E+03
   330.000  -257.908   1.459302E+03
   330.000  -267.381   1.463349E+03
   330.000  -276.853   1.467395E+03
   330.000  -286.326   1.471442E+03
   330.000  -291.063   1.473465E+03
   330.000  -295.799   1.475488E+03
   330.000  -300.536   1.477512E+03
   330.000  -305.272   1.479535E+03
   330.000  -314.745   1.483582E+03
   330.000  -324.218   1.487628E+03
   330.000  -333.690   1.491674E+03
   330.000  -343.163   1.495721E+03
   330.000  -352.636   1.499767E+03
   330.000  -362.109   1.503814E+03
   330.000  -371.582   1.507861E+03
   330.000  -381.054   1.511907E+03
   330.000  -390.527   1.515953E+03
   330.000  -400.000   1.520000E+03
   335.000    -1.990   0.000000E+00
   335.000    -2.464   1.564930E+01
   335.000    -3.031   3.433840E+01
   335.000    -3.885   5.911872E+01
   335.000    -4.359   7.272691E+01
   335.000    -4.833   8.620753E+01
   335.000    -5.307   9.955477E+01
   335.000    -5.781   1.127637E+02
   335.000    -6.254   1.258030E+02
   335.000    -7.202   1.514984E+02
   335.000    -7.676   1.641211E+02
   335.000    -8.150   1.765913E+02
   335.000    -8.624   1.888917E+02
   335.000    -9.105   2.012206E+02
   335.000   -10.519   2.472066E+02
   335.000   -11.466   2.776425E+02
   335.000   -12.414   3.077969E+02
   335.000   -13.362   3.376395E+02
   335.000   -14.309   3.671232E+02
   337.000   -15.069   3.905624E+02
   335.000   -16.205   4.067692E+02
   335.000   -18.100   4.365335E+02
   335.000   -19.995   4.665513E+02
   335.000   -21.891   4.967352E+02
   335.000   -23.786   5.269650E+02
   335.000   -25.681   5.571612E+02
   335.000   -27.576   5.872500E+02
   335.000   -29.472   6.171547E+02
   335.000   -31.367   6.467516E+02
   335.000   -33.262   6.760146E+02
   335.000   -35.158   7.049209E+02
   335.000   -37.053   7.334349E+02
   335.000   -39.896   7.757623E+02
   335.000   -42.739   8.173871E+02
   335.000   -45.582   8.580691E+02
   335.000   -48.425   8.979267E+02
   335.000   -51.267   9.370467E+02
   335.000   -54.110   9.756052E+02
   335.000   -56.953   1.013767E+03
   335.000   -59.796   1.051698E+03
   335.000   -62.639   1.089580E+03
   335.000   -65.482   1.127549E+03
   335.000   -68.325   1.165753E+03
   335.000   -73.063   1.230370E+03
   335.000   -79.438   1.320000E+03
   335.000   -82.540   1.326204E+03
   335.000   -87.278   1.335680E+03
   335.000   -92.016   1.345156E+03
   335.000   -96.754   1.354632E+03
   335.000  -101.493   1.364110E+03
   335.000  -106.231   1.373586E+03
   335.000  -110.969   1.383062E+03
   335.000  -115.707   1.392538E+03
   335.000  -120.445   1.400431E+03
   335.000  -125.184   1.402458E+03
   335.000  -129.922   1.404484E+03
   335.000  -134.660   1.406511E+03
   335.000  -139.398   1.408537E+03
   335.000  -144.136   1.410564E+03
   335.000  -148.875   1.412591E+03
   335.000  -153.613   1.414617E+03
   335.000  -158.351   1.416644E+03
   335.000  -163.089   1.418670E+03
   335.000  -167.828   1.420697E+03
   335.000  -172.566   1.422724E+03
   335.000  -177.304   1.424750E+03
   335.000  -182.042   1.426777E+03
   335.000  -186.780   1.428803E+03
   335.000  -191.519   1.430830E+03
   335.000  -196.257   1.432856E+03
   335.000  -200.995   1.434883E+03
   335.000  -205.733   1.436909E+03
   335.000  -210.471   1.438936E+03
   335.000  -215.210   1.440963E+03
   335.000  -219.948   1.442989E+03
   335.000  -229.424   1.447042E+03
   335.000  -238.901   1.451096E+03
   335.000  -248.377   1.455149E+03
   335.000  -257.854   1.459202E+03
   335.000  -267.330   1.463255E+03
   335.000  -276.806   1.467308E+03
   335.000  -286.283   1.471362E+03
   335.000  -291.021   1.473388E+03
   335.000  -295.759   1.475415E+03
   335.000  -300.498   1.477442E+03
   335.000  -305.236   1.479468E+03
   335.000  -314.712   1.483521E+03
   335.000  -324.189   1.487575E+03
   335.000  -333.665   1.491628E+03
   335.000  -343.141   1.495681E+03
   335.000  -352.618   1.499734E+03
   335.000  -362.094   1.503787E+03
   335.000  -371.571   1.507841E+03
   335.000  -381.047   1.511894E+03
   335.000  -390.524   1.515947E+03
   335.000  -400.000   1.520000E+03
   340.000    -2.137   0.000000E+00
   340.000    -2.940   2.807364E+01
   340.000    -3.558   4.695477E+01
   340.000    -4.032   6.116897E+01
   340.000    -4.505   7.514631E+01
   340.000    -4.979   8.895235E+01
   340.000    -5.453   1.025628E+02
   340.000    -5.926   1.159541E+02
   340.000    -6.400   1.291866E+02
   340.000    -7.347   1.550739E+02
   340.000    -7.821   1.677619E+02
   340.000    -8.294   1.802465E+02
   340.000    -9.169   2.029240E+02
   340.000    -9.715   2.207795E+02
   340.000   -10.663   2.515052E+02
   340.000   -11.610   2.818271E+02
   340.000   -12.557   3.118028E+02
   340.000   -13.505   3.414680E+02
   340.000   -14.452   3.707642E+02
   340.000   -15.317   3.971153E+02
   340.000   -16.346   4.130773E+02
   340.000   -18.241   4.426816E+02
   340.000   -20.136   4.724826E+02
   340.000   -22.030   5.023950E+02
   340.000   -23.925   5.323731E+02
   340.000   -25.819   5.622791E+02
   340.000   -27.714   5.920625E+02
   340.000   -29.608   6.216222E+02
   340.000   -31.503   6.509005E+02
   340.000   -33.398   6.798340E+02
   340.000   -35.292   7.083848E+02
   340.000   -37.187   7.365820E+02
   340.000   -40.029   7.783741E+02
   340.000   -42.871   8.195112E+02
   340.000   -45.712   8.597220E+02
   340.000   -48.554   8.991394E+02
   340.000   -51.396   9.378436E+02
   340.000   -54.238   9.759874E+02
   340.000   -57.080   1.013757E+03
   340.000   -59.922   1.051293E+03
   340.000   -62.764   1.088771E+03
   340.000   -65.606   1.126350E+03
   340.000   -68.448   1.164147E+03
   340.000   -73.184   1.228009E+03
   340.000   -79.795   1.320000E+03
   340.000   -82.657   1.325724E+03
   340.000   -87.393   1.335196E+03
   340.000   -92.130   1.344670E+03
   340.000   -96.866   1.354142E+03
   340.000  -101.603   1.363616E+03
   340.000  -106.339   1.373088E+03
   340.000  -111.076   1.382562E+03
   340.000  -115.812   1.392034E+03
   340.000  -120.549   1.400323E+03
   340.000  -125.285   1.402351E+03
   340.000  -130.022   1.404380E+03
   340.000  -134.758   1.406408E+03
   340.000  -139.494   1.408436E+03
   340.000  -144.231   1.410465E+03
   340.000  -148.967   1.412493E+03
   340.000  -153.704   1.414522E+03
   340.000  -158.440   1.416550E+03
   340.000  -163.177   1.418579E+03
   340.000  -167.913   1.420607E+03
   340.000  -172.650   1.422636E+03
   340.000  -177.386   1.424664E+03
   340.000  -182.123   1.426692E+03
   340.000  -186.859   1.428721E+03
   340.000  -191.596   1.430749E+03
   340.000  -196.332   1.432778E+03
   340.000  -201.069   1.434806E+03
   340.000  -205.805   1.436834E+03
   340.000  -210.541   1.438863E+03
   340.000  -215.278   1.440891E+03
   340.000  -220.014   1.442920E+03
   340.000  -229.487   1.446976E+03
   340.000  -238.960   1.451033E+03
   340.000  -248.433   1.455090E+03
   340.000  -257.906   1.459147E+03
   340.000  -267.379   1.463204E+03
   340.000  -276.852   1.467261E+03
   340.000  -286.325   1.471318E+03
   340.000  -291.061   1.473346E+03
   340.000  -295.798   1.475375E+03
   340.000  -300.534   1.477403E+03
   340.000  -305.271   1.479432E+03
   340.000  -314.744   1.483488E+03
   340.000  -324.217   1.487545E+03
   340.000  -333.690   1.491602E+03
   340.000  -343.162   1.495659E+03
   340.000  -352.635   1.499716E+03
   340.000  -362.108   1.503772E+03
   340.000  -371.581   1.507829E+03
   340.000  -381.054   1.511886E+03
   340.000  -390.527   1.515943E+03
   340.000  -400.000   1.520000E+03
   345.000    -1.999   0.000000E+00
   345.000    -2.849   2.865764E+01
   345.000    -3.420   4.561749E+01
   345.000    -3.894   5.953188E+01
   345.000    -4.368   7.329805E+01
   345.000    -4.842   8.691115E+01
   345.000    -5.316   1.003673E+02
   345.000    -5.789   1.136357E+02
   345.000    -6.263   1.267697E+02
   345.000    -7.211   1.525440E+02
   345.000    -7.685   1.651807E+02
   345.000    -8.159   1.776495E+02
   345.000    -8.632   1.899001E+02
   345.000    -9.233   2.052669E+02
   345.000   -10.528   2.470956E+02
   345.000   -11.475   2.772601E+02
   345.000   -12.423   3.070958E+02
   345.000   -13.370   3.365393E+02
   345.000   -14.318   3.656518E+02
   345.000   -15.730   4.083834E+02
   345.000   -16.213   4.158001E+02
   345.000   -18.109   4.450988E+02
   345.000   -20.004   4.745672E+02
   345.000   -21.899   5.041859E+02
   345.000   -23.794   5.338721E+02
   345.000   -25.690   5.635108E+02
   345.000   -27.585   5.929909E+02
   345.000   -29.480   6.222493E+02
   345.000   -31.375   6.512081E+02
   345.000   -33.271   6.798425E+02
   345.000   -35.166   7.081168E+02
   345.000   -37.061   7.359994E+02
   345.000   -39.904   7.773818E+02
   345.000   -42.747   8.181238E+02
   345.000   -45.590   8.579627E+02
   345.000   -48.432   8.969911E+02
   345.000   -51.275   9.353287E+02
   345.000   -54.118   9.731330E+02
   345.000   -56.961   1.010562E+03
   345.000   -59.804   1.047735E+03
   345.000   -62.647   1.084847E+03
   345.000   -65.490   1.122023E+03
   345.000   -68.333   1.159395E+03
   345.000   -73.071   1.222482E+03
   345.000   -77.809   1.287396E+03
   347.000   -80.294   1.320000E+03
   345.000   -87.285   1.333982E+03
   345.000   -92.023   1.343458E+03
   345.000   -96.761   1.352934E+03
   345.000  -101.499   1.362410E+03
   345.000  -106.237   1.371886E+03
   345.000  -110.975   1.381362E+03
   345.000  -115.714   1.390840E+03
   345.000  -120.452   1.400068E+03
   345.000  -125.190   1.402100E+03
   345.000  -129.928   1.404133E+03
   345.000  -134.666   1.406166E+03
   345.000  -139.404   1.408199E+03
   345.000  -144.142   1.410231E+03
   345.000  -148.880   1.412264E+03
   345.000  -153.618   1.414297E+03
   345.000  -158.357   1.416330E+03
   345.000  -163.095   1.418363E+03
   345.000  -167.833   1.420395E+03
   345.000  -172.571   1.422428E+03
   345.000  -177.309   1.424461E+03
   345.000  -182.047   1.426493E+03
   345.000  -186.785   1.428526E+03
   345.000  -191.523   1.430559E+03
   345.000  -196.261   1.432592E+03
   345.000  -201.000   1.434625E+03
   345.000  -205.738   1.436657E+03
   345.000  -210.476   1.438690E+03
   345.000  -215.214   1.440723E+03
   345.000  -219.952   1.442755E+03
   345.000  -229.428   1.446821E+03
   345.000  -238.904   1.450886E+03
   345.000  -248.381   1.454952E+03
   345.000  -257.857   1.459018E+03
   345.000  -267.333   1.463083E+03
   345.000  -276.809   1.467148E+03
   345.000  -286.285   1.471214E+03
   345.000  -291.024   1.473247E+03
   345.000  -295.762   1.475280E+03
   345.000  -300.500   1.477312E+03
   345.000  -305.238   1.479345E+03
   345.000  -314.714   1.483410E+03
   345.000  -324.190   1.487476E+03
   345.000  -333.667   1.491542E+03
   345.000  -343.143   1.495607E+03
   345.000  -352.619   1.499673E+03
   345.000  -362.095   1.503738E+03
   345.000  -371.571   1.507803E+03
   345.000  -381.048   1.511869E+03
   345.000  -390.524   1.515935E+03
   345.000  -400.000   1.520000E+03
   350.000    -2.029   0.000000E+00
   350.000    -2.758   2.552984E+01
   350.000    -3.450   4.665440E+01
   350.000    -3.924   6.087580E+01
   350.000    -4.398   7.486346E+01
   350.000    -4.872   8.864292E+01
   350.000    -5.345   1.021919E+02
   350.000    -5.819   1.155729E+02
   350.000    -6.293   1.287614E+02
   350.000    -7.241   1.545720E+02
   350.000    -7.714   1.671754E+02
   350.000    -8.188   1.796243E+02
   350.000    -8.662   1.918938E+02
   350.000    -9.297   2.080552E+02
   350.000   -10.557   2.484665E+02
   350.000   -11.505   2.784538E+02
   350.000   -12.452   3.080396E+02
   350.000   -13.400   3.372901E+02
   350.000   -14.347   3.661467E+02
   350.000   -15.295   3.946479E+02
   350.000   -16.143   4.198810E+02
   350.000   -18.137   4.503753E+02
   350.000   -20.032   4.795271E+02
   350.000   -21.928   5.088506E+02
   350.000   -23.823   5.382096E+02
   350.000   -25.718   5.674796E+02
   350.000   -27.613   5.966033E+02
   350.000   -29.508   6.254998E+02
   350.000   -31.403   6.541026E+02
   350.000   -33.298   6.823836E+02
   350.000   -35.193   7.103259E+02
   350.000   -37.088   7.378826E+02
   350.000   -39.931   7.787803E+02
   350.000   -42.774   8.189411E+02
   350.000   -45.616   8.583319E+02
   350.000   -48.459   8.969650E+02
   350.000   -51.302   9.348920E+02
   350.000   -54.144   9.723099E+02
   350.000   -56.987   1.009353E+03
   350.000   -59.830   1.046149E+03
   350.000   -62.672   1.082858E+03
   350.000   -65.515   1.119635E+03
   350.000   -68.358   1.156621E+03
   350.000   -73.095   1.219051E+03
   350.000   -77.833   1.283044E+03
   350.000   -80.515   1.320000E+03
   350.000   -87.309   1.333588E+03
   350.000   -92.046   1.343062E+03
   350.000   -96.784   1.352538E+03
   350.000  -101.522   1.362014E+03
   350.000  -106.260   1.371490E+03
   350.000  -110.997   1.380964E+03
   350.000  -115.735   1.390440E+03
   350.000  -120.473   1.399916E+03
   350.000  -125.211   1.402016E+03
   350.000  -129.948   1.404050E+03
   350.000  -134.686   1.406084E+03
   350.000  -139.424   1.408119E+03
   350.000  -144.162   1.410153E+03
   350.000  -148.899   1.412187E+03
   350.000  -153.637   1.414221E+03
   350.000  -158.375   1.416256E+03
   350.000  -163.113   1.418290E+03
   350.000  -167.850   1.420324E+03
   350.000  -172.588   1.422358E+03
   350.000  -177.326   1.424392E+03
   350.000  -182.064   1.426427E+03
   350.000  -186.801   1.428461E+03
   350.000  -191.539   1.430495E+03
   350.000  -196.277   1.432529E+03
   350.000  -201.015   1.434564E+03
   350.000  -205.752   1.436597E+03
   350.000  -210.490   1.438632E+03
   350.000  -215.228   1.440666E+03
   350.000  -219.966   1.442700E+03
   350.000  -229.441   1.446769E+03
   350.000  -238.917   1.450837E+03
   350.000  -248.392   1.454905E+03
   350.000  -257.868   1.458974E+03
   350.000  -267.343   1.463042E+03
   350.000  -276.819   1.467111E+03
   350.000  -286.294   1.471179E+03
   350.000  -291.032   1.473213E+03
   350.000  -295.770   1.475248E+03
   350.000  -300.507   1.477282E+03
   350.000  -305.245   1.479316E+03
   350.000  -314.721   1.483385E+03
   350.000  -324.196   1.487453E+03
   350.000  -333.672   1.491521E+03
   350.000  -343.147   1.495590E+03
   350.000  -352.623   1.499658E+03
   350.000  -362.098   1.503726E+03
   350.000  -371.574   1.507795E+03
   350.000  -381.049   1.511863E+03
   350.000  -390.525   1.515932E+03
   350.000  -400.000   1.520000E+03
   355.000    -1.714   0.000000E+00
   355.000    -2.188   1.538349E+01
   355.000    -2.667   3.094743E+01
   355.000    -3.611   5.798940E+01
   355.000    -4.085   7.144126E+01
   355.000    -4.559   8.477837E+01
   355.000    -5.033   9.799113E+01
   355.000    -5.507   1.110715E+02
   355.000    -5.981   1.240127E+02
   355.000    -6.930   1.494861E+02
   355.000    -7.404   1.619803E+02
   355.000    -7.878   1.743181E+02
   355.000    -8.352   1.864967E+02
   355.000    -9.361   2.119269E+02
   355.000   -10.249   2.401218E+02
   355.000   -11.197   2.698867E+02
   355.000   -12.145   2.993037E+02
   355.000   -13.094   3.283993E+02
   355.000   -14.042   3.571093E+02
   355.000   -14.990   3.854618E+02
   355.000   -16.556   4.315749E+02
   355.000   -17.835   4.509307E+02
   355.000   -19.732   4.797901E+02
   355.000   -21.628   5.087641E+02
   355.000   -23.525   5.377831E+02
   355.000   -25.422   5.667244E+02
   355.000   -27.318   5.955252E+02
   355.000   -29.215   6.241240E+02
   355.000   -31.111   6.524257E+02
   355.000   -33.008   6.804533E+02
   355.000   -34.905   7.081457E+02
   355.000   -36.801   7.354655E+02
   355.000   -39.646   7.758438E+02
   355.000   -42.491   8.155298E+02
   355.000   -45.336   8.546321E+02
   355.000   -48.181   8.929304E+02
   355.000   -51.026   9.305403E+02
   355.000   -53.871   9.676571E+02
   355.000   -56.715   1.004351E+03
   355.000   -59.560   1.040808E+03
   355.000   -62.405   1.077175E+03
   355.000   -65.250   1.113584E+03
   355.000   -68.095   1.150156E+03
   355.000   -72.837   1.211886E+03
   355.000   -77.578   1.275010E+03
   355.000   -80.883   1.320000E+03
   355.000   -87.061   1.332356E+03
   355.000   -91.803   1.341840E+03
   355.000   -96.544   1.351322E+03
   355.000  -101.286   1.360806E+03
   355.000  -106.027   1.370288E+03
   355.000  -110.769   1.379772E+03
   355.000  -115.510   1.389254E+03
   355.000  -120.252   1.398738E+03
   355.000  -124.993   1.401767E+03
   355.000  -129.735   1.403806E+03
   355.000  -134.476   1.405844E+03
   355.000  -139.218   1.407883E+03
   355.000  -143.959   1.409921E+03
   355.000  -148.701   1.411960E+03
   355.000  -153.442   1.413998E+03
   355.000  -158.184   1.416037E+03
   355.000  -162.925   1.418075E+03
   355.000  -167.667   1.420114E+03
   355.000  -172.408   1.422152E+03
   355.000  -177.150   1.424191E+03
   355.000  -181.891   1.426229E+03
   355.000  -186.633   1.428268E+03
   355.000  -191.374   1.430306E+03
   355.000  -196.116   1.432345E+03
   355.000  -200.857   1.434383E+03
   355.000  -205.598   1.436421E+03
   355.000  -210.340   1.438460E+03
   355.000  -215.082   1.440499E+03
   355.000  -219.823   1.442537E+03
   355.000  -229.306   1.446614E+03
   355.000  -238.789   1.450691E+03
   355.000  -248.272   1.454768E+03
   355.000  -257.755   1.458845E+03
   355.000  -267.238   1.462922E+03
   355.000  -276.721   1.466999E+03
   355.000  -286.204   1.471076E+03
   355.000  -290.946   1.473115E+03
   355.000  -295.687   1.475153E+03
   355.000  -300.429   1.477192E+03
   355.000  -305.170   1.479230E+03
   355.000  -314.653   1.483307E+03
   355.000  -324.136   1.487384E+03
   355.000  -333.619   1.491461E+03
   355.000  -343.102   1.495538E+03
   355.000  -352.585   1.499615E+03
   355.000  -362.068   1.503692E+03
   355.000  -371.551   1.507769E+03
   355.000  -381.034   1.511846E+03
   355.000  -390.517   1.515923E+03
   355.000  -400.000   1.520000E+03
   360.000    -1.846   0.000000E+00
   360.000    -2.576   2.598298E+01
   360.000    -3.268   4.709769E+01
   360.000    -3.742   6.128785E+01
   360.000    -4.216   7.529035E+01
   360.000    -4.690   8.906427E+01
   360.000    -5.164   1.026187E+02
   360.000    -5.638   1.159615E+02
   360.000    -6.112   1.290991E+02
   360.000    -7.060   1.547766E+02
   360.000    -7.534   1.673285E+02
   360.000    -8.008   1.796930E+02
   360.000    -8.482   1.918729E+02
   360.000    -9.426   2.155824E+02
   360.000   -10.378   2.456426E+02
   360.000   -11.326   2.751696E+02
   360.000   -12.274   3.043278E+02
   360.000   -13.222   3.331227E+02
   360.000   -14.170   3.615587E+02
   360.000   -15.118   3.896391E+02
   360.000   -16.969   4.434825E+02
   360.000   -17.962   4.583404E+02
   360.000   -19.858   4.868074E+02
   360.000   -21.754   5.153948E+02
   360.000   -23.650   5.440132E+02
   360.000   -25.546   5.725557E+02
   360.000   -27.442   6.009631E+02
   360.000   -29.338   6.291473E+02
   360.000   -31.234   6.570677E+02
   360.000   -33.130   6.846979E+02
   360.000   -35.026   7.119999E+02
   360.000   -36.921   7.389359E+02
   360.000   -39.765   7.786742E+02
   360.000   -42.609   8.178412E+02
   360.000   -45.453   8.564319E+02
   360.000   -48.297   8.942380E+02
   360.000   -51.141   9.314111E+02
   360.000   -53.985   9.680969E+02
   360.000   -56.829   1.004387E+03
   360.000   -59.673   1.040442E+03
   360.000   -62.517   1.076408E+03
   360.000   -65.361   1.112417E+03
   360.000   -68.205   1.148587E+03
   360.000   -72.945   1.209618E+03
   360.000   -77.685   1.271976E+03
   360.000   -81.250   1.320000E+03
   360.000   -87.165   1.331830E+03
   360.000   -91.905   1.341310E+03
   360.000   -96.645   1.350790E+03
   360.000  -101.385   1.360270E+03
   360.000  -106.124   1.369748E+03
   360.000  -110.864   1.379228E+03
   360.000  -115.604   1.388708E+03
   360.000  -120.344   1.398188E+03
   360.000  -125.084   1.401651E+03
   360.000  -129.824   1.403691E+03
   360.000  -134.564   1.405732E+03
   360.000  -139.304   1.407772E+03
   360.000  -144.044   1.409813E+03
   360.000  -148.784   1.411853E+03
   360.000  -153.524   1.413894E+03
   360.000  -158.264   1.415934E+03
   360.000  -163.004   1.417975E+03
   360.000  -167.744   1.420015E+03
   360.000  -172.483   1.422055E+03
   360.000  -177.223   1.424096E+03
   360.000  -181.963   1.426137E+03
   360.000  -186.703   1.428177E+03
   360.000  -191.443   1.430218E+03
   360.000  -196.183   1.432258E+03
   360.000  -200.923   1.434299E+03
   360.000  -205.663   1.436339E+03
   360.000  -210.403   1.438380E+03
   360.000  -215.143   1.440420E+03
   360.000  -219.883   1.442461E+03
   360.000  -229.363   1.446542E+03
   360.000  -238.842   1.450623E+03
   360.000  -248.322   1.454704E+03
   360.000  -257.802   1.458785E+03
   360.000  -267.282   1.462866E+03
   360.000  -276.762   1.466947E+03
   360.000  -286.242   1.471028E+03
   360.000  -290.982   1.473068E+03
   360.000  -295.722   1.475109E+03
   360.000  -300.462   1.477150E+03
   360.000  -305.201   1.479190E+03
   360.000  -314.681   1.483271E+03
   360.000  -324.161   1.487352E+03
   360.000  -333.641   1.491433E+03
   360.000  -343.121   1.495514E+03
   360.000  -352.601   1.499595E+03
   360.000  -362.081   1.503676E+03
   360.000  -371.560   1.507757E+03
   360.000  -381.040   1.511838E+03
   360.000  -390.520   1.515919E+03
   360.000  -400.000   1.520000E+03
   365.000    -1.481   0.000000E+00
   365.000    -1.955   1.538992E+01
   367.000    -2.449   3.481068E+01
   365.000    -3.379   5.869096E+01
   365.000    -3.853   7.217511E+01
   365.000    -4.328   8.553807E+01
   365.000    -4.802   9.872041E+01
   365.000    -5.276   1.117478E+02
   365.000    -5.751   1.246452E+02
   365.000    -6.700   1.499349E+02
   365.000    -7.174   1.623240E+02
   365.000    -7.649   1.745761E+02
   365.000    -8.123   1.866386E+02
   363.000    -9.464   2.185817E+02
   365.000   -10.021   2.369680E+02
   365.000   -10.970   2.662684E+02
   365.000   -11.918   2.951881E+02
   365.000   -12.867   3.237987E+02
   365.000   -13.816   3.520697E+02
   365.000   -14.765   3.800011E+02
   365.000   -15.714   4.075403E+02
   365.000   -17.382   4.552862E+02
   365.000   -19.509   4.868469E+02
   365.000   -21.407   5.150899E+02
   365.000   -23.305   5.433585E+02
   365.000   -25.202   5.715543E+02
   365.000   -27.100   5.996157E+02
   365.000   -28.998   6.274721E+02
   365.000   -30.895   6.550683E+02
   365.000   -32.793   6.824144E+02
   365.000   -34.691   7.094392E+02
   365.000   -36.589   7.361016E+02
   365.000   -39.435   7.754048E+02
   365.000   -42.282   8.141644E+02
   365.000   -45.128   8.523769E+02
   365.000   -47.975   8.898500E+02
   365.000   -50.821   9.266853E+02
   365.000   -53.668   9.630502E+02
   365.000   -56.515   9.990238E+02
   365.000   -59.361   1.034731E+03
   365.000   -62.208   1.070341E+03
   365.000   -65.054   1.105967E+03
   365.000   -67.901   1.141763E+03
   365.000   -72.645   1.202102E+03
   365.000   -77.389   1.263702E+03
   365.000   -81.618   1.320000E+03
   365.000   -86.878   1.330520E+03
   365.000   -91.622   1.340008E+03
   365.000   -96.366   1.349496E+03
   365.000  -101.111   1.358986E+03
   365.000  -105.855   1.368474E+03
   365.000  -110.599   1.377962E+03
   365.000  -115.344   1.387452E+03
   365.000  -120.088   1.396940E+03
   365.000  -124.832   1.401385E+03
   365.000  -129.576   1.403430E+03
   365.000  -134.321   1.405476E+03
   365.000  -139.065   1.407521E+03
   365.000  -143.809   1.409566E+03
   365.000  -148.553   1.411611E+03
   365.000  -153.298   1.413656E+03
   365.000  -158.042   1.415701E+03
   365.000  -162.786   1.417746E+03
   365.000  -167.531   1.419791E+03
   365.000  -172.275   1.421836E+03
   365.000  -177.019   1.423881E+03
   365.000  -181.763   1.425926E+03
   365.000  -186.508   1.427972E+03
   365.000  -191.252   1.430017E+03
   365.000  -195.996   1.432062E+03
   365.000  -200.741   1.434107E+03
   365.000  -205.485   1.436152E+03
   365.000  -210.229   1.438197E+03
   365.000  -214.973   1.440242E+03
   365.000  -219.718   1.442287E+03
   365.000  -229.206   1.446377E+03
   365.000  -238.695   1.450467E+03
   365.000  -248.183   1.454557E+03
   365.000  -257.672   1.458648E+03
   365.000  -267.160   1.462738E+03
   365.000  -276.649   1.466828E+03
   365.000  -286.137   1.470918E+03
   365.000  -290.882   1.472963E+03
   365.000  -295.626   1.475008E+03
   365.000  -300.370   1.477053E+03
   365.000  -305.115   1.479099E+03
   365.000  -314.603   1.483189E+03
   365.000  -324.092   1.487279E+03
   365.000  -333.580   1.491369E+03
   365.000  -343.069   1.495459E+03
   365.000  -352.557   1.499549E+03
   365.000  -362.046   1.503639E+03
   365.000  -371.534   1.507729E+03
   365.000  -381.023   1.511820E+03
   365.000  -390.511   1.515910E+03
   365.000  -400.000   1.520000E+03
   370.000    -1.264   0.000000E+00
   370.000    -1.739   1.550027E+01
   370.000    -2.401   3.690463E+01
   370.000    -3.163   5.852123E+01
   370.000    -3.637   7.179473E+01
   370.000    -4.112   8.496104E+01
   370.000    -4.587   9.798894E+01
   370.000    -5.061   1.108484E+02
   370.000    -5.536   1.235912E+02
   370.000    -6.486   1.486376E+02
   370.000    -6.960   1.609101E+02
   370.000    -7.435   1.730569E+02
   370.000    -7.910   1.850507E+02
   370.000    -8.859   2.085119E+02
   370.000    -9.594   2.263289E+02
   370.000   -10.758   2.618839E+02
   370.000   -11.707   2.905318E+02
   370.000   -12.656   3.188632E+02
   370.000   -13.606   3.469048E+02
   370.000   -14.555   3.745962E+02
   370.000   -15.505   4.019952E+02
   368.000   -17.630   4.623423E+02
   370.000   -19.302   4.892350E+02
   370.000   -21.201   5.171048E+02
   370.000   -23.100   5.450106E+02
   370.000   -24.998   5.728410E+02
   370.000   -26.897   6.005188E+02
   370.000   -28.796   6.280003E+02
   370.000   -30.695   6.552645E+02
   370.000   -32.593   6.822475E+02
   370.000   -34.492   7.089222E+02
   370.000   -36.391   7.352525E+02
   370.000   -39.239   7.740822E+02
   370.000   -42.087   8.123904E+02
   370.000   -44.935   8.502118E+02
   370.000   -47.783   8.872702E+02
   370.000   -50.631   9.237248E+02
   370.000   -53.479   9.597104E+02
   370.000   -56.328   9.953284E+02
   370.000   -59.176   1.030680E+03
   370.000   -62.024   1.065908E+03
   370.000   -64.872   1.101153E+03
   370.000   -67.720   1.136561E+03
   370.000   -72.467   1.196216E+03
   370.000   -77.214   1.257125E+03
   370.000   -81.986   1.320000E+03
   370.000   -86.707   1.329442E+03
   370.000   -91.454   1.338936E+03
   370.000   -96.201   1.348430E+03
   370.000  -100.948   1.357924E+03
   370.000  -105.695   1.367418E+03
   370.000  -110.442   1.376912E+03
   370.000  -115.189   1.386406E+03
   370.000  -119.935   1.395898E+03
   370.000  -124.682   1.401164E+03
   370.000  -129.429   1.403213E+03
   370.000  -134.176   1.405262E+03
   370.000  -138.923   1.407311E+03
   370.000  -143.670   1.409360E+03
   370.000  -148.417   1.411408E+03
   370.000  -153.163   1.413457E+03
   370.000  -157.910   1.415506E+03
   370.000  -162.657   1.417555E+03
   370.000  -167.404   1.419604E+03
   370.000  -172.151   1.421653E+03
   370.000  -176.898   1.423702E+03
   370.000  -181.645   1.425751E+03
   370.000  -186.391   1.427799E+03
   370.000  -191.138   1.429848E+03
   370.000  -195.885   1.431897E+03
   370.000  -200.632   1.433946E+03
   370.000  -205.379   1.435995E+03
   370.000  -210.126   1.438044E+03
   370.000  -214.873   1.440093E+03
   370.000  -219.619   1.442142E+03
   370.000  -229.113   1.446240E+03
   370.000  -238.607   1.450337E+03
   370.000  -248.101   1.454435E+03
   370.000  -257.594   1.458533E+03
   370.000  -267.088   1.462631E+03
   370.000  -276.582   1.466729E+03
   370.000  -286.075   1.470826E+03
   370.000  -290.822   1.472875E+03
   370.000  -295.569   1.474924E+03
   370.000  -300.316   1.476973E+03
   370.000  -305.063   1.479022E+03
   370.000  -314.557   1.483120E+03
   370.000  -324.050   1.487217E+03
   370.000  -333.544   1.491315E+03
   370.000  -343.038   1.495413E+03
   370.000  -352.531   1.499511E+03
   370.000  -362.025   1.503609E+03
   370.000  -371.519   1.507707E+03
   370.000  -381.013   1.511805E+03
   370.000  -390.506   1.515902E+03
   370.000  -400.000   1.520000E+03
   375.000    -1.214   0.000000E+00
   375.000    -1.689   1.568529E+01
   375.000    -2.320   3.638082E+01
   375.000    -3.113   5.918786E+01
   375.000    -3.588   7.262807E+01
   375.000    -4.062   8.587730E+01
   375.000    -4.537   9.899172E+01
   375.000    -5.012   1.119434E+02
   375.000    -5.487   1.247321E+02
   375.000    -6.436   1.497944E+02
   375.000    -6.911   1.620943E+02
   375.000    -7.386   1.742309E+02
   375.000    -7.860   1.861792E+02
   375.000    -8.810   2.096358E+02
   375.000    -9.687   2.307246E+02
   375.000   -10.709   2.616783E+02
   375.000   -11.658   2.900825E+02
   375.000   -12.608   3.181822E+02
   375.000   -13.557   3.459162E+02
   375.000   -14.507   3.733411E+02
   375.000   -15.456   4.003966E+02
   375.000   -17.355   4.535362E+02
   375.000   -18.385   4.818659E+02
   375.000   -21.153   5.217032E+02
   375.000   -23.052   5.491590E+02
   375.000   -24.951   5.765513E+02
   375.000   -26.850   6.037918E+02
   375.000   -28.749   6.308712E+02
   375.000   -30.648   6.577393E+02
   375.000   -32.547   6.843183E+02
   375.000   -34.446   7.105824E+02
   375.000   -36.345   7.365254E+02
   375.000   -39.194   7.748180E+02
   375.000   -42.042   8.126540E+02
   375.000   -44.891   8.500228E+02
   375.000   -47.739   8.866261E+02
   375.000   -50.588   9.226597E+02
   375.000   -53.436   9.582265E+02
   375.000   -56.284   9.934176E+02
   375.000   -59.133   1.028382E+03
   375.000   -61.981   1.063212E+03
   375.000   -64.830   1.098082E+03
   375.000   -67.678   1.133094E+03
   375.000   -72.426   1.192078E+03
   375.000   -77.173   1.252346E+03
   375.000   -82.354   1.320000E+03
   375.000   -86.668   1.328628E+03
   375.000   -91.416   1.338124E+03
   375.000   -96.163   1.347618E+03
   375.000  -100.911   1.357114E+03
   375.000  -105.658   1.366608E+03
   375.000  -110.405   1.376102E+03
   375.000  -115.153   1.385598E+03
   375.000  -119.900   1.395092E+03
   375.000  -124.648   1.400991E+03
   375.000  -129.395   1.403043E+03
   375.000  -134.143   1.405095E+03
   375.000  -138.890   1.407147E+03
   375.000  -143.638   1.409199E+03
   375.000  -148.385   1.411251E+03
   375.000  -153.132   1.413302E+03
   375.000  -157.880   1.415355E+03
   375.000  -162.627   1.417406E+03
   375.000  -167.375   1.419458E+03
   375.000  -172.122   1.421510E+03
   375.000  -176.870   1.423562E+03
   375.000  -181.617   1.425614E+03
   375.000  -186.365   1.427666E+03
   375.000  -191.112   1.429718E+03
   375.000  -195.860   1.431770E+03
   375.000  -200.607   1.433821E+03
   375.000  -205.354   1.435873E+03
   375.000  -210.102   1.437925E+03
   375.000  -214.849   1.439977E+03
   375.000  -219.597   1.442029E+03
   375.000  -229.092   1.446133E+03
   375.000  -238.587   1.450236E+03
   375.000  -248.082   1.454340E+03
   375.000  -257.576   1.458444E+03
   375.000  -267.071   1.462547E+03
   375.000  -276.566   1.466651E+03
   375.000  -286.061   1.470755E+03
   375.000  -290.809   1.472807E+03
   375.000  -295.556   1.474859E+03
   375.000  -300.304   1.476911E+03
   375.000  -305.051   1.478963E+03
   375.000  -314.546   1.483066E+03
   375.000  -324.041   1.487170E+03
   375.000  -333.536   1.491274E+03
   375.000  -343.031   1.495378E+03
   375.000  -352.525   1.499481E+03
   375.000  -362.020   1.503585E+03
   375.000  -371.515   1.507689E+03
   375.000  -381.010   1.511792E+03
   375.000  -390.505   1.515896E+03
   375.000  -400.000   1.520000E+03
   380.000    -1.182   0.000000E+00
   380.000    -1.657   1.600541E+01
   380.000    -2.239   3.543314E+01
   380.000    -3.081   5.992963E+01
   380.000    -3.556   7.347894E+01
   380.000    -4.031   8.683727E+01
   380.000    -4.505   1.000077E+02
   380.000    -4.980   1.130245E+02
   380.000    -5.455   1.258617E+02
   380.000    -6.405   1.510035E+02
   380.000    -6.879   1.632865E+02
   380.000    -7.354   1.754222E+02
   380.000    -7.829   1.873856E+02
   380.000    -8.779   2.107990E+02
   380.000    -9.779   2.347256E+02
   380.000   -10.678   2.617424E+02
   380.000   -11.627   2.899393E+02
   380.000   -12.577   3.178203E+02
   380.000   -13.526   3.453280E+02
   380.000   -14.476   3.725212E+02
   380.000   -15.426   3.993713E+02
   380.000   -17.325   4.520176E+02
   382.000   -19.139   5.006312E+02
   380.000   -21.123   5.266096E+02
   380.000   -23.022   5.535866E+02
   380.000   -24.921   5.805073E+02
   380.000   -26.820   6.073066E+02
   380.000   -28.719   6.339583E+02
   380.000   -30.619   6.603998E+02
   380.000   -32.518   6.865604E+02
   380.000   -34.417   7.124352E+02
   380.000   -36.316   7.380070E+02
   380.000   -39.165   7.757592E+02
   380.000   -42.013   8.130872E+02
   380.000   -44.862   8.499716E+02
   380.000   -47.711   8.861407E+02
   380.000   -50.559   9.217422E+02
   380.000   -53.408   9.568870E+02
   380.000   -56.257   9.916578E+02
   380.000   -59.106   1.026217E+03
   380.000   -61.954   1.060643E+03
   380.000   -64.803   1.095123E+03
   380.000   -67.652   1.129731E+03
   380.000   -72.400   1.188070E+03
   380.000   -77.147   1.247720E+03
   380.000   -82.722   1.320000E+03
   380.000   -86.643   1.327842E+03
   380.000   -91.391   1.337338E+03
   380.000   -96.139   1.346834E+03
   380.000  -100.887   1.356330E+03
   380.000  -105.634   1.365824E+03
   380.000  -110.382   1.375320E+03
   380.000  -115.130   1.384816E+03
   380.000  -119.878   1.394312E+03
   380.000  -124.626   1.400824E+03
   380.000  -129.374   1.402879E+03
   380.000  -134.121   1.404933E+03
   380.000  -138.869   1.406988E+03
   380.000  -143.617   1.409043E+03
   380.000  -148.365   1.411098E+03
   380.000  -153.113   1.413153E+03
   380.000  -157.861   1.415207E+03
   380.000  -162.608   1.417262E+03
   380.000  -167.356   1.419317E+03
   380.000  -172.104   1.421371E+03
   380.000  -176.852   1.423426E+03
   380.000  -181.600   1.425481E+03
   380.000  -186.348   1.427536E+03
   380.000  -191.095   1.429590E+03
   380.000  -195.843   1.431645E+03
   380.000  -200.591   1.433700E+03
   380.000  -205.339   1.435755E+03
   380.000  -210.087   1.437810E+03
   380.000  -214.835   1.439865E+03
   380.000  -219.582   1.441919E+03
   380.000  -229.078   1.446029E+03
   380.000  -238.574   1.450138E+03
   380.000  -248.069   1.454248E+03
   380.000  -257.565   1.458357E+03
   380.000  -267.061   1.462467E+03
   380.000  -276.556   1.466576E+03
   380.000  -286.052   1.470686E+03
   380.000  -290.800   1.472741E+03
   380.000  -295.548   1.474795E+03
   380.000  -300.296   1.476850E+03
   380.000  -305.043   1.478905E+03
   380.000  -314.539   1.483014E+03
   380.000  -324.035   1.487124E+03
   380.000  -333.530   1.491233E+03
   380.000  -343.026   1.495343E+03
   380.000  -352.522   1.499453E+03
   380.000  -362.017   1.503562E+03
   380.000  -371.513   1.507671E+03
   380.000  -381.009   1.511781E+03
   380.000  -388.993   1.315236E+03
   380.000  -400.000   1.520000E+03
   385.000    -0.992   0.000000E+00
   385.000    -1.467   1.549092E+01
   386.000    -2.142   3.825096E+01
   386.770    -2.856   5.914545E+01
   387.272    -3.320   7.251988E+01
   385.000    -3.842   8.533071E+01
   385.000    -4.317   9.839012E+01
   385.000    -4.792   1.112968E+02
   385.000    -5.267   1.240273E+02
   385.000    -6.217   1.489891E+02
   385.000    -6.692   1.612249E+02
   385.000    -7.167   1.732964E+02
   385.000    -7.642   1.851988E+02
   385.000    -8.592   2.085123E+02
   385.000    -9.872   2.389159E+02
   385.000   -10.492   2.573491E+02
   385.000   -11.442   2.853598E+02
   385.000   -12.392   3.130385E+02
   385.000   -13.342   3.403792E+02
   385.000   -14.292   3.673816E+02
   385.000   -15.242   3.940455E+02
   385.000   -17.142   4.463562E+02
   385.000   -19.451   5.081924E+02
   385.000   -20.942   5.290623E+02
   385.000   -22.842   5.556515E+02
   385.000   -24.742   5.821877E+02
   385.000   -26.643   6.086209E+02
   385.000   -28.543   6.348893E+02
   385.000   -30.443   6.609406E+02
   385.000   -32.343   6.867425E+02
   385.000   -34.243   7.122868E+02
   385.000   -36.143   7.375372E+02
   385.000   -38.993   7.747922E+02
   385.000   -41.843   8.116534E+02
   385.000   -44.693   8.480846E+02
   385.000   -47.543   8.838406E+02
   385.000   -50.393   9.190536E+02
   385.000   -53.243   9.537745E+02
   385.000   -56.093   9.881507E+02
   385.000   -58.943   1.022321E+03
   385.000   -61.793   1.056358E+03
   385.000   -64.643   1.090423E+03
   385.000   -67.493   1.124605E+03
   385.000   -72.243   1.182271E+03
   385.000   -76.994   1.241269E+03
   384.000   -83.016   1.320000E+03
   385.000   -86.494   1.326956E+03
   385.000   -91.244   1.336456E+03
   385.000   -95.994   1.345956E+03
   385.000  -100.744   1.355456E+03
   385.000  -105.494   1.364956E+03
   385.000  -110.244   1.374456E+03
   385.000  -114.994   1.383956E+03
   385.000  -119.744   1.393456E+03
   385.000  -124.494   1.400640E+03
   385.000  -129.245   1.402699E+03
   385.000  -133.995   1.404757E+03
   385.000  -138.745   1.406814E+03
   385.000  -143.495   1.408872E+03
   385.000  -148.245   1.410930E+03
   385.000  -152.995   1.412988E+03
   385.000  -157.745   1.415046E+03
   385.000  -162.495   1.417104E+03
   385.000  -167.245   1.419162E+03
   385.000  -171.995   1.421220E+03
   385.000  -176.746   1.423278E+03
   385.000  -181.496   1.425336E+03
   385.000  -186.246   1.427394E+03
   385.000  -190.996   1.429452E+03
   385.000  -195.746   1.431509E+03
   385.000  -200.496   1.433567E+03
   385.000  -205.246   1.435625E+03
   385.000  -209.996   1.437683E+03
   385.000  -214.746   1.439741E+03
   385.000  -219.496   1.441799E+03
   385.000  -228.997   1.445915E+03
   385.000  -238.497   1.450031E+03
   385.000  -247.997   1.454147E+03
   385.000  -257.497   1.458262E+03
   385.000  -266.997   1.462378E+03
   385.000  -276.498   1.466494E+03
   385.000  -285.998   1.470610E+03
   385.000  -290.748   1.472668E+03
   385.000  -295.498   1.474726E+03
   385.000  -300.248   1.476784E+03
   385.000  -304.998   1.478842E+03
   385.000  -314.498   1.482957E+03
   385.000  -323.998   1.487073E+03
   385.000  -333.499   1.491189E+03
   385.000  -342.999   1.495305E+03
   385.000  -352.499   1.499421E+03
   385.000  -361.999   1.503537E+03
   386.591  -371.497   1.307651E+03
   383.009  -381.004   1.311770E+03
   385.000  -389.118   1.315286E+03
   385.000  -400.000   1.520000E+03
   390.000    -0.888   0.000000E+00
   390.000    -1.363   1.562320E+01
   390.000    -2.048   3.797717E+01
   390.000    -2.789   5.917642E+01
   390.000    -3.264   7.254912E+01
   387.773    -3.785   8.568002E+01
   388.000    -3.995   9.158398E+01
   388.853    -4.713   1.115437E+02
   389.404    -5.176   1.242048E+02
   390.501    -6.100   1.489352E+02
   391.000    -6.519   1.599125E+02
   391.418    -7.024   1.728663E+02
   391.802    -7.488   1.845935E+02
   390.000    -8.490   2.081787E+02
   390.000    -9.440   2.306285E+02
   392.000   -10.002   2.443426E+02
   390.000   -11.341   2.831730E+02
   390.000   -12.291   3.106037E+02
   390.000   -13.241   3.377184E+02
   390.000   -14.192   3.645361E+02
   390.000   -15.142   3.909850E+02
   390.000   -17.043   4.429614E+02
   390.000   -18.943   4.935586E+02
   390.000   -19.970   5.204231E+02
   390.000   -22.744   5.586755E+02
   390.000   -24.645   5.848371E+02
   390.000   -26.545   6.108758E+02
   390.000   -28.446   6.367828E+02
   390.000   -30.346   6.624648E+02
   390.000   -32.247   6.879176E+02
   390.000   -34.147   7.131160E+02
   390.000   -36.048   7.380311E+02
   390.000   -38.899   7.747894E+02
   390.000   -41.749   8.111539E+02
   390.000   -44.600   8.471127E+02
   390.000   -47.451   8.824249E+02
   390.000   -50.302   9.171968E+02
   390.000   -53.153   9.514868E+02
   390.000   -56.003   9.854512E+02
   390.000   -58.854   1.019205E+03
   390.000   -61.705   1.052828E+03
   390.000   -64.556   1.086464E+03
   390.000   -67.407   1.120213E+03
   390.000   -72.158   1.177075E+03
   390.000   -76.909   1.235018E+03
   390.000   -83.655   1.320000E+03
   390.000   -86.412   1.325514E+03
   390.000   -91.163   1.335016E+03
   390.000   -95.915   1.344520E+03
   390.000  -100.666   1.354022E+03
   390.000  -105.417   1.363524E+03
   390.000  -110.169   1.373028E+03
   390.000  -114.920   1.382530E+03
   390.000  -119.671   1.392032E+03
   390.000  -124.423   1.400333E+03
   390.000  -129.174   1.402397E+03
   390.000  -133.925   1.404460E+03
   390.000  -138.677   1.406523E+03
   390.000  -143.428   1.408586E+03
   390.000  -148.179   1.410649E+03
   390.000  -152.931   1.412713E+03
   390.000  -157.682   1.414776E+03
   390.000  -162.433   1.416839E+03
   390.000  -167.185   1.418902E+03
   390.000  -171.936   1.420966E+03
   390.000  -176.687   1.423029E+03
   390.000  -181.439   1.425092E+03
   390.000  -186.190   1.427155E+03
   390.000  -190.941   1.429218E+03
   390.000  -195.693   1.431282E+03
   390.000  -200.444   1.433345E+03
   390.000  -205.195   1.435408E+03
   390.000  -209.947   1.437471E+03
   390.000  -214.698   1.439534E+03
   390.000  -219.449   1.441598E+03
   390.000  -228.952   1.445724E+03
   390.000  -238.455   1.449851E+03
   390.000  -247.957   1.453977E+03
   390.000  -257.460   1.458103E+03
   390.000  -266.963   1.462230E+03
   390.000  -276.465   1.466356E+03
   390.000  -285.968   1.470483E+03
   390.000  -290.719   1.472546E+03
   390.000  -295.471   1.474609E+03
   390.000  -300.222   1.476672E+03
   390.000  -304.973   1.478735E+03
   390.000  -314.476   1.482862E+03
   390.000  -323.979   1.486989E+03
   390.000  -333.481   1.491115E+03
   390.000  -342.984   1.495241E+03
   390.000  -352.487   1.499368E+03
   390.000  -362.446   1.303693E+03
   390.000  -371.492   1.307621E+03
   390.000  -380.995   1.311747E+03
   390.000  -389.243   1.315329E+03
   390.000  -400.000   1.520000E+03
   395.000    -0.742   0.000000E+00
   395.000    -1.217   1.535021E+01
   395.000    -1.931   3.828992E+01
   395.000    -2.643   5.837770E+01
   395.000    -3.119   7.160994E+01
   395.000    -3.594   8.468152E+01
   395.000    -4.069   9.760979E+01
   395.000    -4.544   1.103566E+02
   395.000    -5.020   1.229669E+02
   395.000    -5.970   1.476531E+02
   395.000    -6.446   1.597776E+02
   395.000    -6.921   1.717105E+02
   395.000    -7.396   1.834786E+02
   392.571    -8.416   2.075356E+02
   393.340    -9.345   2.297641E+02
   394.000   -10.143   2.483671E+02
   393.498   -11.242   2.802857E+02
   394.607   -12.160   3.066342E+02
   395.733   -13.092   3.329876E+02
   397.000   -14.141   3.621795E+02
   397.288   -14.975   3.851590E+02
   395.000   -16.902   4.379676E+02
   395.000   -18.804   4.884030E+02
   395.000   -20.490   5.320753E+02
   395.000   -22.606   5.608819E+02
   395.000   -24.507   5.866965E+02
   395.000   -26.409   6.124221E+02
   395.000   -28.310   6.379915E+02
   395.000   -30.211   6.633507E+02
   395.000   -32.112   6.884680E+02
   395.000   -34.014   7.133583E+02
   395.000   -35.915   7.379404E+02
   395.000   -38.767   7.742179E+02
   395.000   -41.618   8.101171E+02
   395.000   -44.470   8.456055E+02
   395.000   -47.322   8.804618E+02
   395.000   -50.174   9.147854E+02
   395.000   -53.026   9.486581E+02
   395.000   -55.878   9.822339E+02
   395.000   -58.729   1.015551E+03
   395.000   -61.581   1.048757E+03
   395.000   -64.433   1.081958E+03
   395.000   -67.285   1.115271E+03
   395.000   -72.038   1.171331E+03
   395.000   -76.791   1.228314E+03
   395.000   -81.544   1.287005E+03
   395.000   -84.187   1.320000E+03
   395.000   -91.050   1.333726E+03
   395.000   -95.803   1.343232E+03
   395.000  -100.557   1.352740E+03
   395.000  -105.310   1.362246E+03
   395.000  -110.063   1.371752E+03
   395.000  -114.816   1.381258E+03
   395.000  -119.569   1.390764E+03
   395.000  -124.322   1.400059E+03
   395.000  -129.075   1.402127E+03
   395.000  -133.828   1.404195E+03
   395.000  -138.581   1.406263E+03
   395.000  -143.334   1.408330E+03
   395.000  -148.087   1.410398E+03
   395.000  -152.840   1.412466E+03
   395.000  -157.593   1.414534E+03
   395.000  -162.346   1.416602E+03
   395.000  -167.100   1.418670E+03
   395.000  -171.853   1.420738E+03
   395.000  -176.606   1.422806E+03
   395.000  -181.359   1.424874E+03
   395.000  -186.112   1.426942E+03
   395.000  -190.865   1.429010E+03
   395.000  -195.618   1.431078E+03
   395.000  -200.371   1.433146E+03
   395.000  -205.124   1.435214E+03
   395.000  -209.877   1.437282E+03
   395.000  -214.630   1.439350E+03
   395.000  -219.383   1.441418E+03
   395.000  -228.889   1.445553E+03
   395.000  -238.396   1.449690E+03
   395.000  -247.902   1.453826E+03
   395.000  -257.408   1.457961E+03
   395.000  -266.914   1.462097E+03
   395.000  -276.420   1.466233E+03
   395.000  -285.926   1.470369E+03
   395.000  -290.679   1.472437E+03
   395.000  -295.432   1.474505E+03
   395.000  -300.186   1.476573E+03
   395.000  -304.939   1.478641E+03
   395.000  -314.445   1.482777E+03
   395.000  -323.951   1.486913E+03
   395.000  -333.457   1.491049E+03
   397.340  -342.959   1.295183E+03
   393.756  -352.473   1.299322E+03
   395.000  -361.975   1.303456E+03
   395.000  -371.482   1.307592E+03
   395.000  -380.988   1.311728E+03
   395.000  -389.368   1.315374E+03
   395.000  -400.000   1.520000E+03
   400.000    -0.684   0.000000E+00
   400.000    -1.159   1.553867E+01
   400.000    -1.813   3.675472E+01
   400.000    -2.586   5.871273E+01
   400.000    -3.061   7.197528E+01
   400.000    -3.536   8.506404E+01
   400.000    -4.012   9.800710E+01
   400.000    -4.487   1.107507E+02
   400.000    -4.962   1.233228E+02
   400.000    -5.913   1.479810E+02
   400.000    -6.389   1.600679E+02
   400.000    -6.864   1.719604E+02
   400.000    -7.339   1.836844E+02
   400.000    -8.290   2.066410E+02
   400.000    -9.241   2.289261E+02
   400.000   -10.198   2.506852E+02
   400.000   -11.142   2.777148E+02
   400.000   -12.093   3.046673E+02
   400.000   -13.044   3.313381E+02
   400.000   -13.995   3.577260E+02
   400.000   -14.945   3.838119E+02
   398.000   -17.039   4.406919E+02
   399.000   -19.453   5.037880E+02
   400.000   -21.009   5.430743E+02
   400.000   -22.551   5.638908E+02
   400.000   -24.453   5.894231E+02
   400.000   -26.354   6.148553E+02
   400.000   -28.256   6.401436E+02
   400.000   -30.157   6.651927E+02
   400.000   -32.059   6.899980E+02
   400.000   -33.960   7.145382E+02
   400.000   -35.862   7.387885E+02
   400.000   -38.714   7.745687E+02
   400.000   -41.566   8.099837E+02
   400.000   -44.419   8.449742E+02
   400.000   -47.271   8.793440E+02
   400.000   -50.123   9.131803E+02
   400.000   -52.975   9.466194E+02
   400.000   -55.828   9.797638E+02
   400.000   -58.680   1.012644E+03
   400.000   -61.532   1.045422E+03
   400.000   -64.384   1.078184E+03
   400.000   -67.237   1.111068E+03
   400.000   -71.990   1.166355E+03
   400.000   -76.744   1.222583E+03
   400.000   -81.498   1.280199E+03
   400.000   -84.719   1.320000E+03
   400.000   -91.005   1.332572E+03
   400.000   -95.759   1.342080E+03
   400.000  -100.513   1.351588E+03
   400.000  -105.267   1.361096E+03
   400.000  -110.021   1.370604E+03
   400.000  -114.774   1.380110E+03
   400.000  -119.528   1.389618E+03
   400.000  -124.282   1.399126E+03
   400.000  -129.036   1.401882E+03
   400.000  -133.789   1.403954E+03
   400.000  -138.543   1.406026E+03
   400.000  -143.297   1.408098E+03
   400.000  -148.051   1.410171E+03
   400.000  -152.804   1.412243E+03
   400.000  -157.558   1.414315E+03
   400.000  -162.312   1.416387E+03
   400.000  -167.066   1.418460E+03
   400.000  -171.819   1.420532E+03
   400.000  -176.573   1.422604E+03
   400.000  -181.327   1.424676E+03
   400.000  -186.081   1.426749E+03
   400.000  -190.834   1.428821E+03
   400.000  -195.588   1.430893E+03
   400.000  -200.342   1.432965E+03
   400.000  -205.096   1.435038E+03
   400.000  -209.850   1.437110E+03
   400.000  -214.603   1.439182E+03
   400.000  -219.357   1.441254E+03
   400.000  -228.865   1.445399E+03
   400.000  -238.372   1.449543E+03
   400.000  -247.880   1.453688E+03
   400.000  -257.387   1.457832E+03
   400.000  -266.895   1.461977E+03
   400.000  -276.402   1.466121E+03
   400.000  -285.910   1.470266E+03
   400.000  -290.663   1.472338E+03
   400.000  -295.417   1.474410E+03
   400.000  -300.171   1.476483E+03
   400.000  -304.925   1.478555E+03
   400.000  -314.432   1.482699E+03
   400.000  -323.940   1.486844E+03
   400.000  -335.898   1.292057E+03
   400.000  -342.955   1.295133E+03
   400.000  -352.462   1.299277E+03
   400.000  -361.970   1.303422E+03
   400.000  -371.477   1.307566E+03
   400.000  -380.985   1.311711E+03
   400.000  -389.493   1.315420E+03
   400.000  -400.000   1.520000E+03
   405.000    -0.574   0.000000E+00
   405.000    -1.050   1.551338E+01
   405.000    -1.696   3.639065E+01
   405.000    -2.476   5.844682E+01
   405.000    -2.952   7.167478E+01
   405.000    -3.427   8.469854E+01
   405.000    -3.903   9.757416E+01
   405.000    -4.378   1.102486E+02
   405.000    -4.854   1.227762E+02
   405.000    -5.805   1.472878E+02
   405.000    -6.280   1.592745E+02
   405.000    -6.756   1.711161E+02
   405.000    -7.231   1.827633E+02
   405.000    -8.182   2.055750E+02
   405.000    -9.133   2.277147E+02
   405.000   -10.244   2.527536E+02
   405.000   -11.035   2.751410E+02
   405.000   -11.986   3.018374E+02
   405.000   -12.937   3.282909E+02
   405.000   -13.888   3.545097E+02
   405.000   -14.839   3.805049E+02
   405.000   -16.741   4.318219E+02
   405.000   -18.643   4.823971E+02
   405.000   -20.545   5.327414E+02
   405.000   -21.847   5.564388E+02
   405.000   -24.349   5.908964E+02
   405.000   -26.251   6.164538E+02
   405.000   -28.153   6.416035E+02
   405.000   -30.055   6.664007E+02
   405.000   -31.957   6.908920E+02
   405.000   -33.860   7.151148E+02
   405.000   -35.762   7.390097E+02
   405.000   -38.615   7.742769E+02
   405.000   -41.468   8.091690E+02
   405.000   -44.321   8.436630E+02
   405.000   -47.174   8.775574E+02
   405.000   -50.027   9.109294E+02
   405.000   -52.880   9.439219E+02
   405.000   -55.733   9.765926E+02
   405.000   -58.586   1.009049E+03
   405.000   -61.439   1.041405E+03
   405.000   -64.292   1.073740E+03
   405.000   -67.145   1.106175E+03
   405.000   -71.900   1.160719E+03
   405.000   -76.655   1.216206E+03
   405.000   -81.410   1.273038E+03
   405.000   -85.251   1.320000E+03
   405.000   -90.920   1.331338E+03
   405.000   -95.675   1.340848E+03
   405.000  -100.431   1.350360E+03
   405.000  -105.186   1.359870E+03
   405.000  -109.941   1.369380E+03
   405.000  -114.696   1.378890E+03
   405.000  -119.451   1.388400E+03
   405.000  -124.206   1.397910E+03
   405.000  -128.961   1.401620E+03
   405.000  -133.716   1.403697E+03
   405.000  -138.471   1.405774E+03
   405.000  -143.226   1.407851E+03
   405.000  -147.981   1.409928E+03
   405.000  -152.736   1.412004E+03
   405.000  -157.491   1.414081E+03
   405.000  -162.246   1.416158E+03
   405.000  -167.002   1.418235E+03
   405.000  -171.757   1.420312E+03
   405.000  -176.512   1.422389E+03
   405.000  -181.267   1.424466E+03
   405.000  -186.022   1.426542E+03
   405.000  -190.777   1.428619E+03
   405.000  -195.532   1.430696E+03
   405.000  -200.287   1.432773E+03
   405.000  -205.042   1.434850E+03
   405.000  -209.797   1.436927E+03
   405.000  -214.552   1.439003E+03
   405.000  -219.307   1.441080E+03
   405.000  -228.817   1.445234E+03
   405.000  -238.328   1.449388E+03
   405.000  -247.838   1.453541E+03
   405.000  -257.348   1.457695E+03
   405.000  -266.858   1.461849E+03
   405.000  -276.368   1.466002E+03
   405.000  -285.878   1.470156E+03
   405.000  -290.633   1.472233E+03
   405.000  -295.388   1.474309E+03
   405.000  -300.144   1.476387E+03
   405.000  -304.899   1.478463E+03
   405.000  -314.409   1.482617E+03
   404.512  -323.921   1.286772E+03
   405.000  -333.429   1.290924E+03
   405.000  -342.939   1.295078E+03
   405.000  -352.449   1.299232E+03
   405.000  -361.959   1.303385E+03
   405.000  -371.470   1.307539E+03
   405.000  -380.980   1.311693E+03
   405.000  -389.618   1.315466E+03
   405.000  -400.000   1.520000E+03
   410.000    -0.399   0.000000E+00
   410.000    -0.875   1.521014E+01
   410.000    -1.579   3.754658E+01
   410.000    -2.302   5.765418E+01
   410.000    -2.778   7.068915E+01
   410.000    -3.253   8.353375E+01
   410.000    -3.729   9.624174E+01
   410.000    -4.205   1.087857E+02
   410.000    -4.680   1.211393E+02
   410.000    -5.632   1.454048E+02
   410.000    -6.108   1.572900E+02
   410.000    -6.583   1.689853E+02
   410.000    -7.059   1.805399E+02
   410.000    -8.010   2.031284E+02
   410.000    -8.962   2.250764E+02
   410.000   -10.290   2.546140E+02
   410.000   -10.865   2.706233E+02
   410.000   -11.816   2.969193E+02
   410.000   -12.768   3.229707E+02
   410.000   -13.719   3.487324E+02
   410.000   -14.670   3.742268E+02
   410.000   -16.573   4.244210E+02
   410.000   -18.476   4.734394E+02
   410.000   -20.379   5.211341E+02
   410.000   -22.502   5.725668E+02
   410.000   -24.185   5.942342E+02
   410.000   -26.088   6.187405E+02
   410.000   -27.990   6.431095E+02
   410.000   -29.893   6.672988E+02
   410.000   -31.796   6.912896E+02
   410.000   -33.699   7.150506E+02
   410.000   -35.602   7.385291E+02
   410.000   -38.456   7.732078E+02
   410.000   -41.311   8.075668E+02
   410.000   -44.165   8.415650E+02
   410.000   -47.019   8.749722E+02
   410.000   -49.873   9.078693E+02
   410.000   -52.728   9.403951E+02
   410.000   -55.582   9.726151E+02
   410.000   -58.436   1.004633E+03
   410.000   -61.291   1.036546E+03
   410.000   -64.145   1.068440E+03
   410.000   -66.999   1.100434E+03
   410.000   -71.756   1.154252E+03
   410.000   -76.513   1.209064E+03
   410.000   -81.271   1.265265E+03
   410.000   -85.783   1.320000E+03
   410.000   -90.785   1.330004E+03
   410.000   -95.542   1.339518E+03
   410.000  -100.299   1.349032E+03
   410.000  -105.056   1.358546E+03
   410.000  -109.814   1.368062E+03
   410.000  -114.571   1.377576E+03
   410.000  -119.328   1.387090E+03
   410.000  -124.085   1.396604E+03
   410.000  -128.842   1.401339E+03
   410.000  -133.599   1.403420E+03
   410.000  -138.356   1.405502E+03
   410.000  -143.114   1.407584E+03
   410.000  -147.871   1.409666E+03
   410.000  -152.628   1.411748E+03
   410.000  -157.385   1.413829E+03
   410.000  -162.142   1.415911E+03
   410.000  -166.899   1.417993E+03
   410.000  -171.657   1.420075E+03
   410.000  -176.414   1.422157E+03
   410.000  -181.171   1.424238E+03
   410.000  -185.928   1.426320E+03
   410.000  -190.685   1.428402E+03
   410.000  -195.442   1.430483E+03
   410.000  -200.200   1.432566E+03
   410.000  -204.957   1.434647E+03
   410.000  -209.714   1.436729E+03
   410.000  -214.471   1.438811E+03
   410.000  -219.228   1.440892E+03
   410.000  -228.742   1.445056E+03
   410.000  -238.257   1.449220E+03
   410.000  -247.771   1.453383E+03
   410.000  -257.285   1.457547E+03
   410.000  -266.800   1.461710E+03
   410.000  -276.314   1.465874E+03
   410.000  -285.828   1.470037E+03
   410.000  -290.585   1.472119E+03
   410.000  -295.343   1.474201E+03
   410.000  -300.100   1.476283E+03
   411.698  -304.844   1.278359E+03
   408.104  -314.385   1.282534E+03
   410.000  -323.886   1.286692E+03
   410.000  -333.400   1.290855E+03
   410.000  -342.914   1.295019E+03
   410.000  -352.428   1.299182E+03
   410.000  -361.943   1.303346E+03
   410.000  -371.457   1.307509E+03
   410.000  -380.971   1.311673E+03
   410.000  -389.743   1.315511E+03
   410.000  -400.000   1.520000E+03
   415.000    -0.241   0.000000E+00
   415.000    -0.717   1.495773E+01
   415.000    -1.462   3.822672E+01
   415.000    -2.145   5.695944E+01
   415.000    -2.621   6.982763E+01
   415.000    -3.096   8.251629E+01
   415.000    -3.572   9.507736E+01
   415.000    -4.048   1.074827E+02
   415.000    -4.524   1.197313E+02
   415.000    -5.476   1.437548E+02
   415.000    -5.952   1.555272E+02
   415.000    -6.428   1.671393E+02
   415.000    -6.904   1.785903E+02
   415.000    -7.855   2.009838E+02
   415.000    -8.807   2.227501E+02
   415.000    -9.759   2.438184E+02
   415.000   -10.336   2.563082E+02
   415.000   -11.663   2.925987E+02
   415.000   -12.614   3.183051E+02
   415.000   -13.566   3.437803E+02
   415.000   -14.518   3.689944E+02
   415.000   -16.422   4.186310E+02
   415.000   -18.325   4.671654E+02
   415.000   -20.229   5.146338E+02
   415.000   -22.133   5.609963E+02
   415.000   -23.157   5.855663E+02
   415.000   -25.940   6.207448E+02
   415.000   -27.843   6.446042E+02
   415.000   -29.747   6.683101E+02
   415.000   -31.651   6.918358E+02
   415.000   -33.554   7.151391E+02
   415.000   -35.458   7.381850E+02
   415.000   -38.313   7.722687E+02
   415.000   -41.169   8.060690E+02
   415.000   -44.024   8.395208E+02
   415.000   -46.880   8.724147E+02
   415.000   -49.735   9.048203E+02
   415.000   -52.590   9.368604E+02
   415.000   -55.446   9.686210E+02
   415.000   -58.301   1.000156E+03
   415.000   -61.157   1.031598E+03
   415.000   -64.012   1.063035E+03
   415.000   -66.868   1.094573E+03
   415.000   -71.627   1.147659E+03
   415.000   -76.386   1.201802E+03
   415.000   -81.145   1.257461E+03
   415.000   -86.315   1.320000E+03
   415.000   -90.663   1.328696E+03
   415.000   -95.422   1.338214E+03
   415.000  -100.181   1.347732E+03
   415.000  -104.940   1.357250E+03
   415.000  -109.699   1.366768E+03
   415.000  -114.458   1.376286E+03
   415.000  -119.217   1.385804E+03
   415.000  -123.976   1.395322E+03
   415.000  -128.735   1.401061E+03
   415.000  -133.494   1.403148E+03
   415.000  -138.253   1.405234E+03
   415.000  -143.012   1.407321E+03
   415.000  -147.771   1.409408E+03
   415.000  -152.530   1.411494E+03
   415.000  -157.289   1.413581E+03
   415.000  -162.048   1.415668E+03
   415.000  -166.807   1.417754E+03
   415.000  -171.566   1.419841E+03
   415.000  -176.325   1.421927E+03
   415.000  -181.084   1.424014E+03
   415.000  -185.843   1.426101E+03
   415.000  -190.602   1.428187E+03
   415.000  -195.361   1.430274E+03
   415.000  -200.121   1.432361E+03
   415.000  -204.880   1.434448E+03
   415.000  -209.639   1.436534E+03
   415.000  -214.398   1.438621E+03
   415.000  -219.157   1.440708E+03
   415.000  -228.675   1.444881E+03
   415.000  -238.193   1.449054E+03
   415.000  -247.711   1.453227E+03
   415.000  -257.229   1.457401E+03
   415.000  -266.747   1.461574E+03
   415.000  -276.265   1.465747E+03
   415.000  -285.783   1.469920E+03
   417.088  -290.534   1.272004E+03
   415.293  -295.300   1.274093E+03
   413.495  -300.072   1.276186E+03
   415.000  -304.819   1.278267E+03
   415.000  -314.337   1.282440E+03
   415.000  -323.855   1.286613E+03
   415.000  -333.374   1.290787E+03
   415.000  -342.892   1.294960E+03
   415.000  -352.410   1.299134E+03
   415.000  -361.928   1.303307E+03
   415.000  -371.446   1.307480E+03
   415.000  -380.964   1.311653E+03
   415.000  -389.868   1.315558E+03
   415.000  -400.000   1.520000E+03
   420.000    -0.170   0.000000E+00
   420.000    -0.646   1.499790E+01
   420.000    -1.344   3.682884E+01
   420.000    -2.074   5.685386E+01
   420.000    -2.550   6.970270E+01
   420.000    -3.026   8.238996E+01
   420.000    -3.502   9.491542E+01
   420.000    -3.978   1.072789E+02
   420.000    -4.454   1.194801E+02
   420.000    -5.406   1.433952E+02
   420.000    -5.882   1.551082E+02
   420.000    -6.358   1.666580E+02
   420.000    -6.834   1.780442E+02
   420.000    -7.786   2.003253E+02
   420.000    -8.738   2.219490E+02
   420.000    -9.690   2.429132E+02
   420.000   -10.381   2.577263E+02
   420.000   -11.594   2.905442E+02
   420.000   -12.546   3.160097E+02
   420.000   -13.498   3.412222E+02
   420.000   -14.450   3.661799E+02
   420.000   -16.354   4.153255E+02
   420.000   -18.258   4.634356E+02
   420.000   -20.162   5.105069E+02
   420.000   -22.065   5.565193E+02
   420.000   -23.812   5.979146E+02
   420.000   -25.873   6.234317E+02
   420.000   -27.777   6.468414E+02
   420.000   -29.681   6.700966E+02
   420.000   -31.585   6.931717E+02
   420.000   -33.489   7.160165E+02
   420.000   -35.393   7.386258E+02
   420.000   -38.249   7.721309E+02
   420.000   -41.105   8.053384E+02
   420.000   -43.961   8.382070E+02
   420.000   -46.817   8.705475E+02
   420.000   -49.673   9.024398E+02
   420.000   -52.529   9.339723E+02
   420.000   -55.385   9.652060E+02
   420.000   -58.241   9.962345E+02
   420.000   -61.096   1.027158E+03
   420.000   -63.952   1.058090E+03
   420.000   -66.808   1.089115E+03
   420.000   -71.568   1.141383E+03
   420.000   -76.328   1.194774E+03
   420.000   -81.088   1.249967E+03
   420.000   -86.847   1.320000E+03
   420.000   -90.608   1.327522E+03
   420.000   -95.368   1.337042E+03
   420.000  -100.128   1.346562E+03
   420.000  -104.887   1.356080E+03
   420.000  -109.647   1.365600E+03
   420.000  -114.407   1.375120E+03
   420.000  -119.167   1.384640E+03
   420.000  -123.927   1.394160E+03
   420.000  -128.687   1.400808E+03
   420.000  -133.447   1.402899E+03
   420.000  -138.207   1.404991E+03
   420.000  -142.966   1.407081E+03
   420.000  -147.726   1.409172E+03
   420.000  -152.486   1.411264E+03
   420.000  -157.246   1.413355E+03
   420.000  -162.006   1.415446E+03
   420.000  -166.766   1.417537E+03
   420.000  -171.526   1.419628E+03
   420.000  -176.286   1.421719E+03
   420.000  -181.045   1.423810E+03
   420.000  -185.805   1.425901E+03
   420.000  -190.565   1.427992E+03
   420.000  -195.325   1.430083E+03
   420.000  -200.085   1.432174E+03
   420.000  -204.845   1.434266E+03
   420.000  -209.605   1.436357E+03
   420.000  -214.365   1.438448E+03
   420.000  -219.125   1.440539E+03
   420.000  -228.644   1.444721E+03
   420.000  -238.164   1.448903E+03
   420.000  -247.684   1.453085E+03
   420.000  -257.204   1.457268E+03
   420.000  -266.723   1.461450E+03
   422.474  -276.236   1.265629E+03
   418.884  -285.767   1.269816E+03
   420.000  -290.523   1.271905E+03
   420.000  -295.283   1.273996E+03
   420.000  -300.043   1.276087E+03
   420.000  -304.802   1.278178E+03
   420.000  -314.322   1.282360E+03
   420.000  -323.842   1.286543E+03
   420.000  -333.362   1.290725E+03
   420.000  -342.881   1.294907E+03
   420.000  -352.401   1.299089E+03
   420.000  -361.921   1.303271E+03
   420.000  -371.441   1.307454E+03
   420.000  -380.960   1.311635E+03
   420.000  -389.993   1.315604E+03
   420.000  -400.000   1.520000E+03
   425.000    -0.120   0.000000E+00
   425.000    -0.596   1.500740E+01
   425.000    -1.227   3.476000E+01
   425.000    -2.024   5.662944E+01
   425.000    -2.500   6.946557E+01
   425.000    -2.976   8.213680E+01
   425.000    -3.452   9.464281E+01
   425.000    -3.928   1.069835E+02
   425.000    -4.404   1.191586E+02
   425.000    -5.357   1.430363E+02
   425.000    -5.833   1.547136E+02
   425.000    -6.309   1.662247E+02
   425.000    -6.785   1.775695E+02
   425.000    -7.737   1.997599E+02
   425.000    -8.689   2.212837E+02
   425.000    -9.641   2.421398E+02
   423.000   -10.409   2.584325E+02
   425.000   -11.545   2.888271E+02
   425.000   -12.497   3.140842E+02
   425.000   -13.449   3.390834E+02
   425.000   -14.401   3.638246E+02
   425.000   -16.306   4.125569E+02
   425.000   -18.210   4.602278E+02
   425.000   -20.114   5.068627E+02
   425.000   -22.018   5.524635E+02
   425.000   -24.467   6.096641E+02
   425.000   -25.827   6.261482E+02
   425.000   -27.731   6.491061E+02
   425.000   -29.635   6.719090E+02
   425.000   -31.539   6.945212E+02
   425.000   -33.443   7.169035E+02
   425.000   -35.348   7.391052E+02
   425.000   -38.204   7.720014E+02
   425.000   -41.060   8.046052E+02
   425.000   -43.916   8.368838E+02
   425.000   -46.773   8.686711E+02
   425.000   -49.629   9.000203E+02
   425.000   -52.485   9.310142E+02
   425.000   -55.342   9.617050E+02
   425.000   -58.198   9.921895E+02
   425.000   -61.054   1.022576E+03
   425.000   -63.910   1.052936E+03
   425.000   -66.767   1.083392E+03
   425.000   -71.527   1.134624E+03
   425.000   -76.288   1.187045E+03
   425.000   -81.048   1.241479E+03
   426.000   -87.486   1.320000E+03
   425.000   -90.569   1.326166E+03
   425.000   -95.330   1.335688E+03
   425.000  -100.090   1.345208E+03
   425.000  -104.850   1.354728E+03
   425.000  -109.611   1.364250E+03
   425.000  -114.371   1.373770E+03
   425.000  -119.132   1.383292E+03
   425.000  -123.892   1.392812E+03
   425.000  -128.653   1.400514E+03
   425.000  -133.413   1.402610E+03
   425.000  -138.174   1.404706E+03
   425.000  -142.934   1.406802E+03
   425.000  -147.695   1.408899E+03
   425.000  -152.455   1.410995E+03
   425.000  -157.216   1.413091E+03
   425.000  -161.976   1.415187E+03
   425.000  -166.737   1.417284E+03
   425.000  -171.497   1.419380E+03
   425.000  -176.258   1.421476E+03
   425.000  -181.018   1.423573E+03
   425.000  -185.779   1.425669E+03
   425.000  -190.539   1.427765E+03
   425.000  -195.300   1.429862E+03
   425.000  -200.060   1.431958E+03
   425.000  -204.820   1.434054E+03
   425.000  -209.581   1.436150E+03
   425.000  -214.341   1.438246E+03
   425.000  -219.102   1.440343E+03
   425.000  -228.623   1.444535E+03
   425.000  -238.144   1.448728E+03
   425.000  -247.665   1.452920E+03
   425.000  -257.186   1.457113E+03
   425.000  -269.530   1.262548E+03
   425.000  -276.228   1.265498E+03
   425.000  -285.749   1.269690E+03
   425.000  -290.509   1.271786E+03
   425.000  -295.270   1.273883E+03
   425.000  -300.030   1.275979E+03
   425.000  -304.790   1.278075E+03
   425.000  -314.311   1.282267E+03
   425.000  -323.832   1.286460E+03
   425.000  -333.353   1.290652E+03
   425.000  -342.874   1.294845E+03
   425.000  -352.395   1.299037E+03
   425.000  -361.916   1.303230E+03
   425.000  -371.437   1.307422E+03
   425.000  -380.958   1.311615E+03
   425.000  -390.118   1.315649E+03
   425.000  -400.000   1.520000E+03
   430.000    -0.088   0.000000E+00
   430.000    -0.564   1.508865E+01
   430.000    -1.110   3.226399E+01
   430.000    -1.992   5.653894E+01
   430.000    -2.468   6.938913E+01
   430.000    -2.945   8.209280E+01
   430.000    -3.421   9.459740E+01
   430.000    -3.897   1.069303E+02
   430.000    -4.373   1.190921E+02
   430.000    -5.325   1.429034E+02
   430.000    -5.801   1.545541E+02
   430.000    -6.277   1.660351E+02
   430.000    -6.753   1.773468E+02
   430.000    -7.705   1.994627E+02
   430.000    -8.658   2.209256E+02
   430.000    -9.610   2.416917E+02
   430.000   -10.482   2.601287E+02
   430.000   -11.514   2.875720E+02
   430.000   -12.466   3.126216E+02
   430.000   -13.418   3.374105E+02
   430.000   -14.371   3.619640E+02
   430.000   -16.275   4.102359E+02
   430.000   -18.179   4.574609E+02
   430.000   -20.084   5.036618E+02
   430.000   -21.988   5.487897E+02
   430.000   -23.892   5.928324E+02
   430.000   -25.122   6.207894E+02
   430.000   -27.701   6.513281E+02
   430.000   -29.605   6.736609E+02
   430.000   -31.510   6.958068E+02
   430.000   -33.414   7.177452E+02
   430.000   -35.318   7.395074E+02
   430.000   -38.175   7.717978E+02
   430.000   -41.031   8.038033E+02
   430.000   -43.888   8.355178E+02
   430.000   -46.744   8.667284E+02
   430.000   -49.601   8.975360E+02
   430.000   -52.457   9.279638E+02
   430.000   -55.314   9.580922E+02
   430.000   -58.170   9.880093E+02
   430.000   -61.027   1.017805E+03
   430.000   -63.883   1.047529E+03
   430.000   -66.740   1.077310E+03
   430.000   -71.501   1.127280E+03
   430.000   -76.262   1.178253E+03
   430.000   -82.055   1.242349E+03
   430.000   -85.783   1.285566E+03
   430.000   -88.795   1.320000E+03
   430.000   -95.305   1.333020E+03
   430.000  -100.066   1.342542E+03
   430.000  -104.827   1.352064E+03
   430.000  -109.588   1.361586E+03
   430.000  -114.349   1.371108E+03
   430.000  -119.109   1.380628E+03
   430.000  -123.870   1.390150E+03
   430.000  -128.631   1.399672E+03
   430.000  -133.392   1.402034E+03
   430.000  -138.153   1.404141E+03
   430.000  -142.914   1.406247E+03
   430.000  -147.675   1.408354E+03
   430.000  -152.435   1.410460E+03
   430.000  -157.196   1.412567E+03
   430.000  -161.957   1.414673E+03
   430.000  -166.718   1.416780E+03
   430.000  -171.479   1.418886E+03
   430.000  -176.240   1.420993E+03
   430.000  -181.001   1.423100E+03
   430.000  -185.761   1.425206E+03
   430.000  -190.522   1.427312E+03
   430.000  -195.283   1.429419E+03
   430.000  -200.044   1.431526E+03
   430.000  -204.805   1.433632E+03
   430.000  -209.566   1.435739E+03
   430.000  -214.327   1.437845E+03
   430.000  -219.087   1.439951E+03
   430.000  -228.609   1.444165E+03
   430.000  -238.131   1.448378E+03
   430.000  -247.653   1.452591E+03
   429.654  -257.175   1.256804E+03
   430.000  -266.696   1.261017E+03
   430.000  -276.218   1.265230E+03
   430.000  -285.739   1.269443E+03
   430.000  -290.500   1.271550E+03
   430.000  -295.261   1.273656E+03
   430.000  -300.022   1.275763E+03
   430.000  -304.783   1.277869E+03
   430.000  -314.305   1.282083E+03
   430.000  -323.826   1.286295E+03
   430.000  -333.348   1.290509E+03
   430.000  -342.870   1.294722E+03
   430.000  -352.391   1.298934E+03
   430.000  -361.913   1.303148E+03
   430.000  -371.435   1.307361E+03
   430.000  -380.957   1.311574E+03
   430.000  -390.243   1.315683E+03
   430.000  -400.000   1.520000E+03
   435.000    -0.014   0.000000E+00
   435.000    -0.490   1.498915E+01
   435.000    -0.992   3.068069E+01
   435.000    -1.919   5.601316E+01
   435.000    -2.395   6.879950E+01
   435.000    -2.871   8.141755E+01
   435.000    -3.347   9.386714E+01
   435.000    -3.823   1.061482E+02
   435.000    -4.300   1.182860E+02
   435.000    -5.252   1.420042E+02
   435.000    -5.728   1.536102E+02
   435.000    -6.204   1.650473E+02
   435.000    -6.680   1.763157E+02
   435.000    -7.633   1.983688E+02
   435.000    -8.585   2.197232E+02
   435.000    -9.537   2.404022E+02
   435.000   -10.535   2.613704E+02
   435.000   -11.442   2.852966E+02
   435.000   -12.395   3.101834E+02
   435.000   -13.347   3.347803E+02
   435.000   -14.299   3.591131E+02
   435.000   -16.204   4.070107E+02
   435.000   -18.109   4.538458E+02
   435.000   -20.013   4.995897E+02
   435.000   -21.918   5.442847E+02
   435.000   -23.823   5.878996E+02
   434.000   -25.646   6.293606E+02
   435.000   -27.632   6.527461E+02
   435.000   -29.537   6.746207E+02
   435.000   -31.441   6.962952E+02
   435.000   -33.346   7.178189E+02
   435.000   -35.251   7.391807E+02
   435.000   -38.108   7.708753E+02
   435.000   -40.965   8.023283E+02
   435.000   -43.822   8.335025E+02
   435.000   -46.679   8.641845E+02
   435.000   -49.536   8.944488E+02
   435.000   -52.393   9.243409E+02
   435.000   -55.250   9.538935E+02
   435.000   -58.107   9.832198E+02
   435.000   -60.964   1.012373E+03
   435.000   -63.821   1.041436E+03
   435.000   -66.678   1.070501E+03
   435.000   -71.440   1.118954E+03
   434.304   -76.210   1.169647E+03
   435.000   -80.964   1.218413E+03
   435.000   -85.725   1.269555E+03
   435.000   -90.432   1.320000E+03
   435.000   -95.249   1.329634E+03
   435.000  -100.011   1.339158E+03
   435.000  -104.772   1.348680E+03
   435.000  -109.534   1.358204E+03
   435.000  -114.296   1.367728E+03
   435.000  -119.057   1.377250E+03
   435.000  -123.819   1.386774E+03
   435.000  -128.581   1.396298E+03
   435.000  -133.343   1.401296E+03
   435.000  -138.104   1.403415E+03
   435.000  -142.866   1.405535E+03
   435.000  -147.628   1.407655E+03
   435.000  -152.390   1.409775E+03
   435.000  -157.151   1.411894E+03
   435.000  -161.913   1.414014E+03
   435.000  -166.675   1.416134E+03
   435.000  -171.437   1.418254E+03
   435.000  -176.198   1.420373E+03
   435.000  -180.960   1.422493E+03
   435.000  -185.722   1.424613E+03
   435.000  -190.484   1.426733E+03
   435.000  -195.245   1.428852E+03
   435.000  -200.007   1.430972E+03
   435.000  -204.769   1.433092E+03
   435.000  -209.530   1.435211E+03
   435.000  -214.292   1.437331E+03
   435.000  -219.054   1.439451E+03
   435.000  -228.577   1.443690E+03
   436.842  -238.091   1.247925E+03
   433.248  -247.634   1.252173E+03
   435.000  -257.148   1.256408E+03
   435.000  -266.671   1.260648E+03
   435.000  -276.195   1.264887E+03
   435.000  -285.718   1.269127E+03
   435.000  -290.480   1.271246E+03
   435.000  -295.242   1.273366E+03
   435.000  -300.004   1.275486E+03
   435.000  -304.765   1.277606E+03
   435.000  -314.289   1.281845E+03
   435.000  -323.812   1.286084E+03
   435.000  -333.336   1.290324E+03
   435.000  -342.859   1.294563E+03
   435.000  -352.383   1.298803E+03
   435.000  -361.906   1.303042E+03
   435.000  -371.430   1.307282E+03
   435.000  -380.953   1.311521E+03
   435.000  -390.368   1.315712E+03
   435.000  -400.000   1.520000E+03
   440.000     0.050   0.000000E+00
   440.000    -0.875   2.898078E+01
   440.000    -1.379   4.285517E+01
   440.000    -1.855   5.576831E+01
   440.000    -2.331   6.851199E+01
   440.000    -2.808   8.111256E+01
   440.000    -3.284   9.351732E+01
   440.000    -3.760   1.057529E+02
   440.000    -4.236   1.178193E+02
   440.000    -5.189   1.414698E+02
   440.000    -5.665   1.530292E+02
   440.000    -6.141   1.644198E+02
   440.000    -6.618   1.756653E+02
   440.000    -7.570   1.976028E+02
   440.000    -8.523   2.188883E+02
   440.000    -9.475   2.394771E+02
   440.000   -10.587   2.626881E+02
   440.000   -11.380   2.834374E+02
   440.000   -12.333   3.081372E+02
   440.000   -13.285   3.325475E+02
   440.000   -14.238   3.567188E+02
   440.000   -16.143   4.042394E+02
   440.000   -18.048   4.506895E+02
   440.000   -19.953   4.960595E+02
   440.000   -21.858   5.403411E+02
   440.000   -23.763   5.835304E+02
   440.000   -26.305   6.395728E+02
   440.000   -27.573   6.538775E+02
   440.000   -29.478   6.752482E+02
   440.000   -31.383   6.964985E+02
   440.000   -33.288   7.176182E+02
   440.000   -35.193   7.386008E+02
   440.000   -38.050   7.697601E+02
   440.000   -40.908   8.007150E+02
   440.000   -43.765   8.313815E+02
   440.000   -46.623   8.615643E+02
   440.000   -49.480   8.913155E+02
   440.000   -52.338   9.206698E+02
   440.000   -55.195   9.496475E+02
   440.000   -58.053   9.783627E+02
   440.000   -60.910   1.006847E+03
   440.000   -63.767   1.035187E+03
   441.375   -66.609   1.061668E+03
   437.839   -71.410   1.114339E+03
   440.000   -76.150   1.158137E+03
   440.000   -80.913   1.206150E+03
   440.000   -85.675   1.254707E+03
   440.000   -92.069   1.320000E+03
   440.000   -95.200   1.326262E+03
   440.000   -99.963   1.335788E+03
   440.000  -104.725   1.345312E+03
   440.000  -109.488   1.354838E+03
   440.000  -114.250   1.364362E+03
   440.000  -119.013   1.373888E+03
   440.000  -123.775   1.383412E+03
   440.000  -128.538   1.392938E+03
   440.000  -133.300   1.400551E+03
   440.000  -138.063   1.402685E+03
   440.000  -142.825   1.404817E+03
   440.000  -147.588   1.406951E+03
   440.000  -152.350   1.409083E+03
   440.000  -157.113   1.411217E+03
   440.000  -161.875   1.413349E+03
   440.000  -166.638   1.415483E+03
   440.000  -171.400   1.417615E+03
   440.000  -176.163   1.419749E+03
   440.000  -180.925   1.421881E+03
   440.000  -185.688   1.424015E+03
   440.000  -190.450   1.426147E+03
   440.000  -195.213   1.428281E+03
   440.000  -199.975   1.430414E+03
   440.000  -204.737   1.432546E+03
   440.000  -209.500   1.434680E+03
   440.000  -214.263   1.436813E+03
   440.000  -219.025   1.438946E+03
   440.000  -229.709   1.243731E+03
   440.000  -238.075   1.247478E+03
   440.000  -247.600   1.251744E+03
   440.000  -257.125   1.256010E+03
   440.000  -266.650   1.260276E+03
   440.000  -276.175   1.264542E+03
   440.000  -285.700   1.268808E+03
   440.000  -290.463   1.270941E+03
   440.000  -295.225   1.273074E+03
   440.000  -299.988   1.275207E+03
   440.000  -304.750   1.277340E+03
   440.000  -314.275   1.281606E+03
   440.000  -323.800   1.285872E+03
   440.000  -333.325   1.290138E+03
   440.000  -342.850   1.294404E+03
   440.000  -352.375   1.298670E+03
   440.000  -361.900   1.302936E+03
   440.000  -371.425   1.307202E+03
   440.000  -380.950   1.311468E+03
   440.000  -390.492   1.315742E+03
   440.000  -400.000   1.520000E+03
   445.000     0.121   0.000000E+00
   444.000    -0.781   2.770467E+01
   445.000    -1.308   4.262974E+01
   445.000    -1.784   5.552569E+01
   445.000    -2.261   6.824862E+01
   445.000    -2.737   8.077257E+01
   445.000    -3.213   9.312535E+01
   445.000    -3.690   1.053333E+02
   445.000    -4.166   1.173460E+02
   445.000    -5.119   1.408889E+02
   445.000    -5.595   1.523958E+02
   445.000    -6.071   1.637349E+02
   445.000    -6.548   1.749299E+02
   445.000    -7.500   1.967711E+02
   445.000    -8.453   2.179663E+02
   445.000    -9.406   2.384932E+02
   445.000   -10.639   2.640770E+02
   445.000   -11.311   2.815266E+02
   445.000   -12.264   3.060603E+02
   445.000   -13.216   3.303086E+02
   445.000   -14.169   3.543206E+02
   445.000   -16.074   4.015287E+02
   445.000   -17.980   4.476869E+02
   445.000   -19.885   4.927222E+02
   445.000   -21.790   5.366241E+02
   445.000   -23.696   5.793611E+02
   445.000   -25.601   6.207627E+02
   445.000   -26.854   6.472709E+02
   445.000   -29.412   6.751837E+02
   445.000   -31.317   6.960122E+02
   445.000   -33.222   7.167927E+02
   445.000   -35.128   7.374903E+02
   445.000   -37.986   7.682542E+02
   445.000   -40.844   7.987996E+02
   445.000   -43.702   8.290575E+02
   445.000   -46.560   8.587952E+02
   445.000   -49.418   8.880731E+02
   445.000   -52.276   9.168861E+02
   445.000   -55.134   9.453233E+02
   445.000   -57.992   9.733752E+02
   445.000   -61.687   1.009463E+03
   443.499   -63.726   1.030820E+03
   445.000   -66.566   1.056334E+03
   445.000   -71.329   1.102294E+03
   445.000   -76.093   1.148105E+03
   445.000   -80.856   1.194174E+03
   445.000   -85.619   1.240556E+03
   445.000   -90.383   1.287483E+03
   445.000   -93.706   1.320000E+03
   445.000   -99.909   1.332406E+03
   445.000  -104.673   1.341934E+03
   445.000  -109.436   1.351460E+03
   445.000  -114.199   1.360986E+03
   445.000  -118.963   1.370514E+03
   445.000  -123.726   1.380040E+03
   445.000  -128.489   1.389566E+03
   445.000  -133.253   1.399094E+03
   445.000  -138.016   1.401942E+03
   445.000  -142.779   1.404089E+03
   445.000  -147.543   1.406235E+03
   445.000  -152.306   1.408382E+03
   445.000  -157.069   1.410528E+03
   445.000  -161.833   1.412675E+03
   445.000  -166.596   1.414821E+03
   445.000  -171.359   1.416968E+03
   445.000  -176.123   1.419114E+03
   445.000  -180.886   1.421261E+03
   445.000  -185.649   1.423407E+03
   445.000  -190.413   1.425554E+03
   445.000  -195.176   1.427700E+03
   445.000  -199.940   1.429847E+03
   445.000  -204.703   1.431993E+03
   445.000  -209.466   1.434140E+03
   445.834  -214.221   1.236282E+03
   444.034  -218.999   1.238436E+03
   445.000  -228.520   1.242726E+03
   445.000  -238.046   1.247019E+03
   445.000  -247.573   1.251312E+03
   445.000  -257.100   1.255605E+03
   445.000  -266.626   1.259898E+03
   445.000  -276.153   1.264191E+03
   445.000  -285.680   1.268484E+03
   445.000  -290.443   1.270630E+03
   445.000  -295.206   1.272777E+03
   445.000  -299.970   1.274924E+03
   445.000  -304.733   1.277070E+03
   445.000  -314.260   1.281363E+03
   445.000  -323.786   1.285656E+03
   445.000  -333.313   1.289949E+03
   445.000  -342.840   1.294242E+03
   445.000  -352.367   1.298535E+03
   445.000  -361.893   1.302828E+03
   445.000  -371.420   1.307121E+03
   445.000  -380.947   1.311414E+03
   445.000  -390.617   1.315772E+03
   445.000  -400.000   1.520000E+03
   450.000     0.235   0.000000E+00
   450.000    -0.241   1.464361E+01
   450.000    -0.724   2.943773E+01
   450.000    -1.671   5.481899E+01
   450.000    -2.147   6.734736E+01
   450.000    -2.624   7.974713E+01
   450.000    -3.100   9.196542E+01
   450.000    -3.577   1.040526E+02
   450.000    -4.053   1.159573E+02
   450.000    -5.006   1.393176E+02
   450.000    -5.483   1.507711E+02
   450.000    -5.959   1.620413E+02
   450.000    -6.436   1.731749E+02
   450.000    -7.389   1.949375E+02
   450.000    -8.341   2.160340E+02
   450.000    -9.294   2.365059E+02
   450.000   -10.692   2.653885E+02
   450.000   -11.200   2.785047E+02
   450.000   -12.153   3.029483E+02
   450.000   -13.106   3.271230E+02
   450.000   -14.059   3.510440E+02
   450.000   -15.965   3.981160E+02
   450.000   -17.871   4.441485E+02
   450.000   -19.777   4.891354E+02
   450.000   -21.683   5.330738E+02
   450.000   -23.589   5.759652E+02
   450.000   -25.494   6.177980E+02
   450.000   -26.750   6.448349E+02
   450.000   -29.306   6.730241E+02
   450.000   -31.212   6.939359E+02
   450.000   -33.118   7.147263E+02
   450.000   -35.024   7.353780E+02
   450.000   -37.883   7.660191E+02
   450.000   -40.741   7.963525E+02
   450.000   -43.600   8.263195E+02
   450.000   -46.459   8.556986E+02
   450.000   -49.318   8.845349E+02
   450.000   -52.177   9.127805E+02
   451.673   -55.022   9.394547E+02
   448.773   -57.918   9.695066E+02
   450.000   -60.753   9.953935E+02
   450.000   -63.612   1.022414E+03
   450.000   -66.471   1.049164E+03
   450.000   -71.236   1.093615E+03
   450.000   -76.000   1.137937E+03
   450.000   -80.765   1.182363E+03
   450.000   -85.530   1.227032E+03
   450.000   -90.294   1.272081E+03
   450.000   -95.342   1.320000E+03
   450.000   -99.824   1.328964E+03
   450.000  -104.588   1.338492E+03
   450.000  -109.353   1.348022E+03
   450.000  -114.118   1.357552E+03
   450.000  -118.883   1.367082E+03
   450.000  -123.647   1.376610E+03
   450.000  -128.412   1.386140E+03
   450.000  -133.177   1.395670E+03
   450.000  -137.941   1.401178E+03
   450.000  -142.706   1.403339E+03
   450.000  -147.471   1.405499E+03
   450.000  -152.235   1.407660E+03
   450.000  -157.000   1.409820E+03
   450.000  -161.765   1.411981E+03
   450.000  -166.530   1.414141E+03
   450.000  -171.294   1.416301E+03
   450.000  -176.059   1.418462E+03
   450.000  -180.824   1.420622E+03
   450.000  -185.588   1.422782E+03
   450.000  -190.353   1.424943E+03
   450.000  -195.118   1.427103E+03
   451.237  -199.877   1.229261E+03
   449.438  -204.653   1.231427E+03
   447.636  -209.438   1.233596E+03
   450.000  -214.177   1.235745E+03
   450.000  -218.941   1.237905E+03
   450.000  -228.471   1.242226E+03
   450.000  -238.000   1.246547E+03
   450.000  -247.530   1.250868E+03
   450.000  -257.059   1.255188E+03
   450.000  -266.588   1.259509E+03
   450.000  -276.118   1.263830E+03
   450.000  -285.647   1.268151E+03
   450.000  -290.412   1.270311E+03
   450.000  -295.177   1.272472E+03
   450.000  -299.941   1.274632E+03
   450.000  -304.706   1.276792E+03
   450.000  -314.235   1.281113E+03
   450.000  -323.765   1.285434E+03
   450.000  -333.294   1.289754E+03
   450.000  -342.824   1.294076E+03
   450.000  -352.353   1.298396E+03
   450.000  -361.882   1.302717E+03
   450.000  -371.412   1.307038E+03
   450.000  -380.941   1.311358E+03
   450.000  -390.742   1.315802E+03
   450.000  -400.000   1.520000E+03
   455.000     0.282   0.000000E+00
   455.000    -0.195   1.454102E+01
   455.000    -0.676   2.913206E+01
   455.000    -1.624   5.431418E+01
   455.000    -2.101   6.679344E+01
   455.000    -2.577   7.909730E+01
   455.000    -3.054   9.127550E+01
   455.000    -3.530   1.032753E+02
   455.000    -4.007   1.151459E+02
   455.000    -4.960   1.383960E+02
   455.000    -5.436   1.497751E+02
   455.000    -5.913   1.610215E+02
   455.000    -6.389   1.720882E+02
   455.000    -7.342   1.937761E+02
   455.000    -8.295   2.148439E+02
   455.000    -9.249   2.353201E+02
   455.000   -10.202   2.551181E+02
   455.000   -10.744   2.661650E+02
   455.000   -12.108   3.012523E+02
   455.000   -13.061   3.254281E+02
   455.000   -14.014   3.493221E+02
   455.000   -15.920   3.962874E+02
   455.000   -17.826   4.422012E+02
   455.000   -19.732   4.870948E+02
   455.000   -21.638   5.309928E+02
   455.000   -23.544   5.739166E+02
   455.000   -25.450   6.158861E+02
   455.000   -26.646   6.417414E+02
   455.000   -29.263   6.708103E+02
   455.000   -31.169   6.918626E+02
   455.000   -33.075   7.127922E+02
   455.000   -34.981   7.335719E+02
   455.000   -37.840   7.643484E+02
   455.000   -40.699   7.946716E+02
   455.000   -43.558   8.244185E+02
   455.000   -46.418   8.535114E+02
   457.386   -49.316   8.814106E+02
   454.559   -52.140   9.100220E+02
   455.000   -54.995   9.368926E+02
   455.000   -57.854   9.638129E+02
   455.000   -60.713   9.903398E+02
   455.000   -63.573   1.016598E+03
   455.000   -66.432   1.042619E+03
   455.000   -71.197   1.085710E+03
   455.000   -75.962   1.128590E+03
   455.000   -80.727   1.171451E+03
   455.000   -85.493   1.214459E+03
   455.000   -90.258   1.257789E+03
   455.000   -96.979   1.320000E+03
   455.000   -99.789   1.325620E+03
   455.000  -104.554   1.335150E+03
   455.000  -109.319   1.344680E+03
   455.000  -114.084   1.354210E+03
   455.000  -118.850   1.363742E+03
   455.000  -123.615   1.373272E+03
   455.000  -128.380   1.382802E+03
   455.000  -133.145   1.392332E+03
   455.000  -137.911   1.400425E+03
   455.000  -142.676   1.402599E+03
   455.000  -147.441   1.404773E+03
   455.000  -152.206   1.406947E+03
   455.000  -156.972   1.409122E+03
   455.000  -161.737   1.411296E+03
   455.000  -166.502   1.413469E+03
   455.000  -171.267   1.415643E+03
   455.000  -176.033   1.417818E+03
   455.000  -180.798   1.419992E+03
   456.623  -185.580   1.222174E+03
   454.834  -190.329   1.224340E+03
   453.035  -195.103   1.226518E+03
   455.000  -199.859   1.228688E+03
   455.000  -204.624   1.230862E+03
   455.000  -209.390   1.233037E+03
   455.000  -214.155   1.235211E+03
   455.000  -218.920   1.237385E+03
   455.000  -228.451   1.241733E+03
   455.000  -237.981   1.246081E+03
   455.000  -247.512   1.250429E+03
   455.000  -257.042   1.254777E+03
   455.000  -266.573   1.259126E+03
   455.000  -276.103   1.263474E+03
   455.000  -285.634   1.267822E+03
   455.000  -290.399   1.269996E+03
   455.000  -295.164   1.272170E+03
   455.000  -299.930   1.274344E+03
   455.000  -304.695   1.276518E+03
   455.000  -314.225   1.280866E+03
   455.000  -323.756   1.285215E+03
   455.000  -333.286   1.289563E+03
   455.000  -342.817   1.293911E+03
   455.000  -352.347   1.298259E+03
   455.000  -361.878   1.302607E+03
   455.000  -371.408   1.306955E+03
   455.000  -380.939   1.311304E+03
   455.000  -390.867   1.315833E+03
   455.000  -400.000   1.520000E+03
   460.000     0.188   0.000000E+00
   460.000    -0.628   2.559620E+01
   460.000    -1.241   4.240447E+01
   460.000    -1.718   5.522655E+01
   460.000    -2.194   6.782305E+01
   460.000    -2.670   8.022498E+01
   460.000    -3.147   9.246141E+01
   460.000    -3.623   1.044843E+02
   460.000    -4.100   1.163469E+02
   460.000    -5.053   1.394998E+02
   460.000    -5.529   1.507971E+02
   460.000    -6.005   1.619187E+02
   460.000    -6.482   1.728890E+02
   460.000    -7.435   1.942887E+02
   460.000    -8.387   2.149870E+02
   460.000    -9.340   2.350366E+02
   460.000   -10.114   2.507942E+02
   460.000   -11.246   2.797742E+02
   460.000   -12.199   3.038882E+02
   460.000   -13.152   3.277514E+02
   460.000   -14.104   3.513400E+02
   460.000   -16.010   3.978226E+02
   460.000   -17.916   4.433323E+02
   460.000   -19.821   4.878713E+02
   460.000   -21.727   5.315143E+02
   460.000   -23.633   5.742670E+02
   460.000   -25.538   6.161363E+02
   460.000   -26.543   6.378782E+02
   460.000   -29.350   6.692556E+02
   460.000   -31.255   6.905454E+02
   460.000   -33.161   7.118211E+02
   460.000   -35.067   7.330191E+02
   460.000   -37.925   7.644610E+02
   460.000   -40.784   7.950262E+02
   460.000   -43.642   8.242812E+02
   460.000   -46.705   8.551686E+02
   460.000   -49.359   8.809622E+02
   460.000   -52.218   9.081462E+02
   460.000   -55.076   9.346960E+02
   460.000   -57.935   9.608375E+02
   460.000   -60.793   9.866087E+02
   460.000   -63.652   1.012095E+03
   460.000   -66.510   1.037348E+03
   460.000   -71.274   1.079107E+03
   460.000   -76.038   1.120577E+03
   460.000   -80.802   1.161903E+03
   460.000   -85.567   1.203188E+03
   460.000   -90.331   1.244450E+03
   460.000   -95.095   1.286179E+03
   460.000   -99.072   1.320000E+03
   460.000  -104.623   1.331102E+03
   460.000  -109.387   1.340630E+03
   460.000  -114.151   1.350158E+03
   460.000  -118.916   1.359688E+03
   460.000  -123.680   1.369216E+03
   460.000  -128.444   1.378744E+03
   460.000  -133.208   1.388272E+03
   460.000  -137.972   1.397800E+03
   460.000  -142.736   1.401685E+03
   460.000  -147.500   1.403876E+03
   460.000  -152.265   1.406067E+03
   460.000  -157.029   1.408258E+03
   460.000  -161.793   1.410449E+03
   460.000  -166.557   1.412640E+03
   462.002  -171.298   1.214821E+03
   460.200  -176.083   1.217021E+03
   458.411  -180.833   1.219206E+03
   460.000  -185.614   1.221405E+03
   460.000  -190.378   1.223595E+03
   460.000  -195.142   1.225786E+03
   460.000  -199.906   1.227977E+03
   460.000  -204.670   1.230168E+03
   460.000  -209.434   1.232359E+03
   460.000  -214.198   1.234550E+03
   460.000  -218.963   1.236742E+03
   460.000  -228.491   1.241124E+03
   460.000  -238.019   1.245505E+03
   460.000  -247.547   1.249887E+03
   460.000  -257.076   1.254270E+03
   460.000  -266.604   1.258652E+03
   460.000  -276.132   1.263033E+03
   460.000  -285.661   1.267416E+03
   460.000  -290.425   1.269607E+03
   460.000  -295.189   1.271798E+03
   460.000  -299.953   1.273989E+03
   460.000  -304.717   1.276180E+03
   460.000  -314.245   1.280562E+03
   460.000  -323.774   1.284944E+03
   460.000  -333.302   1.289326E+03
   460.000  -342.830   1.293708E+03
   460.000  -352.359   1.298090E+03
   460.000  -361.887   1.302472E+03
   460.000  -371.415   1.306854E+03
   460.000  -380.943   1.311236E+03
   460.000  -390.992   1.315857E+03
   460.000  -400.000   1.520000E+03
   465.000     0.288   0.000000E+00
   465.000    -0.580   2.674105E+01
   465.000    -1.142   4.184136E+01
   465.000    -1.618   5.442725E+01
   465.000    -2.095   6.682795E+01
   465.000    -2.571   7.900558E+01
   465.000    -3.048   9.101555E+01
   465.000    -3.524   1.028113E+02
   465.000    -4.001   1.144456E+02
   465.000    -4.954   1.371387E+02
   465.000    -5.430   1.482066E+02
   465.000    -5.907   1.591209E+02
   465.000    -6.383   1.698376E+02
   465.000    -7.337   1.907947E+02
   465.000    -8.290   2.110459E+02
   465.000    -9.485   2.355161E+02
   465.000   -10.196   2.536542E+02
   465.000   -11.149   2.777291E+02
   465.000   -12.102   3.015553E+02
   465.000   -13.055   3.251357E+02
   465.000   -14.008   3.484735E+02
   465.000   -15.914   3.944307E+02
   465.000   -17.820   4.394573E+02
   465.000   -19.726   4.835871E+02
   465.000   -21.633   5.268841E+02
   465.000   -23.539   5.693524E+02
   465.000   -25.445   6.110697E+02
   465.000   -26.439   6.325479E+02
   465.000   -29.257   6.642422E+02
   465.000   -31.163   6.859310E+02
   465.000   -33.069   7.078673E+02
   465.000   -34.975   7.301158E+02
   465.000   -37.835   7.642702E+02
   466.000   -39.709   7.878204E+02
   462.668   -43.595   8.243525E+02
   465.000   -46.412   8.528943E+02
   465.000   -49.271   8.796264E+02
   465.000   -52.131   9.057610E+02
   465.000   -54.990   9.314299E+02
   465.000   -57.849   9.567184E+02
   465.000   -60.708   9.816901E+02
   465.000   -63.567   1.006410E+03
   465.000   -66.427   1.030926E+03
   465.000   -71.192   1.071411E+03
   465.000   -75.957   1.111550E+03
   465.000   -80.723   1.151469E+03
   465.000   -85.488   1.191200E+03
   465.000   -90.253   1.230790E+03
   465.000   -95.019   1.270279E+03
   465.000  -101.164   1.320000E+03
   465.000  -104.549   1.326770E+03
   465.000  -109.315   1.336302E+03
   465.000  -114.080   1.345832E+03
   465.000  -118.845   1.355362E+03
   465.000  -123.611   1.364894E+03
   465.000  -128.376   1.374424E+03
   465.000  -133.141   1.383954E+03
   465.000  -137.907   1.393486E+03
   465.000  -142.672   1.400699E+03
   465.000  -147.437   1.402908E+03
   465.000  -152.203   1.405118E+03
   467.000  -158.031   1.207820E+03
   465.615  -161.707   1.209524E+03
   463.805  -166.513   1.211752E+03
   465.000  -171.264   1.213955E+03
   465.000  -176.029   1.216164E+03
   465.000  -180.795   1.218373E+03
   465.000  -185.560   1.220583E+03
   465.000  -190.325   1.222792E+03
   465.000  -195.091   1.225001E+03
   465.000  -199.856   1.227210E+03
   465.000  -204.621   1.229420E+03
   465.000  -209.387   1.231629E+03
   465.000  -214.152   1.233838E+03
   465.000  -218.917   1.236047E+03
   465.000  -228.448   1.240466E+03
   465.000  -237.979   1.244885E+03
   465.000  -247.509   1.249303E+03
   465.000  -257.040   1.253722E+03
   465.000  -266.571   1.258140E+03
   465.000  -276.101   1.262559E+03
   465.000  -285.632   1.266977E+03
   465.000  -290.397   1.269187E+03
   465.000  -295.163   1.271396E+03
   465.000  -299.928   1.273605E+03
   465.000  -304.693   1.275814E+03
   465.000  -314.224   1.280233E+03
   465.000  -323.755   1.284652E+03
   465.000  -333.285   1.289070E+03
   465.000  -342.816   1.293489E+03
   465.000  -352.347   1.297907E+03
   465.000  -361.877   1.302326E+03
   465.000  -371.408   1.306744E+03
   465.000  -380.939   1.311163E+03
   465.000  -391.117   1.315882E+03
   465.000  -400.000   1.520000E+03
   470.000     0.649   0.000000E+00
   470.000     0.172   1.345085E+01
   470.000    -0.532   3.327718E+01
   470.000    -1.259   5.130368E+01
   470.000    -1.736   6.298206E+01
   470.000    -2.213   7.453696E+01
   470.000    -2.690   8.596280E+01
   470.000    -3.167   9.725481E+01
   470.000    -3.644   1.084088E+02
   470.000    -4.598   1.302931E+02
   470.000    -5.075   1.410138E+02
   470.000    -5.552   1.515851E+02
   470.000    -6.028   1.619831E+02
   470.000    -6.982   1.823637E+02
   470.000    -7.936   2.021208E+02
   470.000    -8.855   2.204945E+02
   470.000    -9.844   2.453933E+02
   470.000   -10.798   2.691708E+02
   470.000   -11.752   2.927101E+02
   470.000   -12.706   3.160106E+02
   470.000   -13.660   3.390723E+02
   470.000   -15.568   3.844818E+02
   470.000   -17.476   4.289557E+02
   470.000   -19.383   4.725014E+02
   470.000   -21.291   5.152147E+02
   470.000   -23.199   5.571541E+02
   470.000   -25.107   5.984515E+02
   470.000   -26.335   6.246574E+02
   470.000   -28.923   6.536982E+02
   470.000   -30.831   6.754219E+02
   470.000   -32.738   6.973506E+02
   470.512   -34.642   7.185789E+02
   467.834   -37.650   7.586550E+02
   470.000   -39.266   7.908519E+02
   470.000   -43.232   8.266147E+02
   470.000   -46.093   8.518975E+02
   470.000   -48.955   8.770325E+02
   470.000   -51.817   9.019299E+02
   470.000   -54.679   9.265894E+02
   470.000   -57.540   9.509882E+02
   470.000   -60.402   9.751843E+02
   470.000   -63.264   9.991733E+02
   470.000   -66.126   1.022969E+03
   470.000   -70.895   1.062284E+03
   470.000   -75.665   1.101236E+03
   470.000   -80.435   1.139895E+03
   470.000   -85.204   1.178277E+03
   470.000   -89.974   1.216378E+03
   470.000   -94.744   1.254115E+03
   470.000   -99.513   1.291429E+03
   470.000  -103.257   1.320000E+03
   470.000  -109.053   1.331592E+03
   470.000  -113.822   1.341130E+03
   470.000  -118.592   1.350670E+03
   470.000  -123.361   1.360208E+03
   470.000  -128.131   1.369748E+03
   470.000  -132.901   1.379288E+03
   470.000  -137.670   1.388826E+03
   470.000  -142.440   1.398366E+03
   470.000  -147.210   1.401848E+03
   470.000  -151.979   1.404077E+03
   470.000  -158.123   1.206948E+03
   470.000  -161.518   1.208535E+03
   470.000  -166.288   1.210765E+03
   470.000  -171.058   1.212994E+03
   470.000  -175.827   1.215223E+03
   470.000  -180.597   1.217452E+03
   470.000  -185.367   1.219682E+03
   470.000  -190.136   1.221911E+03
   470.000  -194.906   1.224140E+03
   470.000  -199.676   1.226370E+03
   470.000  -204.445   1.228599E+03
   470.000  -209.215   1.230828E+03
   470.000  -213.984   1.233057E+03
   470.000  -218.754   1.235287E+03
   470.000  -228.293   1.239745E+03
   470.000  -237.833   1.244204E+03
   470.000  -247.372   1.248663E+03
   470.000  -256.911   1.253121E+03
   470.000  -266.450   1.257580E+03
   470.000  -275.990   1.262039E+03
   470.000  -285.529   1.266497E+03
   470.000  -290.298   1.268726E+03
   470.000  -295.068   1.270955E+03
   470.000  -299.838   1.273185E+03
   470.000  -304.607   1.275414E+03
   470.000  -314.147   1.279873E+03
   470.000  -323.686   1.284331E+03
   470.000  -333.225   1.288790E+03
   470.000  -342.764   1.293248E+03
   470.000  -352.304   1.297707E+03
   470.000  -361.843   1.302166E+03
   470.000  -371.382   1.306624E+03
   470.000  -380.921   1.311083E+03
   470.000  -391.242   1.315907E+03
   470.000  -400.000   1.520000E+03
   475.000     0.690   0.000000E+00
   475.000     0.213   1.341043E+01
   475.000    -0.484   3.290397E+01
   475.000    -1.218   5.093756E+01
   475.000    -1.695   6.246891E+01
   475.000    -2.172   7.385723E+01
   475.000    -2.649   8.509998E+01
   475.000    -3.126   9.619489E+01
   475.000    -3.603   1.071399E+02
   475.000    -4.557   1.285743E+02
   475.000    -5.034   1.390594E+02
   475.000    -5.511   1.493882E+02
   475.000    -5.988   1.595595E+02
   475.000    -6.942   1.794263E+02
   475.000    -8.226   2.051980E+02
   475.000    -8.850   2.208166E+02
   475.000    -9.804   2.444669E+02
   475.000   -10.758   2.678754E+02
   475.000   -11.712   2.910375E+02
   475.000   -12.666   3.139498E+02
   475.000   -13.620   3.366096E+02
   475.000   -15.528   3.811652E+02
   475.000   -17.436   4.246885E+02
   475.000   -19.345   4.671883E+02
   475.000   -21.253   5.086032E+02
   475.000   -23.161   5.489347E+02
   475.804   -26.214   6.096800E+02
   477.000   -27.917   6.249651E+02
   475.992   -28.907   6.398830E+02
   474.067   -30.800   6.664257E+02
   473.000   -31.849   6.810730E+02
   475.000   -34.609   7.290375E+02
   475.000   -38.712   7.938768E+02
   475.000   -40.333   8.063064E+02
   475.000   -43.195   8.293890E+02
   475.000   -46.057   8.529482E+02
   475.000   -48.919   8.766937E+02
   475.000   -51.781   9.004457E+02
   475.000   -54.643   9.241187E+02
   475.000   -57.505   9.476808E+02
   475.000   -60.368   9.711085E+02
   475.000   -63.230   9.943661E+02
   475.000   -66.092   1.017467E+03
   475.000   -70.862   1.055670E+03
   475.000   -75.632   1.093502E+03
   475.000   -80.402   1.131004E+03
   475.000   -85.172   1.168176E+03
   475.000   -89.942   1.204968E+03
   475.000   -94.712   1.241328E+03
   475.000   -99.483   1.277174E+03
   475.000  -105.350   1.320000E+03
   475.000  -109.023   1.327346E+03
   475.000  -113.793   1.336886E+03
   475.000  -118.563   1.346426E+03
   475.000  -123.333   1.355966E+03
   475.000  -128.103   1.365506E+03
   475.000  -132.873   1.375046E+03
   475.000  -137.643   1.384586E+03
   475.000  -142.414   1.394128E+03
   475.000  -147.184   1.400864E+03
   475.000  -151.954   1.403112E+03
   475.000  -158.276   1.206091E+03
   475.000  -161.494   1.207608E+03
   475.000  -166.264   1.209855E+03
   475.000  -171.034   1.212103E+03
   475.000  -175.804   1.214351E+03
   475.000  -180.575   1.216599E+03
   475.000  -185.345   1.218847E+03
   475.000  -190.115   1.221095E+03
   475.000  -194.885   1.223343E+03
   475.000  -199.655   1.225590E+03
   475.000  -204.425   1.227838E+03
   475.000  -209.195   1.230086E+03
   475.000  -213.965   1.232334E+03
   475.000  -218.735   1.234582E+03
   475.000  -228.276   1.239078E+03
   475.000  -237.816   1.243573E+03
   475.000  -247.356   1.248069E+03
   475.000  -256.896   1.252564E+03
   475.000  -266.437   1.257060E+03
   475.000  -275.977   1.261556E+03
   475.000  -285.517   1.266052E+03
   475.000  -290.287   1.268299E+03
   475.000  -295.057   1.270547E+03
   475.000  -299.828   1.272795E+03
   475.000  -304.598   1.275043E+03
   475.000  -314.138   1.279539E+03
   475.000  -323.678   1.284034E+03
   475.000  -333.218   1.288530E+03
   475.000  -342.759   1.293026E+03
   475.000  -352.299   1.297522E+03
   475.000  -361.839   1.302017E+03
   475.000  -371.379   1.306513E+03
   475.000  -380.920   1.311009E+03
   475.000  -391.367   1.315932E+03
   475.000  -400.000   1.520000E+03
   480.000     0.568   0.000000E+00
   480.000     0.091   1.383391E+01
   480.000    -0.436   2.894837E+01
   480.000    -1.339   5.145681E+01
   480.000    -1.816   6.309016E+01
   480.000    -2.293   7.453024E+01
   480.000    -2.770   8.578070E+01
   480.000    -3.247   9.684466E+01
   480.000    -3.724   1.077248E+02
   480.000    -4.678   1.289405E+02
   480.000    -5.154   1.392595E+02
   480.000    -5.631   1.494236E+02
   480.000    -6.108   1.594121E+02
   480.000    -7.062   1.788656E+02
   480.000    -7.596   1.894076E+02
   480.000    -8.969   2.235542E+02
   480.000    -9.923   2.469512E+02
   480.000   -10.877   2.700664E+02
   480.000   -11.831   2.929008E+02
   480.000   -12.784   3.154313E+02
   480.000   -13.738   3.377053E+02
   480.000   -15.645   3.813889E+02
   480.000   -17.553   4.239634E+02
   480.000   -19.460   4.653570E+02
   480.000   -21.368   5.055255E+02
   482.000   -22.782   5.323747E+02
   479.863   -25.180   5.825499E+02
   479.000   -26.148   5.973959E+02
   480.000   -28.998   6.450628E+02
   480.000   -31.268   6.821660E+02
   480.000   -32.813   7.071585E+02
   480.000   -34.720   7.375081E+02
   480.000   -38.158   7.910818E+02
   480.000   -40.443   8.084659E+02
   480.000   -43.304   8.308568E+02
   480.000   -46.165   8.535983E+02
   480.000   -49.026   8.765051E+02
   480.000   -51.887   8.994547E+02
   480.000   -54.749   9.224014E+02
   480.000   -57.610   9.452640E+02
   480.000   -60.471   9.680126E+02
   480.000   -63.332   9.906399E+02
   480.000   -66.193   1.013125E+03
   480.000   -70.962   1.050333E+03
   480.000   -75.731   1.087175E+03
   480.000   -80.499   1.123652E+03
   480.000   -85.268   1.159756E+03
   480.000   -90.037   1.195429E+03
   480.000   -94.805   1.230587E+03
   480.000   -99.574   1.265079E+03
   480.000  -104.343   1.298765E+03
   480.000  -107.443   1.320000E+03
   480.000  -113.880   1.332874E+03
   480.000  -118.649   1.342412E+03
   480.000  -123.417   1.351948E+03
   480.000  -128.186   1.361486E+03
   480.000  -132.955   1.371024E+03
   480.000  -137.723   1.380560E+03
   480.000  -142.492   1.390098E+03
   480.000  -147.261   1.399636E+03
   480.000  -152.029   1.402179E+03
   480.000  -158.430   1.205220E+03
   480.000  -161.567   1.206711E+03
   480.000  -166.335   1.208976E+03
   480.000  -171.104   1.211242E+03
   480.000  -175.873   1.213508E+03
   480.000  -180.641   1.215774E+03
   480.000  -185.410   1.218040E+03
   480.000  -190.179   1.220306E+03
   480.000  -194.947   1.222571E+03
   480.000  -199.716   1.224837E+03
   480.000  -204.485   1.227103E+03
   480.000  -209.253   1.229368E+03
   480.000  -214.022   1.231634E+03
   480.000  -218.791   1.233900E+03
   480.000  -228.328   1.238432E+03
   480.000  -237.865   1.242963E+03
   480.000  -247.403   1.247495E+03
   480.000  -256.940   1.252026E+03
   480.000  -266.477   1.256558E+03
   480.000  -276.015   1.261090E+03
   480.000  -285.552   1.265621E+03
   480.000  -290.321   1.267887E+03
   480.000  -295.089   1.270153E+03
   480.000  -299.858   1.272419E+03
   480.000  -304.627   1.274684E+03
   480.000  -314.164   1.279216E+03
   480.000  -323.701   1.283747E+03
   480.000  -333.239   1.288279E+03
   480.000  -342.776   1.292811E+03
   480.000  -352.313   1.297342E+03
   480.000  -361.851   1.301874E+03
   480.000  -371.388   1.306405E+03
   480.000  -380.925   1.310937E+03
   480.000  -391.492   1.315958E+03
   480.000  -400.000   1.520000E+03
   485.000     0.655   0.000000E+00
   485.000     0.178   1.337252E+01
   486.000    -0.379   2.923191E+01
   485.000    -1.253   5.016982E+01
   485.000    -1.730   6.150000E+01
   485.000    -2.207   7.265773E+01
   485.000    -2.684   8.364240E+01
   485.000    -3.161   9.445365E+01
   485.000    -3.638   1.050912E+02
   485.000    -4.592   1.258443E+02
   485.000    -5.069   1.359597E+02
   485.000    -5.546   1.459009E+02
   485.000    -6.023   1.556683E+02
   485.000    -6.967   1.744392E+02
   485.000    -7.930   1.984357E+02
   485.000    -8.884   2.218921E+02
   485.000    -9.838   2.450479E+02
   485.000   -10.792   2.679017E+02
   485.000   -11.746   2.904533E+02
   485.000   -12.700   3.127046E+02
   485.000   -13.654   3.346600E+02
   485.000   -15.562   3.776970E+02
   485.000   -17.470   4.196220E+02
   487.000   -19.590   4.636765E+02
   484.326   -21.297   5.005172E+02
   485.000   -23.194   5.378134E+02
   485.000   -25.101   5.745991E+02
   485.000   -27.009   6.093439E+02
   485.000   -28.917   6.430603E+02
   485.000   -30.852   6.762007E+02
   485.000   -32.733   7.076561E+02
   485.000   -34.641   7.387176E+02
   485.000   -37.604   7.853363E+02
   485.000   -40.364   8.064967E+02
   485.000   -43.226   8.287965E+02
   485.000   -46.088   8.512395E+02
   485.000   -48.950   8.737312E+02
   485.000   -51.812   8.962232E+02
   485.000   -54.674   9.186821E+02
   485.000   -57.535   9.410388E+02
   485.000   -60.397   9.633158E+02
   485.000   -63.259   9.854592E+02
   485.000   -66.121   1.007463E+03
   485.000   -70.891   1.043869E+03
   485.000   -75.660   1.079889E+03
   485.000   -80.430   1.115544E+03
   485.000   -85.200   1.150805E+03
   485.000   -89.969   1.185606E+03
   485.000   -94.739   1.219867E+03
   485.000   -99.509   1.253390E+03
   485.000  -104.278   1.285944E+03
   485.000  -109.535   1.320000E+03
   485.000  -113.818   1.328566E+03
   485.000  -118.588   1.338106E+03
   485.000  -123.357   1.347644E+03
   485.000  -128.127   1.357184E+03
   485.000  -132.897   1.366724E+03
   485.000  -137.666   1.376262E+03
   485.000  -142.436   1.385802E+03
   485.000  -147.206   1.395342E+03
   485.000  -151.975   1.401169E+03
   485.000  -158.583   1.204335E+03
   485.000  -161.515   1.205740E+03
   485.000  -166.285   1.208025E+03
   485.000  -171.054   1.210310E+03
   485.000  -175.824   1.212595E+03
   485.000  -180.594   1.214881E+03
   485.000  -185.363   1.217166E+03
   485.000  -190.133   1.219451E+03
   485.000  -194.903   1.221736E+03
   485.000  -199.673   1.224022E+03
   485.000  -204.442   1.226306E+03
   485.000  -209.212   1.228592E+03
   485.000  -213.982   1.230877E+03
   485.000  -218.751   1.233162E+03
   485.000  -228.291   1.237733E+03
   485.000  -237.830   1.242303E+03
   485.000  -247.370   1.246874E+03
   485.000  -256.909   1.251444E+03
   485.000  -266.448   1.256014E+03
   485.000  -275.988   1.260585E+03
   485.000  -285.527   1.265155E+03
   485.000  -290.297   1.267440E+03
   485.000  -295.067   1.269726E+03
   485.000  -299.836   1.272011E+03
   485.000  -304.606   1.274296E+03
   485.000  -314.145   1.278866E+03
   485.000  -323.685   1.283437E+03
   485.000  -333.224   1.288007E+03
   485.000  -342.764   1.292578E+03
   485.000  -352.303   1.297148E+03
   485.000  -361.842   1.301718E+03
   485.000  -371.382   1.306289E+03
   485.000  -380.921   1.310859E+03
   485.000  -391.617   1.315984E+03
   485.000  -400.000   1.520000E+03
   490.000     0.751   0.000000E+00
   490.000     0.274   1.301051E+01
   490.000    -0.379   3.066488E+01
   490.000    -1.157   4.911149E+01
   490.000    -1.634   6.020905E+01
   490.000    -2.112   7.116467E+01
   490.000    -2.589   8.192981E+01
   490.000    -3.066   9.252479E+01
   490.000    -3.543   1.029469E+02
   490.000    -4.497   1.232639E+02
   490.000    -4.974   1.331502E+02
   490.000    -5.451   1.428518E+02
   490.000    -6.337   1.604661E+02
   490.000    -6.882   1.741537E+02
   490.000    -7.837   1.978563E+02
   490.000    -8.791   2.211832E+02
   490.000    -9.745   2.441520E+02
   490.000   -10.699   2.667554E+02
   490.000   -11.653   2.889845E+02
   490.000   -12.607   3.108272E+02
   490.000   -13.562   3.323602E+02
   490.000   -15.470   3.743785E+02
   490.000   -18.027   4.296444E+02
   490.000   -19.287   4.560915E+02
   490.000   -21.195   4.952928E+02
   490.000   -23.103   5.333295E+02
   490.000   -25.012   5.702020E+02
   490.000   -26.920   6.058510E+02
   490.000   -28.828   6.403835E+02
   490.000   -30.437   6.686510E+02
   490.000   -32.645   7.063856E+02
   490.000   -34.553   7.379300E+02
   490.000   -37.051   7.777578E+02
   490.000   -40.278   8.028568E+02
   490.000   -43.141   8.252744E+02
   490.000   -46.003   8.476649E+02
   490.000   -48.866   8.700054E+02
   490.000   -51.728   8.922484E+02
   490.000   -54.591   9.144039E+02
   490.000   -57.453   9.364421E+02
   490.000   -60.316   9.583743E+02
   490.000   -63.178   9.801497E+02
   490.000   -66.041   1.001790E+03
   490.000   -70.812   1.037560E+03
   490.000   -75.583   1.072922E+03
   490.000   -80.353   1.107906E+03
   490.000   -85.124   1.142507E+03
   490.000   -89.895   1.176668E+03
   490.000   -94.666   1.210277E+03
   490.000   -99.437   1.243155E+03
   490.000  -104.208   1.274986E+03
   490.000  -108.978   1.305003E+03
   490.000  -111.628   1.320000E+03
   490.000  -118.520   1.333784E+03
   490.000  -123.291   1.343326E+03
   490.000  -128.062   1.352868E+03
   490.000  -132.833   1.362410E+03
   490.000  -137.604   1.371952E+03
   490.000  -142.374   1.381492E+03
   490.000  -147.145   1.391034E+03
   490.000  -151.916   1.400139E+03
   490.000  -158.737   1.203435E+03
   490.000  -161.458   1.204749E+03
   490.000  -166.229   1.207054E+03
   490.000  -170.999   1.209359E+03
   490.000  -175.770   1.211664E+03
   490.000  -180.541   1.213969E+03
   490.000  -185.312   1.216274E+03
   490.000  -190.083   1.218579E+03
   490.000  -194.854   1.220884E+03
   490.000  -199.625   1.223190E+03
   490.000  -204.395   1.225494E+03
   490.000  -209.166   1.227799E+03
   490.000  -213.937   1.230104E+03
   490.000  -218.708   1.232409E+03
   490.000  -228.250   1.237020E+03
   490.000  -237.791   1.241629E+03
   490.000  -247.333   1.246240E+03
   490.000  -256.875   1.250850E+03
   490.000  -266.416   1.255459E+03
   490.000  -275.958   1.260070E+03
   490.000  -285.500   1.264680E+03
   490.000  -290.271   1.266985E+03
   490.000  -295.041   1.269289E+03
   490.000  -299.812   1.271595E+03
   490.000  -304.583   1.273900E+03
   490.000  -314.125   1.278510E+03
   490.000  -323.666   1.283120E+03
   490.000  -333.208   1.287730E+03
   490.000  -342.750   1.292340E+03
   490.000  -352.292   1.296950E+03
   490.000  -361.833   1.301560E+03
   490.000  -371.375   1.306170E+03
   490.000  -380.917   1.310780E+03
   490.000  -391.742   1.316010E+03
   490.000  -400.000   1.520000E+03
   495.000     0.765   0.000000E+00
   495.000     0.288   1.302485E+01
   495.000    -0.379   3.112708E+01
   495.000    -1.143   4.929973E+01
   495.000    -1.621   6.046001E+01
   495.000    -2.098   7.143795E+01
   495.000    -2.575   8.225385E+01
   495.000    -3.052   9.290498E+01
   495.000    -3.529   1.033891E+02
   495.000    -4.483   1.238504E+02
   495.000    -4.960   1.338259E+02
   496.807    -5.480   1.449126E+02
   493.326    -5.919   1.528807E+02
   495.000    -6.869   1.782829E+02
   495.000    -7.823   2.017347E+02
   495.000    -8.777   2.251013E+02
   495.000    -9.731   2.480648E+02
   495.000   -10.685   2.706392E+02
   495.000   -11.640   2.928751E+02
   497.401   -12.651   3.183026E+02
   496.439   -13.582   3.376497E+02
   494.000   -15.944   3.848525E+02
   495.000   -17.365   4.145397E+02
   495.000   -19.273   4.543938E+02
   495.000   -21.182   4.933782E+02
   495.000   -23.090   5.313600E+02
   495.000   -24.998   5.683133E+02
   495.000   -26.907   6.042411E+02
   495.000   -28.815   6.391168E+02
   495.000   -30.022   6.606016E+02
   495.000   -32.632   7.057004E+02
   495.000   -34.540   7.375537E+02
   495.000   -36.497   7.690692E+02
   495.000   -40.266   7.988023E+02
   495.000   -43.128   8.213973E+02
   495.000   -45.991   8.438729E+02
   495.000   -48.854   8.661712E+02
   495.000   -51.716   8.882971E+02
   495.000   -54.579   9.102897E+02
   495.000   -57.441   9.321198E+02
   495.000   -60.304   9.537915E+02
   495.000   -63.167   9.753069E+02
   495.000   -66.029   9.966587E+02
   495.000   -70.800   1.031929E+03
   495.000   -75.571   1.066770E+03
   495.000   -80.342   1.101244E+03
   495.000   -85.113   1.135345E+03
   495.000   -89.884   1.169024E+03
   495.000   -94.655   1.202224E+03
   495.000   -99.426   1.234860E+03
   495.000  -104.197   1.266803E+03
   495.000  -108.968   1.297918E+03
   495.000  -112.392   1.320000E+03
   495.000  -118.510   1.332236E+03
   495.000  -123.281   1.341778E+03
   495.000  -128.052   1.351320E+03
   495.000  -132.823   1.360862E+03
   495.000  -137.594   1.370404E+03
   495.000  -142.365   1.379946E+03
   495.000  -147.136   1.389488E+03
   495.000  -151.907   1.399030E+03
   495.000  -158.890   1.203149E+03
   495.000  -161.449   1.204389E+03
   495.000  -166.220   1.206702E+03
   495.000  -170.991   1.209014E+03
   495.000  -175.762   1.211326E+03
   495.000  -180.533   1.213638E+03
   495.000  -185.304   1.215950E+03
   495.000  -190.075   1.218263E+03
   495.000  -194.846   1.220575E+03
   495.000  -199.618   1.222887E+03
   495.000  -204.389   1.225200E+03
   495.000  -209.160   1.227512E+03
   495.000  -213.931   1.229824E+03
   495.000  -218.702   1.232136E+03
   495.000  -228.244   1.236761E+03
   495.000  -237.786   1.241385E+03
   495.000  -247.328   1.246009E+03
   495.000  -256.870   1.250634E+03
   495.000  -266.412   1.255258E+03
   495.000  -275.954   1.259883E+03
   495.000  -285.496   1.264507E+03
   495.000  -290.267   1.266819E+03
   495.000  -295.038   1.269132E+03
   495.000  -299.809   1.271444E+03
   495.000  -304.580   1.273756E+03
   495.000  -314.122   1.278380E+03
   495.000  -323.664   1.283005E+03
   495.000  -333.206   1.287629E+03
   495.000  -342.748   1.292254E+03
   495.000  -352.290   1.296878E+03
   495.000  -361.832   1.301502E+03
   495.000  -371.374   1.306127E+03
   495.000  -380.916   1.310751E+03
   496.000  -391.892   1.316071E+03
   495.000  -400.000   1.520000E+03
   500.000     0.643   0.000000E+00
   500.000     0.166   1.378298E+01
   500.000    -0.379   2.934201E+01
   500.000    -1.265   5.132024E+01
   500.000    -1.742   6.285314E+01
   500.000    -2.219   7.417255E+01
   500.000    -2.696   8.527789E+01
   500.000    -3.173   9.616757E+01
   500.000    -3.650   1.068387E+02
   500.000    -4.604   1.275160E+02
   500.000    -5.078   1.375165E+02
   500.000    -5.557   1.503116E+02
   500.000    -6.034   1.629202E+02
   500.000    -6.988   1.880273E+02
   502.318    -7.889   2.152501E+02
   501.309    -8.866   2.376067E+02
   500.300    -9.843   2.593085E+02
   499.324   -10.788   2.797207E+02
   498.362   -11.719   2.992952E+02
   500.000   -12.712   3.171725E+02
   500.000   -13.666   3.350631E+02
   500.000   -14.874   3.567317E+02
   500.000   -17.481   4.139527E+02
   500.000   -19.389   4.543892E+02
   500.000   -21.297   4.936666E+02
   500.000   -23.205   5.318362E+02
   500.000   -25.113   5.689241E+02
   500.000   -27.020   6.049260E+02
   500.000   -29.606   6.521388E+02
   500.000   -30.836   6.739331E+02
   500.000   -32.744   7.068252E+02
   500.000   -35.943   7.598586E+02
   500.000   -37.513   7.723827E+02
   500.000   -40.375   7.951913E+02
   500.000   -43.237   8.179622E+02
   500.000   -46.099   8.405168E+02
   500.000   -48.960   8.628055E+02
   500.000   -51.822   8.848949E+02
   500.000   -54.684   9.067891E+02
   500.000   -57.546   9.284783E+02
   500.000   -60.407   9.499639E+02
   500.000   -63.269   9.712740E+02
   500.000   -66.131   9.924098E+02
   500.000   -70.900   1.027276E+03
   500.000   -75.670   1.061715E+03
   500.000   -80.440   1.095790E+03
   500.000   -85.209   1.129488E+03
   500.000   -89.979   1.162828E+03
   500.000   -94.748   1.195787E+03
   500.000   -99.518   1.228358E+03
   500.000  -104.287   1.260549E+03
   500.000  -109.057   1.292465E+03
   500.000  -113.156   1.320000E+03
   500.000  -118.596   1.330880E+03
   500.000  -123.366   1.340420E+03
   500.000  -128.135   1.349958E+03
   500.000  -132.905   1.359498E+03
   500.000  -137.674   1.369036E+03
   500.000  -142.444   1.378576E+03
   500.000  -147.213   1.388114E+03
   500.000  -151.983   1.397654E+03
   500.000  -159.044   1.202862E+03
   500.000  -161.522   1.204067E+03
   500.000  -166.292   1.206386E+03
   500.000  -171.061   1.208704E+03
   500.000  -175.831   1.211023E+03
   500.000  -180.600   1.213342E+03
   500.000  -185.370   1.215660E+03
   500.000  -190.139   1.217979E+03
   500.000  -194.909   1.220298E+03
   500.000  -199.679   1.222617E+03
   500.000  -204.448   1.224935E+03
   500.000  -209.218   1.227254E+03
   500.000  -213.987   1.229572E+03
   500.000  -218.757   1.231891E+03
   500.000  -228.296   1.236528E+03
   500.000  -237.835   1.241166E+03
   500.000  -247.374   1.245803E+03
   500.000  -256.913   1.250440E+03
   500.000  -266.452   1.255077E+03
   500.000  -275.991   1.259715E+03
   500.000  -285.531   1.264352E+03
   500.000  -290.300   1.266671E+03
   500.000  -295.070   1.268990E+03
   500.000  -299.839   1.271308E+03
   500.000  -304.609   1.273627E+03
   500.000  -314.148   1.278264E+03
   500.000  -323.687   1.282901E+03
   500.000  -333.226   1.287539E+03
   500.000  -342.765   1.292176E+03
   500.000  -352.304   1.296813E+03
   500.000  -361.844   1.301451E+03
   500.000  -371.383   1.306088E+03
   500.627  -380.921   1.310725E+03
   500.000  -390.461   1.515363E+03
   500.000  -400.000   1.520000E+03
   505.000     0.761   0.000000E+00
   505.000     0.284   1.387127E+01
   505.000    -0.379   3.304958E+01
   505.000    -1.147   5.253964E+01
   505.000    -1.624   6.446480E+01
   505.000    -2.102   7.627808E+01
   505.000    -2.579   8.793239E+01
   505.000    -3.056   9.945593E+01
   505.000    -3.533   1.108394E+02
   506.000    -4.323   1.302214E+02
   505.338    -4.964   1.462471E+02
   504.842    -5.445   1.580446E+02
   504.337    -5.933   1.698204E+02
   503.327    -6.911   1.929007E+02
   505.000    -7.827   2.129811E+02
   505.000    -8.781   2.337661E+02
   505.000    -9.735   2.539038E+02
   505.000   -10.689   2.733852E+02
   505.000   -11.644   2.922328E+02
   505.000   -12.598   3.103548E+02
   505.000   -13.982   3.355128E+02
   505.000   -15.460   3.684929E+02
   505.000   -17.369   4.100256E+02
   505.000   -19.277   4.504610E+02
   505.000   -21.185   4.898238E+02
   505.000   -23.094   5.281437E+02
   505.000   -25.002   5.653921E+02
   505.000   -26.911   6.016197E+02
   505.000   -29.191   6.435008E+02
   505.000   -30.727   6.709526E+02
   505.000   -32.636   7.041041E+02
   505.000   -35.389   7.500454E+02
   505.000   -37.407   7.664259E+02
   505.000   -40.269   7.895299E+02
   505.000   -43.132   8.125174E+02
   505.000   -45.994   8.351980E+02
   505.000   -48.857   8.575678E+02
   505.000   -51.720   8.796757E+02
   505.000   -54.582   9.015371E+02
   505.000   -57.445   9.231665E+02
   505.000   -60.307   9.445680E+02
   505.000   -63.170   9.657572E+02
   505.000   -66.033   9.867574E+02
   505.000   -70.803   1.021361E+03
   505.000   -75.574   1.055528E+03
   505.000   -80.345   1.089325E+03
   505.000   -85.116   1.122773E+03
   505.000   -89.887   1.155914E+03
   505.000   -94.658   1.188759E+03
   505.000   -99.429   1.221363E+03
   505.000  -104.200   1.253779E+03
   505.000  -108.971   1.286152E+03
   505.000  -113.919   1.320000E+03
   505.000  -118.513   1.329188E+03
   505.000  -123.284   1.338730E+03
   505.000  -128.055   1.348272E+03
   505.000  -132.826   1.357814E+03
   505.000  -137.597   1.367356E+03
   505.000  -142.368   1.376898E+03
   505.000  -147.139   1.386440E+03
   505.000  -151.910   1.395982E+03
   505.000  -156.681   1.401347E+03
   505.000  -159.197   1.202574E+03
   505.000  -166.223   1.206000E+03
   505.000  -170.994   1.208327E+03
   505.000  -175.765   1.210653E+03
   505.000  -180.536   1.212980E+03
   505.000  -185.307   1.215306E+03
   505.000  -190.078   1.217633E+03
   505.000  -194.849   1.219959E+03
   505.000  -199.620   1.222286E+03
   505.000  -204.390   1.224612E+03
   505.000  -209.161   1.226938E+03
   505.000  -213.932   1.229265E+03
   505.000  -218.703   1.231592E+03
   505.000  -228.245   1.236245E+03
   505.000  -237.787   1.240898E+03
   505.000  -247.329   1.245551E+03
   505.000  -256.871   1.250204E+03
   505.000  -266.413   1.254857E+03
   505.000  -275.955   1.259510E+03
   505.000  -285.497   1.264163E+03
   505.000  -290.268   1.266490E+03
   505.000  -295.039   1.268816E+03
   505.000  -299.810   1.271143E+03
   505.000  -304.581   1.273469E+03
   505.000  -314.123   1.278123E+03
   505.000  -323.665   1.282776E+03
   505.000  -333.207   1.287429E+03
   505.000  -342.748   1.292081E+03
   505.000  -352.290   1.296734E+03
   505.000  -361.832   1.301388E+03
   505.000  -370.552   1.305640E+03
   505.000  -380.916   1.510694E+03
   505.000  -390.458   1.515347E+03
   505.000  -400.000   1.520000E+03
   510.000     0.759   0.000000E+00
   510.000     0.282   1.410219E+01
   510.000    -0.379   3.351429E+01
   510.000    -1.149   5.334393E+01
   510.000    -1.626   6.542844E+01
   510.000    -2.104   7.739634E+01
   510.000    -2.581   8.917607E+01
   511.265    -3.073   1.011757E+02
   509.319    -3.535   1.122356E+02
   510.000    -4.489   1.351729E+02
   510.000    -4.966   1.464474E+02
   510.000    -5.443   1.575922E+02
   510.000    -5.920   1.685976E+02
   510.000    -6.875   1.901937E+02
   510.000    -7.829   2.110777E+02
   510.000    -8.783   2.313140E+02
   510.000    -9.737   2.509003E+02
   510.000   -10.691   2.698339E+02
   510.000   -11.645   2.881118E+02
   510.000   -12.600   3.057511E+02
   510.000   -13.091   3.145398E+02
   510.000   -15.462   3.673816E+02
   510.000   -17.371   4.087896E+02
   510.000   -19.279   4.491368E+02
   510.000   -21.187   4.884506E+02
   510.000   -23.096   5.267569E+02
   510.000   -25.004   5.640226E+02
   510.000   -26.912   6.002752E+02
   510.000   -28.776   6.346798E+02
   510.000   -30.729   6.698030E+02
   510.000   -32.638   7.031045E+02
   510.000   -34.835   7.401653E+02
   510.000   -37.409   7.613035E+02
   510.000   -40.271   7.846565E+02
   510.000   -43.134   8.078272E+02
   510.000   -45.996   8.306086E+02
   510.000   -48.859   8.530403E+02
   510.000   -51.721   8.751661E+02
   510.000   -54.584   8.970133E+02
   510.000   -57.446   9.185877E+02
   510.000   -60.309   9.399332E+02
   510.000   -63.172   9.610416E+02
   510.000   -66.034   9.819320E+02
   510.000   -70.805   1.016348E+03
   510.000   -75.576   1.050296E+03
   510.000   -80.347   1.083873E+03
   510.000   -85.118   1.117131E+03
   510.000   -89.889   1.150108E+03
   510.000   -94.660   1.182853E+03
   510.000   -99.431   1.215475E+03
   510.000  -104.202   1.248003E+03
   510.000  -108.973   1.280615E+03
   510.000  -114.683   1.320000E+03
   510.000  -118.515   1.327664E+03
   510.000  -123.285   1.337204E+03
   510.000  -128.056   1.346746E+03
   510.000  -132.827   1.356288E+03
   510.000  -137.598   1.365830E+03
   510.000  -142.369   1.375372E+03
   510.000  -147.140   1.384914E+03
   510.000  -151.911   1.394456E+03
   510.000  -156.682   1.400978E+03
   510.000  -159.350   1.202283E+03
   510.000  -166.224   1.205645E+03
   510.000  -170.995   1.207979E+03
   510.000  -175.766   1.210313E+03
   510.000  -180.537   1.212647E+03
   510.000  -185.308   1.214981E+03
   510.000  -190.079   1.217314E+03
   510.000  -194.850   1.219648E+03
   510.000  -199.621   1.221982E+03
   510.000  -204.391   1.224315E+03
   510.000  -209.162   1.226649E+03
   510.000  -213.933   1.228983E+03
   510.000  -218.704   1.231317E+03
   510.000  -228.246   1.235984E+03
   510.000  -237.788   1.240652E+03
   510.000  -247.330   1.245319E+03
   510.000  -256.872   1.249987E+03
   510.000  -266.414   1.254655E+03
   510.000  -275.956   1.259322E+03
   510.000  -285.497   1.263989E+03
   510.000  -290.268   1.266323E+03
   510.000  -295.039   1.268657E+03
   510.000  -299.810   1.270991E+03
   510.000  -304.581   1.273325E+03
   510.000  -314.123   1.277992E+03
   510.000  -323.665   1.282660E+03
   510.000  -333.207   1.287327E+03
   510.000  -342.749   1.291995E+03
   510.000  -352.291   1.296663E+03
   510.000  -358.697   1.299796E+03
   510.000  -371.374   1.505997E+03
   510.000  -380.916   1.510665E+03
   510.000  -390.458   1.515332E+03
   510.000  -400.000   1.520000E+03
   515.000     0.700   0.000000E+00
   515.000     0.223   1.424050E+01
   515.000    -0.379   3.207779E+01
   515.000    -1.208   5.358061E+01
   517.337    -1.715   6.584154E+01
   516.000    -1.948   7.207414E+01
   513.179    -2.618   8.955820E+01
   515.000    -3.116   1.013917E+02
   515.000    -3.593   1.129331E+02
   515.000    -4.547   1.355277E+02
   515.000    -5.024   1.465881E+02
   515.000    -5.501   1.574900E+02
   515.000    -5.978   1.682328E+02
   515.000    -6.932   1.892386E+02
   515.000    -7.886   2.095998E+02
   515.000    -8.840   2.293150E+02
   515.000    -9.795   2.484049E+02
   515.000   -10.749   2.668341E+02
   515.000   -11.703   2.845514E+02
   515.000   -12.199   2.935046E+02
   515.000   -13.611   3.253365E+02
   515.000   -15.519   3.675097E+02
   515.000   -17.427   4.086967E+02
   515.000   -19.335   4.488893E+02
   515.000   -21.243   4.880841E+02
   515.000   -23.151   5.262816E+02
   515.000   -25.059   5.634870E+02
   515.000   -26.967   5.997109E+02
   515.000   -28.360   6.254693E+02
   515.000   -30.784   6.691404E+02
   515.000   -32.692   7.024758E+02
   513.000   -34.503   7.340720E+02
   515.000   -37.462   7.568809E+02
   515.000   -40.324   7.803523E+02
   515.000   -43.186   8.036120E+02
   515.000   -46.048   8.264453E+02
   515.000   -48.910   8.489175E+02
   515.000   -51.773   8.710600E+02
   515.000   -54.635   8.928783E+02
   515.000   -57.497   9.144197E+02
   515.000   -60.359   9.357039E+02
   515.000   -63.221   9.567444E+02
   515.000   -66.083   9.775670E+02
   515.000   -70.854   1.011843E+03
   515.000   -75.624   1.045615E+03
   515.000   -80.394   1.079024E+03
   515.000   -85.164   1.112133E+03
   515.000   -89.935   1.144969E+03
   515.000   -94.705   1.177628E+03
   515.000   -99.475   1.210217E+03
   515.000  -104.245   1.242779E+03
   515.000  -109.015   1.275483E+03
   515.000  -115.447   1.320000E+03
   515.000  -118.556   1.326218E+03
   515.000  -123.326   1.335758E+03
   515.000  -128.096   1.345298E+03
   515.000  -132.867   1.354840E+03
   515.000  -137.637   1.364380E+03
   515.000  -142.407   1.373920E+03
   515.000  -147.177   1.383460E+03
   515.000  -151.948   1.393002E+03
   515.000  -156.718   1.400624E+03
   515.000  -159.504   1.201991E+03
   515.000  -166.258   1.205305E+03
   515.000  -171.029   1.207646E+03
   515.000  -175.799   1.209987E+03
   515.000  -180.569   1.212327E+03
   515.000  -185.339   1.214668E+03
   515.000  -190.110   1.217009E+03
   515.000  -194.880   1.219349E+03
   515.000  -199.650   1.221690E+03
   515.000  -204.420   1.224031E+03
   515.000  -209.190   1.226371E+03
   515.000  -213.961   1.228712E+03
   515.000  -218.731   1.231053E+03
   515.000  -228.271   1.235734E+03
   515.000  -237.812   1.240416E+03
   515.000  -247.352   1.245097E+03
   515.000  -256.893   1.249779E+03
   515.000  -266.433   1.254460E+03
   515.000  -275.974   1.259142E+03
   515.000  -285.514   1.263823E+03
   515.000  -290.285   1.266164E+03
   515.000  -295.055   1.268504E+03
   515.000  -299.825   1.270845E+03
   515.000  -304.595   1.273186E+03
   515.000  -314.136   1.277867E+03
   515.000  -323.676   1.282548E+03
   515.000  -333.217   1.287230E+03
   516.721  -342.760   1.291913E+03
   512.700  -352.295   1.296592E+03
   515.000  -361.838   1.501274E+03
   515.000  -371.379   1.505956E+03
   515.000  -380.919   1.510637E+03
   515.000  -390.460   1.515319E+03
   515.000  -400.000   1.520000E+03
   520.000     0.636   0.000000E+00
   520.000     0.159   1.433410E+01
   520.000    -0.379   3.036839E+01
   519.886    -1.271   5.362394E+01
   520.000    -1.749   6.578847E+01
   520.000    -2.226   7.775970E+01
   520.000    -2.703   8.954140E+01
   520.000    -3.180   1.011166E+02
   520.000    -3.657   1.125219E+02
   520.000    -4.610   1.347993E+02
   520.000    -5.087   1.456932E+02
   520.000    -5.564   1.564154E+02
   520.000    -6.041   1.669649E+02
   520.000    -6.995   1.875431E+02
   520.000    -7.949   2.074165E+02
   520.000    -8.903   2.265722E+02
   520.000    -9.857   2.449936E+02
   522.000   -10.951   2.634312E+02
   517.602   -11.735   2.823936E+02
   520.000   -12.719   3.039775E+02
   520.000   -13.672   3.253269E+02
   520.000   -15.580   3.673447E+02
   520.000   -17.488   4.083880E+02
   520.000   -19.396   4.484484E+02
   520.000   -21.304   4.875184E+02
   520.000   -23.211   5.255714E+02
   520.000   -25.119   5.626407E+02
   520.000   -27.945   6.157938E+02
   520.000   -28.935   6.338781E+02
   520.000   -30.843   6.679320E+02
   520.000   -32.750   7.009712E+02
   520.000   -34.219   7.256871E+02
   520.000   -37.520   7.528969E+02
   520.000   -40.381   7.763218E+02
   520.000   -43.243   7.995851E+02
   520.000   -46.105   8.224325E+02
   520.000   -48.967   8.449105E+02
   520.000   -51.828   8.670317E+02
   520.000   -54.690   8.888468E+02
   520.000   -57.552   9.103612E+02
   520.000   -60.413   9.315991E+02
   520.000   -63.275   9.525985E+02
   520.000   -66.137   9.733703E+02
   520.000   -70.906   1.007517E+03
   520.000   -75.676   1.041177E+03
   520.000   -80.445   1.074462E+03
   520.000   -85.215   1.107441E+03
   520.000   -89.984   1.140145E+03
   520.000   -94.754   1.172732E+03
   520.000   -99.523   1.205257E+03
   520.000  -104.292   1.237798E+03
   520.000  -109.062   1.270498E+03
   520.000  -116.211   1.320000E+03
   520.000  -118.601   1.324780E+03
   520.000  -123.370   1.334318E+03
   520.000  -128.140   1.343858E+03
   520.000  -132.909   1.353396E+03
   520.000  -137.679   1.362936E+03
   520.000  -142.448   1.372474E+03
   520.000  -147.218   1.382014E+03
   520.000  -151.987   1.391552E+03
   520.000  -156.757   1.400269E+03
   520.000  -159.657   1.201696E+03
   520.000  -166.296   1.204964E+03
   520.000  -171.065   1.207312E+03
   520.000  -175.835   1.209660E+03
   520.000  -180.604   1.212007E+03
   520.000  -185.374   1.214355E+03
   520.000  -190.143   1.216702E+03
   520.000  -194.913   1.219050E+03
   520.000  -199.682   1.221398E+03
   520.000  -204.451   1.223745E+03
   520.000  -209.221   1.226093E+03
   520.000  -213.990   1.228440E+03
   520.000  -218.760   1.230788E+03
   520.000  -228.299   1.235484E+03
   520.000  -237.838   1.240179E+03
   520.000  -247.377   1.244875E+03
   520.000  -256.916   1.249570E+03
   520.000  -266.455   1.254265E+03
   520.000  -275.994   1.258961E+03
   520.000  -285.533   1.263656E+03
   520.000  -290.302   1.266003E+03
   520.000  -295.072   1.268351E+03
   520.000  -299.841   1.270699E+03
   520.000  -304.610   1.273046E+03
   520.000  -314.149   1.277742E+03
   520.000  -323.688   1.282437E+03
   520.742  -333.227   1.287132E+03
   520.000  -342.766   1.491828E+03
   520.000  -352.305   1.496523E+03
   520.000  -361.844   1.501219E+03
   520.000  -371.383   1.505914E+03
   520.000  -380.922   1.510609E+03
   520.000  -390.461   1.515305E+03
   520.000  -400.000   1.520000E+03
   525.000     0.638   0.000000E+00
   525.000     0.161   1.399545E+01
   525.000    -0.379   2.973600E+01
   525.000    -1.270   5.246509E+01
   525.000    -1.747   6.443194E+01
   525.000    -2.224   7.624050E+01
   525.000    -2.701   8.788886E+01
   525.000    -3.178   9.937536E+01
   525.000    -3.655   1.106988E+02
   525.000    -4.608   1.328293E+02
   525.000    -5.085   1.436568E+02
   525.000    -5.562   1.543166E+02
   525.000    -6.039   1.648078E+02
   525.000    -6.993   1.852803E+02
   525.000    -7.947   2.050654E+02
   525.000    -8.901   2.241547E+02
   525.000    -9.855   2.425394E+02
   525.000   -11.169   2.670692E+02
   525.000   -11.763   2.805890E+02
   525.000   -12.717   3.021329E+02
   525.000   -13.671   3.234416E+02
   525.000   -15.578   3.653551E+02
   525.000   -17.486   4.063426E+02
   525.000   -19.394   4.463567E+02
   525.000   -21.302   4.853814E+02
   525.000   -23.210   5.234062E+02
   525.000   -25.117   5.604052E+02
   525.000   -27.777   6.103062E+02
   525.000   -28.933   6.313944E+02
   525.000   -30.841   6.653502E+02
   525.000   -32.749   6.982721E+02
   525.000   -34.016   7.195461E+02
   525.000   -37.518   7.484474E+02
   525.000   -40.380   7.718996E+02
   525.000   -43.241   7.951664E+02
   525.000   -46.103   8.180358E+02
   525.000   -48.965   8.405194E+02
   525.000   -51.827   8.626630E+02
   525.000   -54.688   8.844786E+02
   525.000   -57.550   9.059881E+02
   525.000   -60.412   9.272124E+02
   525.000   -63.273   9.481708E+02
   525.000   -66.135   9.688993E+02
   525.000   -70.905   1.002986E+03
   525.000   -75.674   1.036565E+03
   525.000   -80.444   1.069759E+03
   525.000   -85.213   1.102620E+03
   525.000   -89.983   1.135242E+03
   525.000   -94.752   1.167740E+03
   525.000   -99.522   1.200195E+03
   525.000  -104.291   1.232659E+03
   525.000  -109.061   1.265281E+03
   525.000  -113.830   1.298199E+03
   525.000  -116.975   1.320000E+03
   525.000  -123.369   1.332788E+03
   525.000  -128.139   1.342328E+03
   525.000  -132.908   1.351866E+03
   525.000  -137.678   1.361406E+03
   525.000  -142.447   1.370944E+03
   525.000  -147.217   1.380484E+03
   525.000  -151.986   1.390022E+03
   525.000  -156.756   1.399562E+03
   525.000  -159.811   1.201400E+03
   525.000  -166.295   1.204602E+03
   525.000  -171.064   1.206957E+03
   525.000  -175.834   1.209312E+03
   525.000  -180.603   1.211667E+03
   525.000  -185.373   1.214022E+03
   525.000  -190.142   1.216377E+03
   525.000  -194.912   1.218732E+03
   525.000  -199.681   1.221087E+03
   525.000  -204.450   1.223442E+03
   525.000  -209.220   1.225797E+03
   525.000  -213.990   1.228153E+03
   525.000  -218.759   1.230507E+03
   525.000  -228.298   1.235218E+03
   525.000  -237.837   1.239928E+03
   525.000  -247.376   1.244638E+03
   525.000  -256.915   1.249348E+03
   525.000  -266.454   1.254058E+03
   525.000  -275.993   1.258768E+03
   525.000  -285.532   1.263478E+03
   525.000  -290.302   1.265834E+03
   525.000  -295.071   1.268189E+03
   525.000  -299.841   1.270544E+03
   525.000  -304.610   1.272899E+03
   525.000  -314.149   1.277609E+03
   525.000  -323.131   1.282044E+03
   525.000  -333.227   1.487029E+03
   525.000  -342.766   1.491739E+03
   525.000  -352.305   1.496449E+03
   525.000  -361.844   1.501159E+03
   525.000  -371.383   1.505870E+03
   525.000  -380.922   1.510580E+03
   525.000  -390.461   1.515290E+03
   525.000  -400.000   1.520000E+03
   530.000     0.541   0.000000E+00
   530.000    -0.389   2.734612E+01
   530.000    -0.890   4.030009E+01
   530.000    -1.366   5.241536E+01
   530.000    -1.843   6.439834E+01
   530.000    -2.320   7.622209E+01
   530.000    -2.797   8.788525E+01
   530.000    -3.274   9.938671E+01
   530.000    -3.751   1.107255E+02
   530.000    -4.704   1.328890E+02
   530.000    -5.181   1.437353E+02
   530.000    -5.658   1.544161E+02
   530.000    -6.135   1.649307E+02
   530.000    -7.088   1.854387E+02
   530.000    -8.042   2.052995E+02
   530.000    -8.996   2.244894E+02
   530.000    -9.949   2.429886E+02
   530.000   -10.903   2.607935E+02
   530.000   -11.532   2.722101E+02
   530.000   -12.810   3.013170E+02
   530.000   -13.764   3.227469E+02
   530.000   -15.671   3.648065E+02
   530.000   -17.579   4.058600E+02
   530.000   -19.486   4.458665E+02
   530.000   -21.393   4.848467E+02
   530.000   -23.301   5.228186E+02
   530.000   -25.208   5.597406E+02
   530.000   -27.608   6.047119E+02
   530.000   -29.023   6.304967E+02
   530.000   -30.930   6.643169E+02
   530.000   -32.837   6.971014E+02
   530.000   -33.813   7.134451E+02
   530.000   -37.606   7.447901E+02
   530.000   -40.467   7.682511E+02
   530.000   -43.328   7.915435E+02
   530.000   -46.189   8.144160E+02
   530.000   -49.050   8.369029E+02
   530.000   -51.911   8.590547E+02
   530.000   -54.772   8.808690E+02
   530.000   -57.633   9.023643E+02
   530.000   -60.494   9.235600E+02
   530.000   -63.355   9.444921E+02
   530.000   -66.216   9.651805E+02
   530.000   -70.984   9.991987E+02
   530.000   -75.753   1.032705E+03
   530.000   -80.521   1.065801E+03
   530.000   -85.289   1.098564E+03
   530.000   -90.058   1.131089E+03
   530.000   -94.826   1.163490E+03
   530.000   -99.594   1.195825E+03
   530.000  -104.363   1.228181E+03
   530.000  -109.131   1.260705E+03
   530.000  -113.899   1.293459E+03
   530.000  -117.739   1.320000E+03
   530.000  -123.436   1.331394E+03
   530.000  -128.204   1.340930E+03
   530.000  -132.973   1.350468E+03
   530.000  -137.741   1.360004E+03
   530.000  -142.509   1.369540E+03
   530.000  -147.278   1.379078E+03
   530.000  -152.046   1.388614E+03
   530.000  -156.814   1.398150E+03
   530.000  -159.964   1.201102E+03
   530.000  -166.351   1.204266E+03
   530.000  -171.119   1.206628E+03
   530.000  -175.888   1.208990E+03
   530.000  -180.656   1.211352E+03
   530.000  -185.424   1.213713E+03
   530.000  -190.193   1.216076E+03
   530.000  -194.961   1.218437E+03
   530.000  -199.730   1.220800E+03
   530.000  -204.498   1.223161E+03
   530.000  -209.266   1.225523E+03
   530.000  -214.035   1.227885E+03
   530.000  -218.803   1.230247E+03
   530.000  -228.340   1.234971E+03
   530.000  -237.876   1.239695E+03
   530.000  -247.413   1.244419E+03
   530.000  -256.950   1.249143E+03
   530.000  -266.486   1.253866E+03
   530.000  -276.023   1.258590E+03
   530.000  -285.560   1.263314E+03
   530.000  -290.328   1.265676E+03
   530.000  -295.096   1.268038E+03
   530.000  -299.865   1.270400E+03
   530.000  -304.633   1.272762E+03
   530.000  -311.275   1.276052E+03
   530.000  -323.706   1.482209E+03
   530.000  -333.243   1.486933E+03
   530.000  -342.780   1.491657E+03
   530.000  -352.317   1.496381E+03
   530.000  -361.853   1.501105E+03
   530.000  -371.390   1.505829E+03
   530.000  -380.927   1.510553E+03
   530.000  -390.463   1.515276E+03
   530.000  -400.000   1.520000E+03
   535.000     0.384   0.000000E+00
   535.000    -0.398   2.346991E+01
   535.000    -1.046   4.049233E+01
   535.000    -1.523   5.280395E+01
   535.000    -1.999   6.491019E+01
   535.000    -2.476   7.686345E+01
   535.000    -2.953   8.863966E+01
   535.000    -3.429   1.002158E+02
   535.000    -3.906   1.116418E+02
   535.000    -4.859   1.339501E+02
   535.000    -5.336   1.448580E+02
   535.000    -5.812   1.555722E+02
   535.000    -6.289   1.661385E+02
   535.000    -7.242   1.867401E+02
   535.000    -8.196   2.066871E+02
   535.000    -9.149   2.259396E+02
   535.000   -10.102   2.445196E+02
   535.000   -11.056   2.624442E+02
   535.000   -11.895   2.776690E+02
   535.000   -12.962   3.019091E+02
   535.000   -13.915   3.233442E+02
   535.000   -15.822   3.654513E+02
   535.000   -17.729   4.065007E+02
   535.000   -19.635   4.464704E+02
   535.000   -21.542   4.854040E+02
   535.000   -23.448   5.232627E+02
   535.000   -25.355   5.600882E+02
   535.000   -27.440   5.991175E+02
   535.000   -29.168   6.305563E+02
   535.000   -31.075   6.642248E+02
   535.000   -33.610   7.074074E+02
   535.000   -34.888   7.180682E+02
   535.000   -37.748   7.416685E+02
   535.000   -40.608   7.651316E+02
   535.000   -43.468   7.884442E+02
   535.000   -46.327   8.113140E+02
   535.000   -49.187   8.338220E+02
   535.000   -52.047   8.559592E+02
   535.000   -54.907   8.777499E+02
   535.000   -57.767   8.992324E+02
   535.000   -60.627   9.204168E+02
   535.000   -63.487   9.413291E+02
   535.000   -66.347   9.619881E+02
   535.000   -71.113   9.959385E+02
   535.000   -75.880   1.029360E+03
   535.000   -80.646   1.062369E+03
   535.000   -85.413   1.095042E+03
   535.000   -90.179   1.127461E+03
   535.000   -94.946   1.159749E+03
   535.000   -99.712   1.191944E+03
   535.000  -104.478   1.224176E+03
   535.000  -109.245   1.256558E+03
   535.000  -114.011   1.289115E+03
   535.000  -118.502   1.320000E+03
   535.000  -123.544   1.330084E+03
   535.000  -128.311   1.339618E+03
   535.000  -133.077   1.349150E+03
   535.000  -137.844   1.358684E+03
   535.000  -142.610   1.368216E+03
   535.000  -147.377   1.377750E+03
   535.000  -152.143   1.387282E+03
   535.000  -156.910   1.396816E+03
   535.000  -160.117   1.200802E+03
   535.000  -166.443   1.203946E+03
   535.000  -171.209   1.206314E+03
   535.000  -175.976   1.208683E+03
   535.000  -180.742   1.211051E+03
   535.000  -185.509   1.213420E+03
   535.000  -190.275   1.215788E+03
   535.000  -195.042   1.218157E+03
   535.000  -199.808   1.220525E+03
   535.000  -204.574   1.222893E+03
   535.000  -209.341   1.225262E+03
   535.000  -214.107   1.227630E+03
   535.000  -218.874   1.229999E+03
   535.000  -228.407   1.234736E+03
   535.000  -237.940   1.239473E+03
   535.000  -247.473   1.244210E+03
   535.000  -257.006   1.248946E+03
   535.000  -266.539   1.253683E+03
   535.000  -276.072   1.258420E+03
   535.000  -285.605   1.263157E+03
   535.000  -290.371   1.265526E+03
   536.803  -295.146   1.267898E+03
   534.796  -299.902   1.270261E+03
   532.793  -304.654   1.272623E+03
   535.000  -314.203   1.477368E+03
   535.000  -323.736   1.482105E+03
   535.000  -333.269   1.486841E+03
   535.000  -342.802   1.491578E+03
   535.000  -352.335   1.496315E+03
   535.000  -361.868   1.501052E+03
   535.000  -371.401   1.505789E+03
   535.000  -380.934   1.510526E+03
   535.000  -390.467   1.515263E+03
   535.000  -400.000   1.520000E+03
   540.000     0.303   0.000000E+00
   540.000    -0.408   2.137547E+01
   540.000    -1.127   4.027154E+01
   540.000    -1.603   5.255343E+01
   540.000    -2.080   6.468096E+01
   540.000    -2.556   7.660517E+01
   540.000    -3.033   8.837810E+01
   540.000    -3.509   9.995213E+01
   540.000    -3.986   1.113775E+02
   540.000    -4.939   1.336910E+02
   540.000    -5.416   1.446065E+02
   540.000    -5.892   1.553324E+02
   540.000    -6.369   1.659153E+02
   540.000    -7.322   1.865671E+02
   540.000    -8.275   2.065745E+02
   540.000    -9.228   2.259503E+02
   540.000   -10.181   2.447088E+02
   540.000   -11.134   2.628667E+02
   542.000   -12.404   2.854706E+02
   540.000   -13.040   3.008366E+02
   540.000   -13.994   3.224169E+02
   540.000   -15.900   3.646442E+02
   540.000   -17.806   4.057325E+02
   540.000   -19.712   4.457111E+02
   540.000   -21.618   4.845990E+02
   540.000   -23.525   5.224286E+02
   540.000   -25.431   5.591685E+02
   540.000   -27.272   5.936251E+02
   540.000   -29.243   6.294598E+02
   540.000   -31.149   6.630238E+02
   540.000   -33.407   7.013980E+02
   540.000   -34.962   7.144138E+02
   540.000   -37.821   7.380525E+02
   540.000   -40.680   7.615610E+02
   540.000   -43.540   7.849067E+02
   540.000   -46.399   8.078198E+02
   540.000   -49.258   8.303405E+02
   540.000   -52.118   8.524836E+02
   540.000   -54.977   8.742812E+02
   540.000   -57.836   8.957649E+02
   540.000   -60.696   9.169576E+02
   540.000   -63.555   9.378587E+02
   540.000   -66.414   9.584956E+02
   540.000   -71.180   9.924078E+02
   540.000   -75.945   1.025767E+03
   540.000   -80.711   1.058718E+03
   540.000   -85.476   1.091305E+03
   540.000   -90.242   1.123635E+03
   540.000   -95.007   1.155793E+03
   540.000   -99.773   1.187873E+03
   540.000  -104.538   1.219967E+03
   540.000  -109.304   1.252165E+03
   540.000  -114.069   1.284498E+03
   540.000  -119.266   1.320000E+03
   540.000  -123.600   1.328668E+03
   540.000  -128.366   1.338200E+03
   540.000  -133.131   1.347730E+03
   540.000  -137.897   1.357262E+03
   540.000  -142.662   1.366792E+03
   540.000  -147.428   1.376324E+03
   540.000  -152.193   1.385854E+03
   540.000  -156.959   1.395386E+03
   540.000  -160.271   1.200501E+03
   540.000  -166.490   1.203601E+03
   540.000  -171.255   1.205976E+03
   540.000  -176.021   1.208352E+03
   540.000  -180.786   1.210727E+03
   540.000  -185.552   1.213103E+03
   540.000  -190.317   1.215478E+03
   540.000  -195.083   1.217854E+03
   540.000  -199.849   1.220230E+03
   540.000  -204.614   1.222605E+03
   540.000  -209.380   1.224981E+03
   540.000  -214.145   1.227356E+03
   540.000  -218.911   1.229732E+03
   540.000  -228.442   1.234483E+03
   540.000  -237.973   1.239234E+03
   540.000  -247.504   1.243984E+03
   540.000  -257.035   1.248735E+03
   540.000  -266.566   1.253486E+03
   540.000  -276.097   1.258237E+03
   540.817  -285.628   1.262988E+03
   538.809  -290.388   1.265361E+03
   540.000  -295.159   1.467739E+03
   540.000  -299.924   1.470115E+03
   540.000  -304.690   1.472490E+03
   540.000  -314.221   1.477241E+03
   540.000  -323.752   1.481992E+03
   540.000  -333.283   1.486743E+03
   540.000  -342.814   1.491494E+03
   540.000  -352.345   1.496245E+03
   540.000  -361.876   1.500996E+03
   540.000  -371.407   1.505747E+03
   540.000  -380.938   1.510498E+03
   540.000  -390.469   1.515249E+03
   540.000  -400.000   1.520000E+03
   545.000     0.304   0.000000E+00
   545.000    -0.417   2.119838E+01
   545.000    -1.126   3.946969E+01
   545.000    -1.602   5.153601E+01
   545.000    -2.079   6.346685E+01
   545.000    -2.555   7.521159E+01
   545.000    -3.032   8.681896E+01
   545.000    -3.508   9.824008E+01
   545.000    -3.985   1.095226E+02
   545.000    -4.938   1.315769E+02
   545.000    -5.415   1.423721E+02
   545.000    -5.891   1.529830E+02
   545.000    -6.368   1.634544E+02
   545.000    -7.321   1.838919E+02
   545.000    -8.274   2.036889E+02
   545.000    -9.227   2.228502E+02
   545.000   -10.180   2.413811E+02
   545.000   -11.133   2.592874E+02
   545.000   -11.883   2.728222E+02
   545.000   -13.039   2.992273E+02
   545.000   -13.993   3.207153E+02
   545.000   -15.899   3.628088E+02
   545.000   -17.805   4.038001E+02
   545.000   -19.711   4.437007E+02
   545.000   -21.617   4.825197E+02
   545.000   -23.524   5.202834E+02
   545.000   -25.430   5.569577E+02
   545.000   -27.103   5.882573E+02
   545.000   -29.242   6.271233E+02
   545.000   -31.148   6.606131E+02
   545.000   -33.204   6.955322E+02
   545.000   -34.961   7.102723E+02
   545.000   -37.820   7.339576E+02
   545.000   -40.680   7.575192E+02
   545.000   -43.539   7.809077E+02
   545.000   -46.398   8.038683E+02
   545.000   -49.257   8.264277E+02
   545.000   -52.117   8.486142E+02
   545.000   -54.976   8.704344E+02
   545.000   -57.835   8.919294E+02
   545.000   -60.695   9.131344E+02
   545.000   -63.554   9.340398E+02
   545.000   -66.413   9.546818E+02
   545.000   -71.179   9.885780E+02
   545.000   -75.944   1.021912E+03
   545.000   -80.710   1.054816E+03
   545.000   -85.475   1.087334E+03
   545.000   -90.241   1.119574E+03
   545.000   -95.006   1.151632E+03
   545.000   -99.772   1.183596E+03
   545.000  -104.538   1.215526E+03
   545.000  -109.303   1.247510E+03
   545.000  -114.069   1.279611E+03
   545.000  -120.030   1.320000E+03
   545.000  -123.600   1.327140E+03
   545.000  -128.365   1.336670E+03
   545.000  -133.131   1.346202E+03
   545.000  -137.896   1.355732E+03
   545.000  -142.662   1.365264E+03
   545.000  -147.427   1.374794E+03
   545.000  -152.193   1.384326E+03
   545.000  -156.958   1.393856E+03
   545.000  -160.424   1.200197E+03
   545.000  -166.489   1.203230E+03
   545.000  -171.255   1.205613E+03
   545.000  -176.020   1.207996E+03
   545.000  -180.786   1.210379E+03
   545.000  -185.551   1.212762E+03
   545.000  -190.317   1.215145E+03
   545.000  -195.082   1.217528E+03
   545.000  -199.848   1.219911E+03
   545.000  -204.614   1.222295E+03
   545.000  -209.379   1.224678E+03
   545.000  -214.145   1.227061E+03
   545.000  -218.910   1.229444E+03
   545.000  -228.441   1.234210E+03
   545.000  -237.972   1.238976E+03
   545.000  -247.503   1.243742E+03
   545.000  -257.034   1.248508E+03
   545.000  -266.565   1.253274E+03
   545.000  -275.709   1.257847E+03
   545.000  -285.627   1.462806E+03
   545.000  -290.393   1.465190E+03
   545.000  -295.158   1.467572E+03
   545.000  -299.924   1.469956E+03
   545.000  -304.690   1.472339E+03
   545.000  -314.221   1.477105E+03
   545.000  -323.752   1.481871E+03
   545.000  -333.283   1.486637E+03
   545.000  -342.814   1.491403E+03
   545.000  -352.345   1.496170E+03
   545.000  -361.876   1.500936E+03
   545.000  -371.407   1.505702E+03
   545.000  -380.938   1.510468E+03
   545.000  -390.469   1.515234E+03
   545.000  -400.000   1.520000E+03
   550.000     0.255   0.000000E+00
   550.000    -0.427   1.989375E+01
   550.000    -1.174   3.896782E+01
   550.000    -1.651   5.093022E+01
   550.000    -2.127   6.270048E+01
   550.000    -2.604   7.432834E+01
   550.000    -3.080   8.576513E+01
   550.000    -3.557   9.705923E+01
   550.000    -4.033   1.081634E+02
   550.000    -4.986   1.298967E+02
   550.000    -5.463   1.405258E+02
   550.000    -5.939   1.509674E+02
   550.000    -6.416   1.612656E+02
   550.000    -7.369   1.813453E+02
   550.000    -8.322   2.007674E+02
   550.000    -9.275   2.195336E+02
   550.000   -10.228   2.376455E+02
   550.000   -11.014   2.520893E+02
   550.000   -12.134   2.777505E+02
   550.000   -13.087   2.993116E+02
   550.000   -14.040   3.206177E+02
   550.000   -15.946   3.624551E+02
   550.000   -17.852   4.032446E+02
   550.000   -19.758   4.429788E+02
   550.000   -21.664   4.816544E+02
   550.000   -23.570   5.192701E+02
   550.000   -25.476   5.558259E+02
   550.000   -26.935   5.830781E+02
   550.000   -29.288   6.257703E+02
   550.000   -31.194   6.591525E+02
   550.000   -33.001   6.898044E+02
   550.000   -35.006   7.066638E+02
   550.000   -37.865   7.303830E+02
   550.000   -40.723   7.539589E+02
   550.000   -43.582   7.774017E+02
   550.000   -46.441   8.004087E+02
   550.000   -49.300   8.230191E+02
   550.000   -52.159   8.452260E+02
   550.000   -55.018   8.670625E+02
   550.000   -57.877   8.885703E+02
   550.000   -60.736   9.097761E+02
   550.000   -63.595   9.306970E+02
   550.000   -66.454   9.513499E+02
   550.000   -71.219   9.852298E+02
   550.000   -75.984   1.018539E+03
   550.000   -80.749   1.051391E+03
   550.000   -85.514   1.083847E+03
   550.000   -90.279   1.116004E+03
   550.000   -95.044   1.147975E+03
   550.000   -99.809   1.179797E+03
   550.000  -104.574   1.211527E+03
   550.000  -109.339   1.243279E+03
   550.000  -114.104   1.275112E+03
   550.000  -120.794   1.320000E+03
   550.000  -123.633   1.325678E+03
   550.000  -128.398   1.335208E+03
   550.000  -133.163   1.344738E+03
   550.000  -137.928   1.354268E+03
   550.000  -142.693   1.363798E+03
   550.000  -147.458   1.373328E+03
   550.000  -152.223   1.382858E+03
   550.000  -156.988   1.392388E+03
   550.000  -160.578   1.199568E+03
   550.000  -166.518   1.202871E+03
   550.000  -171.283   1.205262E+03
   550.000  -176.048   1.207652E+03
   550.000  -180.813   1.210043E+03
   550.000  -185.578   1.212433E+03
   550.000  -190.343   1.214824E+03
   550.000  -195.108   1.217214E+03
   550.000  -199.873   1.219604E+03
   550.000  -204.637   1.221994E+03
   550.000  -209.402   1.224385E+03
   550.000  -214.167   1.226775E+03
   550.000  -218.932   1.229165E+03
   550.000  -228.462   1.233946E+03
   550.000  -237.992   1.238727E+03
   550.000  -247.522   1.243508E+03
   550.000  -257.052   1.248289E+03
   550.000  -263.854   1.251701E+03
   550.000  -276.112   1.457850E+03
   550.000  -285.641   1.462631E+03
   550.000  -290.406   1.465021E+03
   550.000  -295.171   1.467412E+03
   550.000  -299.936   1.469802E+03
   550.000  -304.701   1.472192E+03
   550.000  -314.231   1.476973E+03
   550.000  -323.761   1.481754E+03
   550.000  -333.291   1.486535E+03
   550.000  -342.821   1.491316E+03
   550.000  -352.351   1.496096E+03
   550.000  -361.880   1.500877E+03
   550.000  -371.410   1.505658E+03
   550.000  -380.940   1.510438E+03
   550.000  -390.470   1.515219E+03
   550.000  -400.000   1.520000E+03
   555.000     0.204   0.000000E+00
   555.000    -0.437   1.852369E+01
   555.000    -1.225   3.842292E+01
   555.000    -1.702   5.023508E+01
   555.000    -2.178   6.184796E+01
   555.000    -2.655   7.331127E+01
   555.000    -3.131   8.457776E+01
   555.000    -3.607   9.567231E+01
   555.000    -4.084   1.066184E+02
   555.000    -5.037   1.279746E+02
   555.000    -5.513   1.383869E+02
   555.000    -5.990   1.486513E+02
   555.000    -6.466   1.587253E+02
   555.000    -7.419   1.783886E+02
   555.000    -8.372   1.973802E+02
   555.000    -9.325   2.157028E+02
   555.000   -10.145   2.309278E+02
   555.000   -11.230   2.560260E+02
   555.000   -12.183   2.777867E+02
   555.000   -13.136   2.992844E+02
   555.000   -14.089   3.205199E+02
   555.000   -15.995   3.622055E+02
   555.000   -17.900   4.028227E+02
   555.000   -19.806   4.424130E+02
   555.000   -21.712   4.809532E+02
   555.000   -23.618   5.184416E+02
   555.000   -25.523   5.548569E+02
   555.000   -26.766   5.780349E+02
   555.000   -29.335   6.245614E+02
   555.000   -31.241   6.578318E+02
   555.000   -32.798   6.842105E+02
   555.000   -35.052   7.032074E+02
   555.000   -37.911   7.269666E+02
   555.000   -40.769   7.505902E+02
   555.000   -43.628   7.740758E+02
   555.000   -46.486   7.971175E+02
   555.000   -49.345   8.197554E+02
   555.000   -52.204   8.419968E+02
   555.000   -55.062   8.638615E+02
   555.000   -57.921   8.853907E+02
   555.000   -60.779   9.066063E+02
   555.000   -63.638   9.275489E+02
   555.000   -66.497   9.482155E+02
   555.000   -71.261   9.820902E+02
   555.000   -76.025   1.015380E+03
   555.000   -80.790   1.048196E+03
   555.000   -85.554   1.080592E+03
   555.000   -90.318   1.112686E+03
   555.000   -95.083   1.144569E+03
   555.000   -99.847   1.176244E+03
   555.000  -104.611   1.207782E+03
   555.000  -109.376   1.239299E+03
   555.000  -114.140   1.270800E+03
   555.000  -118.904   1.302406E+03
   555.000  -121.558   1.320000E+03
   555.000  -128.433   1.333750E+03
   555.000  -133.197   1.343278E+03
   555.000  -137.962   1.352808E+03
   555.000  -142.726   1.362336E+03
   555.000  -147.490   1.371864E+03
   555.000  -152.255   1.381394E+03
   555.000  -157.019   1.390922E+03
   555.000  -160.731   1.198346E+03
   555.000  -166.548   1.202511E+03
   555.000  -171.312   1.204909E+03
   555.000  -176.076   1.207306E+03
   555.000  -180.841   1.209704E+03
   555.000  -185.605   1.212102E+03
   555.000  -190.369   1.214500E+03
   555.000  -195.134   1.216898E+03
   555.000  -199.898   1.219295E+03
   555.000  -204.662   1.221693E+03
   555.000  -209.427   1.224091E+03
   555.000  -214.191   1.226488E+03
   555.000  -218.955   1.228886E+03
   555.000  -228.484   1.233682E+03
   555.000  -238.013   1.238477E+03
   556.879  -247.542   1.243273E+03
   552.864  -257.062   1.248064E+03
   555.000  -266.599   1.452864E+03
   555.000  -276.127   1.457659E+03
   555.000  -285.656   1.462454E+03
   555.000  -290.420   1.464852E+03
   555.000  -295.185   1.467250E+03
   555.000  -299.949   1.469648E+03
   555.000  -304.713   1.472045E+03
   555.000  -314.242   1.476841E+03
   555.000  -323.771   1.481636E+03
   555.000  -333.299   1.486432E+03
   555.000  -342.828   1.491227E+03
   555.000  -352.357   1.496023E+03
   555.000  -361.885   1.500818E+03
   555.000  -371.414   1.505614E+03
   555.000  -380.943   1.510409E+03
   555.000  -390.471   1.515204E+03
   555.000  -400.000   1.520000E+03
   560.000     0.197   0.000000E+00
   560.000    -0.446   1.817101E+01
   560.000    -1.232   3.759321E+01
   560.000    -1.709   4.915624E+01
   560.000    -2.185   6.052626E+01
   560.000    -2.662   7.175074E+01
   560.000    -3.138   8.278237E+01
   560.000    -3.614   9.364453E+01
   560.000    -4.091   1.043593E+02
   560.000    -5.044   1.252557E+02
   560.000    -5.520   1.354378E+02
   560.000    -5.997   1.454706E+02
   560.000    -6.473   1.553122E+02
   560.000    -7.426   1.745054E+02
   560.000    -8.379   1.930199E+02
   560.000    -9.277   2.098414E+02
   560.000   -10.284   2.333265E+02
   560.000   -11.237   2.552759E+02
   560.000   -12.190   2.769628E+02
   560.000   -13.143   2.983888E+02
   560.000   -14.096   3.195550E+02
   560.000   -16.001   3.610880E+02
   560.000   -17.907   4.016063E+02
   560.000   -19.813   4.410863E+02
   560.000   -21.719   4.795269E+02
   560.000   -23.624   5.169081E+02
   560.000   -25.530   5.532720E+02
   560.000   -26.598   5.731543E+02
   560.000   -29.341   6.227088E+02
   560.000   -31.247   6.559070E+02
   560.000   -32.595   6.787299E+02
   560.000   -35.058   6.995591E+02
   560.000   -37.917   7.233697E+02
   560.000   -40.776   7.470561E+02
   560.000   -43.634   7.705815E+02
   560.000   -46.493   7.936702E+02
   560.000   -49.351   8.163423E+02
   560.000   -52.210   8.386418E+02
   560.000   -55.068   8.605434E+02
   560.000   -57.927   8.821033E+02
   560.000   -60.785   9.033471E+02
   560.000   -63.644   9.243144E+02
   560.000   -66.503   9.449950E+02
   560.000   -71.267   9.788931E+02
   560.000   -76.031   1.012197E+03
   560.000   -80.795   1.044981E+03
   560.000   -85.560   1.077349E+03
   560.000   -90.324   1.109405E+03
   560.000   -95.088   1.141202E+03
   560.000   -99.852   1.172764E+03
   560.000  -104.617   1.204150E+03
   560.000  -109.381   1.235427E+03
   560.000  -114.145   1.266606E+03
   560.000  -118.909   1.297730E+03
   560.000  -122.322   1.320000E+03
   560.000  -128.438   1.332232E+03
   560.000  -133.202   1.341760E+03
   560.000  -137.966   1.351288E+03
   560.000  -142.731   1.360818E+03
   560.000  -147.495   1.370346E+03
   560.000  -152.259   1.379874E+03
   560.000  -157.023   1.389402E+03
   560.000  -160.884   1.197124E+03
   560.000  -166.552   1.202136E+03
   560.000  -171.316   1.204541E+03
   560.000  -176.080   1.206946E+03
   560.000  -180.845   1.209352E+03
   560.000  -185.609   1.211757E+03
   560.000  -190.373   1.214163E+03
   560.000  -195.137   1.216568E+03
   560.000  -199.902   1.218974E+03
   560.000  -204.666   1.221379E+03
   560.000  -209.430   1.223784E+03
   560.000  -214.194   1.226189E+03
   560.000  -218.959   1.228595E+03
   560.000  -228.487   1.233406E+03
   560.897  -238.017   1.238217E+03
   560.000  -247.544   1.443027E+03
   560.000  -257.073   1.447838E+03
   560.000  -266.601   1.452649E+03
   560.000  -276.130   1.457460E+03
   560.000  -285.658   1.462270E+03
   560.000  -290.422   1.464676E+03
   560.000  -295.187   1.467082E+03
   560.000  -299.951   1.469487E+03
   560.000  -304.715   1.471892E+03
   560.000  -314.244   1.476703E+03
   560.000  -323.772   1.481514E+03
   560.000  -333.301   1.486325E+03
   560.000  -342.829   1.491135E+03
   560.000  -352.358   1.495946E+03
   560.000  -361.886   1.500757E+03
   560.000  -371.415   1.505568E+03
   560.000  -380.943   1.510378E+03
   560.000  -390.472   1.515189E+03
   560.000  -400.000   1.520000E+03
   565.000     0.186   0.000000E+00
   565.000    -0.456   1.780512E+01
   565.000    -1.243   3.689792E+01
   565.000    -1.720   4.824866E+01
   565.000    -2.196   5.940898E+01
   565.000    -2.672   7.040124E+01
   565.000    -3.149   8.124673E+01
   565.000    -3.625   9.189851E+01
   565.000    -4.102   1.023999E+02
   565.000    -5.055   1.228581E+02
   565.000    -5.531   1.328110E+02
   565.000    -6.007   1.425853E+02
   565.000    -6.484   1.521991E+02
   565.000    -7.437   1.708577E+02
   565.000    -8.408   1.890991E+02
   565.000    -9.342   2.108841E+02
   565.000   -10.295   2.329033E+02
   565.000   -11.248   2.546997E+02
   565.000   -12.201   2.762643E+02
   565.000   -13.154   2.975900E+02
   565.000   -14.106   3.186497E+02
   565.000   -16.012   3.600688E+02
   565.000   -17.918   4.004744E+02
   565.000   -19.823   4.398319E+02
   565.000   -21.729   4.781723E+02
   565.000   -23.635   5.154656E+02
   565.000   -26.430   5.683435E+02
   565.000   -27.446   5.870046E+02
   565.000   -29.352   6.211473E+02
   565.000   -31.257   6.542362E+02
   565.000   -32.392   6.734094E+02
   565.000   -35.068   6.960835E+02
   565.000   -37.927   7.199466E+02
   565.000   -40.785   7.436831E+02
   565.000   -43.644   7.672726E+02
   565.000   -46.502   7.903978E+02
   565.000   -49.361   8.131403E+02
   565.000   -52.219   8.354735E+02
   565.000   -55.078   8.574220E+02
   565.000   -57.936   8.790214E+02
   565.000   -60.795   9.003107E+02
   565.000   -63.653   9.212964E+02
   565.000   -66.512   9.419916E+02
   565.000   -71.276   9.759239E+02
   565.000   -76.040   1.009248E+03
   565.000   -80.804   1.042031E+03
   565.000   -85.568   1.074390E+03
   565.000   -90.332   1.106416E+03
   565.000   -95.096   1.138160E+03
   565.000   -99.861   1.169641E+03
   565.000  -104.625   1.200891E+03
   565.000  -109.389   1.231954E+03
   565.000  -114.153   1.262806E+03
   565.000  -118.917   1.293428E+03
   565.000  -123.085   1.320000E+03
   565.000  -128.445   1.330720E+03
   565.000  -133.209   1.340248E+03
   565.000  -137.973   1.349776E+03
   565.000  -142.738   1.359306E+03
   565.000  -147.502   1.368834E+03
   565.000  -152.266   1.378362E+03
   565.000  -157.030   1.387890E+03
   565.000  -161.038   1.195906E+03
   565.000  -166.558   1.201759E+03
   565.000  -171.322   1.204172E+03
   565.000  -176.086   1.206585E+03
   565.000  -180.851   1.208999E+03
   565.000  -185.615   1.211412E+03
   565.000  -190.379   1.213825E+03
   565.000  -195.143   1.216238E+03
   565.000  -199.907   1.218651E+03
   565.000  -204.671   1.221064E+03
   565.000  -209.435   1.223477E+03
   565.000  -214.199   1.225890E+03
   565.000  -218.963   1.228303E+03
   565.000  -228.287   1.233026E+03
   565.000  -238.020   1.437955E+03
   565.000  -247.548   1.442781E+03
   565.000  -257.076   1.447607E+03
   565.000  -266.605   1.452434E+03
   565.000  -276.133   1.457260E+03
   565.000  -285.661   1.462086E+03
   565.000  -290.425   1.464499E+03
   565.000  -295.189   1.466912E+03
   565.000  -299.954   1.469326E+03
   565.000  -304.718   1.471739E+03
   565.000  -314.246   1.476565E+03
   565.000  -323.774   1.481391E+03
   565.000  -333.302   1.486217E+03
   565.000  -342.831   1.491043E+03
   565.000  -352.359   1.495869E+03
   565.000  -361.887   1.500695E+03
   565.000  -371.415   1.505521E+03
   565.000  -380.944   1.510348E+03
   565.000  -390.472   1.515174E+03
   565.000  -400.000   1.520000E+03
   570.000     0.143   0.000000E+00
   570.000    -0.466   1.683604E+01
   570.000    -1.286   3.664777E+01
   570.000    -1.762   4.791650E+01
   570.000    -2.239   5.903925E+01
   570.000    -2.715   6.996892E+01
   570.000    -3.192   8.075103E+01
   570.000    -3.668   9.134002E+01
   570.000    -4.144   1.017581E+02
   570.000    -5.097   1.221016E+02
   570.000    -5.573   1.320046E+02
   570.000    -6.050   1.417556E+02
   570.000    -6.526   1.513134E+02
   570.000    -7.479   1.699295E+02
   570.000    -8.476   1.886657E+02
   570.000    -9.384   2.100286E+02
   570.000   -10.337   2.321849E+02
   570.000   -11.290   2.540732E+02
   570.000   -12.242   2.756739E+02
   570.000   -13.195   2.970343E+02
   570.000   -14.148   3.181331E+02
   570.000   -16.053   3.595262E+02
   570.000   -17.959   3.998988E+02
   570.000   -19.864   4.392083E+02
   570.000   -21.770   4.774942E+02
   570.000   -23.675   5.147149E+02
   570.000   -26.261   5.635430E+02
   570.000   -27.486   5.860144E+02
   570.000   -29.391   6.200693E+02
   570.000   -32.189   6.682573E+02
   570.000   -33.202   6.769021E+02
   570.000   -35.108   6.930354E+02
   570.000   -37.966   7.169176E+02
   570.000   -40.824   7.407109E+02
   570.000   -43.682   7.643467E+02
   570.000   -46.540   7.875373E+02
   570.000   -49.399   8.103238E+02
   570.000   -52.257   8.326981E+02
   570.000   -55.115   8.546916E+02
   570.000   -57.973   8.763325E+02
   570.000   -60.831   8.976501E+02
   570.000   -63.689   9.186585E+02
   570.000   -66.548   9.393817E+02
   570.000   -71.311   9.733493E+02
   570.000   -76.075   1.006701E+03
   570.000   -80.838   1.039503E+03
   570.000   -85.602   1.071873E+03
   570.000   -90.366   1.103896E+03
   570.000   -95.129   1.135616E+03
   570.000   -99.893   1.167046E+03
   570.000  -104.656   1.198211E+03
   570.000  -109.420   1.229126E+03
   570.000  -114.184   1.259706E+03
   570.000  -118.947   1.289784E+03
   570.000  -123.849   1.320000E+03
   570.000  -128.474   1.329250E+03
   570.000  -133.238   1.338778E+03
   570.000  -138.002   1.348306E+03
   570.000  -142.765   1.357832E+03
   570.000  -147.529   1.367360E+03
   570.000  -152.292   1.376886E+03
   570.000  -157.056   1.386414E+03
   570.000  -161.191   1.194684E+03
   570.000  -166.583   1.201389E+03
   570.000  -171.347   1.203810E+03
   570.000  -176.110   1.206230E+03
   570.000  -180.874   1.208651E+03
   570.000  -185.638   1.211072E+03
   570.000  -190.401   1.213492E+03
   570.000  -195.165   1.215913E+03
   570.000  -199.929   1.218334E+03
   570.000  -204.692   1.220754E+03
   570.000  -209.456   1.223175E+03
   570.932  -214.223   1.225598E+03
   568.926  -218.979   1.228014E+03
   570.000  -228.510   1.432857E+03
   570.000  -238.037   1.437699E+03
   570.000  -247.565   1.442540E+03
   570.000  -257.092   1.447381E+03
   570.000  -266.619   1.452223E+03
   570.000  -276.146   1.457064E+03
   570.000  -285.673   1.461905E+03
   570.000  -290.437   1.464326E+03
   570.000  -295.201   1.466746E+03
   570.000  -299.964   1.469167E+03
   570.000  -304.728   1.471588E+03
   570.000  -314.255   1.476429E+03
   570.000  -323.782   1.481270E+03
   570.000  -333.310   1.486112E+03
   570.000  -342.837   1.490953E+03
   570.000  -352.364   1.495794E+03
   570.000  -361.891   1.500635E+03
   570.000  -371.418   1.505476E+03
   570.000  -380.946   1.510318E+03
   570.000  -390.473   1.515159E+03
   570.000  -400.000   1.520000E+03
   575.000     0.102   0.000000E+00
   575.000    -0.475   1.593166E+01
   575.000    -1.327   3.645133E+01
   575.000    -1.803   4.770411E+01
   575.000    -2.280   5.881004E+01
   575.000    -2.756   6.972261E+01
   575.000    -3.232   8.046505E+01
   575.000    -3.708   9.103743E+01
   575.000    -4.185   1.014614E+02
   575.000    -5.137   1.217549E+02
   575.000    -5.614   1.316668E+02
   575.000    -6.090   1.413875E+02
   575.000    -6.566   1.509379E+02
   575.000    -7.519   1.695466E+02
   575.000    -8.544   1.888028E+02
   575.000    -9.424   2.095028E+02
   575.000   -10.377   2.316631E+02
   575.000   -11.329   2.535329E+02
   575.000   -12.282   2.751592E+02
   575.000   -13.235   2.965198E+02
   575.000   -14.187   3.175933E+02
   575.000   -16.093   3.589915E+02
   575.000   -17.998   3.993146E+02
   575.000   -19.903   4.385869E+02
   575.000   -21.808   4.768101E+02
   575.000   -23.714   5.140053E+02
   575.000   -26.093   5.589413E+02
   575.000   -27.524   5.851551E+02
   575.000   -29.429   6.191805E+02
   575.000   -31.986   6.631626E+02
   575.000   -33.240   6.739055E+02
   575.000   -35.145   6.900655E+02
   575.000   -38.003   7.140231E+02
   575.000   -40.861   7.378807E+02
   575.000   -43.719   7.615841E+02
   575.000   -46.577   7.848318E+02
   575.000   -49.434   8.076549E+02
   575.000   -52.292   8.300797E+02
   575.000   -55.150   8.521174E+02
   575.000   -58.008   8.738055E+02
   575.000   -60.866   8.951592E+02
   575.000   -63.724   9.162004E+02
   575.000   -66.582   9.369606E+02
   575.000   -71.345   9.709807E+02
   575.000   -76.108   1.004365E+03
   575.000   -80.871   1.037211E+03
   575.000   -85.634   1.069609E+03
   575.000   -90.397   1.101665E+03
   575.000   -95.160   1.133415E+03
   575.000   -99.924   1.164868E+03
   575.000  -104.687   1.196035E+03
   575.000  -109.450   1.226918E+03
   575.000  -114.213   1.257383E+03
   575.000  -118.976   1.287082E+03
   575.000  -124.613   1.320000E+03
   575.000  -128.502   1.327778E+03
   575.000  -133.265   1.337304E+03
   575.000  -138.028   1.346830E+03
   575.000  -142.792   1.356358E+03
   575.000  -147.555   1.365884E+03
   575.000  -152.318   1.375410E+03
   575.000  -157.081   1.384936E+03
   575.000  -161.345   1.193464E+03
   575.000  -166.607   1.201017E+03
   575.000  -171.370   1.203445E+03
   575.000  -176.133   1.205873E+03
   575.000  -180.897   1.208302E+03
   575.000  -185.660   1.210730E+03
   575.000  -190.423   1.213158E+03
   575.000  -195.186   1.215586E+03
   576.948  -199.957   1.218018E+03
   574.943  -204.712   1.220442E+03
   572.937  -209.467   1.222867E+03
   575.000  -214.238   1.425299E+03
   575.000  -219.001   1.427727E+03
   575.000  -228.528   1.432584E+03
   575.000  -238.054   1.437440E+03
   575.000  -247.580   1.442296E+03
   575.000  -257.106   1.447153E+03
   575.000  -266.633   1.452010E+03
   575.000  -276.159   1.456866E+03
   575.000  -285.685   1.461722E+03
   575.000  -290.448   1.464151E+03
   575.000  -295.211   1.466579E+03
   575.000  -299.975   1.469007E+03
   575.000  -304.738   1.471436E+03
   575.000  -314.264   1.476292E+03
   575.000  -323.790   1.481148E+03
   575.000  -333.316   1.486005E+03
   575.000  -342.843   1.490861E+03
   575.000  -352.369   1.495718E+03
   575.000  -361.895   1.500574E+03
   575.000  -371.421   1.505430E+03
   575.000  -380.948   1.510287E+03
   575.000  -390.474   1.515144E+03
   575.000  -400.000   1.520000E+03
   580.000     0.062   0.000000E+00
   578.000    -0.481   1.544292E+01
   580.000    -1.367   3.646271E+01
   580.000    -1.843   4.769999E+01
   580.000    -2.319   5.876884E+01
   580.000    -2.796   6.969183E+01
   580.000    -3.272   8.042294E+01
   580.000    -3.748   9.098493E+01
   580.000    -4.224   1.013777E+02
   580.000    -5.177   1.216762E+02
   580.000    -5.653   1.315603E+02
   580.000    -6.129   1.412748E+02
   580.000    -6.606   1.508397E+02
   580.000    -7.558   1.694199E+02
   580.000    -8.611   1.891843E+02
   580.000    -9.463   2.092010E+02
   580.000   -10.416   2.313394E+02
   580.000   -11.368   2.531887E+02
   580.000   -12.321   2.747952E+02
   580.000   -13.273   2.961137E+02
   580.000   -14.226   3.171896E+02
   580.000   -16.131   3.585251E+02
   580.000   -18.036   3.988043E+02
   580.000   -19.941   4.380280E+02
   580.000   -21.846   4.761960E+02
   580.000   -23.751   5.133055E+02
   578.000   -25.992   5.561885E+02
   580.000   -27.561   5.844520E+02
   580.000   -29.466   6.184043E+02
   580.000   -31.783   6.582573E+02
   580.000   -33.277   6.710776E+02
   580.000   -35.182   6.872859E+02
   580.000   -38.039   7.113048E+02
   580.000   -40.897   7.352204E+02
   580.000   -43.754   7.589787E+02
   580.000   -46.612   7.822842E+02
   580.000   -49.469   8.051601E+02
   580.000   -52.327   8.276350E+02
   580.000   -55.185   8.497264E+02
   580.000   -58.042   8.714551E+02
   580.000   -60.900   8.928460E+02
   580.000   -63.757   9.139243E+02
   580.000   -66.615   9.347299E+02
   580.000   -71.378   9.688064E+02
   580.000   -76.140   1.002242E+03
   580.000   -80.903   1.035152E+03
   580.000   -85.666   1.067617E+03
   580.000   -90.428   1.099741E+03
   580.000   -95.191   1.131567E+03
   580.000   -99.954   1.163106E+03
   580.000  -104.716   1.194381E+03
   580.000  -109.479   1.225423E+03
   580.000  -114.241   1.256136E+03
   580.000  -119.004   1.286404E+03
   580.000  -124.405   1.320000E+03
   580.000  -128.529   1.328248E+03
   580.000  -133.292   1.337774E+03
   580.000  -138.055   1.347300E+03
   580.000  -142.817   1.356824E+03
   580.000  -147.580   1.366350E+03
   580.000  -152.343   1.375876E+03
   580.000  -157.105   1.385400E+03
   580.000  -161.498   1.194186E+03
   580.000  -166.631   1.201134E+03
   580.000  -171.393   1.203559E+03
   580.000  -176.156   1.205985E+03
   580.000  -180.918   1.208411E+03
   580.000  -185.681   1.210837E+03
   580.959  -190.448   1.213265E+03
   578.954  -195.202   1.215686E+03
   580.000  -199.969   1.418114E+03
   580.000  -204.732   1.420541E+03
   580.000  -209.494   1.422966E+03
   580.000  -214.257   1.425392E+03
   580.000  -219.020   1.427818E+03
   580.000  -228.545   1.432670E+03
   580.000  -238.070   1.437521E+03
   580.000  -247.595   1.442373E+03
   580.000  -257.121   1.447225E+03
   580.000  -266.646   1.452076E+03
   580.000  -276.171   1.456928E+03
   580.000  -285.697   1.461780E+03
   580.000  -290.459   1.464205E+03
   580.000  -295.222   1.466631E+03
   580.000  -299.985   1.469057E+03
   580.000  -304.747   1.471483E+03
   580.000  -314.272   1.476335E+03
   580.000  -323.798   1.481187E+03
   580.000  -333.323   1.486038E+03
   580.000  -342.848   1.490890E+03
   580.000  -352.374   1.495742E+03
   580.000  -361.899   1.500593E+03
   580.000  -371.424   1.505445E+03
   580.000  -380.949   1.510296E+03
   580.000  -390.475   1.515148E+03
   580.000  -400.000   1.520000E+03
   585.000     0.024   0.000000E+00
   585.000    -0.526   1.521012E+01
   585.000    -1.405   3.645232E+01
   585.000    -1.881   4.771011E+01
   585.000    -2.357   5.879529E+01
   585.000    -2.833   6.970816E+01
   585.000    -3.310   8.047157E+01
   585.000    -3.786   9.104068E+01
   585.000    -4.262   1.014384E+02
   585.000    -5.214   1.217205E+02
   585.000    -5.691   1.316260E+02
   585.000    -6.167   1.413401E+02
   585.000    -6.643   1.508837E+02
   585.000    -7.596   1.694795E+02
   585.000    -8.679   1.897888E+02
   585.000    -9.500   2.090472E+02
   585.000   -10.453   2.311560E+02
   585.000   -11.405   2.529757E+02
   585.000   -12.358   2.745527E+02
   585.000   -13.310   2.958424E+02
   585.000   -14.263   3.168898E+02
   585.000   -16.167   3.581494E+02
   585.000   -18.072   3.983781E+02
   585.000   -19.977   4.375571E+02
   585.000   -21.882   4.756894E+02
   585.000   -23.787   5.127788E+02
   585.000   -25.919   5.529851E+02
   585.000   -27.597   5.837629E+02
   585.000   -29.502   6.177043E+02
   585.000   -31.580   6.534968E+02
   585.000   -33.311   6.684104E+02
   585.000   -35.216   6.846787E+02
   585.000   -38.074   7.087716E+02
   585.000   -40.931   7.327352E+02
   585.000   -43.788   7.565511E+02
   585.000   -46.645   7.799061E+02
   585.000   -49.503   8.028374E+02
   585.000   -52.360   8.253573E+02
   585.000   -55.217   8.474863E+02
   585.000   -58.075   8.692655E+02
   585.000   -60.932   8.907016E+02
   585.000   -63.789   9.118330E+02
   585.000   -66.647   9.326826E+02
   585.000   -71.409   9.668159E+02
   585.000   -76.171   1.000328E+03
   585.000   -80.933   1.033315E+03
   585.000   -85.695   1.065872E+03
   585.000   -90.458   1.098103E+03
   585.000   -95.220   1.130043E+03
   585.000   -99.982   1.161730E+03
   585.000  -104.744   1.193209E+03
   585.000  -109.506   1.224521E+03
   585.000  -114.269   1.255658E+03
   585.000  -119.031   1.286610E+03
   585.000  -124.197   1.320000E+03
   585.000  -128.555   1.328716E+03
   585.000  -133.317   1.338240E+03
   585.000  -138.080   1.347766E+03
   585.000  -142.842   1.357290E+03
   585.000  -147.604   1.366814E+03
   585.000  -152.366   1.376338E+03
   585.000  -157.128   1.385862E+03
   585.000  -161.652   1.194910E+03
   585.000  -166.653   1.201250E+03
   585.000  -171.415   1.203673E+03
   586.976  -176.180   1.206098E+03
   584.969  -180.939   1.208520E+03
   582.964  -185.693   1.210939E+03
   585.000  -190.464   1.413367E+03
   585.000  -195.226   1.415791E+03
   585.000  -199.988   1.418214E+03
   585.000  -204.750   1.420637E+03
   585.000  -209.512   1.423061E+03
   585.000  -214.275   1.425485E+03
   585.000  -219.037   1.427908E+03
   585.000  -228.561   1.432755E+03
   585.000  -238.086   1.437602E+03
   585.000  -247.610   1.442449E+03
   585.000  -257.134   1.447296E+03
   585.000  -266.659   1.452143E+03
   585.000  -276.183   1.456990E+03
   585.000  -285.707   1.461836E+03
   585.000  -290.470   1.464260E+03
   585.000  -295.232   1.466684E+03
   585.000  -299.994   1.469107E+03
   585.000  -304.756   1.471530E+03
   585.000  -314.281   1.476378E+03
   585.000  -323.805   1.481224E+03
   585.000  -333.329   1.486071E+03
   585.000  -342.854   1.490918E+03
   585.000  -352.378   1.495765E+03
   585.000  -361.902   1.500612E+03
   585.000  -371.427   1.505459E+03
   585.000  -380.951   1.510306E+03
   585.000  -390.476   1.515153E+03
   585.000  -400.000   1.520000E+03
   590.000     0.010   0.000000E+00
   590.000    -0.557   1.566223E+01
   590.000    -1.419   3.644759E+01
   590.000    -1.895   4.768661E+01
   590.000    -2.371   5.875453E+01
   590.000    -2.847   6.965160E+01
   590.000    -3.323   8.037799E+01
   590.000    -3.800   9.095600E+01
   590.000    -4.276   1.013414E+02
   590.000    -5.228   1.216020E+02
   590.000    -5.704   1.314774E+02
   590.000    -6.181   1.412033E+02
   590.000    -6.657   1.507392E+02
   590.000    -7.609   1.693022E+02
   590.000    -8.747   1.906112E+02
   590.000    -9.514   2.085609E+02
   590.000   -10.466   2.306051E+02
   590.000   -11.419   2.524085E+02
   590.000   -12.371   2.739257E+02
   590.000   -13.324   2.952021E+02
   590.000   -14.276   3.161935E+02
   590.000   -16.181   3.574112E+02
   590.000   -18.086   3.975813E+02
   590.000   -19.991   4.367066E+02
   590.000   -21.895   4.747699E+02
   590.000   -23.800   5.118139E+02
   590.000   -25.866   5.508097E+02
   590.000   -27.610   5.827969E+02
   590.000   -29.515   6.167521E+02
   590.000   -31.377   6.489366E+02
   590.000   -33.324   6.657650E+02
   590.000   -35.229   6.821076E+02
   590.000   -38.086   7.062666E+02
   590.000   -40.943   7.302830E+02
   590.000   -43.801   7.541614E+02
   590.000   -46.658   7.775540E+02
   590.000   -49.515   8.005268E+02
   590.000   -52.372   8.230950E+02
   590.000   -55.229   8.452716E+02
   590.000   -58.087   8.671006E+02
   590.000   -60.944   8.885882E+02
   590.000   -63.801   9.097666E+02
   590.000   -66.658   9.306527E+02
   590.000   -71.420   9.648678E+02
   590.000   -76.182   9.984773E+02
   590.000   -80.944   1.031565E+03
   590.000   -85.706   1.064244E+03
   590.000   -90.468   1.096604E+03
   590.000   -95.230   1.128705E+03
   590.000   -99.993   1.160586E+03
   590.000  -104.755   1.192322E+03
   590.000  -109.517   1.223968E+03
   590.000  -114.279   1.255565E+03
   590.000  -119.041   1.287150E+03
   590.000  -123.989   1.320000E+03
   590.000  -128.565   1.329152E+03
   590.000  -133.327   1.338676E+03
   590.000  -138.089   1.348200E+03
   590.000  -142.851   1.357724E+03
   590.000  -147.613   1.367248E+03
   590.000  -152.375   1.376772E+03
   590.000  -157.137   1.386296E+03
   590.000  -161.805   1.195632E+03
   590.991  -166.660   1.201358E+03
   588.983  -171.421   1.203779E+03
   590.000  -176.185   1.406201E+03
   590.000  -180.947   1.408622E+03
   590.000  -185.709   1.411044E+03
   590.000  -190.471   1.413465E+03
   590.000  -195.233   1.415886E+03
   590.000  -199.995   1.418307E+03
   590.000  -204.757   1.420729E+03
   590.000  -209.519   1.423150E+03
   590.000  -214.281   1.425571E+03
   590.000  -219.043   1.427992E+03
   590.000  -228.567   1.432835E+03
   590.000  -238.091   1.437677E+03
   590.000  -247.615   1.442520E+03
   590.000  -257.139   1.447362E+03
   590.000  -266.663   1.452205E+03
   590.000  -276.187   1.457047E+03
   590.000  -285.711   1.461890E+03
   590.000  -290.473   1.464311E+03
   590.000  -295.235   1.466732E+03
   590.000  -299.998   1.469154E+03
   590.000  -304.760   1.471575E+03
   590.000  -314.284   1.476418E+03
   590.000  -323.808   1.481260E+03
   590.000  -333.332   1.486103E+03
   590.000  -342.856   1.490945E+03
   590.000  -352.380   1.495788E+03
   590.000  -361.904   1.500630E+03
   590.000  -371.428   1.505473E+03
   590.000  -380.952   1.510315E+03
   590.000  -390.476   1.515158E+03
   590.000  -400.000   1.520000E+03
   595.000     0.015   0.000000E+00
   595.000    -0.589   1.658586E+01
   595.000    -1.414   3.638143E+01
   595.000    -1.890   4.757773E+01
   595.000    -2.366   5.860795E+01
   595.000    -2.842   6.947174E+01
   595.000    -3.318   8.016882E+01
   595.000    -3.795   9.072086E+01
   595.000    -4.271   1.010834E+02
   595.000    -5.223   1.213062E+02
   595.000    -5.700   1.311867E+02
   595.000    -6.176   1.408783E+02
   595.000    -6.652   1.504018E+02
   595.000    -7.604   1.689443E+02
   595.000    -8.815   1.915682E+02
   595.000    -9.509   2.077676E+02
   595.000   -10.462   2.297898E+02
   595.000   -11.414   2.515273E+02
   595.000   -12.366   2.730034E+02
   595.000   -13.319   2.942404E+02
   595.000   -14.271   3.151941E+02
   595.000   -16.176   3.563402E+02
   595.000   -18.081   3.964439E+02
   595.000   -19.986   4.355073E+02
   595.000   -21.891   4.735334E+02
   595.000   -23.795   5.105067E+02
   595.000   -25.814   5.485867E+02
   595.000   -27.605   5.814177E+02
   595.000   -29.510   6.153565E+02
   593.000   -31.255   6.462111E+02
   595.000   -33.320   6.633311E+02
   595.000   -35.224   6.796922E+02
   595.000   -38.082   7.038829E+02
   595.000   -40.939   7.279364E+02
   595.000   -43.796   7.518260E+02
   595.000   -46.653   7.752589E+02
   595.000   -49.511   7.982771E+02
   595.000   -52.368   8.208852E+02
   595.000   -55.225   8.431036E+02
   595.000   -58.082   8.649824E+02
   595.000   -60.940   8.865243E+02
   595.000   -63.797   9.077410E+02
   595.000   -66.654   9.286696E+02
   595.000   -71.416   9.629898E+02
   595.000   -76.178   9.967078E+02
   595.000   -80.940   1.029909E+03
   595.000   -85.703   1.062728E+03
   595.000   -90.465   1.095249E+03
   595.000   -95.227   1.127535E+03
   595.000   -99.989   1.159637E+03
   595.000  -104.751   1.191651E+03
   595.000  -109.513   1.223647E+03
   595.000  -114.275   1.255701E+03
   595.000  -119.037   1.287845E+03
   595.000  -123.781   1.320000E+03
   595.000  -128.561   1.329560E+03
   595.000  -133.323   1.339084E+03
   595.000  -138.085   1.348608E+03
   595.000  -142.848   1.358134E+03
   595.000  -147.610   1.367658E+03
   595.000  -152.372   1.377182E+03
   595.000  -157.134   1.386706E+03
   593.000  -161.897   1.196232E+03
   595.000  -166.658   1.401462E+03
   595.000  -171.420   1.403881E+03
   595.000  -176.182   1.406300E+03
   595.000  -180.944   1.408719E+03
   595.000  -185.706   1.411138E+03
   595.000  -190.468   1.413557E+03
   595.000  -195.230   1.415976E+03
   595.000  -199.993   1.418396E+03
   595.000  -204.755   1.420815E+03
   595.000  -209.517   1.423234E+03
   595.000  -214.279   1.425653E+03
   595.000  -219.041   1.428072E+03
   595.000  -228.565   1.432910E+03
   595.000  -238.089   1.437749E+03
   595.000  -247.613   1.442587E+03
   595.000  -257.138   1.447426E+03
   595.000  -266.662   1.452264E+03
   595.000  -276.186   1.457102E+03
   595.000  -285.710   1.461940E+03
   595.000  -290.472   1.464359E+03
   595.000  -295.234   1.466779E+03
   595.000  -299.996   1.469198E+03
   595.000  -304.758   1.471617E+03
   595.000  -314.283   1.476455E+03
   595.000  -323.807   1.481294E+03
   595.000  -333.331   1.486132E+03
   595.000  -342.855   1.490970E+03
   595.000  -352.379   1.495808E+03
   595.000  -361.903   1.500647E+03
   595.000  -371.428   1.505485E+03
   595.000  -380.952   1.510324E+03
   595.000  -390.476   1.515162E+03
   595.000  -400.000   1.520000E+03
   600.000     0.005   0.000000E+00
   600.000    -0.621   1.717964E+01
   600.000    -1.424   3.643563E+01
   600.000    -1.900   4.762699E+01
   600.000    -2.376   5.865143E+01
   600.000    -2.852   6.950894E+01
   600.000    -3.328   8.019952E+01
   600.000    -3.805   9.074510E+01
   600.000    -4.281   1.011015E+02
   600.000    -5.233   1.213136E+02
   600.000    -5.709   1.311694E+02
   600.000    -6.186   1.408788E+02
   600.000    -6.662   1.504011E+02
   600.000    -7.614   1.689460E+02
   601.000    -8.896   1.927839E+02
   600.000    -9.519   2.073993E+02
   600.000   -10.471   2.293441E+02
   600.000   -11.424   2.510524E+02
   600.000   -12.376   2.724784E+02
   600.000   -13.329   2.936668E+02
   600.000   -14.281   3.145731E+02
   600.000   -16.186   3.556274E+02
   600.000   -18.090   3.956206E+02
   600.000   -19.995   4.345950E+02
   600.000   -21.900   4.725299E+02
   600.000   -23.805   5.094261E+02
   600.000   -25.761   5.462237E+02
   600.000   -27.614   5.800839E+02
   600.000   -29.519   6.138609E+02
   600.000   -31.233   6.433336E+02
   600.000   -33.329   6.614350E+02
   600.000   -35.234   6.777400E+02
   600.000   -38.091   7.018801E+02
   600.000   -40.948   7.259072E+02
   600.000   -43.805   7.497993E+02
   600.000   -46.662   7.732586E+02
   600.000   -49.519   7.963006E+02
   600.000   -52.377   8.189478E+02
   600.000   -55.234   8.412045E+02
   600.000   -58.091   8.631278E+02
   600.000   -60.948   8.846963E+02
   600.000   -63.805   9.059486E+02
   600.000   -66.663   9.269356E+02
   600.000   -71.424   9.613555E+02
   600.000   -76.186   9.951768E+02
   600.000   -80.948   1.028507E+03
   600.000   -85.710   1.061462E+03
   600.000   -90.472   1.094153E+03
   600.000   -95.234   1.126643E+03
   600.000   -99.996   1.158990E+03
   600.000  -104.758   1.191291E+03
   600.000  -109.520   1.223644E+03
   600.000  -114.282   1.256127E+03
   600.000  -119.044   1.288770E+03
   600.000  -123.572   1.320000E+03
   600.000  -128.568   1.329992E+03
   600.000  -133.330   1.339516E+03
   600.000  -138.092   1.349040E+03
   600.000  -142.854   1.358564E+03
   600.000  -147.616   1.368088E+03
   600.000  -152.378   1.377612E+03
   600.000  -157.140   1.387136E+03
   600.000  -161.902   1.396660E+03
   600.000  -166.664   1.401569E+03
   600.000  -171.426   1.403986E+03
   600.000  -176.188   1.406403E+03
   600.000  -180.950   1.408820E+03
   600.000  -185.712   1.411237E+03
   600.000  -190.474   1.413654E+03
   600.000  -195.236   1.416071E+03
   600.000  -199.998   1.418488E+03
   600.000  -204.759   1.420905E+03
   600.000  -209.521   1.423322E+03
   600.000  -214.283   1.425739E+03
   600.000  -219.045   1.428156E+03
   600.000  -228.569   1.432989E+03
   600.000  -238.093   1.437823E+03
   600.000  -247.617   1.442657E+03
   600.000  -257.141   1.447491E+03
   600.000  -266.665   1.452325E+03
   600.000  -276.189   1.457159E+03
   600.000  -285.713   1.461993E+03
   600.000  -290.475   1.464410E+03
   600.000  -295.237   1.466827E+03
   600.000  -299.999   1.469244E+03
   600.000  -304.761   1.471661E+03
   600.000  -314.285   1.476495E+03
   600.000  -323.809   1.481329E+03
   600.000  -333.333   1.486163E+03
   600.000  -342.856   1.490996E+03
   600.000  -352.380   1.495830E+03
   600.000  -361.904   1.500664E+03
   600.000  -371.428   1.505498E+03
   600.000  -380.952   1.510332E+03
   600.000  -390.476   1.515166E+03
   600.000  -400.000   1.520000E+03
   605.000    -0.009   0.000000E+00
   605.000    -0.653   1.766597E+01
   605.000    -1.438   3.648086E+01
   605.000    -1.914   4.766784E+01
   605.000    -2.390   5.868653E+01
   605.000    -2.866   6.953703E+01
   605.000    -3.342   8.021937E+01
   605.000    -3.818   9.073355E+01
   605.000    -4.295   1.011013E+02
   605.000    -5.247   1.212887E+02
   605.000    -5.723   1.311303E+02
   605.000    -6.199   1.408037E+02
   605.000    -6.676   1.503287E+02
   605.000    -7.628   1.688340E+02
   605.000    -8.926   1.930217E+02
   605.000    -9.533   2.071200E+02
   605.000   -10.485   2.290196E+02
   605.000   -11.437   2.506592E+02
   605.000   -12.390   2.720613E+02
   605.000   -13.342   2.931809E+02
   605.000   -14.294   3.140405E+02
   605.000   -16.199   3.550015E+02
   605.000   -18.104   3.949215E+02
   605.000   -20.009   4.338005E+02
   605.000   -21.913   4.716182E+02
   605.000   -23.818   5.084136E+02
   605.000   -25.709   5.439012E+02
   605.000   -27.627   5.788548E+02
   605.000   -29.532   6.125147E+02
   605.000   -31.217   6.414090E+02
   605.000   -33.342   6.597219E+02
   605.000   -35.246   6.759768E+02
   605.000   -38.103   7.000711E+02
   605.000   -40.960   7.240800E+02
   605.000   -43.818   7.479811E+02
   605.000   -46.675   7.714525E+02
   605.000   -49.532   7.945145E+02
   605.000   -52.389   8.171803E+02
   605.000   -55.246   8.394766E+02
   605.000   -58.103   8.614349E+02
   605.000   -60.960   8.830392E+02
   605.000   -63.817   9.043274E+02
   605.000   -66.674   9.253573E+02
   605.000   -71.436   9.598723E+02
   605.000   -76.198   9.938108E+02
   605.000   -80.960   1.027278E+03
   605.000   -85.721   1.060373E+03
   605.000   -90.483   1.093241E+03
   605.000   -95.245   1.125943E+03
   605.000  -100.007   1.158541E+03
   605.000  -104.769   1.191138E+03
   605.000  -109.530   1.223831E+03
   605.000  -114.292   1.256716E+03
   605.000  -119.054   1.289814E+03
   605.000  -123.364   1.320000E+03
   605.000  -128.578   1.330428E+03
   605.000  -133.339   1.339950E+03
   605.000  -138.101   1.349474E+03
   605.000  -142.863   1.358998E+03
   605.000  -147.625   1.368522E+03
   605.000  -152.387   1.378046E+03
   605.000  -157.148   1.387568E+03
   605.000  -161.910   1.397092E+03
   605.000  -166.672   1.401678E+03
   605.000  -171.434   1.404092E+03
   605.000  -176.196   1.406507E+03
   605.000  -180.957   1.408922E+03
   605.000  -185.719   1.411336E+03
   605.000  -190.481   1.413751E+03
   605.000  -195.243   1.416166E+03
   605.000  -200.005   1.418581E+03
   605.000  -204.766   1.420995E+03
   605.000  -209.528   1.423410E+03
   605.000  -214.290   1.425825E+03
   605.000  -219.052   1.428240E+03
   605.000  -228.575   1.433069E+03
   605.000  -238.099   1.437899E+03
   605.000  -247.622   1.442728E+03
   605.000  -257.146   1.447558E+03
   605.000  -266.670   1.452387E+03
   605.000  -276.193   1.457216E+03
   605.000  -285.717   1.462046E+03
   605.000  -290.479   1.464461E+03
   605.000  -295.240   1.466875E+03
   605.000  -300.002   1.469290E+03
   605.000  -304.764   1.471705E+03
   605.000  -314.288   1.476535E+03
   605.000  -323.811   1.481364E+03
   605.000  -333.335   1.486194E+03
   605.000  -342.858   1.491023E+03
   605.000  -352.382   1.495853E+03
   605.000  -361.906   1.500682E+03
   605.000  -371.429   1.505511E+03
   605.000  -380.953   1.510341E+03
   605.000  -390.476   1.515170E+03
   605.000  -400.000   1.520000E+03
   610.000    -0.019   0.000000E+00
   610.000    -0.684   1.820790E+01
   610.000    -1.448   3.649034E+01
   610.000    -1.924   4.766405E+01
   610.000    -2.400   5.867019E+01
   610.000    -2.876   6.950876E+01
   610.000    -3.352   8.017972E+01
   610.000    -3.828   9.068303E+01
   610.000    -4.305   1.010402E+02
   610.000    -5.257   1.212078E+02
   610.000    -5.733   1.310399E+02
   610.000    -6.209   1.407043E+02
   610.000    -6.685   1.502009E+02
   610.000    -7.638   1.687102E+02
   610.000    -8.962   1.933137E+02
   610.000    -9.542   2.067540E+02
   610.000   -10.495   2.286299E+02
   610.000   -11.447   2.502234E+02
   610.000   -12.399   2.715573E+02
   610.000   -13.352   2.926536E+02
   610.000   -14.304   3.134680E+02
   610.000   -16.209   3.543386E+02
   610.000   -18.113   3.941478E+02
   610.000   -20.018   4.329369E+02
   610.000   -21.923   4.706840E+02
   610.000   -23.827   5.073690E+02
   610.000   -25.656   5.416215E+02
   610.000   -27.637   5.776455E+02
   610.000   -29.541   6.111967E+02
   610.000   -31.201   6.395919E+02
   610.000   -33.351   6.580801E+02
   610.000   -35.255   6.743017E+02
   610.000   -38.112   6.983767E+02
   610.000   -40.969   7.223741E+02
   610.000   -43.826   7.462601E+02
   610.000   -46.683   7.697418E+02
   610.000   -49.540   7.928164E+02
   610.000   -52.397   8.155096E+02
   610.000   -55.254   8.378280E+02
   610.000   -58.111   8.598211E+02
   610.000   -60.968   8.814664E+02
   610.000   -63.825   9.027968E+02
   610.000   -66.683   9.238832E+02
   610.000   -71.444   9.584753E+02
   610.000   -76.206   9.925302E+02
   610.000   -80.968   1.026129E+03
   610.000   -85.729   1.059377E+03
   610.000   -90.491   1.092428E+03
   610.000   -95.253   1.125345E+03
   610.000  -100.014   1.158188E+03
   610.000  -104.776   1.191081E+03
   610.000  -109.538   1.224120E+03
   610.000  -114.299   1.257376E+03
   610.000  -119.061   1.290918E+03
   610.000  -123.156   1.320000E+03
   610.000  -128.584   1.330856E+03
   610.000  -133.346   1.340380E+03
   610.000  -138.108   1.349904E+03
   610.000  -142.869   1.359426E+03
   610.000  -147.631   1.368950E+03
   610.000  -152.393   1.378474E+03
   610.000  -157.154   1.387996E+03
   610.000  -161.916   1.397520E+03
   610.000  -166.678   1.401784E+03
   610.000  -171.439   1.404197E+03
   610.000  -176.201   1.406609E+03
   610.000  -180.963   1.409022E+03
   610.000  -185.724   1.411434E+03
   610.000  -190.486   1.413847E+03
   610.000  -195.248   1.416260E+03
   610.000  -200.010   1.418673E+03
   610.000  -204.771   1.421085E+03
   610.000  -209.533   1.423497E+03
   610.000  -214.295   1.425910E+03
   610.000  -219.056   1.428322E+03
   610.000  -228.580   1.433148E+03
   610.000  -238.103   1.437973E+03
   610.000  -247.626   1.442798E+03
   610.000  -257.150   1.447623E+03
   610.000  -266.673   1.452448E+03
   610.000  -276.196   1.457273E+03
   610.000  -285.720   1.462099E+03
   610.000  -290.481   1.464511E+03
   610.000  -295.243   1.466924E+03
   610.000  -300.005   1.469336E+03
   610.000  -304.766   1.471748E+03
   610.000  -314.290   1.476574E+03
   610.000  -323.813   1.481399E+03
   610.000  -333.337   1.486224E+03
   610.000  -342.860   1.491049E+03
   610.000  -352.383   1.495874E+03
   610.000  -361.907   1.500700E+03
   610.000  -371.430   1.505525E+03
   610.000  -380.953   1.510350E+03
   610.000  -390.477   1.515175E+03
   610.000  -400.000   1.520000E+03
   615.000    -0.032   0.000000E+00
   615.000    -0.716   1.871339E+01
   615.000    -1.460   3.650333E+01
   615.000    -1.937   4.769404E+01
   615.000    -2.413   5.869291E+01
   615.000    -2.889   6.952361E+01
   615.000    -3.365   8.018621E+01
   615.000    -3.841   9.068075E+01
   615.000    -4.317   1.010072E+02
   615.000    -5.270   1.211770E+02
   615.000    -5.746   1.309992E+02
   615.000    -6.222   1.406535E+02
   615.000    -6.698   1.501398E+02
   615.000    -7.650   1.686086E+02
   615.000    -8.999   1.936331E+02
   615.000    -9.555   2.064894E+02
   615.000   -10.507   2.282981E+02
   615.000   -11.460   2.498699E+02
   615.000   -12.412   2.711596E+02
   615.000   -13.364   2.921896E+02
   615.000   -14.317   3.129818E+02
   615.000   -16.221   3.537434E+02
   615.000   -18.126   3.934865E+02
   615.000   -20.030   4.321687E+02
   615.000   -21.935   4.698299E+02
   615.000   -23.840   5.064489E+02
   615.000   -25.604   5.394221E+02
   615.000   -27.649   5.765392E+02
   615.000   -29.553   6.100089E+02
   615.000   -31.185   6.378629E+02
   615.000   -33.363   6.565552E+02
   615.000   -35.267   6.727590E+02
   615.000   -38.124   6.968232E+02
   615.000   -40.981   7.207976E+02
   615.000   -43.838   7.446866E+02
   615.000   -46.695   7.681647E+02
   615.000   -49.552   7.912586E+02
   615.000   -52.409   8.139639E+02
   615.000   -55.266   8.363058E+02
   615.000   -58.123   8.583261E+02
   615.000   -60.980   8.800083E+02
   615.000   -63.836   9.013851E+02
   615.000   -66.693   9.225121E+02
   615.000   -71.455   9.571922E+02
   615.000   -76.216   9.913477E+02
   615.000   -80.978   1.025076E+03
   615.000   -85.739   1.058478E+03
   615.000   -90.501   1.091711E+03
   615.000   -95.262   1.124837E+03
   615.000  -100.024   1.157934E+03
   615.000  -104.786   1.191125E+03
   615.000  -109.547   1.224495E+03
   615.000  -114.309   1.258133E+03
   615.000  -119.070   1.292101E+03
   615.000  -122.948   1.320000E+03
   615.000  -128.593   1.331290E+03
   615.000  -133.355   1.340814E+03
   615.000  -138.116   1.350336E+03
   615.000  -142.878   1.359860E+03
   615.000  -147.639   1.369382E+03
   615.000  -152.401   1.378906E+03
   615.000  -157.162   1.388428E+03
   615.000  -161.924   1.397952E+03
   615.000  -166.685   1.401892E+03
   615.000  -171.447   1.404302E+03
   615.000  -176.208   1.406712E+03
   615.000  -180.970   1.409123E+03
   615.000  -185.731   1.411533E+03
   615.000  -190.493   1.413944E+03
   615.000  -195.254   1.416354E+03
   615.000  -200.016   1.418764E+03
   615.000  -204.778   1.421175E+03
   615.000  -209.539   1.423585E+03
   615.000  -214.301   1.425996E+03
   615.000  -219.062   1.428406E+03
   615.000  -228.585   1.433227E+03
   615.000  -238.108   1.438047E+03
   615.000  -247.631   1.442868E+03
   615.000  -257.154   1.447689E+03
   615.000  -266.677   1.452509E+03
   615.000  -276.200   1.457330E+03
   615.000  -285.723   1.462151E+03
   615.000  -290.485   1.464562E+03
   615.000  -295.246   1.466972E+03
   615.000  -300.008   1.469382E+03
   615.000  -304.770   1.471793E+03
   615.000  -314.293   1.476614E+03
   615.000  -323.816   1.481434E+03
   615.000  -333.339   1.486255E+03
   615.000  -342.862   1.491076E+03
   615.000  -352.385   1.495896E+03
   615.000  -361.908   1.500717E+03
   615.000  -371.431   1.505538E+03
   615.000  -380.954   1.510359E+03
   615.000  -390.477   1.515179E+03
   615.000  -400.000   1.520000E+03
   620.000    -0.042   0.000000E+00
   620.000    -0.748   1.928092E+01
   620.000    -1.470   3.651805E+01
   620.000    -1.947   4.769562E+01
   620.000    -2.423   5.868187E+01
   620.000    -2.899   6.950040E+01
   620.000    -3.375   8.015118E+01
   620.000    -3.851   9.063420E+01
   620.000    -4.327   1.009495E+02
   620.000    -5.280   1.210974E+02
   620.000    -5.756   1.309090E+02
   620.000    -6.232   1.405527E+02
   620.000    -6.708   1.500286E+02
   620.000    -7.660   1.684769E+02
   620.000    -9.036   1.939597E+02
   620.000    -9.565   2.061661E+02
   620.000   -10.517   2.279325E+02
   620.000   -11.469   2.494397E+02
   620.000   -12.422   2.707099E+02
   620.000   -13.374   2.916983E+02
   620.000   -14.326   3.124273E+02
   620.000   -16.231   3.531282E+02
   620.000   -18.135   3.927692E+02
   620.000   -20.040   4.313915E+02
   620.000   -21.944   4.689540E+02
   620.000   -23.849   5.054955E+02
   620.000   -25.552   5.372756E+02
   620.000   -27.658   5.754367E+02
   620.000   -29.563   6.088522E+02
   620.000   -31.169   6.362103E+02
   620.000   -33.372   6.550871E+02
   620.000   -35.276   6.712750E+02
   620.000   -38.133   6.953118E+02
   620.000   -40.990   7.192784E+02
   620.000   -43.847   7.431657E+02
   620.000   -46.704   7.666485E+02
   620.000   -49.561   7.897535E+02
   620.000   -52.417   8.124686E+02
   620.000   -55.274   8.348361E+02
   620.000   -58.131   8.568822E+02
   620.000   -60.988   8.785975E+02
   620.000   -63.845   9.000243E+02
   620.000   -66.702   9.211930E+02
   620.000   -71.463   9.559486E+02
   620.000   -76.224   9.902097E+02
   620.000   -80.986   1.024065E+03
   620.000   -85.747   1.057616E+03
   620.000   -90.509   1.091026E+03
   620.000   -95.270   1.124359E+03
   620.000  -100.032   1.157702E+03
   620.000  -104.793   1.191187E+03
   620.000  -109.554   1.224897E+03
   620.000  -114.316   1.258916E+03
   620.000  -119.077   1.293305E+03
   620.000  -122.740   1.320000E+03
   620.000  -128.600   1.331720E+03
   620.000  -133.361   1.341242E+03
   620.000  -138.123   1.350766E+03
   620.000  -142.884   1.360288E+03
   620.000  -147.646   1.369812E+03
   620.000  -152.407   1.379334E+03
   620.000  -157.168   1.388856E+03
   620.000  -161.930   1.398380E+03
   620.000  -166.691   1.401998E+03
   620.000  -171.453   1.404407E+03
   620.000  -176.214   1.406815E+03
   620.000  -180.975   1.409223E+03
   620.000  -185.737   1.411631E+03
   620.000  -190.498   1.414039E+03
   620.000  -195.260   1.416448E+03
   620.000  -200.021   1.418856E+03
   620.000  -204.782   1.421264E+03
   620.000  -209.544   1.423672E+03
   620.000  -214.305   1.426080E+03
   620.000  -219.067   1.428489E+03
   620.000  -228.589   1.433305E+03
   620.000  -238.112   1.438121E+03
   620.000  -247.635   1.442938E+03
   620.000  -257.158   1.447754E+03
   620.000  -266.681   1.452571E+03
   620.000  -276.203   1.457387E+03
   620.000  -285.726   1.462203E+03
   620.000  -290.488   1.464612E+03
   620.000  -295.249   1.467020E+03
   620.000  -300.011   1.469428E+03
   620.000  -304.772   1.471836E+03
   620.000  -314.295   1.476653E+03
   620.000  -323.818   1.481469E+03
   620.000  -333.340   1.486285E+03
   620.000  -342.863   1.491102E+03
   620.000  -352.386   1.495918E+03
   620.000  -361.909   1.500735E+03
   620.000  -371.432   1.505551E+03
   620.000  -380.954   1.510367E+03
   620.000  -390.477   1.515184E+03
   620.000  -400.000   1.520000E+03
   625.000    -0.053   0.000000E+00
   625.000    -0.780   1.982524E+01
   625.000    -1.481   3.653931E+01
   625.000    -1.958   4.770591E+01
   625.000    -2.434   5.868144E+01
   625.000    -2.910   6.948933E+01
   625.000    -3.386   8.012959E+01
   625.000    -3.862   9.060221E+01
   625.000    -4.338   1.009072E+02
   625.000    -5.290   1.210138E+02
   625.000    -5.767   1.308361E+02
   625.000    -6.243   1.404699E+02
   625.000    -6.719   1.499359E+02
   625.000    -7.671   1.683645E+02
   625.000    -9.073   1.942866E+02
   625.000    -9.576   2.058696E+02
   625.000   -10.528   2.275955E+02
   625.000   -11.480   2.490621E+02
   625.000   -12.432   2.702695E+02
   625.000   -13.385   2.912396E+02
   625.000   -14.337   3.119285E+02
   625.000   -16.241   3.525287E+02
   625.000   -18.146   3.921124E+02
   625.000   -20.050   4.306377E+02
   625.000   -21.955   4.681446E+02
   625.000   -23.859   5.045933E+02
   625.000   -25.499   5.351505E+02
   625.000   -27.668   5.743932E+02
   625.000   -29.573   6.077409E+02
   625.000   -31.154   6.346245E+02
   625.000   -33.382   6.536887E+02
   625.000   -35.286   6.698628E+02
   625.000   -38.143   6.938740E+02
   625.000   -41.000   7.178314E+02
   625.000   -43.857   7.417101E+02
   625.000   -46.713   7.651965E+02
   625.000   -49.570   7.883026E+02
   625.000   -52.427   8.110459E+02
   625.000   -55.284   8.334372E+02
   625.000   -58.141   8.555116E+02
   625.000   -60.997   8.772429E+02
   625.000   -63.854   8.987079E+02
   625.000   -66.711   9.199138E+02
   625.000   -71.472   9.547470E+02
   625.000   -76.233   9.891136E+02
   625.000   -80.995   1.023088E+03
   625.000   -85.756   1.056772E+03
   625.000   -90.517   1.090340E+03
   625.000   -95.278   1.123878E+03
   625.000  -100.040   1.157472E+03
   625.000  -104.801   1.191254E+03
   625.000  -109.562   1.225306E+03
   625.000  -114.324   1.259727E+03
   625.000  -119.085   1.294554E+03
   625.000  -122.532   1.320000E+03
   625.000  -128.607   1.332150E+03
   625.000  -133.369   1.341674E+03
   625.000  -138.130   1.351196E+03
   625.000  -142.891   1.360718E+03
   625.000  -147.652   1.370240E+03
   625.000  -152.414   1.379764E+03
   625.000  -157.175   1.389286E+03
   625.000  -161.936   1.398808E+03
   625.000  -166.698   1.402105E+03
   625.000  -171.459   1.404511E+03
   625.000  -176.220   1.406917E+03
   625.000  -180.981   1.409323E+03
   625.000  -185.743   1.411729E+03
   625.000  -190.504   1.414135E+03
   625.000  -195.265   1.416541E+03
   625.000  -200.027   1.418947E+03
   625.000  -204.788   1.421353E+03
   625.000  -209.549   1.423759E+03
   625.000  -214.310   1.426165E+03
   625.000  -219.072   1.428571E+03
   625.000  -228.594   1.433383E+03
   625.000  -238.117   1.438195E+03
   625.000  -247.639   1.443007E+03
   625.000  -257.162   1.447819E+03
   625.000  -266.684   1.452631E+03
   625.000  -276.207   1.457444E+03
   625.000  -285.729   1.462255E+03
   625.000  -290.491   1.464662E+03
   625.000  -295.252   1.467068E+03
   625.000  -300.013   1.469473E+03
   625.000  -304.775   1.471880E+03
   625.000  -314.297   1.476692E+03
   625.000  -323.820   1.481504E+03
   625.000  -333.342   1.486316E+03
   625.000  -342.865   1.491128E+03
   625.000  -352.387   1.495940E+03
   625.000  -361.910   1.500752E+03
   625.000  -371.432   1.505564E+03
   625.000  -380.955   1.510376E+03
   625.000  -390.477   1.515188E+03
   625.000  -400.000   1.520000E+03
   630.000    -0.066   0.000000E+00
   630.000    -0.812   2.032441E+01
   630.000    -1.494   3.657144E+01
   630.000    -1.970   4.770774E+01
   630.000    -2.447   5.869901E+01
   630.000    -2.923   6.949918E+01
   630.000    -3.399   8.013136E+01
   630.000    -3.875   9.059562E+01
   630.000    -4.351   1.008920E+02
   630.000    -5.303   1.209809E+02
   630.000    -5.779   1.307734E+02
   630.000    -6.255   1.403981E+02
   630.000    -6.732   1.498745E+02
   630.000    -7.684   1.682835E+02
   630.000    -9.110   1.946052E+02
   630.000    -9.588   2.055873E+02
   630.000   -10.540   2.272889E+02
   630.000   -11.493   2.487349E+02
   630.000   -12.445   2.699004E+02
   630.000   -13.397   2.908076E+02
   630.000   -14.349   3.114565E+02
   630.000   -16.254   3.519996E+02
   630.000   -18.158   3.914862E+02
   630.000   -20.063   4.299570E+02
   630.000   -21.967   4.673711E+02
   630.000   -23.872   5.037676E+02
   630.000   -25.447   5.330703E+02
   630.000   -27.680   5.734117E+02
   630.000   -29.585   6.066930E+02
   630.000   -31.138   6.330534E+02
   630.000   -33.394   6.523501E+02
   630.000   -35.298   6.685136E+02
   630.000   -38.155   6.924974E+02
   630.000   -41.012   7.164352E+02
   630.000   -43.868   7.403134E+02
   630.000   -46.725   7.638107E+02
   630.000   -49.582   7.869247E+02
   630.000   -52.438   8.096745E+02
   630.000   -55.295   8.320863E+02
   630.000   -58.152   8.541706E+02
   630.000   -61.008   8.759296E+02
   630.000   -63.865   8.974284E+02
   630.000   -66.722   9.186666E+02
   630.000   -71.483   9.535757E+02
   630.000   -76.244   9.880364E+02
   630.000   -81.005   1.022106E+03
   630.000   -85.766   1.055910E+03
   630.000   -90.527   1.089636E+03
   630.000   -95.288   1.123370E+03
   630.000  -100.050   1.157209E+03
   630.000  -104.811   1.191291E+03
   630.000  -109.572   1.225698E+03
   630.000  -114.333   1.260534E+03
   630.000  -119.094   1.295823E+03
   630.000  -122.324   1.320000E+03
   630.000  -128.616   1.332584E+03
   630.000  -133.377   1.342106E+03
   630.000  -138.138   1.351628E+03
   630.000  -142.900   1.361152E+03
   630.000  -147.661   1.370674E+03
   630.000  -152.422   1.380196E+03
   630.000  -157.183   1.389718E+03
   630.000  -161.944   1.399240E+03
   630.000  -166.705   1.402212E+03
   630.000  -171.466   1.404616E+03
   630.000  -176.227   1.407019E+03
   630.000  -180.989   1.409424E+03
   630.000  -185.750   1.411828E+03
   630.000  -190.511   1.414231E+03
   630.000  -195.272   1.416635E+03
   630.000  -200.033   1.419039E+03
   630.000  -204.794   1.421443E+03
   630.000  -209.555   1.423846E+03
   630.000  -214.316   1.426250E+03
   630.000  -219.077   1.428654E+03
   630.000  -228.600   1.433462E+03
   630.000  -238.122   1.438270E+03
   630.000  -247.644   1.443077E+03
   630.000  -257.166   1.447885E+03
   630.000  -266.689   1.452693E+03
   630.000  -276.211   1.457500E+03
   630.000  -285.733   1.462308E+03
   630.000  -290.494   1.464712E+03
   630.000  -295.255   1.467115E+03
   630.000  -300.017   1.469520E+03
   630.000  -304.778   1.471923E+03
   630.000  -314.300   1.476731E+03
   630.000  -323.822   1.481539E+03
   630.000  -333.344   1.486346E+03
   630.000  -342.867   1.491154E+03
   630.000  -352.389   1.495962E+03
   630.000  -361.911   1.500769E+03
   630.000  -371.433   1.505577E+03
   630.000  -380.956   1.510385E+03
   630.000  -390.478   1.515192E+03
   630.000  -400.000   1.520000E+03
   635.000    -0.078   0.000000E+00
   635.000    -0.843   2.081739E+01
   635.000    -1.506   3.659500E+01
   635.000    -1.982   4.772274E+01
   635.000    -2.458   5.868244E+01
   635.000    -2.935   6.949676E+01
   635.000    -3.411   8.012032E+01
   635.000    -3.887   9.057601E+01
   635.000    -4.363   1.008638E+02
   635.000    -5.315   1.209361E+02
   635.000    -5.791   1.307207E+02
   635.000    -6.267   1.403375E+02
   635.000    -6.743   1.497867E+02
   635.000    -7.696   1.682013E+02
   635.000    -8.648   1.858695E+02
   635.000    -9.147   1.948952E+02
   635.000   -10.552   2.269404E+02
   635.000   -11.504   2.483324E+02
   635.000   -12.457   2.694867E+02
   635.000   -13.409   2.903593E+02
   635.000   -14.361   3.109728E+02
   635.000   -16.265   3.514227E+02
   635.000   -18.170   3.908582E+02
   635.000   -20.074   4.292382E+02
   635.000   -21.978   4.665835E+02
   635.000   -23.883   5.029127E+02
   635.000   -25.394   5.309866E+02
   635.000   -27.692   5.724460E+02
   635.000   -29.596   6.056475E+02
   635.000   -31.122   6.315067E+02
   635.000   -33.405   6.510303E+02
   635.000   -35.309   6.671748E+02
   635.000   -38.166   6.911331E+02
   635.000   -41.022   7.150576E+02
   635.000   -43.879   7.389528E+02
   635.000   -46.736   7.624411E+02
   635.000   -49.592   7.855574E+02
   635.000   -52.449   8.083279E+02
   635.000   -55.305   8.307478E+02
   635.000   -58.162   8.528375E+02
   635.000   -61.018   8.746144E+02
   635.000   -63.875   8.961423E+02
   635.000   -66.732   9.174137E+02
   635.000   -71.493   9.523915E+02
   635.000   -76.254   9.869206E+02
   635.000   -81.015   1.021077E+03
   635.000   -85.776   1.054991E+03
   635.000   -90.537   1.088858E+03
   635.000   -95.298   1.122767E+03
   635.000  -100.059   1.156836E+03
   635.000  -104.819   1.191209E+03
   635.000  -109.580   1.225987E+03
   635.000  -114.341   1.261272E+03
   635.000  -119.102   1.297092E+03
   635.000  -122.116   1.320000E+03
   635.000  -128.624   1.333016E+03
   635.000  -133.385   1.342538E+03
   635.000  -138.146   1.352060E+03
   635.000  -142.907   1.361582E+03
   635.000  -147.668   1.371104E+03
   635.000  -152.429   1.380626E+03
   635.000  -157.190   1.390148E+03
   635.000  -161.951   1.399670E+03
   635.000  -166.712   1.402318E+03
   635.000  -171.473   1.404720E+03
   635.000  -176.234   1.407122E+03
   635.000  -180.995   1.409523E+03
   635.000  -185.756   1.411925E+03
   635.000  -190.517   1.414327E+03
   635.000  -195.278   1.416728E+03
   635.000  -200.039   1.419130E+03
   635.000  -204.800   1.421532E+03
   635.000  -209.561   1.423934E+03
   635.000  -214.322   1.426335E+03
   635.000  -219.083   1.428737E+03
   635.000  -228.605   1.433540E+03
   635.000  -238.127   1.438344E+03
   635.000  -247.649   1.443147E+03
   635.000  -257.171   1.447950E+03
   635.000  -266.693   1.452754E+03
   635.000  -276.215   1.457557E+03
   635.000  -285.737   1.462360E+03
   635.000  -290.498   1.464762E+03
   635.000  -295.259   1.467164E+03
   635.000  -300.020   1.469565E+03
   635.000  -304.780   1.471967E+03
   635.000  -314.302   1.476770E+03
   635.000  -323.824   1.481573E+03
   635.000  -333.346   1.486377E+03
   635.000  -342.868   1.491180E+03
   635.000  -352.390   1.495983E+03
   635.000  -361.912   1.500787E+03
   635.000  -371.434   1.505590E+03
   635.000  -380.956   1.510393E+03
   635.000  -390.478   1.515197E+03
   635.000  -400.000   1.520000E+03
   640.000    -0.089   0.000000E+00
   640.000    -0.875   2.135677E+01
   640.000    -1.517   3.661362E+01
   640.000    -1.993   4.772953E+01
   640.000    -2.469   5.867742E+01
   640.000    -2.946   6.947981E+01
   640.000    -3.422   8.009147E+01
   640.000    -3.898   9.053513E+01
   640.000    -4.374   1.008109E+02
   640.000    -5.326   1.208587E+02
   640.000    -5.802   1.306308E+02
   640.000    -6.278   1.402350E+02
   640.000    -6.754   1.496714E+02
   640.000    -7.706   1.680405E+02
   640.000    -8.659   1.857565E+02
   640.000    -9.184   1.952312E+02
   640.000   -10.563   2.266068E+02
   640.000   -11.515   2.479529E+02
   640.000   -12.467   2.690413E+02
   640.000   -13.419   2.898720E+02
   640.000   -14.372   3.104665E+02
   640.000   -16.276   3.508390E+02
   640.000   -18.180   3.901805E+02
   640.000   -20.085   4.285107E+02
   640.000   -21.989   4.657890E+02
   640.000   -23.893   5.020354E+02
   640.000   -25.342   5.289237E+02
   640.000   -27.702   5.714501E+02
   640.000   -29.606   6.045965E+02
   640.000   -31.106   6.299795E+02
   640.000   -33.415   6.497055E+02
   640.000   -35.319   6.658353E+02
   640.000   -38.176   6.897765E+02
   640.000   -41.032   7.137041E+02
   640.000   -43.889   7.375884E+02
   640.000   -46.745   7.610751E+02
   640.000   -49.602   7.842088E+02
   640.000   -52.458   8.069786E+02
   640.000   -55.315   8.294103E+02
   640.000   -58.171   8.514990E+02
   640.000   -61.028   8.732944E+02
   640.000   -63.884   8.948352E+02
   640.000   -66.741   9.161353E+02
   640.000   -71.502   9.511669E+02
   640.000   -76.263   9.857447E+02
   640.000   -81.023   1.019961E+03
   640.000   -85.784   1.053968E+03
   640.000   -90.545   1.087942E+03
   640.000   -95.306   1.121999E+03
   640.000  -100.067   1.156285E+03
   640.000  -104.828   1.190953E+03
   640.000  -109.588   1.226107E+03
   640.000  -114.349   1.261895E+03
   640.000  -119.110   1.298352E+03
   640.000  -121.907   1.320000E+03
   640.000  -128.632   1.333450E+03
   640.000  -133.393   1.342972E+03
   640.000  -138.154   1.352494E+03
   640.000  -142.914   1.362014E+03
   640.000  -147.675   1.371536E+03
   640.000  -152.436   1.381058E+03
   640.000  -157.197   1.390580E+03
   640.000  -161.958   1.400026E+03
   640.000  -166.719   1.402425E+03
   640.000  -171.479   1.404824E+03
   640.000  -176.240   1.407224E+03
   640.000  -181.001   1.409623E+03
   640.000  -185.762   1.412023E+03
   640.000  -190.523   1.414423E+03
   640.000  -195.284   1.416822E+03
   640.000  -200.045   1.419222E+03
   640.000  -204.805   1.421621E+03
   640.000  -209.566   1.424020E+03
   640.000  -214.327   1.426420E+03
   640.000  -219.088   1.428819E+03
   640.000  -228.610   1.433619E+03
   640.000  -238.131   1.438417E+03
   640.000  -247.653   1.443216E+03
   640.000  -257.175   1.448016E+03
   640.000  -266.696   1.452814E+03
   640.000  -276.218   1.457613E+03
   640.000  -285.740   1.462412E+03
   640.000  -290.501   1.464812E+03
   640.000  -295.261   1.467211E+03
   640.000  -300.022   1.469611E+03
   640.000  -304.783   1.472010E+03
   640.000  -314.305   1.476809E+03
   640.000  -323.826   1.481608E+03
   640.000  -333.348   1.486407E+03
   640.000  -342.870   1.491206E+03
   640.000  -352.392   1.496005E+03
   640.000  -361.913   1.500804E+03
   640.000  -371.435   1.505603E+03
   640.000  -380.957   1.510402E+03
   640.000  -390.478   1.515201E+03
   640.000  -400.000   1.520000E+03
   645.000    -0.099   0.000000E+00
   645.000    -0.907   2.191828E+01
   645.000    -1.527   3.662936E+01
   645.000    -2.003   4.773147E+01
   645.000    -2.479   5.866544E+01
   645.000    -2.955   6.943132E+01
   645.000    -3.432   8.005139E+01
   645.000    -3.908   9.048120E+01
   645.000    -4.384   1.007431E+02
   645.000    -5.336   1.207638E+02
   645.000    -5.812   1.305227E+02
   645.000    -6.288   1.401140E+02
   645.000    -6.764   1.495378E+02
   645.000    -7.716   1.678830E+02
   645.000    -8.668   1.855585E+02
   645.000    -9.221   1.955205E+02
   645.000   -10.573   2.262125E+02
   645.000   -11.525   2.475148E+02
   645.000   -12.477   2.685606E+02
   645.000   -13.429   2.893499E+02
   645.000   -14.381   3.098828E+02
   645.000   -16.285   3.501792E+02
   645.000   -18.190   3.894701E+02
   645.000   -20.094   4.277133E+02
   645.000   -21.998   4.649290E+02
   645.000   -23.903   5.011351E+02
   645.000   -25.290   5.268440E+02
   645.000   -27.711   5.704225E+02
   645.000   -29.616   6.035352E+02
   645.000   -31.090   6.284454E+02
   645.000   -33.424   6.483642E+02
   645.000   -35.328   6.644785E+02
   645.000   -38.185   6.884237E+02
   645.000   -41.041   7.123505E+02
   645.000   -43.898   7.362235E+02
   645.000   -46.754   7.597194E+02
   645.000   -49.611   7.828502E+02
   645.000   -52.467   8.056264E+02
   645.000   -55.323   8.280501E+02
   645.000   -58.180   8.501492E+02
   645.000   -61.036   8.719496E+02
   645.000   -63.893   8.935120E+02
   645.000   -66.749   9.148220E+02
   645.000   -71.510   9.498796E+02
   645.000   -76.271   9.844871E+02
   645.000   -81.031   1.018746E+03
   645.000   -85.792   1.052812E+03
   645.000   -90.553   1.086860E+03
   645.000   -95.314   1.121032E+03
   645.000  -100.074   1.155482E+03
   645.000  -104.835   1.190400E+03
   645.000  -109.596   1.225934E+03
   645.000  -114.356   1.262271E+03
   645.000  -119.117   1.299557E+03
   645.000  -121.699   1.320000E+03
   645.000  -128.639   1.333880E+03
   645.000  -133.399   1.343400E+03
   645.000  -138.160   1.352922E+03
   645.000  -142.921   1.362444E+03
   645.000  -147.682   1.371966E+03
   645.000  -152.442   1.381486E+03
   645.000  -157.203   1.391008E+03
   645.000  -161.964   1.400133E+03
   645.000  -166.724   1.402530E+03
   645.000  -171.485   1.404928E+03
   645.000  -176.246   1.407325E+03
   645.000  -181.007   1.409723E+03
   645.000  -185.767   1.412120E+03
   645.000  -190.528   1.414517E+03
   645.000  -195.289   1.416915E+03
   645.000  -200.050   1.419312E+03
   645.000  -204.810   1.421709E+03
   645.000  -209.571   1.424107E+03
   645.000  -214.332   1.426504E+03
   645.000  -219.092   1.428901E+03
   645.000  -228.614   1.433696E+03
   645.000  -238.135   1.438490E+03
   645.000  -247.657   1.443285E+03
   645.000  -257.178   1.448080E+03
   645.000  -266.700   1.452875E+03
   645.000  -276.221   1.457669E+03
   645.000  -285.743   1.462464E+03
   645.000  -290.503   1.464861E+03
   645.000  -295.264   1.467259E+03
   645.000  -300.025   1.469656E+03
   645.000  -304.785   1.472053E+03
   645.000  -314.307   1.476848E+03
   645.000  -323.828   1.481642E+03
   645.000  -333.350   1.486437E+03
   645.000  -342.871   1.491232E+03
   645.000  -352.393   1.496027E+03
   645.000  -361.914   1.500821E+03
   645.000  -371.436   1.505616E+03
   645.000  -380.957   1.510411E+03
   645.000  -390.479   1.515206E+03
   645.000  -400.000   1.520000E+03
   650.000    -0.106   0.000000E+00
   650.000    -0.939   2.253491E+01
   650.000    -1.534   3.661720E+01
   650.000    -2.010   4.769594E+01
   650.000    -2.486   5.860715E+01
   650.000    -2.962   6.935097E+01
   650.000    -3.438   7.992744E+01
   650.000    -3.915   9.035847E+01
   650.000    -4.391   1.006004E+02
   650.000    -5.343   1.205831E+02
   650.000    -5.819   1.303241E+02
   650.000    -6.295   1.398983E+02
   650.000    -6.771   1.493057E+02
   650.000    -7.723   1.676202E+02
   650.000    -8.675   1.852679E+02
   650.000    -9.258   1.957483E+02
   650.000   -10.579   2.256633E+02
   650.000   -11.532   2.469422E+02
   650.000   -12.484   2.679445E+02
   650.000   -13.436   2.886926E+02
   650.000   -14.388   3.091862E+02
   650.000   -16.292   3.494102E+02
   650.000   -18.196   3.886148E+02
   650.000   -20.101   4.268185E+02
   650.000   -22.005   4.639793E+02
   650.000   -23.909   5.001156E+02
   650.000   -25.237   5.247089E+02
   650.000   -27.718   5.693294E+02
   650.000   -29.622   6.023818E+02
   650.000   -31.074   6.268928E+02
   650.000   -33.431   6.469890E+02
   650.000   -35.335   6.631001E+02
   650.000   -38.191   6.870427E+02
   650.000   -41.048   7.109625E+02
   650.000   -43.904   7.348356E+02
   650.000   -46.760   7.583310E+02
   650.000   -49.617   7.814623E+02
   650.000   -52.473   8.042406E+02
   650.000   -55.329   8.266587E+02
   650.000   -58.186   8.487582E+02
   650.000   -61.042   8.705729E+02
   650.000   -63.899   8.921399E+02
   650.000   -66.755   9.134529E+02
   650.000   -71.516   9.485179E+02
   650.000   -76.276   9.831194E+02
   650.000   -81.037   1.017394E+03
   650.000   -85.798   1.051480E+03
   650.000   -90.558   1.085553E+03
   650.000   -95.319   1.119783E+03
   650.000  -100.080   1.154338E+03
   650.000  -104.840   1.189418E+03
   650.000  -109.601   1.225247E+03
   650.000  -114.361   1.262102E+03
   650.000  -121.491   1.320000E+03
   650.000  -123.883   1.324784E+03
   650.000  -128.643   1.334304E+03
   650.000  -133.404   1.343826E+03
   650.000  -138.165   1.353348E+03
   650.000  -142.925   1.362868E+03
   650.000  -147.686   1.372390E+03
   650.000  -152.447   1.381912E+03
   650.000  -157.207   1.391432E+03
   650.000  -161.968   1.400240E+03
   650.000  -166.729   1.402635E+03
   650.000  -171.489   1.405030E+03
   650.000  -176.250   1.407426E+03
   650.000  -181.010   1.409821E+03
   650.000  -185.771   1.412216E+03
   650.000  -190.532   1.414611E+03
   650.000  -195.292   1.417006E+03
   650.000  -200.053   1.419402E+03
   650.000  -204.814   1.421797E+03
   650.000  -209.574   1.424192E+03
   650.000  -214.335   1.426587E+03
   650.000  -219.096   1.428983E+03
   650.000  -228.617   1.433773E+03
   650.000  -238.138   1.438563E+03
   650.000  -247.659   1.443353E+03
   650.000  -257.181   1.448144E+03
   650.000  -266.702   1.452934E+03
   650.000  -276.223   1.457725E+03
   650.000  -285.745   1.462515E+03
   650.000  -290.505   1.464910E+03
   650.000  -295.266   1.467306E+03
   650.000  -300.027   1.469701E+03
   650.000  -304.787   1.472096E+03
   650.000  -314.308   1.476886E+03
   650.000  -323.830   1.481677E+03
   650.000  -333.351   1.486467E+03
   650.000  -342.872   1.491257E+03
   650.000  -352.394   1.496048E+03
   650.000  -361.915   1.500838E+03
   650.000  -371.436   1.505629E+03
   650.000  -380.957   1.510419E+03
   650.000  -390.479   1.515210E+03
   650.000  -400.000   1.520000E+03
   655.000    -0.112   0.000000E+00
   655.000    -0.971   2.314541E+01
   655.000    -1.540   3.656106E+01
   655.000    -2.016   4.760184E+01
   655.000    -2.492   5.847722E+01
   655.000    -2.968   6.918722E+01
   655.000    -3.444   7.973185E+01
   655.000    -3.920   9.011107E+01
   655.000    -4.397   1.003463E+02
   655.000    -5.349   1.202775E+02
   655.000    -5.825   1.299951E+02
   655.000    -6.301   1.395474E+02
   655.000    -6.777   1.489343E+02
   655.000    -7.729   1.672118E+02
   655.000    -8.681   1.848277E+02
   655.000    -9.295   1.958405E+02
   655.000   -10.585   2.249812E+02
   655.000   -11.537   2.461930E+02
   655.000   -12.489   2.671542E+02
   655.000   -13.442   2.878860E+02
   655.000   -14.394   3.083445E+02
   655.000   -16.298   3.485059E+02
   655.000   -18.202   3.876565E+02
   655.000   -20.106   4.257927E+02
   655.000   -22.011   4.629309E+02
   655.000   -23.915   4.990291E+02
   655.000   -25.185   5.225350E+02
   655.000   -27.723   5.681591E+02
   655.000   -29.628   6.011984E+02
   655.000   -31.058   6.253207E+02
   655.000   -33.436   6.455859E+02
   655.000   -35.340   6.616960E+02
   655.000   -38.197   6.856377E+02
   655.000   -41.053   7.095531E+02
   655.000   -43.909   7.334379E+02
   655.000   -46.766   7.569301E+02
   655.000   -49.622   7.800557E+02
   655.000   -52.478   8.028332E+02
   655.000   -55.335   8.252568E+02
   655.000   -58.191   8.473466E+02
   655.000   -61.047   8.691523E+02
   655.000   -63.904   8.907134E+02
   655.000   -66.760   9.120307E+02
   655.000   -71.521   9.470813E+02
   655.000   -76.281   9.816546E+02
   655.000   -81.042   1.015904E+03
   655.000   -85.802   1.049959E+03
   655.000   -90.563   1.084017E+03
   655.000   -95.323   1.118222E+03
   655.000  -100.084   1.152772E+03
   655.000  -104.845   1.187884E+03
   655.000  -109.605   1.223820E+03
   655.000  -114.366   1.261142E+03
   655.000  -121.283   1.320000E+03
   655.000  -123.887   1.325208E+03
   655.000  -128.647   1.334728E+03
   655.000  -133.408   1.344250E+03
   655.000  -138.169   1.353772E+03
   655.000  -142.929   1.363292E+03
   655.000  -147.690   1.372814E+03
   655.000  -152.450   1.382334E+03
   655.000  -157.211   1.391856E+03
   655.000  -161.971   1.400346E+03
   655.000  -166.732   1.402739E+03
   655.000  -171.493   1.405132E+03
   655.000  -176.253   1.407525E+03
   655.000  -181.014   1.409919E+03
   655.000  -185.774   1.412311E+03
   655.000  -190.535   1.414705E+03
   655.000  -195.295   1.417097E+03
   655.000  -200.056   1.419491E+03
   655.000  -204.817   1.421884E+03
   655.000  -209.577   1.424277E+03
   655.000  -214.338   1.426670E+03
   655.000  -219.098   1.429063E+03
   655.000  -228.619   1.433849E+03
   655.000  -238.141   1.438636E+03
   655.000  -247.662   1.443422E+03
   655.000  -257.183   1.448208E+03
   655.000  -266.704   1.452994E+03
   655.000  -276.225   1.457780E+03
   655.000  -285.746   1.462566E+03
   655.000  -290.507   1.464959E+03
   655.000  -295.267   1.467352E+03
   655.000  -300.028   1.469745E+03
   655.000  -304.789   1.472139E+03
   655.000  -314.310   1.476925E+03
   655.000  -323.831   1.481711E+03
   655.000  -333.352   1.486497E+03
   655.000  -342.873   1.491283E+03
   655.000  -352.394   1.496069E+03
   655.000  -361.915   1.500855E+03
   655.000  -371.437   1.505642E+03
   655.000  -380.958   1.510428E+03
   655.000  -390.479   1.515214E+03
   655.000  -400.000   1.520000E+03
   660.000    -0.126   0.000000E+00
   659.000    -0.996   2.345459E+01
   660.000    -1.554   3.642339E+01
   660.000    -2.030   4.742165E+01
   660.000    -2.506   5.825663E+01
   660.000    -2.982   6.892844E+01
   660.000    -3.458   7.943711E+01
   660.000    -3.934   8.978264E+01
   660.000    -4.410   9.996495E+01
   660.000    -5.362   1.198399E+02
   660.000    -5.838   1.295324E+02
   660.000    -6.315   1.390814E+02
   660.000    -6.791   1.484468E+02
   660.000    -7.743   1.666866E+02
   660.000    -8.695   1.842712E+02
   660.000    -9.332   1.956729E+02
   660.000   -10.599   2.242361E+02
   660.000   -11.551   2.454120E+02
   660.000   -12.503   2.663414E+02
   660.000   -13.455   2.870232E+02
   660.000   -14.407   3.074565E+02
   660.000   -16.311   3.475752E+02
   660.000   -18.216   3.867109E+02
   660.000   -20.120   4.248172E+02
   660.000   -22.024   4.619100E+02
   660.000   -23.928   4.979851E+02
   660.000   -25.132   5.202664E+02
   660.000   -27.736   5.670750E+02
   660.000   -29.641   6.000944E+02
   660.000   -31.043   6.237346E+02
   660.000   -33.449   6.442364E+02
   660.000   -35.353   6.603452E+02
   660.000   -38.209   6.842757E+02
   660.000   -41.065   7.082040E+02
   660.000   -43.922   7.320903E+02
   660.000   -46.778   7.555783E+02
   660.000   -49.634   7.787037E+02
   660.000   -52.490   8.014712E+02
   660.000   -55.347   8.238897E+02
   660.000   -58.203   8.459731E+02
   660.000   -61.059   8.677637E+02
   660.000   -63.915   8.893005E+02
   660.000   -66.772   9.106087E+02
   660.000   -71.532   9.456097E+02
   660.000   -76.292   9.801329E+02
   660.000   -81.053   1.014323E+03
   660.000   -85.813   1.048309E+03
   660.000   -90.574   1.082287E+03
   660.000   -95.334   1.116395E+03
   660.000  -100.095   1.150813E+03
   660.000  -104.855   1.185724E+03
   660.000  -109.615   1.221334E+03
   660.000  -114.376   1.257921E+03
   660.000  -119.136   1.296265E+03
   660.000  -122.100   1.320000E+03
   660.000  -128.657   1.333114E+03
   660.000  -133.417   1.342634E+03
   660.000  -138.178   1.352156E+03
   660.000  -142.938   1.361676E+03
   660.000  -147.699   1.371198E+03
   660.000  -152.459   1.380718E+03
   660.000  -157.219   1.390238E+03
   660.000  -161.980   1.399760E+03
   660.000  -166.740   1.402340E+03
   660.000  -171.501   1.404742E+03
   660.000  -176.261   1.407143E+03
   660.000  -181.021   1.409544E+03
   660.000  -185.782   1.411946E+03
   660.000  -190.542   1.414347E+03
   660.000  -195.303   1.416748E+03
   660.000  -200.063   1.419149E+03
   660.000  -204.823   1.421550E+03
   660.000  -209.584   1.423952E+03
   660.000  -214.344   1.426353E+03
   660.000  -219.105   1.428754E+03
   660.000  -228.625   1.433556E+03
   660.000  -238.146   1.438359E+03
   660.000  -247.667   1.443161E+03
   660.000  -257.188   1.447964E+03
   660.000  -266.709   1.452766E+03
   660.000  -276.229   1.457568E+03
   660.000  -285.750   1.462371E+03
   660.000  -290.511   1.464772E+03
   660.000  -295.271   1.467173E+03
   660.000  -300.032   1.469575E+03
   660.000  -304.792   1.471976E+03
   660.000  -314.313   1.476778E+03
   660.000  -323.834   1.481581E+03
   660.000  -333.354   1.486383E+03
   660.000  -342.875   1.491185E+03
   660.000  -352.396   1.495988E+03
   660.000  -361.917   1.500790E+03
   660.000  -371.438   1.505593E+03
   660.000  -380.958   1.510395E+03
   660.000  -390.479   1.515197E+03
   660.000  -400.000   1.520000E+03
   665.000    -0.157   0.000000E+00
   665.000    -1.028   2.318899E+01
   665.000    -1.585   3.618660E+01
   665.000    -2.061   4.712222E+01
   665.000    -2.537   5.790242E+01
   665.000    -3.013   6.852632E+01
   665.000    -3.489   7.899302E+01
   665.000    -3.965   8.930175E+01
   665.000    -4.441   9.945185E+01
   665.000    -5.393   1.192739E+02
   665.000    -5.869   1.289447E+02
   665.000    -6.345   1.384546E+02
   665.000    -6.821   1.478033E+02
   665.000    -7.773   1.660159E+02
   665.000    -8.725   1.835795E+02
   665.000    -9.369   1.950922E+02
   665.000   -10.629   2.234797E+02
   665.000   -11.581   2.446435E+02
   665.000   -12.533   2.655631E+02
   665.000   -13.485   2.862372E+02
   665.000   -14.437   3.066643E+02
   665.000   -16.341   3.467735E+02
   665.000   -18.245   3.858824E+02
   665.000   -20.149   4.239840E+02
   665.000   -22.053   4.610723E+02
   665.000   -23.957   4.971411E+02
   665.000   -25.080   5.179300E+02
   665.000   -27.765   5.662151E+02
   665.000   -29.669   5.992089E+02
   665.000   -31.027   6.221092E+02
   665.000   -33.477   6.429969E+02
   665.000   -35.381   6.591100E+02
   665.000   -38.237   6.830505E+02
   665.000   -41.093   7.069933E+02
   665.000   -43.949   7.308656E+02
   665.000   -46.805   7.543612E+02
   665.000   -49.661   7.774738E+02
   665.000   -52.517   8.002295E+02
   665.000   -55.373   8.226230E+02
   665.000   -58.229   8.446924E+02
   665.000   -61.085   8.664650E+02
   665.000   -63.941   8.879692E+02
   665.000   -66.798   9.092424E+02
   665.000   -71.558   9.441777E+02
   665.000   -76.318   9.786301E+02
   665.000   -81.078   1.012717E+03
   665.000   -85.838   1.046594E+03
   665.000   -90.598   1.080435E+03
   665.000   -95.358   1.114367E+03
   665.000  -100.118   1.148539E+03
   665.000  -104.878   1.183129E+03
   665.000  -109.638   1.218279E+03
   665.000  -114.398   1.254134E+03
   665.000  -119.158   1.290839E+03
   665.000  -122.918   1.320000E+03
   665.000  -128.678   1.331520E+03
   665.000  -133.438   1.341040E+03
   665.000  -138.198   1.350560E+03
   665.000  -142.958   1.360080E+03
   665.000  -147.718   1.369600E+03
   665.000  -152.478   1.379120E+03
   665.000  -157.238   1.388640E+03
   665.000  -161.998   1.398160E+03
   665.000  -166.758   1.401944E+03
   665.000  -171.518   1.404353E+03
   665.000  -176.278   1.406762E+03
   665.000  -181.038   1.409172E+03
   665.000  -185.798   1.411581E+03
   665.000  -190.558   1.413990E+03
   665.000  -195.318   1.416399E+03
   665.000  -200.079   1.418809E+03
   665.000  -204.839   1.421218E+03
   665.000  -209.599   1.423628E+03
   665.000  -214.359   1.426037E+03
   665.000  -219.119   1.428446E+03
   665.000  -228.639   1.433265E+03
   665.000  -238.159   1.438084E+03
   665.000  -247.679   1.442902E+03
   665.000  -257.199   1.447721E+03
   665.000  -266.719   1.452539E+03
   665.000  -276.239   1.457358E+03
   665.000  -285.759   1.462176E+03
   665.000  -290.519   1.464586E+03
   665.000  -295.279   1.466995E+03
   665.000  -300.039   1.469404E+03
   665.000  -304.799   1.471814E+03
   665.000  -314.319   1.476632E+03
   665.000  -323.839   1.481451E+03
   665.000  -333.360   1.486270E+03
   665.000  -342.880   1.491088E+03
   665.000  -352.400   1.495907E+03
   665.000  -361.920   1.500726E+03
   665.000  -371.440   1.505544E+03
   665.000  -380.960   1.510363E+03
   665.000  -390.480   1.515181E+03
   665.000  -400.000   1.520000E+03
   670.000    -0.259   0.000000E+00
   670.000    -1.055   2.129731E+01
   670.000    -1.687   3.611283E+01
   670.000    -2.163   4.707889E+01
   670.000    -2.638   5.786216E+01
   670.000    -3.114   6.850769E+01
   670.000    -3.590   7.899239E+01
   670.000    -4.066   8.931588E+01
   670.000    -4.542   9.947781E+01
   670.000    -5.494   1.193160E+02
   670.000    -5.970   1.289916E+02
   670.000    -6.445   1.384846E+02
   670.000    -6.921   1.478349E+02
   670.000    -7.873   1.660456E+02
   670.000    -8.825   1.836020E+02
   670.000    -9.405   1.939719E+02
   670.000   -10.728   2.238168E+02
   670.000   -11.680   2.449950E+02
   670.000   -12.632   2.659267E+02
   670.000   -13.584   2.866105E+02
   670.000   -14.535   3.070240E+02
   670.000   -16.439   3.471436E+02
   670.000   -18.343   3.862576E+02
   670.000   -20.246   4.243411E+02
   670.000   -22.150   4.614301E+02
   670.000   -24.053   4.974818E+02
   670.000   -25.027   5.155196E+02
   670.000   -27.860   5.664371E+02
   670.000   -29.764   5.994325E+02
   670.000   -31.011   6.204712E+02
   670.000   -33.571   6.423251E+02
   670.000   -35.474   6.584338E+02
   670.000   -38.330   6.823898E+02
   670.000   -41.185   7.063263E+02
   670.000   -44.040   7.301950E+02
   670.000   -46.895   7.536768E+02
   670.000   -49.751   7.767744E+02
   670.000   -52.606   7.994952E+02
   670.000   -55.461   8.218453E+02
   670.000   -58.317   8.438839E+02
   670.000   -61.172   8.656079E+02
   670.000   -64.027   8.870635E+02
   670.000   -66.883   9.082736E+02
   670.000   -71.641   9.431084E+02
   670.000   -76.400   9.774532E+02
   670.000   -81.159   1.011402E+03
   670.000   -85.918   1.045123E+03
   670.000   -90.677   1.078780E+03
   670.000   -95.435   1.112464E+03
   670.000  -100.194   1.146342E+03
   670.000  -104.953   1.180539E+03
   670.000  -109.712   1.215161E+03
   670.000  -114.471   1.250286E+03
   670.000  -119.230   1.285970E+03
   670.000  -123.735   1.320000E+03
   670.000  -128.747   1.330024E+03
   670.000  -133.506   1.339542E+03
   670.000  -138.265   1.349060E+03
   670.000  -143.024   1.358578E+03
   670.000  -147.782   1.368094E+03
   670.000  -152.541   1.377612E+03
   670.000  -157.300   1.387130E+03
   670.000  -162.059   1.396648E+03
   670.000  -166.818   1.401566E+03
   670.000  -171.577   1.403983E+03
   670.000  -176.335   1.406400E+03
   670.000  -181.094   1.408817E+03
   670.000  -185.853   1.411234E+03
   670.000  -190.612   1.413651E+03
   670.000  -195.371   1.416068E+03
   670.000  -200.130   1.418485E+03
   670.000  -204.888   1.420902E+03
   670.000  -209.647   1.423319E+03
   670.000  -214.406   1.425736E+03
   670.000  -219.165   1.428153E+03
   670.000  -228.682   1.432987E+03
   670.000  -238.200   1.437821E+03
   670.000  -247.718   1.442655E+03
   670.000  -257.235   1.447489E+03
   670.000  -266.753   1.452323E+03
   670.000  -276.271   1.457158E+03
   670.000  -285.788   1.461991E+03
   670.000  -290.547   1.464408E+03
   670.000  -295.306   1.466825E+03
   670.000  -300.065   1.469243E+03
   670.000  -304.824   1.471660E+03
   670.000  -314.341   1.476493E+03
   670.000  -323.859   1.481328E+03
   670.000  -333.377   1.486162E+03
   670.000  -342.894   1.490996E+03
   670.000  -352.412   1.495830E+03
   670.000  -361.929   1.500664E+03
   670.000  -371.447   1.505498E+03
   670.000  -380.965   1.510332E+03
   670.000  -390.482   1.515166E+03
   670.000  -400.000   1.520000E+03
   675.000    -0.397   0.000000E+00
   675.000    -1.082   1.848298E+01
   675.000    -1.824   3.600374E+01
   675.000    -2.300   4.702493E+01
   675.000    -2.776   5.788088E+01
   675.000    -3.251   6.854901E+01
   675.000    -3.727   7.907416E+01
   675.000    -4.203   8.943362E+01
   675.000    -4.678   9.960606E+01
   675.000    -5.630   1.194964E+02
   675.000    -6.106   1.291929E+02
   675.000    -6.581   1.387036E+02
   675.000    -7.057   1.480685E+02
   675.000    -8.008   1.662815E+02
   675.000    -8.960   1.838506E+02
   675.000    -9.442   1.924663E+02
   675.000   -10.863   2.245909E+02
   675.000   -11.814   2.457923E+02
   675.000   -12.766   2.667607E+02
   675.000   -13.717   2.874522E+02
   675.000   -14.669   3.079107E+02
   675.000   -16.571   3.480210E+02
   675.000   -18.474   3.871342E+02
   675.000   -20.377   4.252295E+02
   675.000   -22.280   4.623087E+02
   677.000   -24.954   5.120077E+02
   675.000   -26.086   5.333571E+02
   675.000   -27.989   5.673221E+02
   675.000   -29.892   6.002662E+02
   675.000   -30.995   6.188486E+02
   675.000   -33.697   6.419542E+02
   675.000   -35.600   6.580846E+02
   675.000   -38.454   6.820505E+02
   675.000   -41.309   7.059851E+02
   675.000   -44.163   7.298435E+02
   675.000   -47.017   7.532995E+02
   675.000   -49.872   7.763569E+02
   675.000   -52.726   7.990236E+02
   675.000   -55.580   8.213262E+02
   675.000   -58.435   8.433080E+02
   675.000   -61.289   8.649806E+02
   675.000   -64.143   8.863779E+02
   675.000   -66.998   9.075113E+02
   675.000   -71.755   9.422260E+02
   675.000   -76.512   9.764201E+02
   675.000   -81.269   1.010201E+03
   675.000   -86.026   1.043732E+03
   675.000   -90.783   1.077155E+03
   675.000   -95.541   1.110575E+03
   675.000  -100.298   1.144113E+03
   675.000  -105.055   1.177891E+03
   675.000  -109.812   1.211978E+03
   675.000  -114.569   1.246457E+03
   675.000  -119.326   1.281350E+03
   675.000  -124.552   1.320000E+03
   675.000  -128.841   1.328578E+03
   675.000  -133.598   1.338092E+03
   675.000  -138.355   1.347606E+03
   675.000  -143.112   1.357120E+03
   675.000  -147.870   1.366636E+03
   675.000  -152.627   1.376150E+03
   675.000  -157.384   1.385664E+03
   675.000  -162.141   1.395178E+03
   675.000  -166.898   1.401196E+03
   675.000  -171.655   1.403620E+03
   675.000  -176.413   1.406045E+03
   675.000  -181.170   1.408470E+03
   675.000  -185.927   1.410894E+03
   675.000  -190.684   1.413319E+03
   675.000  -195.441   1.415743E+03
   675.000  -200.199   1.418168E+03
   675.000  -204.956   1.420593E+03
   675.000  -209.713   1.423017E+03
   675.000  -214.470   1.425442E+03
   675.000  -219.227   1.427866E+03
   675.000  -228.742   1.432716E+03
   675.000  -238.256   1.437564E+03
   675.000  -247.770   1.442413E+03
   675.000  -257.285   1.447263E+03
   675.000  -266.799   1.452112E+03
   675.000  -276.313   1.456961E+03
   675.000  -285.828   1.461810E+03
   675.000  -290.585   1.464235E+03
   675.000  -295.342   1.466659E+03
   675.000  -300.099   1.469084E+03
   675.000  -304.856   1.471508E+03
   675.000  -314.371   1.476358E+03
   675.000  -323.885   1.481207E+03
   675.000  -333.400   1.486056E+03
   675.000  -342.914   1.490905E+03
   675.000  -352.428   1.495754E+03
   675.000  -361.943   1.500604E+03
   675.000  -371.457   1.505453E+03
   675.000  -380.971   1.510302E+03
   675.000  -390.486   1.515151E+03
   675.000  -400.000   1.520000E+03
   680.000    -0.546   0.000000E+00
   680.000    -1.108   1.533126E+01
   680.000    -1.973   3.593506E+01
   680.000    -2.448   4.699926E+01
   680.000    -2.924   5.791312E+01
   680.000    -3.399   6.863155E+01
   680.000    -3.875   7.920022E+01
   680.000    -4.350   8.957516E+01
   680.000    -4.826   9.980062E+01
   680.000    -5.777   1.197176E+02
   680.000    -6.252   1.294105E+02
   680.000    -6.728   1.389537E+02
   680.000    -7.204   1.483270E+02
   680.000    -8.155   1.665450E+02
   680.000    -9.479   1.908400E+02
   680.000   -10.057   2.040389E+02
   680.000   -11.008   2.255252E+02
   680.000   -11.959   2.467534E+02
   680.000   -12.910   2.677234E+02
   680.000   -13.861   2.884353E+02
   680.000   -14.812   3.088891E+02
   680.000   -16.714   3.490230E+02
   680.000   -18.617   3.881450E+02
   680.000   -20.519   4.262125E+02
   680.000   -22.421   4.632420E+02
   680.000   -24.995   5.118249E+02
   680.000   -26.225   5.343301E+02
   680.000   -28.127   5.682725E+02
   680.000   -30.979   6.172978E+02
   680.000   -31.932   6.255046E+02
   680.000   -33.834   6.417818E+02
   680.000   -35.736   6.579246E+02
   680.000   -38.589   6.818938E+02
   680.000   -41.442   7.058067E+02
   680.000   -44.296   7.296482E+02
   680.000   -47.149   7.530675E+02
   680.000   -50.002   7.760625E+02
   680.000   -52.855   7.986748E+02
   680.000   -55.709   8.209314E+02
   680.000   -58.562   8.428373E+02
   680.000   -61.415   8.644444E+02
   680.000   -64.268   8.857648E+02
   680.000   -67.122   9.068149E+02
   680.000   -71.877   9.413762E+02
   680.000   -76.632   9.753918E+02
   680.000   -81.388   1.008992E+03
   680.000   -86.143   1.042310E+03
   680.000   -90.899   1.075484E+03
   680.000   -95.654   1.108599E+03
   680.000  -100.410   1.141792E+03
   680.000  -105.165   1.175142E+03
   680.000  -109.920   1.208726E+03
   680.000  -114.676   1.242632E+03
   680.000  -119.431   1.276872E+03
   680.000  -125.369   1.320000E+03
   680.000  -128.942   1.327146E+03
   680.000  -133.697   1.336656E+03
   680.000  -138.453   1.346168E+03
   680.000  -143.208   1.355678E+03
   680.000  -147.964   1.365190E+03
   680.000  -152.719   1.374700E+03
   680.000  -157.474   1.384210E+03
   680.000  -162.230   1.393722E+03
   680.000  -166.985   1.400826E+03
   680.000  -171.741   1.403259E+03
   680.000  -176.496   1.405691E+03
   680.000  -181.251   1.408123E+03
   680.000  -186.007   1.410555E+03
   680.000  -190.762   1.412987E+03
   680.000  -195.518   1.415419E+03
   680.000  -200.273   1.417851E+03
   680.000  -205.028   1.420283E+03
   680.000  -209.784   1.422716E+03
   680.000  -214.539   1.425148E+03
   680.000  -219.295   1.427580E+03
   680.000  -228.805   1.432444E+03
   680.000  -238.316   1.437308E+03
   680.000  -247.827   1.442172E+03
   680.000  -257.338   1.447037E+03
   680.000  -266.849   1.451901E+03
   680.000  -276.359   1.456765E+03
   680.000  -285.870   1.461629E+03
   680.000  -290.626   1.464062E+03
   680.000  -295.381   1.466494E+03
   680.000  -300.137   1.468926E+03
   680.000  -304.892   1.471358E+03
   680.000  -314.403   1.476222E+03
   680.000  -323.914   1.481086E+03
   680.000  -333.424   1.485950E+03
   680.000  -342.935   1.490815E+03
   680.000  -352.446   1.495679E+03
   680.000  -361.957   1.500543E+03
   680.000  -371.468   1.505408E+03
   680.000  -380.978   1.510271E+03
   680.000  -390.489   1.515136E+03
   680.000  -400.000   1.520000E+03
   685.000    -0.654   0.000000E+00
   685.000    -1.135   1.313225E+01
   685.000    -2.080   3.565092E+01
   685.000    -2.556   4.673349E+01
   685.000    -3.031   5.762162E+01
   685.000    -3.506   6.833892E+01
   685.000    -3.982   7.890767E+01
   685.000    -4.457   8.928371E+01
   685.000    -4.933   9.951084E+01
   685.000    -5.884   1.194324E+02
   685.000    -6.359   1.291280E+02
   685.000    -6.834   1.386539E+02
   685.000    -7.310   1.480300E+02
   685.000    -8.261   1.662539E+02
   685.000    -9.516   1.892563E+02
   685.000   -10.162   2.040350E+02
   685.000   -11.113   2.255659E+02
   685.000   -12.064   2.468323E+02
   685.000   -13.015   2.678354E+02
   685.000   -13.966   2.885761E+02
   685.000   -14.916   3.090338E+02
   685.000   -16.818   3.492107E+02
   685.000   -18.720   3.883506E+02
   685.000   -20.621   4.264403E+02
   685.000   -22.523   4.635284E+02
   685.000   -25.063   5.114794E+02
   685.000   -26.326   5.346624E+02
   685.000   -28.228   5.687579E+02
   687.000   -30.957   6.153368E+02
   685.000   -32.031   6.250811E+02
   685.000   -33.933   6.414174E+02
   685.000   -35.834   6.575860E+02
   685.000   -38.687   6.815676E+02
   685.000   -41.539   7.054507E+02
   685.000   -44.392   7.292556E+02
   685.000   -47.244   7.526259E+02
   685.000   -50.097   7.755686E+02
   685.000   -52.949   7.981279E+02
   685.000   -55.802   8.203257E+02
   685.000   -58.654   8.421547E+02
   685.000   -61.507   8.636899E+02
   685.000   -64.359   8.849263E+02
   685.000   -67.212   9.058889E+02
   685.000   -71.966   9.402806E+02
   685.000   -76.720   9.741105E+02
   685.000   -81.474   1.007509E+03
   685.000   -86.228   1.040601E+03
   685.000   -90.982   1.073503E+03
   685.000   -95.736   1.106313E+03
   685.000  -100.491   1.139163E+03
   685.000  -105.245   1.172104E+03
   685.000  -109.999   1.205225E+03
   685.000  -114.753   1.238585E+03
   685.000  -119.507   1.272253E+03
   685.000  -126.187   1.320000E+03
   685.000  -129.015   1.325656E+03
   685.000  -133.769   1.335164E+03
   685.000  -138.523   1.344672E+03
   685.000  -143.278   1.354182E+03
   685.000  -148.032   1.363690E+03
   685.000  -152.786   1.373198E+03
   685.000  -157.540   1.382706E+03
   685.000  -162.294   1.392214E+03
   685.000  -167.048   1.400442E+03
   685.000  -171.802   1.402882E+03
   685.000  -176.556   1.405322E+03
   685.000  -181.311   1.407762E+03
   685.000  -186.065   1.410202E+03
   685.000  -190.819   1.412642E+03
   685.000  -195.573   1.415082E+03
   685.000  -200.327   1.417522E+03
   685.000  -205.081   1.419962E+03
   685.000  -209.835   1.422401E+03
   685.000  -214.589   1.424841E+03
   685.000  -219.343   1.427281E+03
   685.000  -228.852   1.432162E+03
   685.000  -238.360   1.437041E+03
   685.000  -247.868   1.441921E+03
   685.000  -257.376   1.446801E+03
   685.000  -266.885   1.451681E+03
   685.000  -276.393   1.456561E+03
   685.000  -285.901   1.461441E+03
   685.000  -290.655   1.463881E+03
   685.000  -295.409   1.466321E+03
   685.000  -300.164   1.468761E+03
   685.000  -304.918   1.471201E+03
   685.000  -314.426   1.476081E+03
   685.000  -323.934   1.480961E+03
   685.000  -333.442   1.485840E+03
   685.000  -342.951   1.490721E+03
   685.000  -352.459   1.495601E+03
   685.000  -361.967   1.500480E+03
   685.000  -371.475   1.505360E+03
   685.000  -380.984   1.510240E+03
   685.000  -390.492   1.515120E+03
   685.000  -400.000   1.520000E+03
   690.000    -0.743   0.000000E+00
   690.000    -1.162   1.142689E+01
   690.000    -2.169   3.539459E+01
   690.000    -2.644   4.643403E+01
   690.000    -3.120   5.732775E+01
   690.000    -3.595   6.802979E+01
   690.000    -4.070   7.856292E+01
   690.000    -4.545   8.892709E+01
   690.000    -5.021   9.914342E+01
   690.000    -5.971   1.190254E+02
   690.000    -6.447   1.287329E+02
   690.000    -6.922   1.382506E+02
   690.000    -7.397   1.475991E+02
   690.000    -8.348   1.658071E+02
   690.000    -9.553   1.878972E+02
   690.000   -10.249   2.038340E+02
   690.000   -11.200   2.253774E+02
   690.000   -12.150   2.466335E+02
   690.000   -13.101   2.676477E+02
   690.000   -14.052   2.883981E+02
   690.000   -15.002   3.088640E+02
   690.000   -16.903   3.490307E+02
   690.000   -18.805   3.881736E+02
   690.000   -20.706   4.262563E+02
   690.000   -22.607   4.633041E+02
   690.000   -25.131   5.108978E+02
   690.000   -26.410   5.343248E+02
   690.000   -28.311   5.682825E+02
   690.000   -31.086   6.160774E+02
   690.000   -32.113   6.249497E+02
   690.000   -34.014   6.412427E+02
   690.000   -35.916   6.573950E+02
   690.000   -38.767   6.813040E+02
   690.000   -41.619   7.051259E+02
   690.000   -44.471   7.288709E+02
   690.000   -47.323   7.521828E+02
   690.000   -50.175   7.750534E+02
   690.000   -53.027   7.975527E+02
   690.000   -55.878   8.196639E+02
   690.000   -58.730   8.414167E+02
   690.000   -61.582   8.628624E+02
   690.000   -64.434   8.840117E+02
   690.000   -67.286   9.048750E+02
   690.000   -72.039   9.390842E+02
   690.000   -76.792   9.727294E+02
   690.000   -81.545   1.005917E+03
   690.000   -86.298   1.038764E+03
   690.000   -91.051   1.071377E+03
   690.000   -95.804   1.103881E+03
   690.000  -100.557   1.136386E+03
   690.000  -105.310   1.168933E+03
   690.000  -110.063   1.201597E+03
   690.000  -114.816   1.234479E+03
   690.000  -119.569   1.267595E+03
   690.000  -124.323   1.301080E+03
   690.000  -127.004   1.320000E+03
   690.000  -133.829   1.333650E+03
   690.000  -138.582   1.343156E+03
   690.000  -143.335   1.352662E+03
   690.000  -148.088   1.362168E+03
   690.000  -152.841   1.371674E+03
   690.000  -157.594   1.381180E+03
   690.000  -162.347   1.390686E+03
   690.000  -167.100   1.400049E+03
   690.000  -171.853   1.402497E+03
   690.000  -176.606   1.404945E+03
   690.000  -181.359   1.407393E+03
   690.000  -186.112   1.409841E+03
   690.000  -190.865   1.412289E+03
   690.000  -195.618   1.414737E+03
   690.000  -200.372   1.417186E+03
   690.000  -205.125   1.419633E+03
   690.000  -209.878   1.422081E+03
   690.000  -214.631   1.424529E+03
   690.000  -219.384   1.426977E+03
   690.000  -228.890   1.431873E+03
   690.000  -238.396   1.436769E+03
   690.000  -247.902   1.441665E+03
   690.000  -257.408   1.446561E+03
   690.000  -266.914   1.451457E+03
   690.000  -276.420   1.456353E+03
   690.000  -285.927   1.461249E+03
   690.000  -290.680   1.463697E+03
   690.000  -295.433   1.466145E+03
   690.000  -300.186   1.468593E+03
   690.000  -304.939   1.471041E+03
   690.000  -314.445   1.475937E+03
   690.000  -323.951   1.480832E+03
   690.000  -333.457   1.485728E+03
   690.000  -342.963   1.490624E+03
   690.000  -352.469   1.495520E+03
   690.000  -361.976   1.500416E+03
   690.000  -371.482   1.505312E+03
   690.000  -380.988   1.510208E+03
   690.000  -390.494   1.515104E+03
   690.000  -400.000   1.520000E+03
   695.000    -0.832   0.000000E+00
   695.000    -1.189   9.767281E+00
   695.000    -2.258   3.526400E+01
   695.000    -2.733   4.631159E+01
   695.000    -3.208   5.718754E+01
   695.000    -3.683   6.789205E+01
   695.000    -4.158   7.842540E+01
   695.000    -4.634   8.880947E+01
   695.000    -5.109   9.900072E+01
   695.000    -6.059   1.188714E+02
   695.000    -6.534   1.285511E+02
   695.000    -7.010   1.380805E+02
   695.000    -7.485   1.474195E+02
   695.000    -8.435   1.655876E+02
   695.000    -9.590   1.867542E+02
   695.000   -10.336   2.038376E+02
   695.000   -11.286   2.253537E+02
   695.000   -12.237   2.466262E+02
   695.000   -13.187   2.676111E+02
   695.000   -14.138   2.883532E+02
   695.000   -15.088   3.088094E+02
   695.000   -16.989   3.489525E+02
   695.000   -18.890   3.880446E+02
   695.000   -20.790   4.260691E+02
   695.000   -22.691   4.630690E+02
   695.000   -25.199   5.102864E+02
   695.000   -26.493   5.339406E+02
   695.000   -28.394   5.678182E+02
   695.000   -30.294   6.005630E+02
   695.000   -31.301   6.175483E+02
   695.000   -34.096   6.414060E+02
   695.000   -35.997   6.574728E+02
   695.000   -38.848   6.812761E+02
   695.000   -41.699   7.050023E+02
   695.000   -44.550   7.286570E+02
   695.000   -47.402   7.518879E+02
   695.000   -50.253   7.746694E+02
   695.000   -53.104   7.970777E+02
   695.000   -55.955   8.191031E+02
   695.000   -58.806   8.407654E+02
   695.000   -61.658   8.621159E+02
   695.000   -64.509   8.831567E+02
   695.000   -67.360   9.039051E+02
   695.000   -72.112   9.379323E+02
   695.000   -76.864   9.713787E+02
   695.000   -81.616   1.004338E+03
   695.000   -86.368   1.036924E+03
   695.000   -91.120   1.069250E+03
   695.000   -95.872   1.101449E+03
   695.000  -100.624   1.133608E+03
   695.000  -105.376   1.165757E+03
   695.000  -110.128   1.198005E+03
   695.000  -114.880   1.230448E+03
   695.000  -119.632   1.263100E+03
   695.000  -124.384   1.296039E+03
   695.000  -127.821   1.320000E+03
   695.000  -133.888   1.332134E+03
   695.000  -138.640   1.341638E+03
   695.000  -143.392   1.351142E+03
   695.000  -148.144   1.360646E+03
   695.000  -152.896   1.370150E+03
   695.000  -157.648   1.379654E+03
   695.000  -162.400   1.389158E+03
   695.000  -167.152   1.398662E+03
   695.000  -171.904   1.402110E+03
   695.000  -176.656   1.404566E+03
   695.000  -181.408   1.407022E+03
   695.000  -186.160   1.409478E+03
   695.000  -190.912   1.411934E+03
   695.000  -195.664   1.414390E+03
   695.000  -200.416   1.416846E+03
   695.000  -205.168   1.419303E+03
   695.000  -209.920   1.421759E+03
   695.000  -214.672   1.424215E+03
   695.000  -219.424   1.426671E+03
   695.000  -228.928   1.431583E+03
   695.000  -238.432   1.436495E+03
   695.000  -247.936   1.441407E+03
   695.000  -257.440   1.446319E+03
   695.000  -266.944   1.451231E+03
   695.000  -276.448   1.456143E+03
   695.000  -285.952   1.461055E+03
   695.000  -290.704   1.463511E+03
   695.000  -295.456   1.465967E+03
   695.000  -300.208   1.468423E+03
   695.000  -304.960   1.470879E+03
   695.000  -314.464   1.475791E+03
   695.000  -323.968   1.480703E+03
   695.000  -333.472   1.485615E+03
   695.000  -342.976   1.490528E+03
   695.000  -352.480   1.495440E+03
   695.000  -361.984   1.500352E+03
   695.000  -371.488   1.505264E+03
   695.000  -380.992   1.510176E+03
   695.000  -390.496   1.515088E+03
   695.000  -400.000   1.520000E+03
   700.000    -0.898   0.000000E+00
   700.000    -1.215   8.677001E+00
   700.000    -2.323   3.509642E+01
   700.000    -2.798   4.613349E+01
   700.000    -3.274   5.702076E+01
   700.000    -3.749   6.771292E+01
   700.000    -4.224   7.823337E+01
   700.000    -4.699   8.858233E+01
   700.000    -5.174   9.876022E+01
   700.000    -6.124   1.186037E+02
   700.000    -6.599   1.282699E+02
   700.000    -7.075   1.377856E+02
   700.000    -7.550   1.471112E+02
   700.000    -8.500   1.652529E+02
   700.000    -9.632   1.859812E+02
   700.000   -10.400   2.035554E+02
   700.000   -11.351   2.250764E+02
   700.000   -12.301   2.463088E+02
   700.000   -13.251   2.672761E+02
   700.000   -14.201   2.879786E+02
   700.000   -15.152   3.084381E+02
   700.000   -17.052   3.485224E+02
   700.000   -18.953   3.875733E+02
   700.000   -20.853   4.255515E+02
   700.000   -22.754   4.624981E+02
   700.000   -25.267   5.097266E+02
   700.000   -26.555   5.332177E+02
   700.000   -28.455   5.669912E+02
   700.000   -30.356   5.997262E+02
   700.000   -31.516   6.191929E+02
   700.000   -34.157   6.416066E+02
   700.000   -36.057   6.575827E+02
   700.000   -38.908   6.812730E+02
   700.000   -41.758   7.048873E+02
   700.000   -44.609   7.284504E+02
   700.000   -47.460   7.515756E+02
   700.000   -50.311   7.742671E+02
   700.000   -53.161   7.965663E+02
   700.000   -56.012   8.185022E+02
   700.000   -58.863   8.400732E+02
   700.000   -61.714   8.613156E+02
   700.000   -64.564   8.822386E+02
   700.000   -67.415   9.028731E+02
   700.000   -72.166   9.367109E+02
   700.000   -76.917   9.699366E+02
   700.000   -81.669   1.002670E+03
   700.000   -86.420   1.034992E+03
   700.000   -91.171   1.067028E+03
   700.000   -95.922   1.098915E+03
   700.000  -100.674   1.130726E+03
   700.000  -105.425   1.162496E+03
   700.000  -110.176   1.194346E+03
   700.000  -114.927   1.226348E+03
   700.000  -119.678   1.258548E+03
   700.000  -124.430   1.291024E+03
   700.000  -128.638   1.320000E+03
   700.000  -133.932   1.330588E+03
   700.000  -138.683   1.340090E+03
   700.000  -143.434   1.349592E+03
   700.000  -148.186   1.359096E+03
   700.000  -152.937   1.368598E+03
   700.000  -157.688   1.378100E+03
   700.000  -162.439   1.387602E+03
   700.000  -167.191   1.397106E+03
   700.000  -171.942   1.401714E+03
   700.000  -176.693   1.404178E+03
   700.000  -181.444   1.406642E+03
   700.000  -186.195   1.409106E+03
   700.000  -190.947   1.411571E+03
   700.000  -195.698   1.414035E+03
   700.000  -200.449   1.416499E+03
   700.000  -205.200   1.418964E+03
   700.000  -209.951   1.421428E+03
   700.000  -214.703   1.423892E+03
   700.000  -219.454   1.426357E+03
   700.000  -228.956   1.431285E+03
   700.000  -238.459   1.436214E+03
   700.000  -247.961   1.441142E+03
   700.000  -257.464   1.446071E+03
   700.000  -266.966   1.451000E+03
   700.000  -276.468   1.455928E+03
   700.000  -285.971   1.460857E+03
   700.000  -290.722   1.463321E+03
   700.000  -295.473   1.465785E+03
   700.000  -300.225   1.468250E+03
   700.000  -304.976   1.470714E+03
   700.000  -314.478   1.475642E+03
   700.000  -323.981   1.480571E+03
   700.000  -333.483   1.485500E+03
   700.000  -342.985   1.490428E+03
   700.000  -352.488   1.495357E+03
   700.000  -361.990   1.500285E+03
   700.000  -371.493   1.505214E+03
   700.000  -380.995   1.510143E+03
   700.000  -390.498   1.515072E+03
   700.000  -400.000   1.520000E+03
   705.000    -0.932   0.000000E+00
   705.000    -1.242   8.427183E+00
   705.000    -2.357   3.485780E+01
   705.000    -2.832   4.583893E+01
   705.000    -3.307   5.665382E+01
   705.000    -3.782   6.730217E+01
   705.000    -4.258   7.780560E+01
   705.000    -4.733   8.811972E+01
   705.000    -5.208   9.826648E+01
   705.000    -6.158   1.180573E+02
   705.000    -6.633   1.277009E+02
   705.000    -7.108   1.371765E+02
   705.000    -7.583   1.464840E+02
   705.000    -8.533   1.645945E+02
   705.000    -9.674   1.854574E+02
   705.000   -10.434   2.028244E+02
   705.000   -11.384   2.242962E+02
   705.000   -12.334   2.455049E+02
   705.000   -13.284   2.664504E+02
   705.000   -14.234   2.871327E+02
   705.000   -15.184   3.075516E+02
   705.000   -17.085   3.476202E+02
   705.000   -18.985   3.866143E+02
   705.000   -20.885   4.245554E+02
   705.000   -22.786   4.614623E+02
   705.000   -25.335   5.092988E+02
   705.000   -26.586   5.320786E+02
   705.000   -28.487   5.658212E+02
   705.000   -30.387   5.984902E+02
   705.000   -31.731   6.209727E+02
   705.000   -34.188   6.417248E+02
   705.000   -36.088   6.576251E+02
   705.000   -38.938   6.811927E+02
   705.000   -41.789   7.047169E+02
   705.000   -44.639   7.281723E+02
   705.000   -47.490   7.512005E+02
   705.000   -50.340   7.737885E+02
   705.000   -53.191   7.959851E+02
   705.000   -56.041   8.178100E+02
   705.000   -58.892   8.392819E+02
   705.000   -61.742   8.604138E+02
   705.000   -64.593   8.812303E+02
   705.000   -67.443   9.017501E+02
   705.000   -72.194   9.353849E+02
   705.000   -76.945   9.683914E+02
   705.000   -81.696   1.000886E+03
   705.000   -86.447   1.032950E+03
   705.000   -91.197   1.064696E+03
   705.000   -95.948   1.096267E+03
   705.000  -100.699   1.127716E+03
   705.000  -105.450   1.159125E+03
   705.000  -110.201   1.190583E+03
   705.000  -114.951   1.222148E+03
   705.000  -119.702   1.253897E+03
   705.000  -124.453   1.285942E+03
   705.000  -129.456   1.320000E+03
   705.000  -133.955   1.328998E+03
   705.000  -138.705   1.338498E+03
   705.000  -143.456   1.348000E+03
   705.000  -148.207   1.357502E+03
   705.000  -152.958   1.367004E+03
   705.000  -157.709   1.376506E+03
   705.000  -162.460   1.386008E+03
   705.000  -167.210   1.395508E+03
   705.000  -171.961   1.401304E+03
   705.000  -176.712   1.403777E+03
   705.000  -181.463   1.406250E+03
   705.000  -186.214   1.408723E+03
   705.000  -190.964   1.411195E+03
   705.000  -195.715   1.413668E+03
   705.000  -200.466   1.416141E+03
   705.000  -205.217   1.418614E+03
   705.000  -209.968   1.421087E+03
   705.000  -214.718   1.423559E+03
   705.000  -219.469   1.426032E+03
   705.000  -228.971   1.430978E+03
   705.000  -238.472   1.435923E+03
   705.000  -247.974   1.440869E+03
   705.000  -257.476   1.445815E+03
   705.000  -266.977   1.450760E+03
   705.000  -276.479   1.455706E+03
   705.000  -285.981   1.460652E+03
   705.000  -290.731   1.463125E+03
   705.000  -295.482   1.465598E+03
   705.000  -300.233   1.468070E+03
   705.000  -304.984   1.470543E+03
   705.000  -314.485   1.475489E+03
   705.000  -323.987   1.480435E+03
   705.000  -333.489   1.485380E+03
   705.000  -342.990   1.490326E+03
   705.000  -352.492   1.495272E+03
   705.000  -361.994   1.500218E+03
   705.000  -371.495   1.505163E+03
   705.000  -380.997   1.510109E+03
   705.000  -390.498   1.515054E+03
   705.000  -400.000   1.520000E+03
   710.000    -0.980   0.000000E+00
   710.000    -1.269   7.851539E+00
   710.000    -2.405   3.478861E+01
   710.000    -2.880   4.575668E+01
   710.000    -3.355   5.655805E+01
   710.000    -3.830   6.719252E+01
   710.000    -4.305   7.765989E+01
   710.000    -4.780   8.796005E+01
   710.000    -5.255   9.809287E+01
   710.000    -6.205   1.178561E+02
   710.000    -6.680   1.274863E+02
   710.000    -7.155   1.369488E+02
   710.000    -7.630   1.462434E+02
   710.000    -8.580   1.643293E+02
   710.000    -9.717   1.850913E+02
   710.000   -10.480   2.025061E+02
   710.000   -11.431   2.239748E+02
   710.000   -12.381   2.451586E+02
   710.000   -13.331   2.660799E+02
   710.000   -14.281   2.867386E+02
   710.000   -15.231   3.071344E+02
   710.000   -17.131   3.471372E+02
   710.000   -19.031   3.860875E+02
   710.000   -20.931   4.239844E+02
   710.000   -22.831   4.608274E+02
   710.000   -25.403   5.090238E+02
   710.000   -26.631   5.313504E+02
   710.000   -28.531   5.650270E+02
   710.000   -30.431   5.976465E+02
   710.000   -31.947   6.229263E+02
   710.000   -34.232   6.421297E+02
   710.000   -36.132   6.579579E+02
   710.000   -38.982   6.814088E+02
   710.000   -41.832   7.048245E+02
   710.000   -44.682   7.281627E+02
   710.000   -47.532   7.510826E+02
   710.000   -50.382   7.735614E+02
   710.000   -53.233   7.956456E+02
   710.000   -56.083   8.173552E+02
   710.000   -58.933   8.387069E+02
   710.000   -61.783   8.597266E+02
   710.000   -64.633   8.804299E+02
   710.000   -67.483   9.008346E+02
   710.000   -72.234   9.342425E+02
   710.000   -76.984   9.670097E+02
   710.000   -81.734   9.992564E+02
   710.000   -86.484   1.031053E+03
   710.000   -91.235   1.062513E+03
   710.000   -95.985   1.093757E+03
   710.000  -100.735   1.124851E+03
   710.000  -105.485   1.155886E+03
   710.000  -110.235   1.186934E+03
   710.000  -114.986   1.218061E+03
   710.000  -119.736   1.249351E+03
   710.000  -124.486   1.280952E+03
   710.000  -130.273   1.320000E+03
   710.000  -133.987   1.327428E+03
   710.000  -138.737   1.336928E+03
   710.000  -143.487   1.346428E+03
   710.000  -148.237   1.355928E+03
   710.000  -152.988   1.365430E+03
   710.000  -157.738   1.374930E+03
   710.000  -162.488   1.384430E+03
   710.000  -167.238   1.393930E+03
   710.000  -171.989   1.400896E+03
   710.000  -176.739   1.403378E+03
   710.000  -181.489   1.405859E+03
   710.000  -186.239   1.408340E+03
   710.000  -190.990   1.410822E+03
   710.000  -195.740   1.413303E+03
   710.000  -200.490   1.415784E+03
   710.000  -205.240   1.418265E+03
   710.000  -209.990   1.420747E+03
   710.000  -214.741   1.423228E+03
   710.000  -219.491   1.425709E+03
   710.000  -228.991   1.430672E+03
   710.000  -238.492   1.435635E+03
   710.000  -247.992   1.440597E+03
   710.000  -257.493   1.445560E+03
   710.000  -266.993   1.450523E+03
   710.000  -276.494   1.455486E+03
   710.000  -285.994   1.460448E+03
   710.000  -290.745   1.462930E+03
   710.000  -295.495   1.465411E+03
   710.000  -300.245   1.467892E+03
   710.000  -304.995   1.470373E+03
   710.000  -314.496   1.475336E+03
   710.000  -323.996   1.480299E+03
   710.000  -333.497   1.485262E+03
   710.000  -342.997   1.490224E+03
   710.000  -352.498   1.495187E+03
   710.000  -361.998   1.500149E+03
   710.000  -371.499   1.505112E+03
   710.000  -380.999   1.510075E+03
   710.000  -390.500   1.515038E+03
   710.000  -400.000   1.520000E+03
   715.000    -1.031   0.000000E+00
   716.000    -1.301   7.130316E+00
   715.000    -2.456   3.472007E+01
   715.000    -2.931   4.569732E+01
   715.000    -3.406   5.650455E+01
   715.000    -3.881   6.714212E+01
   715.000    -4.356   7.761031E+01
   715.000    -4.831   8.790944E+01
   715.000    -5.306   9.803963E+01
   715.000    -6.256   1.177938E+02
   715.000    -6.731   1.274180E+02
   715.000    -7.206   1.368738E+02
   715.000    -7.680   1.461418E+02
   715.000    -8.630   1.642121E+02
   715.000    -9.759   1.848110E+02
   715.000   -10.530   2.023929E+02
   715.000   -11.480   2.238193E+02
   715.000   -12.430   2.449833E+02
   715.000   -13.380   2.658846E+02
   715.000   -14.330   2.865232E+02
   715.000   -15.280   3.068989E+02
   715.000   -17.180   3.468615E+02
   715.000   -19.080   3.857712E+02
   715.000   -20.979   4.236073E+02
   715.000   -22.879   4.604088E+02
   715.000   -25.471   5.089145E+02
   715.000   -26.679   5.308458E+02
   715.000   -28.579   5.644793E+02
   715.000   -30.479   5.970556E+02
   715.000   -32.162   6.250412E+02
   715.000   -34.278   6.427368E+02
   715.000   -36.178   6.584891E+02
   715.000   -39.028   6.818276E+02
   715.000   -41.878   7.051296E+02
   715.000   -44.728   7.283490E+02
   715.000   -47.577   7.511543E+02
   715.000   -50.427   7.735212E+02
   715.000   -53.277   7.954829E+02
   715.000   -56.127   8.170750E+02
   715.000   -58.976   8.382993E+02
   715.000   -61.826   8.592029E+02
   715.000   -64.676   8.797878E+02
   715.000   -67.526   9.000634E+02
   715.000   -72.275   9.332287E+02
   715.000   -77.025   9.657535E+02
   715.000   -81.775   9.977509E+02
   715.000   -86.524   1.029267E+03
   715.000   -91.274   1.060425E+03
   715.000   -96.024   1.091352E+03
   715.000  -100.773   1.122089E+03
   715.000  -105.523   1.152737E+03
   715.000  -110.273   1.183367E+03
   715.000  -115.022   1.214030E+03
   715.000  -119.772   1.244827E+03
   715.000  -124.521   1.275833E+03
   715.000  -131.242   1.320000E+03
   715.000  -134.021   1.325558E+03
   715.000  -138.770   1.335056E+03
   715.000  -143.520   1.344556E+03
   715.000  -148.270   1.354056E+03
   715.000  -153.019   1.363554E+03
   715.000  -157.769   1.373054E+03
   715.000  -162.518   1.382552E+03
   715.000  -167.268   1.392052E+03
   715.000  -172.018   1.400407E+03
   715.000  -176.767   1.402898E+03
   715.000  -181.517   1.405390E+03
   715.000  -186.267   1.407882E+03
   715.000  -191.016   1.410373E+03
   715.000  -195.766   1.412865E+03
   715.000  -200.516   1.415356E+03
   715.000  -205.265   1.417848E+03
   715.000  -210.015   1.420339E+03
   715.000  -214.764   1.422830E+03
   715.000  -219.514   1.425322E+03
   715.000  -229.013   1.430305E+03
   715.000  -238.513   1.435288E+03
   715.000  -248.012   1.440271E+03
   715.000  -257.511   1.445254E+03
   715.000  -267.010   1.450237E+03
   715.000  -276.510   1.455221E+03
   715.000  -286.009   1.460204E+03
   715.000  -290.758   1.462695E+03
   715.000  -295.508   1.465186E+03
   715.000  -300.258   1.467678E+03
   715.000  -305.007   1.470169E+03
   715.000  -314.507   1.475153E+03
   715.000  -324.006   1.480136E+03
   715.000  -333.505   1.485119E+03
   715.000  -343.004   1.490102E+03
   715.000  -352.504   1.495085E+03
   715.000  -362.003   1.500068E+03
   715.000  -371.502   1.505051E+03
   715.000  -381.001   1.510034E+03
   715.000  -390.501   1.515017E+03
   715.000  -400.000   1.520000E+03
   720.000    -1.063   0.000000E+00
   720.000    -1.317   6.889575E+00
   720.000    -2.488   3.457761E+01
   720.000    -2.963   4.552262E+01
   720.000    -3.438   5.630287E+01
   720.000    -3.913   6.691781E+01
   720.000    -4.387   7.734511E+01
   720.000    -4.862   8.762839E+01
   720.000    -5.337   9.774523E+01
   720.000    -6.287   1.174786E+02
   720.000    -6.762   1.270947E+02
   720.000    -7.237   1.365434E+02
   720.000    -7.712   1.458247E+02
   720.000    -8.662   1.638844E+02
   720.000    -9.801   1.846533E+02
   720.000   -10.562   2.019964E+02
   720.000   -11.511   2.233882E+02
   720.000   -12.461   2.445405E+02
   720.000   -13.411   2.654304E+02
   720.000   -14.361   2.860577E+02
   720.000   -15.311   3.064220E+02
   720.000   -17.210   3.463400E+02
   720.000   -19.110   3.852255E+02
   720.000   -21.010   4.230560E+02
   720.000   -22.910   4.598306E+02
   720.000   -25.539   5.089762E+02
   720.000   -26.709   5.301936E+02
   720.000   -28.609   5.637958E+02
   720.000   -30.508   5.963223E+02
   720.000   -32.377   6.273170E+02
   720.000   -34.308   6.433963E+02
   720.000   -36.207   6.590612E+02
   720.000   -39.057   6.822973E+02
   720.000   -41.907   7.054849E+02
   720.000   -44.756   7.285861E+02
   720.000   -47.606   7.512876E+02
   720.000   -50.455   7.735257E+02
   720.000   -53.305   7.953727E+02
   720.000   -56.154   8.168397E+02
   720.000   -59.004   8.379509E+02
   720.000   -61.853   8.587240E+02
   720.000   -64.703   8.791819E+02
   720.000   -67.553   8.993255E+02
   720.000   -72.302   9.322591E+02
   720.000   -77.051   9.645312E+02
   720.000   -81.800   9.962613E+02
   720.000   -86.550   1.027504E+03
   720.000   -91.299   1.058358E+03
   720.000   -96.048   1.088960E+03
   720.000  -100.797   1.119341E+03
   720.000  -105.547   1.149602E+03
   720.000  -110.296   1.179803E+03
   720.000  -115.045   1.210002E+03
   720.000  -119.794   1.240274E+03
   720.000  -124.544   1.270662E+03
   720.000  -129.293   1.301270E+03
   720.000  -132.210   1.320000E+03
   720.000  -138.791   1.333162E+03
   720.000  -143.541   1.342662E+03
   720.000  -148.290   1.352160E+03
   720.000  -153.039   1.361658E+03
   720.000  -157.788   1.371156E+03
   720.000  -162.538   1.380656E+03
   720.000  -167.287   1.390154E+03
   720.000  -172.036   1.399652E+03
   720.000  -176.785   1.402410E+03
   720.000  -181.535   1.404912E+03
   720.000  -186.284   1.407414E+03
   720.000  -191.033   1.409916E+03
   720.000  -195.782   1.412418E+03
   720.000  -200.532   1.414920E+03
   720.000  -205.281   1.417422E+03
   720.000  -210.030   1.419924E+03
   720.000  -214.779   1.422425E+03
   720.000  -219.529   1.424928E+03
   720.000  -229.027   1.429931E+03
   720.000  -238.526   1.434935E+03
   720.000  -248.024   1.439939E+03
   720.000  -257.523   1.444943E+03
   720.000  -267.021   1.449947E+03
   720.000  -276.520   1.454951E+03
   720.000  -286.018   1.459954E+03
   720.000  -290.767   1.462456E+03
   720.000  -295.517   1.464958E+03
   720.000  -300.266   1.467460E+03
   720.000  -305.015   1.469962E+03
   720.000  -314.514   1.474966E+03
   720.000  -324.012   1.479969E+03
   720.000  -333.511   1.484974E+03
   720.000  -343.009   1.489977E+03
   720.000  -352.508   1.494981E+03
   720.000  -362.006   1.499985E+03
   720.000  -371.505   1.504989E+03
   720.000  -381.003   1.509992E+03
   720.000  -390.502   1.514996E+03
   720.000  -400.000   1.520000E+03
   725.000    -1.116   0.000000E+00
   725.000    -1.338   6.050449E+00
   725.000    -2.541   3.460143E+01
   725.000    -3.015   4.555062E+01
   725.000    -3.490   5.635341E+01
   725.000    -3.965   6.698677E+01
   725.000    -4.440   7.745094E+01
   725.000    -4.915   8.774600E+01
   725.000    -5.390   9.787206E+01
   725.000    -6.339   1.175971E+02
   725.000    -6.814   1.272170E+02
   725.000    -7.289   1.366681E+02
   725.000    -7.764   1.459505E+02
   725.000    -8.714   1.640097E+02
   725.000    -9.843   1.845932E+02
   725.000   -10.613   2.021377E+02
   725.000   -11.563   2.235453E+02
   725.000   -12.513   2.446892E+02
   725.000   -13.462   2.655474E+02
   725.000   -14.412   2.861639E+02
   725.000   -15.362   3.065165E+02
   725.000   -17.261   3.464092E+02
   725.000   -19.161   3.852667E+02
   725.000   -21.060   4.230473E+02
   725.000   -22.960   4.597903E+02
   725.000   -25.607   5.092173E+02
   725.000   -26.759   5.300835E+02
   725.000   -28.658   5.636327E+02
   725.000   -30.557   5.961227E+02
   725.000   -32.592   6.297790E+02
   725.000   -34.356   6.443959E+02
   725.000   -36.256   6.599923E+02
   725.000   -39.105   6.831188E+02
   725.000   -41.954   7.061905E+02
   725.000   -44.803   7.291821E+02
   725.000   -47.652   7.517490E+02
   725.000   -50.502   7.738664E+02
   725.000   -53.351   7.955880E+02
   725.000   -56.200   8.169323E+02
   725.000   -59.049   8.379094E+02
   725.000   -61.898   8.585520E+02
   725.000   -64.747   8.788681E+02
   725.000   -67.597   8.988730E+02
   725.000   -72.345   9.315594E+02
   725.000   -77.094   9.635780E+02
   725.000   -81.843   9.950378E+02
   725.000   -86.591   1.025976E+03
   725.000   -91.340   1.056532E+03
   725.000   -96.088   1.086796E+03
   725.000  -100.837   1.116820E+03
   725.000  -105.586   1.146693E+03
   725.000  -110.334   1.176466E+03
   725.000  -115.083   1.206205E+03
   725.000  -119.831   1.235962E+03
   725.000  -124.580   1.265805E+03
   725.000  -129.329   1.295749E+03
   725.000  -133.179   1.320000E+03
   725.000  -138.826   1.331294E+03
   725.000  -143.575   1.340792E+03
   725.000  -148.323   1.350288E+03
   725.000  -153.072   1.359786E+03
   725.000  -157.820   1.369282E+03
   725.000  -162.569   1.378780E+03
   725.000  -167.318   1.388278E+03
   725.000  -172.066   1.397774E+03
   725.000  -176.815   1.401924E+03
   725.000  -181.564   1.404436E+03
   725.000  -186.312   1.406948E+03
   725.000  -191.061   1.409460E+03
   725.000  -195.809   1.411972E+03
   725.000  -200.558   1.414485E+03
   725.000  -205.307   1.416997E+03
   725.000  -210.055   1.419509E+03
   725.000  -214.804   1.422022E+03
   725.000  -219.552   1.424534E+03
   725.000  -229.050   1.429559E+03
   725.000  -238.547   1.434583E+03
   725.000  -248.044   1.439607E+03
   725.000  -257.541   1.444632E+03
   725.000  -267.039   1.449657E+03
   725.000  -276.536   1.454681E+03
   725.000  -286.033   1.459706E+03
   725.000  -290.782   1.462218E+03
   725.000  -295.530   1.464730E+03
   725.000  -300.279   1.467242E+03
   725.000  -305.028   1.469755E+03
   725.000  -314.525   1.474779E+03
   725.000  -324.022   1.479804E+03
   725.000  -333.519   1.484828E+03
   725.000  -343.017   1.489853E+03
   725.000  -352.514   1.494877E+03
   725.000  -362.011   1.499902E+03
   725.000  -371.508   1.504926E+03
   725.000  -381.006   1.509951E+03
   725.000  -390.503   1.514976E+03
   725.000  -400.000   1.520000E+03
   730.000    -1.153   0.000000E+00
   730.000    -1.358   5.590903E+00
   730.000    -2.577   3.453838E+01
   730.000    -3.052   4.551549E+01
   730.000    -3.527   5.632312E+01
   730.000    -4.002   6.696134E+01
   730.000    -4.477   7.743022E+01
   730.000    -4.952   8.772982E+01
   730.000    -5.426   9.783905E+01
   730.000    -6.376   1.175931E+02
   730.000    -6.851   1.272164E+02
   730.000    -7.326   1.366708E+02
   730.000    -7.800   1.459368E+02
   730.000    -8.750   1.640011E+02
   730.000    -9.886   1.847162E+02
   730.000   -10.649   2.021000E+02
   730.000   -11.599   2.235062E+02
   730.000   -12.549   2.446475E+02
   730.000   -13.498   2.655022E+02
   730.000   -14.448   2.861142E+02
   730.000   -15.398   3.064615E+02
   730.000   -17.297   3.463412E+02
   730.000   -19.196   3.851629E+02
   730.000   -21.095   4.229262E+02
   730.000   -22.995   4.596500E+02
   730.000   -25.675   5.096516E+02
   730.000   -26.793   5.298824E+02
   730.000   -28.692   5.634073E+02
   730.000   -30.592   5.958877E+02
   730.000   -32.807   6.324289E+02
   730.000   -34.390   6.454863E+02
   730.000   -36.290   6.610176E+02
   730.000   -39.138   6.840347E+02
   730.000   -41.987   7.069921E+02
   730.000   -44.836   7.298730E+02
   730.000   -47.685   7.523157E+02
   730.000   -50.534   7.743057E+02
   730.000   -53.383   7.959052E+02
   730.000   -56.232   8.171239E+02
   730.000   -59.081   8.379713E+02
   730.000   -61.930   8.584797E+02
   730.000   -64.779   8.786571E+02
   730.000   -67.628   8.985134E+02
   730.000   -72.376   9.309556E+02
   730.000   -77.124   9.627133E+02
   730.000   -81.872   9.938846E+02
   730.000   -86.620   1.024526E+03
   730.000   -91.368   1.054776E+03
   730.000   -96.117   1.084715E+03
   730.000  -100.865   1.114378E+03
   730.000  -105.613   1.143854E+03
   730.000  -110.361   1.173217E+03
   730.000  -115.109   1.202494E+03
   730.000  -119.857   1.231744E+03
   730.000  -124.606   1.261053E+03
   730.000  -129.354   1.290399E+03
   730.000  -134.147   1.320000E+03
   730.000  -138.850   1.329406E+03
   730.000  -143.598   1.338902E+03
   730.000  -148.347   1.348400E+03
   730.000  -153.095   1.357896E+03
   730.000  -157.843   1.367392E+03
   730.000  -162.591   1.376888E+03
   730.000  -167.339   1.386384E+03
   730.000  -172.087   1.395880E+03
   730.000  -176.836   1.401429E+03
   730.000  -181.584   1.403951E+03
   730.000  -186.332   1.406474E+03
   730.000  -191.080   1.408997E+03
   730.000  -195.828   1.411520E+03
   730.000  -200.577   1.414043E+03
   730.000  -205.325   1.416565E+03
   730.000  -210.073   1.419088E+03
   730.000  -214.821   1.421611E+03
   730.000  -219.569   1.424134E+03
   730.000  -229.066   1.429180E+03
   730.000  -238.562   1.434225E+03
   730.000  -248.058   1.439270E+03
   730.000  -257.555   1.444316E+03
   730.000  -267.051   1.449362E+03
   730.000  -276.547   1.454407E+03
   730.000  -286.044   1.459453E+03
   730.000  -290.792   1.461976E+03
   730.000  -295.540   1.464498E+03
   730.000  -300.288   1.467021E+03
   730.000  -305.036   1.469544E+03
   730.000  -314.533   1.474590E+03
   730.000  -324.029   1.479635E+03
   730.000  -333.526   1.484681E+03
   730.000  -343.022   1.489727E+03
   730.000  -352.518   1.494772E+03
   730.000  -362.015   1.499818E+03
   730.000  -371.511   1.504863E+03
   730.000  -381.007   1.509909E+03
   730.000  -390.504   1.514955E+03
   730.000  -400.000   1.520000E+03
   735.000    -1.179   0.000000E+00
   735.000    -1.379   5.453033E+00
   735.000    -2.603   3.451428E+01
   735.000    -3.078   4.549068E+01
   735.000    -3.553   5.629851E+01
   735.000    -4.028   6.693768E+01
   735.000    -4.503   7.740813E+01
   735.000    -4.977   8.768829E+01
   735.000    -5.452   9.782151E+01
   735.000    -6.402   1.175814E+02
   735.000    -6.876   1.271879E+02
   735.000    -7.351   1.366459E+02
   735.000    -7.826   1.459350E+02
   735.000    -8.776   1.640064E+02
   735.000    -9.928   1.850162E+02
   735.000   -10.675   2.020327E+02
   735.000   -11.624   2.234153E+02
   735.000   -12.574   2.445552E+02
   735.000   -13.523   2.654083E+02
   735.000   -14.473   2.860182E+02
   735.000   -15.423   3.063631E+02
   735.000   -17.322   3.462368E+02
   735.000   -19.221   3.850511E+02
   735.000   -21.120   4.228056E+02
   735.000   -23.019   4.595001E+02
   735.000   -25.743   5.102904E+02
   735.000   -26.817   5.297110E+02
   735.000   -28.717   5.632404E+02
   735.000   -30.616   5.956889E+02
   735.000   -33.022   6.352935E+02
   735.000   -34.414   6.467224E+02
   735.000   -36.313   6.621872E+02
   735.000   -39.162   6.851053E+02
   735.000   -42.011   7.079480E+02
   735.000   -44.859   7.307118E+02
   735.000   -47.708   7.530316E+02
   735.000   -50.557   7.749032E+02
   735.000   -53.406   7.963796E+02
   735.000   -56.254   8.174631E+02
   735.000   -59.103   8.381781E+02
   735.000   -61.952   8.585488E+02
   735.000   -64.800   8.785718E+02
   735.000   -67.649   8.982843E+02
   735.000   -72.397   9.304781E+02
   735.000   -77.145   9.619752E+02
   735.000   -81.893   9.928620E+02
   735.000   -86.641   1.023210E+03
   735.000   -91.389   1.053151E+03
   735.000   -96.136   1.082743E+03
   735.000  -100.884   1.112051E+03
   735.000  -105.632   1.141144E+03
   735.000  -110.380   1.170090E+03
   735.000  -115.128   1.198918E+03
   735.000  -119.876   1.227682E+03
   735.000  -124.624   1.256456E+03
   735.000  -129.371   1.285225E+03
   735.000  -135.116   1.320000E+03
   735.000  -138.867   1.327502E+03
   735.000  -143.615   1.336998E+03
   735.000  -148.363   1.346494E+03
   735.000  -153.111   1.355990E+03
   735.000  -157.859   1.365486E+03
   735.000  -162.607   1.374982E+03
   735.000  -167.354   1.384476E+03
   735.000  -172.102   1.393972E+03
   735.000  -176.850   1.400925E+03
   735.000  -181.598   1.403459E+03
   735.000  -186.346   1.405992E+03
   735.000  -191.094   1.408526E+03
   735.000  -195.842   1.411060E+03
   735.000  -200.590   1.413593E+03
   735.000  -205.337   1.416126E+03
   735.000  -210.085   1.418660E+03
   735.000  -214.833   1.421193E+03
   735.000  -219.581   1.423727E+03
   735.000  -229.077   1.428794E+03
   735.000  -238.572   1.433861E+03
   735.000  -248.068   1.438928E+03
   735.000  -257.564   1.443995E+03
   735.000  -267.060   1.449062E+03
   735.000  -276.555   1.454129E+03
   735.000  -286.051   1.459196E+03
   735.000  -290.799   1.461729E+03
   735.000  -295.547   1.464263E+03
   735.000  -300.295   1.466797E+03
   735.000  -305.043   1.469330E+03
   735.000  -314.538   1.474397E+03
   735.000  -324.034   1.479464E+03
   735.000  -333.530   1.484531E+03
   735.000  -343.026   1.489598E+03
   735.000  -352.521   1.494665E+03
   735.000  -362.017   1.499732E+03
   735.000  -371.513   1.504799E+03
   735.000  -381.009   1.509866E+03
   735.000  -390.504   1.514933E+03
   735.000  -400.000   1.520000E+03
   740.000    -1.201   0.000000E+00
   740.000    -1.399   5.406015E+00
   740.000    -2.625   3.454803E+01
   740.000    -3.100   4.553565E+01
   740.000    -3.575   5.635374E+01
   740.000    -4.050   6.700235E+01
   740.000    -4.524   7.745968E+01
   740.000    -4.999   8.776988E+01
   740.000    -5.474   9.791076E+01
   740.000    -6.423   1.176641E+02
   740.000    -6.898   1.272976E+02
   740.000    -7.373   1.367619E+02
   740.000    -7.848   1.460571E+02
   740.000    -8.797   1.641213E+02
   740.000    -9.970   1.855195E+02
   740.000   -10.696   2.020550E+02
   740.000   -11.646   2.234597E+02
   740.000   -12.595   2.445767E+02
   740.000   -13.545   2.654506E+02
   740.000   -14.494   2.860376E+02
   740.000   -15.444   3.063811E+02
   740.000   -17.343   3.462516E+02
   740.000   -19.242   3.850619E+02
   740.000   -21.141   4.228119E+02
   740.000   -23.040   4.595012E+02
   740.000   -25.811   5.111412E+02
   740.000   -26.838   5.297020E+02
   740.000   -28.737   5.632130E+02
   740.000   -30.636   5.956568E+02
   740.000   -33.237   6.383874E+02
   740.000   -34.434   6.481643E+02
   740.000   -36.333   6.635737E+02
   740.000   -39.182   6.863934E+02
   740.000   -42.030   7.091301E+02
   740.000   -44.879   7.317746E+02
   740.000   -47.728   7.539701E+02
   740.000   -50.576   7.757174E+02
   740.000   -53.425   7.970688E+02
   740.000   -56.273   8.180215E+02
   740.000   -59.122   8.386020E+02
   740.000   -61.970   8.588150E+02
   740.000   -64.819   8.786917E+02
   740.000   -67.668   8.982587E+02
   740.000   -72.415   9.301918E+02
   740.000   -77.163   9.614217E+02
   740.000   -81.910   9.920200E+02
   740.000   -86.658   1.022076E+03
   740.000   -91.406   1.051697E+03
   740.000   -96.153   1.080950E+03
   740.000  -100.901   1.109910E+03
   740.000  -105.648   1.138609E+03
   740.000  -110.396   1.167140E+03
   740.000  -115.144   1.195524E+03
   740.000  -119.891   1.223808E+03
   740.000  -124.639   1.252060E+03
   740.000  -129.386   1.280263E+03
   740.000  -136.084   1.320000E+03
   740.000  -138.882   1.325596E+03
   740.000  -143.629   1.335090E+03
   740.000  -148.377   1.344586E+03
   740.000  -153.124   1.354080E+03
   740.000  -157.872   1.363576E+03
   740.000  -162.620   1.373072E+03
   740.000  -167.367   1.382566E+03
   740.000  -172.115   1.392062E+03
   740.000  -176.862   1.400417E+03
   740.000  -181.610   1.402961E+03
   740.000  -186.358   1.405506E+03
   740.000  -191.105   1.408050E+03
   740.000  -195.853   1.410595E+03
   740.000  -200.601   1.413139E+03
   740.000  -205.348   1.415683E+03
   740.000  -210.096   1.418228E+03
   740.000  -214.843   1.420772E+03
   740.000  -219.591   1.423316E+03
   740.000  -229.086   1.428405E+03
   740.000  -238.581   1.433493E+03
   740.000  -248.077   1.438582E+03
   740.000  -257.572   1.443671E+03
   740.000  -267.067   1.448759E+03
   740.000  -276.562   1.453848E+03
   740.000  -286.057   1.458936E+03
   740.000  -290.805   1.461481E+03
   740.000  -295.553   1.464025E+03
   740.000  -300.300   1.466569E+03
   740.000  -305.048   1.469114E+03
   740.000  -314.543   1.474202E+03
   740.000  -324.038   1.479291E+03
   740.000  -333.534   1.484380E+03
   740.000  -343.029   1.489468E+03
   740.000  -352.524   1.494557E+03
   740.000  -362.019   1.499645E+03
   740.000  -371.514   1.504734E+03
   740.000  -381.010   1.509823E+03
   740.000  -390.505   1.514911E+03
   740.000  -400.000   1.520000E+03
   745.000    -1.212   0.000000E+00
   745.000    -1.420   5.681586E+00
   745.000    -2.636   3.459972E+01
   745.000    -3.111   4.559481E+01
   745.000    -3.586   5.642026E+01
   745.000    -4.060   6.705388E+01
   745.000    -4.535   7.754073E+01
   745.000    -5.010   8.785820E+01
   745.000    -5.485   9.800635E+01
   745.000    -6.434   1.177745E+02
   745.000    -6.909   1.274153E+02
   745.000    -7.384   1.368870E+02
   745.000    -7.858   1.461701E+02
   745.000    -8.808   1.642686E+02
   745.000   -10.012   1.862391E+02
   745.000   -10.707   2.020650E+02
   745.000   -11.656   2.234472E+02
   745.000   -12.606   2.445869E+02
   745.000   -13.555   2.654394E+02
   745.000   -14.505   2.860490E+02
   745.000   -15.454   3.063721E+02
   745.000   -17.353   3.462454E+02
   745.000   -19.252   3.850591E+02
   745.000   -21.151   4.228125E+02
   745.000   -23.050   4.595038E+02
   745.000   -25.879   5.121959E+02
   745.000   -26.848   5.296824E+02
   745.000   -28.747   5.632677E+02
   745.000   -30.646   5.957050E+02
   745.000   -33.453   6.417304E+02
   745.000   -34.444   6.497890E+02
   745.000   -36.343   6.651465E+02
   745.000   -39.192   6.878798E+02
   745.000   -42.040   7.105108E+02
   745.000   -44.889   7.330310E+02
   745.000   -47.737   7.551067E+02
   745.000   -50.586   7.767415E+02
   745.000   -53.434   7.979516E+02
   745.000   -56.283   8.187725E+02
   745.000   -59.131   8.392015E+02
   745.000   -61.980   8.592656E+02
   745.000   -64.828   8.789873E+02
   745.000   -67.677   8.984033E+02
   745.000   -72.424   9.300762E+02
   745.000   -77.172   9.610339E+02
   745.000   -81.919   9.913482E+02
   745.000   -86.667   1.021109E+03
   745.000   -91.414   1.050405E+03
   745.000   -96.162   1.079336E+03
   745.000  -100.909   1.107929E+03
   745.000  -105.656   1.136245E+03
   745.000  -110.404   1.164367E+03
   745.000  -115.151   1.192308E+03
   745.000  -119.899   1.220127E+03
   745.000  -124.646   1.247845E+03
   745.000  -129.394   1.275468E+03
   745.000  -134.141   1.303134E+03
   745.000  -137.053   1.320000E+03
   745.000  -143.636   1.333166E+03
   745.000  -148.384   1.342662E+03
   745.000  -153.131   1.352156E+03
   745.000  -157.879   1.361652E+03
   745.000  -162.626   1.371146E+03
   745.000  -167.374   1.380642E+03
   745.000  -172.121   1.390136E+03
   745.000  -176.869   1.399632E+03
   745.000  -181.616   1.402456E+03
   745.000  -186.364   1.405012E+03
   745.000  -191.111   1.407567E+03
   745.000  -195.859   1.410122E+03
   745.000  -200.606   1.412677E+03
   745.000  -205.353   1.415232E+03
   745.000  -210.101   1.417788E+03
   745.000  -214.848   1.420343E+03
   745.000  -219.596   1.422899E+03
   745.000  -229.091   1.428009E+03
   745.000  -238.586   1.433120E+03
   745.000  -248.081   1.438230E+03
   745.000  -257.576   1.443341E+03
   745.000  -267.071   1.448452E+03
   745.000  -276.566   1.453562E+03
   745.000  -286.061   1.458673E+03
   745.000  -290.808   1.461228E+03
   745.000  -295.556   1.463784E+03
   745.000  -300.303   1.466339E+03
   745.000  -305.050   1.468894E+03
   745.000  -314.545   1.474004E+03
   745.000  -324.040   1.479115E+03
   745.000  -333.535   1.484226E+03
   745.000  -343.030   1.489336E+03
   745.000  -352.525   1.494447E+03
   745.000  -362.020   1.499557E+03
   745.000  -371.515   1.504668E+03
   745.000  -381.010   1.509779E+03
   745.000  -390.505   1.514889E+03
   745.000  -400.000   1.520000E+03
   750.000    -1.213   0.000000E+00
   750.000    -1.440   6.206986E+00
   750.000    -2.637   3.470766E+01
   750.000    -3.112   4.570100E+01
   750.000    -3.587   5.652652E+01
   750.000    -4.061   6.716184E+01
   750.000    -4.536   7.765164E+01
   750.000    -5.011   8.797331E+01
   750.000    -5.486   9.812669E+01
   750.000    -6.435   1.179079E+02
   750.000    -6.910   1.275563E+02
   750.000    -7.385   1.370361E+02
   750.000    -7.859   1.463278E+02
   750.000    -8.809   1.644447E+02
   750.000   -10.055   1.871898E+02
   750.000   -10.708   2.020554E+02
   750.000   -11.657   2.234387E+02
   750.000   -12.607   2.445798E+02
   750.000   -13.556   2.654345E+02
   750.000   -14.506   2.860467E+02
   750.000   -15.455   3.063732E+02
   750.000   -17.354   3.462554E+02
   750.000   -19.253   3.850826E+02
   750.000   -21.152   4.228564E+02
   750.000   -23.051   4.595794E+02
   750.000   -24.950   4.951611E+02
   750.000   -25.947   5.134831E+02
   750.000   -28.748   5.633401E+02
   750.000   -30.647   5.958339E+02
   750.000   -32.546   6.271762E+02
   750.000   -33.668   6.452669E+02
   750.000   -36.344   6.669080E+02
   750.000   -39.193   6.895758E+02
   750.000   -42.041   7.121203E+02
   750.000   -44.890   7.345415E+02
   750.000   -47.738   7.564950E+02
   750.000   -50.587   7.779978E+02
   750.000   -53.435   7.990652E+02
   750.000   -56.284   8.197377E+02
   750.000   -59.132   8.400103E+02
   750.000   -61.981   8.599209E+02
   750.000   -64.829   8.794879E+02
   750.000   -67.678   8.987496E+02
   750.000   -72.425   9.301562E+02
   750.000   -77.172   9.608303E+02
   750.000   -81.920   9.908631E+02
   750.000   -86.667   1.020319E+03
   750.000   -91.415   1.049311E+03
   750.000   -96.162   1.077902E+03
   750.000  -100.910   1.106143E+03
   750.000  -105.657   1.134088E+03
   750.000  -110.405   1.161809E+03
   750.000  -115.152   1.189322E+03
   750.000  -119.900   1.216672E+03
   750.000  -124.647   1.243883E+03
   750.000  -129.395   1.270985E+03
   750.000  -134.142   1.298021E+03
   750.000  -138.021   1.320000E+03
   750.000  -143.637   1.331232E+03
   750.000  -148.384   1.340726E+03
   750.000  -153.132   1.350222E+03
   750.000  -157.879   1.359716E+03
   750.000  -162.627   1.369212E+03
   750.000  -167.374   1.378706E+03
   750.000  -172.122   1.388202E+03
   750.000  -176.869   1.397696E+03
   750.000  -181.617   1.401944E+03
   750.000  -186.364   1.404510E+03
   750.000  -191.112   1.407077E+03
   750.000  -195.859   1.409643E+03
   750.000  -200.607   1.412210E+03
   750.000  -205.354   1.414776E+03
   750.000  -210.101   1.417342E+03
   750.000  -214.849   1.419909E+03
   750.000  -219.596   1.422475E+03
   750.000  -229.091   1.427608E+03
   750.000  -238.586   1.432741E+03
   750.000  -248.081   1.437874E+03
   750.000  -257.576   1.443007E+03
   750.000  -267.071   1.448140E+03
   750.000  -276.566   1.453273E+03
   750.000  -286.061   1.458406E+03
   750.000  -290.808   1.460972E+03
   750.000  -295.556   1.463538E+03
   750.000  -300.303   1.466105E+03
   750.000  -305.051   1.468671E+03
   750.000  -314.546   1.473804E+03
   750.000  -324.041   1.478937E+03
   750.000  -333.536   1.484070E+03
   750.000  -343.030   1.489202E+03
   750.000  -352.525   1.494335E+03
   750.000  -362.020   1.499468E+03
   750.000  -371.515   1.504601E+03
   750.000  -381.010   1.509734E+03
   750.000  -390.505   1.514867E+03
   750.000  -400.000   1.520000E+03
   755.000    -1.207   0.000000E+00
   757.000    -1.469   7.157966E+00
   755.000    -2.631   3.471112E+01
   755.000    -3.106   4.572195E+01
   755.000    -3.581   5.656520E+01
   755.000    -4.056   6.724067E+01
   755.000    -4.530   7.772609E+01
   755.000    -5.005   8.806558E+01
   755.000    -5.480   9.823664E+01
   755.000    -6.429   1.180525E+02
   755.000    -6.904   1.277177E+02
   755.000    -7.379   1.372139E+02
   755.000    -7.854   1.465411E+02
   755.000    -8.803   1.646691E+02
   755.000   -10.097   1.883061E+02
   755.000   -10.702   2.020773E+02
   755.000   -11.652   2.234859E+02
   755.000   -12.601   2.446068E+02
   755.000   -13.551   2.654851E+02
   755.000   -14.500   2.860772E+02
   755.000   -15.450   3.064268E+02
   755.000   -17.349   3.463128E+02
   755.000   -19.248   3.851448E+02
   755.000   -21.147   4.229238E+02
   755.000   -23.046   4.596503E+02
   755.000   -24.945   4.953234E+02
   755.000   -26.015   5.149676E+02
   755.000   -28.743   5.635280E+02
   755.000   -30.642   5.960603E+02
   755.000   -32.541   6.275327E+02
   755.000   -33.883   6.491421E+02
   755.000   -36.339   6.689543E+02
   755.000   -39.187   6.915619E+02
   755.000   -42.036   7.140508E+02
   755.000   -44.884   7.363420E+02
   755.000   -47.733   7.581592E+02
   755.000   -50.581   7.795154E+02
   755.000   -53.430   8.004498E+02
   755.000   -56.278   8.209644E+02
   755.000   -59.127   8.410882E+02
   755.000   -61.975   8.608272E+02
   755.000   -64.824   8.802333E+02
   755.000   -67.673   8.993294E+02
   755.000   -72.420   9.304619E+02
   755.000   -77.168   9.608589E+02
   755.000   -81.915   9.905934E+02
   755.000   -86.663   1.019754E+03
   755.000   -91.410   1.048428E+03
   755.000   -96.158   1.076691E+03
   755.000  -100.905   1.104584E+03
   755.000  -105.653   1.132172E+03
   755.000  -110.400   1.159498E+03
   755.000  -115.148   1.186585E+03
   755.000  -119.895   1.213477E+03
   755.000  -124.643   1.240195E+03
   755.000  -129.390   1.266761E+03
   755.000  -134.138   1.293193E+03
   755.000  -138.990   1.320000E+03
   755.000  -143.633   1.329286E+03
   755.000  -148.381   1.338782E+03
   755.000  -153.128   1.348276E+03
   755.000  -157.876   1.357772E+03
   755.000  -162.623   1.367266E+03
   755.000  -167.371   1.376762E+03
   755.000  -172.118   1.386256E+03
   755.000  -176.866   1.395752E+03
   755.000  -181.613   1.401424E+03
   755.000  -186.361   1.404002E+03
   755.000  -191.108   1.406580E+03
   755.000  -195.856   1.409158E+03
   755.000  -200.604   1.411736E+03
   755.000  -205.351   1.414313E+03
   755.000  -210.099   1.416891E+03
   755.000  -214.846   1.419468E+03
   755.000  -219.594   1.422046E+03
   755.000  -229.089   1.427202E+03
   755.000  -238.584   1.432357E+03
   755.000  -248.079   1.437513E+03
   755.000  -257.574   1.442668E+03
   755.000  -267.069   1.447824E+03
   755.000  -276.564   1.452979E+03
   755.000  -286.059   1.458134E+03
   755.000  -290.807   1.460712E+03
   755.000  -295.554   1.463290E+03
   755.000  -300.302   1.465868E+03
   755.000  -305.049   1.468445E+03
   755.000  -314.544   1.473601E+03
   755.000  -324.039   1.478756E+03
   755.000  -333.535   1.483912E+03
   755.000  -343.030   1.489067E+03
   755.000  -352.525   1.494223E+03
   755.000  -362.020   1.499378E+03
   755.000  -371.515   1.504534E+03
   755.000  -381.010   1.509689E+03
   755.000  -390.505   1.514845E+03
   755.000  -400.000   1.520000E+03
   760.000    -1.206   0.000000E+00
   760.000    -1.425   6.037460E+00
   760.000    -2.630   3.485328E+01
   760.000    -3.105   4.590864E+01
   760.000    -3.580   5.679415E+01
   760.000    -4.055   6.750969E+01
   760.000    -4.529   7.803312E+01
   760.000    -5.004   8.840871E+01
   760.000    -5.479   9.861393E+01
   760.000    -6.428   1.184923E+02
   760.000    -6.903   1.281857E+02
   760.000    -7.378   1.377081E+02
   760.000    -7.853   1.470591E+02
   760.000    -8.802   1.652277E+02
   760.000   -10.139   1.896654E+02
   760.000   -10.701   2.024330E+02
   760.000   -11.651   2.238371E+02
   760.000   -12.600   2.449430E+02
   760.000   -13.550   2.658107E+02
   760.000   -14.499   2.863951E+02
   760.000   -15.449   3.067389E+02
   760.000   -17.348   3.466175E+02
   760.000   -19.247   3.854450E+02
   760.000   -21.146   4.232233E+02
   760.000   -23.045   4.599566E+02
   760.000   -24.944   4.956517E+02
   760.000   -26.083   5.165723E+02
   760.000   -28.742   5.639134E+02
   760.000   -30.641   5.965577E+02
   760.000   -32.540   6.282352E+02
   762.000   -34.184   6.551134E+02
   760.000   -36.338   6.714163E+02
   760.000   -39.186   6.940235E+02
   760.000   -42.035   7.164206E+02
   760.000   -44.883   7.385722E+02
   760.000   -47.732   7.602475E+02
   760.000   -50.580   7.814473E+02
   760.000   -53.429   8.022174E+02
   760.000   -56.278   8.225698E+02
   760.000   -59.126   8.425155E+02
   760.000   -61.975   8.620896E+02
   760.000   -64.823   8.813111E+02
   760.000   -67.672   9.002277E+02
   760.000   -72.419   9.310729E+02
   760.000   -77.167   9.611777E+02
   760.000   -81.914   9.906143E+02
   760.000   -86.662   1.019471E+03
   760.000   -91.409   1.047831E+03
   760.000   -96.157   1.075768E+03
   760.000  -100.905   1.103329E+03
   760.000  -105.652   1.130558E+03
   760.000  -110.400   1.157511E+03
   760.000  -115.147   1.184184E+03
   760.000  -119.895   1.210636E+03
   760.000  -124.642   1.236861E+03
   760.000  -129.390   1.262895E+03
   760.000  -134.137   1.288706E+03
   760.000  -139.958   1.320000E+03
   760.000  -143.632   1.327348E+03
   760.000  -148.380   1.336844E+03
   760.000  -153.128   1.346340E+03
   760.000  -157.875   1.355834E+03
   760.000  -162.623   1.365330E+03
   760.000  -167.370   1.374824E+03
   760.000  -172.118   1.384320E+03
   760.000  -176.865   1.393814E+03
   760.000  -181.613   1.400903E+03
   760.000  -186.360   1.403491E+03
   760.000  -191.108   1.406081E+03
   760.000  -195.855   1.408669E+03
   760.000  -200.603   1.411259E+03
   760.000  -205.351   1.413848E+03
   760.000  -210.098   1.416437E+03
   760.000  -214.846   1.419026E+03
   760.000  -219.593   1.421615E+03
   760.000  -229.088   1.426793E+03
   760.000  -238.583   1.431971E+03
   760.000  -248.078   1.437149E+03
   760.000  -257.574   1.442328E+03
   760.000  -267.069   1.447506E+03
   760.000  -276.564   1.452684E+03
   760.000  -286.059   1.457862E+03
   760.000  -290.806   1.460451E+03
   760.000  -295.554   1.463040E+03
   760.000  -300.302   1.465630E+03
   760.000  -305.049   1.468218E+03
   760.000  -314.544   1.473397E+03
   760.000  -324.039   1.478575E+03
   760.000  -333.534   1.483753E+03
   760.000  -343.029   1.488931E+03
   760.000  -352.525   1.494109E+03
   760.000  -362.020   1.499288E+03
   760.000  -371.515   1.504466E+03
   760.000  -381.010   1.509644E+03
   760.000  -390.505   1.514822E+03
   760.000  -400.000   1.520000E+03
   765.000    -1.187   0.000000E+00
   765.000    -1.352   4.560418E+00
   765.000    -2.611   3.486159E+01
   765.000    -3.086   4.597912E+01
   765.000    -3.561   5.692568E+01
   765.000    -4.036   6.770132E+01
   765.000    -4.510   7.828395E+01
   765.000    -4.985   8.871820E+01
   765.000    -5.460   9.898166E+01
   765.000    -6.410   1.189966E+02
   765.000    -6.884   1.287276E+02
   765.000    -7.359   1.383085E+02
   765.000    -7.834   1.477189E+02
   765.000    -8.783   1.660092E+02
   765.000    -9.733   1.835897E+02
   765.000   -10.320   1.941568E+02
   765.000   -11.632   2.238168E+02
   765.000   -12.582   2.449794E+02
   765.000   -13.531   2.658498E+02
   765.000   -14.481   2.864731E+02
   765.000   -15.430   3.068065E+02
   765.000   -17.329   3.466924E+02
   765.000   -19.229   3.855330E+02
   765.000   -21.128   4.232915E+02
   765.000   -23.027   4.599927E+02
   765.000   -24.926   4.956409E+02
   765.000   -26.496   5.243522E+02
   765.000   -28.724   5.637964E+02
   765.000   -30.623   5.963284E+02
   765.000   -32.522   6.278312E+02
   765.000   -34.555   6.603706E+02
   765.000   -36.321   6.745505E+02
   765.000   -39.169   6.969906E+02
   765.000   -42.018   7.191949E+02
   765.000   -44.867   7.411774E+02
   765.000   -47.715   7.626617E+02
   765.000   -50.564   7.836743E+02
   765.000   -53.413   8.042512E+02
   765.000   -56.261   8.244019E+02
   765.000   -59.110   8.441694E+02
   765.000   -61.959   8.635618E+02
   765.000   -64.807   8.826048E+02
   765.000   -67.656   9.013405E+02
   765.000   -72.404   9.318839E+02
   765.000   -77.151   9.616837E+02
   765.000   -81.899   9.908260E+02
   765.000   -86.647   1.019379E+03
   765.000   -91.395   1.047434E+03
   765.000   -96.142   1.075045E+03
   765.000  -100.890   1.102279E+03
   765.000  -105.638   1.129175E+03
   765.000  -110.386   1.155761E+03
   765.000  -115.134   1.182049E+03
   765.000  -119.881   1.208067E+03
   765.000  -124.629   1.233836E+03
   765.000  -129.377   1.259340E+03
   765.000  -134.125   1.284551E+03
   765.000  -140.927   1.320000E+03
   765.000  -143.620   1.325386E+03
   765.000  -148.368   1.334882E+03
   765.000  -153.116   1.344378E+03
   765.000  -157.864   1.353874E+03
   765.000  -162.611   1.363368E+03
   765.000  -167.359   1.372864E+03
   765.000  -172.107   1.382360E+03
   765.000  -176.855   1.391856E+03
   765.000  -181.602   1.400370E+03
   765.000  -186.350   1.402971E+03
   765.000  -191.098   1.405571E+03
   765.000  -195.846   1.408172E+03
   765.000  -200.594   1.410773E+03
   765.000  -205.341   1.413373E+03
   765.000  -210.089   1.415974E+03
   765.000  -214.837   1.418575E+03
   765.000  -219.585   1.421175E+03
   765.000  -229.080   1.426376E+03
   765.000  -238.576   1.431578E+03
   765.000  -248.071   1.436779E+03
   765.000  -257.567   1.441981E+03
   765.000  -267.062   1.447182E+03
   765.000  -276.558   1.452383E+03
   765.000  -286.053   1.457584E+03
   765.000  -290.801   1.460185E+03
   765.000  -295.549   1.462786E+03
   765.000  -300.297   1.465386E+03
   765.000  -305.045   1.467987E+03
   765.000  -314.540   1.473188E+03
   765.000  -324.036   1.478390E+03
   765.000  -333.531   1.483591E+03
   765.000  -343.027   1.488792E+03
   765.000  -352.522   1.493993E+03
   765.000  -362.018   1.499195E+03
   765.000  -371.513   1.504396E+03
   765.000  -381.009   1.509597E+03
   765.000  -390.504   1.514798E+03
   765.000  -400.000   1.520000E+03
   770.000    -1.152   0.000000E+00
   770.000    -1.279   3.529786E+00
   770.000    -2.576   3.492055E+01
   770.000    -3.051   4.609755E+01
   770.000    -3.526   5.710431E+01
   770.000    -4.001   6.794055E+01
   770.000    -4.476   7.860617E+01
   770.000    -4.951   8.910098E+01
   770.000    -5.425   9.940324E+01
   770.000    -6.375   1.195385E+02
   770.000    -6.850   1.293495E+02
   770.000    -7.325   1.389893E+02
   770.000    -7.799   1.484381E+02
   770.000    -8.749   1.668624E+02
   770.000    -9.699   1.846017E+02
   770.000   -10.500   1.990491E+02
   770.000   -11.598   2.238408E+02
   770.000   -12.548   2.450068E+02
   770.000   -13.497   2.658787E+02
   770.000   -14.447   2.865010E+02
   770.000   -15.397   3.068522E+02
   770.000   -17.296   3.467222E+02
   770.000   -19.195   3.855149E+02
   770.000   -21.094   4.232339E+02
   770.000   -22.994   4.599013E+02
   770.000   -24.893   4.954808E+02
   770.000   -26.909   5.321247E+02
   770.000   -28.692   5.634692E+02
   770.000   -30.591   5.958589E+02
   770.000   -32.490   6.271691E+02
   770.000   -35.174   6.696317E+02
   770.000   -36.289   6.783998E+02
   770.000   -39.138   7.005040E+02
   770.000   -41.986   7.224185E+02
   770.000   -44.835   7.441528E+02
   770.000   -47.684   7.654106E+02
   770.000   -50.533   7.862045E+02
   770.000   -53.382   8.065678E+02
   770.000   -56.231   8.265168E+02
   770.000   -59.080   8.460786E+02
   770.000   -61.929   8.652788E+02
   770.000   -64.778   8.841444E+02
   770.000   -67.627   9.026816E+02
   770.000   -72.375   9.329026E+02
   770.000   -77.123   9.624040E+02
   770.000   -81.871   9.912429E+02
   770.000   -86.619   1.019498E+03
   770.000   -91.368   1.047249E+03
   770.000   -96.116   1.074554E+03
   770.000  -100.864   1.101469E+03
   770.000  -105.612   1.128041E+03
   770.000  -110.360   1.154284E+03
   770.000  -115.109   1.180215E+03
   770.000  -119.857   1.205839E+03
   770.000  -124.605   1.231167E+03
   770.000  -129.353   1.256171E+03
   770.000  -134.101   1.280830E+03
   770.000  -138.850   1.305363E+03
   770.000  -141.593   1.320000E+03
   770.000  -148.346   1.333506E+03
   770.000  -153.094   1.343002E+03
   770.000  -157.842   1.352498E+03
   770.000  -162.590   1.361994E+03
   770.000  -167.339   1.371492E+03
   770.000  -172.087   1.380988E+03
   770.000  -176.835   1.390484E+03
   770.000  -181.583   1.399980E+03
   770.000  -186.331   1.402603E+03
   770.000  -191.080   1.405212E+03
   770.000  -195.828   1.407821E+03
   770.000  -200.576   1.410430E+03
   770.000  -205.324   1.413039E+03
   770.000  -210.072   1.415647E+03
   770.000  -214.821   1.418257E+03
   770.000  -219.569   1.420865E+03
   770.000  -229.065   1.426083E+03
   770.000  -238.562   1.431301E+03
   770.000  -248.058   1.436518E+03
   770.000  -257.554   1.441735E+03
   770.000  -267.051   1.446953E+03
   770.000  -276.547   1.452171E+03
   770.000  -286.043   1.457388E+03
   770.000  -290.792   1.459998E+03
   770.000  -295.540   1.462606E+03
   770.000  -300.288   1.465215E+03
   770.000  -305.036   1.467824E+03
   770.000  -314.533   1.473042E+03
   770.000  -324.029   1.478259E+03
   770.000  -333.525   1.483476E+03
   770.000  -343.022   1.488694E+03
   770.000  -352.518   1.493912E+03
   770.000  -362.014   1.499129E+03
   770.000  -371.511   1.504347E+03
   770.000  -381.007   1.509565E+03
   770.000  -390.504   1.514783E+03
   770.000  -400.000   1.520000E+03
   775.000    -1.110   0.000000E+00
   775.000    -1.206   2.695037E+00
   775.000    -2.535   3.514923E+01
   775.000    -3.009   4.639288E+01
   775.000    -3.484   5.748573E+01
   775.000    -3.959   6.840422E+01
   775.000    -4.434   7.914860E+01
   775.000    -4.909   8.971912E+01
   775.000    -5.384   1.001161E+02
   775.000    -6.334   1.203899E+02
   775.000    -6.808   1.302464E+02
   775.000    -7.283   1.399510E+02
   775.000    -7.758   1.494830E+02
   775.000    -8.708   1.680295E+02
   775.000    -9.658   1.858868E+02
   775.000   -10.681   2.043753E+02
   775.000   -11.557   2.241199E+02
   775.000   -12.507   2.452783E+02
   775.000   -13.457   2.661612E+02
   775.000   -14.406   2.867478E+02
   775.000   -15.356   3.070826E+02
   775.000   -17.256   3.469336E+02
   775.000   -19.155   3.856779E+02
   775.000   -21.055   4.233602E+02
   775.000   -22.954   4.599434E+02
   775.000   -24.853   4.954487E+02
   775.000   -27.321   5.400286E+02
   775.000   -28.652   5.632465E+02
   775.000   -30.552   5.956157E+02
   775.000   -32.451   6.268220E+02
   775.000   -34.351   6.569028E+02
   775.000   -35.792   6.791003E+02
   775.000   -39.100   7.044518E+02
   775.000   -41.949   7.260921E+02
   775.000   -44.798   7.475478E+02
   775.000   -47.647   7.685433E+02
   775.000   -50.496   7.890983E+02
   775.000   -53.346   8.092341E+02
   775.000   -56.195   8.289642E+02
   775.000   -59.044   8.483097E+02
   775.000   -61.893   8.672987E+02
   775.000   -64.742   8.859563E+02
   775.000   -67.592   9.042928E+02
   775.000   -72.340   9.341906E+02
   775.000   -77.089   9.633794E+02
   775.000   -81.838   9.919235E+02
   775.000   -86.586   1.019881E+03
   775.000   -91.335   1.047324E+03
   775.000   -96.084   1.074329E+03
   775.000  -100.833   1.100944E+03
   775.000  -105.581   1.127206E+03
   775.000  -110.330   1.153138E+03
   775.000  -115.079   1.178737E+03
   775.000  -119.827   1.204014E+03
   775.000  -124.576   1.228958E+03
   775.000  -129.325   1.253489E+03
   775.000  -134.073   1.277429E+03
   775.000  -138.822   1.300322E+03
   775.000  -143.571   1.320000E+03
   775.000  -148.319   1.329496E+03
   775.000  -153.068   1.338994E+03
   775.000  -157.817   1.348492E+03
   775.000  -162.565   1.357988E+03
   775.000  -167.314   1.367486E+03
   775.000  -172.063   1.376984E+03
   775.000  -176.812   1.386482E+03
   775.000  -181.560   1.395978E+03
   775.000  -186.309   1.401518E+03
   775.000  -191.058   1.404151E+03
   775.000  -195.806   1.406784E+03
   775.000  -200.555   1.409417E+03
   775.000  -205.304   1.412050E+03
   775.000  -210.052   1.414683E+03
   775.000  -214.801   1.417316E+03
   775.000  -219.550   1.419949E+03
   775.000  -229.047   1.425214E+03
   775.000  -238.545   1.430481E+03
   775.000  -248.042   1.435746E+03
   775.000  -257.539   1.441012E+03
   775.000  -267.037   1.446278E+03
   775.000  -276.534   1.451544E+03
   775.000  -286.031   1.456809E+03
   775.000  -290.780   1.459442E+03
   775.000  -295.529   1.462076E+03
   775.000  -300.278   1.464709E+03
   775.000  -305.026   1.467341E+03
   775.000  -314.524   1.472607E+03
   775.000  -324.021   1.477873E+03
   775.000  -333.518   1.483139E+03
   775.000  -343.016   1.488405E+03
   775.000  -352.513   1.493671E+03
   775.000  -362.010   1.498936E+03
   775.000  -371.508   1.504202E+03
   775.000  -381.005   1.509468E+03
   775.000  -390.503   1.514734E+03
   775.000  -400.000   1.520000E+03
   780.000    -1.033   0.000000E+00
   780.000    -1.133   2.824700E+00
   780.000    -2.458   3.537033E+01
   780.000    -2.933   4.670617E+01
   780.000    -3.408   5.786612E+01
   780.000    -3.883   6.885048E+01
   780.000    -4.358   7.965965E+01
   780.000    -4.833   9.029397E+01
   780.000    -5.308   1.007537E+02
   780.000    -6.258   1.211506E+02
   780.000    -6.733   1.310883E+02
   780.000    -7.207   1.408319E+02
   780.000    -7.682   1.504229E+02
   780.000    -8.632   1.690855E+02
   780.000    -9.582   1.870565E+02
   780.000   -10.862   2.102196E+02
   780.000   -11.482   2.241491E+02
   780.000   -12.432   2.452929E+02
   780.000   -13.382   2.661473E+02
   780.000   -14.332   2.867274E+02
   780.000   -15.282   3.070339E+02
   780.000   -17.182   3.468285E+02
   780.000   -19.082   3.855367E+02
   780.000   -20.981   4.231434E+02
   780.000   -22.881   4.596933E+02
   780.000   -24.781   4.951712E+02
   780.000   -26.681   5.295304E+02
   780.000   -27.734   5.481700E+02
   780.000   -30.481   5.950800E+02
   780.000   -32.380   6.262305E+02
   780.000   -34.280   6.563135E+02
   780.000   -36.411   6.888345E+02
   780.000   -39.030   7.085864E+02
   780.000   -41.880   7.299499E+02
   780.000   -44.729   7.511289E+02
   780.000   -47.579   7.718721E+02
   780.000   -50.429   7.921848E+02
   780.000   -53.279   8.120809E+02
   780.000   -56.128   8.315758E+02
   780.000   -58.978   8.506944E+02
   780.000   -61.828   8.694673E+02
   780.000   -64.678   8.879116E+02
   780.000   -67.528   9.060367E+02
   780.000   -72.277   9.356127E+02
   780.000   -77.027   9.644853E+02
   780.000   -81.776   9.927264E+02
   780.000   -86.526   1.020394E+03
   780.000   -91.276   1.047545E+03
   780.000   -96.025   1.074256E+03
   780.000  -100.775   1.100585E+03
   780.000  -105.524   1.126563E+03
   780.000  -110.274   1.152210E+03
   780.000  -115.024   1.177533E+03
   780.000  -119.773   1.202533E+03
   780.000  -124.523   1.227188E+03
   780.000  -129.272   1.251444E+03
   780.000  -134.022   1.275182E+03
   780.000  -138.772   1.298136E+03
   780.000  -143.521   1.320000E+03
   780.000  -148.271   1.329500E+03
   780.000  -153.020   1.338998E+03
   780.000  -157.770   1.348498E+03
   780.000  -162.520   1.357998E+03
   780.000  -167.269   1.367496E+03
   780.000  -172.019   1.376996E+03
   780.000  -176.768   1.386494E+03
   780.000  -181.518   1.395994E+03
   780.000  -186.268   1.401523E+03
   780.000  -191.017   1.404155E+03
   780.000  -195.767   1.406788E+03
   780.000  -200.517   1.409421E+03
   780.000  -205.266   1.412054E+03
   780.000  -210.016   1.414687E+03
   780.000  -214.765   1.417319E+03
   780.000  -219.515   1.419952E+03
   780.000  -229.014   1.425218E+03
   780.000  -238.513   1.430484E+03
   780.000  -248.013   1.435750E+03
   780.000  -257.512   1.441015E+03
   780.000  -267.011   1.446281E+03
   780.000  -276.510   1.451546E+03
   780.000  -286.009   1.456812E+03
   780.000  -290.759   1.459445E+03
   780.000  -295.509   1.462078E+03
   780.000  -300.258   1.464710E+03
   780.000  -305.008   1.467343E+03
   780.000  -314.507   1.472609E+03
   780.000  -324.006   1.477875E+03
   780.000  -333.506   1.483141E+03
   780.000  -343.005   1.488406E+03
   780.000  -352.504   1.493672E+03
   780.000  -362.003   1.498937E+03
   780.000  -371.502   1.504203E+03
   780.000  -381.002   1.509469E+03
   780.000  -390.501   1.514734E+03
   780.000  -400.000   1.520000E+03
   785.000    -0.915   0.000000E+00
   785.000    -1.060   4.102612E+00
   785.000    -2.340   3.560934E+01
   785.000    -2.815   4.698402E+01
   785.000    -3.291   5.820827E+01
   785.000    -3.766   6.923513E+01
   785.000    -4.241   8.008845E+01
   785.000    -4.716   9.076847E+01
   785.000    -5.191   1.012754E+02
   785.000    -6.141   1.217706E+02
   785.000    -6.616   1.317591E+02
   785.000    -7.091   1.415754E+02
   785.000    -7.566   1.512193E+02
   785.000    -8.517   1.700106E+02
   785.000    -9.467   1.880948E+02
   785.000   -10.417   2.054528E+02
   785.000   -11.043   2.165662E+02
   785.000   -12.317   2.449036E+02
   785.000   -13.268   2.657463E+02
   785.000   -14.218   2.862917E+02
   785.000   -15.168   3.065633E+02
   785.000   -17.068   3.462883E+02
   785.000   -18.969   3.849487E+02
   785.000   -20.869   4.225089E+02
   785.000   -22.770   4.590123E+02
   785.000   -24.670   4.944230E+02
   785.000   -26.570   5.287611E+02
   785.000   -28.147   5.564895E+02
   785.000   -30.371   5.942485E+02
   785.000   -32.272   6.254107E+02
   785.000   -34.172   6.554863E+02
   785.000   -37.029   6.987847E+02
   785.000   -38.923   7.128369E+02
   785.000   -41.774   7.339460E+02
   785.000   -44.624   7.548615E+02
   785.000   -47.475   7.753485E+02
   785.000   -50.326   7.954097E+02
   785.000   -53.176   8.150513E+02
   785.000   -56.027   8.343192E+02
   785.000   -58.877   8.532049E+02
   785.000   -61.728   8.717512E+02
   785.000   -64.579   8.899727E+02
   785.000   -67.429   9.078847E+02
   785.000   -72.180   9.371363E+02
   785.000   -76.931   9.656841E+02
   785.000   -81.682   9.936293E+02
   785.000   -86.433   1.021005E+03
   785.000   -91.184   1.047874E+03
   785.000   -95.935   1.074314E+03
   785.000  -100.686   1.100373E+03
   785.000  -105.437   1.126095E+03
   785.000  -110.188   1.151489E+03
   785.000  -114.939   1.176574E+03
   785.000  -119.690   1.201345E+03
   785.000  -124.441   1.225807E+03
   785.000  -129.192   1.249966E+03
   785.000  -133.943   1.273734E+03
   785.000  -138.694   1.297065E+03
   785.000  -143.445   1.320000E+03
   785.000  -148.196   1.329502E+03
   785.000  -152.947   1.339004E+03
   785.000  -157.698   1.348506E+03
   785.000  -162.449   1.358008E+03
   785.000  -167.200   1.367510E+03
   785.000  -171.951   1.377012E+03
   785.000  -176.702   1.386514E+03
   785.000  -181.453   1.396016E+03
   785.000  -186.204   1.401529E+03
   785.000  -190.955   1.404162E+03
   785.000  -195.706   1.406794E+03
   785.000  -200.458   1.409427E+03
   785.000  -205.209   1.412060E+03
   785.000  -209.960   1.414693E+03
   785.000  -214.711   1.417325E+03
   785.000  -219.462   1.419958E+03
   785.000  -228.964   1.425224E+03
   785.000  -238.466   1.430489E+03
   785.000  -247.968   1.435754E+03
   785.000  -257.470   1.441020E+03
   785.000  -266.972   1.446285E+03
   785.000  -276.474   1.451550E+03
   785.000  -285.976   1.456816E+03
   785.000  -290.727   1.459448E+03
   785.000  -295.478   1.462081E+03
   785.000  -300.229   1.464714E+03
   785.000  -304.980   1.467346E+03
   785.000  -314.482   1.472612E+03
   785.000  -323.984   1.477877E+03
   785.000  -333.486   1.483142E+03
   785.000  -342.988   1.488408E+03
   785.000  -352.490   1.493673E+03
   785.000  -361.992   1.498939E+03
   785.000  -371.494   1.504204E+03
   785.000  -380.996   1.509469E+03
   785.000  -390.498   1.514735E+03
   785.000  -400.000   1.520000E+03
   790.000    -0.767   0.000000E+00
   790.000    -0.987   6.221128E+00
   790.000    -2.193   3.591785E+01
   790.000    -2.668   4.731729E+01
   790.000    -3.143   5.854574E+01
   790.000    -3.619   6.962638E+01
   790.000    -4.094   8.051254E+01
   790.000    -4.569   9.122765E+01
   790.000    -5.044   1.017716E+02
   790.000    -5.995   1.223679E+02
   790.000    -6.470   1.323986E+02
   790.000    -6.946   1.422788E+02
   790.000    -7.421   1.519674E+02
   790.000    -8.371   1.708317E+02
   790.000    -9.322   1.890321E+02
   790.000   -10.273   2.065487E+02
   790.000   -11.223   2.234050E+02
   790.000   -12.174   2.444380E+02
   790.000   -13.124   2.651907E+02
   790.000   -14.075   2.856958E+02
   790.000   -15.025   3.059105E+02
   790.000   -16.926   3.455553E+02
   790.000   -18.828   3.841479E+02
   790.000   -20.729   4.216503E+02
   790.000   -22.630   4.580854E+02
   790.000   -24.531   4.934560E+02
   790.000   -26.432   5.277648E+02
   790.000   -28.560   5.649684E+02
   790.000   -30.234   5.932335E+02
   790.000   -32.135   6.243956E+02
   790.000   -34.036   6.545106E+02
   790.000   -35.938   6.835013E+02
   790.000   -37.648   7.088194E+02
   790.000   -41.641   7.381305E+02
   790.000   -44.493   7.588094E+02
   790.000   -47.344   7.790368E+02
   790.000   -50.196   7.988386E+02
   790.000   -53.048   8.182426E+02
   790.000   -55.899   8.372589E+02
   790.000   -58.751   8.559003E+02
   790.000   -61.603   8.742179E+02
   790.000   -64.454   8.922031E+02
   790.000   -67.306   9.099057E+02
   790.000   -72.059   9.388138E+02
   790.000   -76.811   9.670301E+02
   790.000   -81.564   9.946757E+02
   790.000   -86.317   1.021768E+03
   790.000   -91.070   1.048373E+03
   790.000   -95.822   1.074545E+03
   790.000  -100.575   1.100354E+03
   790.000  -105.328   1.125835E+03
   790.000  -110.081   1.151005E+03
   790.000  -114.834   1.175876E+03
   790.000  -119.586   1.200455E+03
   790.000  -124.339   1.224787E+03
   790.000  -129.092   1.248894E+03
   790.000  -133.845   1.272749E+03
   790.000  -138.597   1.296428E+03
   790.000  -143.350   1.320000E+03
   790.000  -148.103   1.329506E+03
   790.000  -152.856   1.339012E+03
   790.000  -157.609   1.348518E+03
   790.000  -162.361   1.358022E+03
   790.000  -167.114   1.367528E+03
   790.000  -171.867   1.377034E+03
   790.000  -176.620   1.386540E+03
   790.000  -181.372   1.396044E+03
   790.000  -186.125   1.401537E+03
   790.000  -190.878   1.404170E+03
   790.000  -195.631   1.406802E+03
   790.000  -200.384   1.409435E+03
   790.000  -205.136   1.412067E+03
   790.000  -209.889   1.414700E+03
   790.000  -214.642   1.417332E+03
   790.000  -219.395   1.419965E+03
   790.000  -228.900   1.425230E+03
   790.000  -238.406   1.430495E+03
   790.000  -247.911   1.435760E+03
   790.000  -257.417   1.441025E+03
   790.000  -266.922   1.446290E+03
   790.000  -276.428   1.451555E+03
   790.000  -285.933   1.456820E+03
   790.000  -290.686   1.459452E+03
   790.000  -295.439   1.462085E+03
   790.000  -300.192   1.464717E+03
   790.000  -304.945   1.467350E+03
   790.000  -314.450   1.472615E+03
   790.000  -323.956   1.477880E+03
   790.000  -333.461   1.483145E+03
   790.000  -342.967   1.488410E+03
   790.000  -352.472   1.493675E+03
   790.000  -361.978   1.498940E+03
   790.000  -371.483   1.504205E+03
   790.000  -380.989   1.509470E+03
   790.000  -390.494   1.514735E+03
   790.000  -400.000   1.520000E+03
   795.000    -0.609   0.000000E+00
   795.000    -0.914   8.663772E+00
   795.000    -2.035   3.635253E+01
   795.000    -2.511   4.782077E+01
   795.000    -2.986   5.909129E+01
   795.000    -3.462   7.021225E+01
   795.000    -3.937   8.113770E+01
   795.000    -4.413   9.191410E+01
   795.000    -4.888   1.024966E+02
   795.000    -5.839   1.231709E+02
   795.000    -6.315   1.332625E+02
   795.000    -6.790   1.431625E+02
   795.000    -7.266   1.529127E+02
   795.000    -8.216   1.718620E+02
   795.000    -9.167   1.901495E+02
   795.000   -10.118   2.077540E+02
   794.000   -11.368   2.291079E+02
   795.000   -12.020   2.440687E+02
   795.000   -12.971   2.647760E+02
   795.000   -13.922   2.852119E+02
   795.000   -14.873   3.053835E+02
   795.000   -16.775   3.449340E+02
   795.000   -18.677   3.834246E+02
   795.000   -20.579   4.208555E+02
   795.000   -22.480   4.572085E+02
   795.000   -24.382   4.925235E+02
   795.000   -26.284   5.267834E+02
   795.000   -28.973   5.734920E+02
   795.000   -30.088   5.921786E+02
   795.000   -31.990   6.233565E+02
   795.000   -33.892   6.534770E+02
   795.000   -35.793   6.826004E+02
   796.000   -38.390   7.211268E+02
   795.000   -41.499   7.426531E+02
   795.000   -44.352   7.631274E+02
   795.000   -47.205   7.831085E+02
   795.000   -50.057   8.026392E+02
   795.000   -52.910   8.217726E+02
   795.000   -55.763   8.405074E+02
   795.000   -58.616   8.588959E+02
   795.000   -61.469   8.769663E+02
   795.000   -64.321   8.947027E+02
   795.000   -67.174   9.121825E+02
   795.000   -71.929   9.407247E+02
   795.000   -76.683   9.686174E+02
   795.000   -81.438   9.959462E+02
   795.000   -86.193   1.022763E+03
   795.000   -90.947   1.049103E+03
   795.000   -95.702   1.075028E+03
   795.000  -100.457   1.100596E+03
   795.000  -105.211   1.125845E+03
   795.000  -109.966   1.150801E+03
   795.000  -114.721   1.175474E+03
   795.000  -119.475   1.199880E+03
   795.000  -124.230   1.224086E+03
   795.000  -128.985   1.248120E+03
   795.000  -133.739   1.272033E+03
   795.000  -138.494   1.295976E+03
   795.000  -143.249   1.320000E+03
   795.000  -148.003   1.329508E+03
   795.000  -152.758   1.339018E+03
   795.000  -157.513   1.348528E+03
   795.000  -162.267   1.358036E+03
   795.000  -167.022   1.367546E+03
   795.000  -171.777   1.377056E+03
   795.000  -176.531   1.386564E+03
   795.000  -181.286   1.396074E+03
   795.000  -186.041   1.401546E+03
   795.000  -190.795   1.404178E+03
   795.000  -195.550   1.406810E+03
   795.000  -200.305   1.409443E+03
   795.000  -205.059   1.412075E+03
   795.000  -209.814   1.414707E+03
   795.000  -214.568   1.417339E+03
   795.000  -219.323   1.419972E+03
   795.000  -228.832   1.425236E+03
   795.000  -238.342   1.430501E+03
   795.000  -247.851   1.435766E+03
   795.000  -257.360   1.441030E+03
   795.000  -266.870   1.446295E+03
   795.000  -276.379   1.451560E+03
   795.000  -285.888   1.456824E+03
   795.000  -290.643   1.459457E+03
   795.000  -295.398   1.462089E+03
   795.000  -300.152   1.464721E+03
   795.000  -304.907   1.467354E+03
   795.000  -314.416   1.472618E+03
   795.000  -323.926   1.477883E+03
   795.000  -333.435   1.483148E+03
   795.000  -342.944   1.488412E+03
   795.000  -352.453   1.493677E+03
   795.000  -361.963   1.498942E+03
   795.000  -371.472   1.504206E+03
   795.000  -380.981   1.509470E+03
   795.000  -390.491   1.514736E+03
   795.000  -400.000   1.520000E+03
   800.000    -0.402   0.000000E+00
   799.000    -0.856   1.171354E+01
   800.000    -1.829   3.646884E+01
   800.000    -2.305   4.788734E+01
   800.000    -2.781   5.914785E+01
   800.000    -3.256   7.022611E+01
   800.000    -3.732   8.116785E+01
   800.000    -4.208   9.194871E+01
   800.000    -4.683   1.025458E+02
   800.000    -5.635   1.232977E+02
   800.000    -6.111   1.334285E+02
   800.000    -6.586   1.433745E+02
   800.000    -7.062   1.531771E+02
   800.000    -8.013   1.722678E+02
   800.000    -8.965   1.907171E+02
   800.000    -9.916   2.084845E+02
   800.000   -10.868   2.255398E+02
   800.000   -11.643   2.390137E+02
   800.000   -12.771   2.635213E+02
   800.000   -13.722   2.839139E+02
   800.000   -14.673   3.040436E+02
   800.000   -16.576   3.435337E+02
   800.000   -18.479   3.819685E+02
   800.000   -20.382   4.193471E+02
   800.000   -22.285   4.556695E+02
   800.000   -24.188   4.909369E+02
   800.000   -26.090   5.251342E+02
   800.000   -27.993   5.582278E+02
   801.000   -29.468   5.835547E+02
   800.000   -31.799   6.213820E+02
   800.000   -33.702   6.513806E+02
   800.000   -35.605   6.803178E+02
   800.000   -39.270   7.331107E+02
   800.000   -41.313   7.476922E+02
   800.000   -44.167   7.677796E+02
   800.000   -47.022   7.874235E+02
   800.000   -49.876   8.066282E+02
   800.000   -52.730   8.254330E+02
   800.000   -55.585   8.438656E+02
   800.000   -58.439   8.619782E+02
   800.000   -61.293   8.797686E+02
   800.000   -64.147   8.972612E+02
   800.000   -67.002   9.145039E+02
   800.000   -71.759   9.426827E+02
   800.000   -76.516   9.702440E+02
   800.000   -81.273   9.972561E+02
   800.000   -86.030   1.023800E+03
   800.000   -90.787   1.049890E+03
   800.000   -95.544   1.075580E+03
   800.000  -100.302   1.100927E+03
   800.000  -105.059   1.125968E+03
   800.000  -109.816   1.150720E+03
   800.000  -114.573   1.175200E+03
   800.000  -119.330   1.199441E+03
   800.000  -124.087   1.223492E+03
   800.000  -128.844   1.247387E+03
   800.000  -133.601   1.271252E+03
   800.000  -138.358   1.295338E+03
   800.000  -143.116   1.320000E+03
   800.000  -147.873   1.329514E+03
   800.000  -152.630   1.339028E+03
   800.000  -157.387   1.348542E+03
   800.000  -162.144   1.358056E+03
   800.000  -166.901   1.367570E+03
   800.000  -171.658   1.377084E+03
   800.000  -176.415   1.386598E+03
   800.000  -181.173   1.396114E+03
   800.000  -185.930   1.401557E+03
   800.000  -190.687   1.404189E+03
   800.000  -195.444   1.406821E+03
   800.000  -200.201   1.409453E+03
   800.000  -204.958   1.412085E+03
   800.000  -209.715   1.414717E+03
   800.000  -214.472   1.417349E+03
   800.000  -219.229   1.419981E+03
   800.000  -228.744   1.425246E+03
   800.000  -238.258   1.430510E+03
   800.000  -247.772   1.435774E+03
   800.000  -257.286   1.441038E+03
   800.000  -266.801   1.446302E+03
   800.000  -276.315   1.451566E+03
   800.000  -285.829   1.456830E+03
   800.000  -290.586   1.459462E+03
   800.000  -295.343   1.462094E+03
   800.000  -300.101   1.464727E+03
   800.000  -304.858   1.467359E+03
   800.000  -314.372   1.472623E+03
   800.000  -323.886   1.477887E+03
   800.000  -333.400   1.483151E+03
   800.000  -342.915   1.488415E+03
   800.000  -352.429   1.493679E+03
   800.000  -361.943   1.498943E+03
   800.000  -371.457   1.504207E+03
   800.000  -380.972   1.509472E+03
   800.000  -390.486   1.514736E+03
   800.000  -400.000   1.520000E+03
   805.000    -0.247   0.000000E+00
   805.000    -0.689   1.241340E+01
   805.000    -1.675   3.666407E+01
   805.000    -2.151   4.813392E+01
   805.000    -2.626   5.942692E+01
   805.000    -3.102   7.058892E+01
   805.000    -3.578   8.159441E+01
   805.000    -4.054   9.244198E+01
   805.000    -4.530   1.031304E+02
   805.000    -5.482   1.240258E+02
   805.000    -5.958   1.342302E+02
   805.000    -6.434   1.442716E+02
   805.000    -6.910   1.541490E+02
   805.000    -7.861   1.733896E+02
   805.000    -8.813   1.919875E+02
   805.000    -9.765   2.099181E+02
   805.000   -10.717   2.271775E+02
   805.000   -11.872   2.472705E+02
   805.000   -12.620   2.634427E+02
   805.000   -13.572   2.838274E+02
   805.000   -14.524   3.039296E+02
   805.000   -16.427   3.433237E+02
   805.000   -18.331   3.816816E+02
   805.000   -20.235   4.189796E+02
   805.000   -22.138   4.551974E+02
   805.000   -24.042   4.903717E+02
   805.000   -25.945   5.244637E+02
   805.000   -27.849   5.575053E+02
   805.000   -29.801   5.903264E+02
   805.000   -31.656   6.203997E+02
   805.000   -33.560   6.502541E+02
   805.000   -35.463   6.790143E+02
   805.000   -38.319   7.200360E+02
   805.000   -40.370   7.481583E+02
   805.000   -44.029   7.733694E+02
   805.000   -46.885   7.925578E+02
   805.000   -49.740   8.113481E+02
   805.000   -52.596   8.297809E+02
   805.000   -55.451   8.478622E+02
   805.000   -58.306   8.656500E+02
   805.000   -61.162   8.831434E+02
   805.000   -64.017   9.003639E+02
   805.000   -66.873   9.173499E+02
   805.000   -71.631   9.451341E+02
   805.000   -76.390   9.723391E+02
   805.000   -81.149   9.990420E+02
   805.000   -85.908   1.025297E+03
   805.000   -90.667   1.051141E+03
   805.000   -95.426   1.076605E+03
   805.000  -100.185   1.101732E+03
   805.000  -104.944   1.126567E+03
   805.000  -109.703   1.151125E+03
   805.000  -114.462   1.175418E+03
   805.000  -119.221   1.199478E+03
   805.000  -123.980   1.223323E+03
   805.000  -128.739   1.246964E+03
   805.000  -133.498   1.270507E+03
   805.000  -138.257   1.294323E+03
   805.000  -143.016   1.320000E+03
   805.000  -147.775   1.329518E+03
   805.000  -152.534   1.339036E+03
   805.000  -157.293   1.348554E+03
   805.000  -162.052   1.358072E+03
   805.000  -166.811   1.367590E+03
   805.000  -171.570   1.377108E+03
   805.000  -176.329   1.386626E+03
   805.000  -181.088   1.396144E+03
   805.000  -185.847   1.401566E+03
   805.000  -190.606   1.404198E+03
   805.000  -195.365   1.406829E+03
   805.000  -200.124   1.409461E+03
   805.000  -204.882   1.412093E+03
   805.000  -209.641   1.414725E+03
   805.000  -214.400   1.417356E+03
   805.000  -219.159   1.419988E+03
   805.000  -228.677   1.425252E+03
   805.000  -238.195   1.430516E+03
   805.000  -247.713   1.435780E+03
   805.000  -257.231   1.441044E+03
   805.000  -266.749   1.446307E+03
   805.000  -276.267   1.451571E+03
   805.000  -285.785   1.456835E+03
   805.000  -290.544   1.459467E+03
   805.000  -295.303   1.462099E+03
   805.000  -300.062   1.464731E+03
   805.000  -304.821   1.467363E+03
   805.000  -314.339   1.472626E+03
   805.000  -323.857   1.477890E+03
   805.000  -333.375   1.483154E+03
   805.000  -342.892   1.488417E+03
   805.000  -352.410   1.493681E+03
   805.000  -361.928   1.498945E+03
   805.000  -371.446   1.504209E+03
   805.000  -380.964   1.509472E+03
   805.000  -390.482   1.514736E+03
   805.000  -400.000   1.520000E+03
   810.000    -0.188   0.000000E+00
   810.000    -0.550   1.044285E+01
   810.000    -1.616   3.729189E+01
   810.000    -2.092   4.899918E+01
   810.000    -2.568   6.053562E+01
   810.000    -3.044   7.190118E+01
   810.000    -3.520   8.309586E+01
   810.000    -3.996   9.411966E+01
   810.000    -4.472   1.049726E+02
   810.000    -5.424   1.261656E+02
   810.000    -5.900   1.365054E+02
   810.000    -6.376   1.466740E+02
   810.000    -6.852   1.566713E+02
   810.000    -7.803   1.761318E+02
   810.000    -8.755   1.949268E+02
   810.000    -9.707   2.130345E+02
   810.000   -10.659   2.304543E+02
   810.000   -11.611   2.471610E+02
   810.000   -12.101   2.555211E+02
   810.000   -13.515   2.858013E+02
   810.000   -14.467   3.058674E+02
   810.000   -16.371   3.451754E+02
   810.000   -18.275   3.834041E+02
   810.000   -20.179   4.205624E+02
   810.000   -22.082   4.566354E+02
   810.000   -23.986   4.916615E+02
   810.000   -25.890   5.256204E+02
   810.000   -27.794   5.585089E+02
   810.000   -30.218   5.988718E+02
   810.000   -31.602   6.210627E+02
   810.000   -33.506   6.508030E+02
   810.000   -35.410   6.793874E+02
   810.000   -38.265   7.202199E+02
   810.000   -41.471   7.633076E+02
   810.000   -43.977   7.799849E+02
   810.000   -46.833   7.986347E+02
   810.000   -49.689   8.169633E+02
   810.000   -52.544   8.349578E+02
   810.000   -55.400   8.526493E+02
   810.000   -58.256   8.700798E+02
   810.000   -61.112   8.872480E+02
   810.000   -63.968   9.041761E+02
   810.000   -66.823   9.208705E+02
   810.000   -71.583   9.482419E+02
   810.000   -76.343   9.750915E+02
   810.000   -81.102   1.001461E+03
   810.000   -85.862   1.027421E+03
   810.000   -90.622   1.053013E+03
   810.000   -95.381   1.078246E+03
   810.000  -100.141   1.103166E+03
   810.000  -104.901   1.127805E+03
   810.000  -109.660   1.152170E+03
   810.000  -114.420   1.176283E+03
   810.000  -119.180   1.200162E+03
   810.000  -123.939   1.223776E+03
   810.000  -128.699   1.247070E+03
   810.000  -133.459   1.269871E+03
   810.000  -138.218   1.291680E+03
   810.000  -142.978   1.310912E+03
   810.000  -146.920   1.320000E+03
   811.000  -150.911   1.127982E+03
   810.000  -157.257   1.340674E+03
   810.000  -162.017   1.350194E+03
   810.000  -166.776   1.359712E+03
   810.000  -171.536   1.369232E+03
   810.000  -176.296   1.378752E+03
   810.000  -181.055   1.388270E+03
   810.000  -185.815   1.397790E+03
   810.000  -190.575   1.402058E+03
   810.000  -195.334   1.404739E+03
   810.000  -200.094   1.407419E+03
   810.000  -204.854   1.410100E+03
   810.000  -209.613   1.412780E+03
   810.000  -214.373   1.415461E+03
   810.000  -219.133   1.418141E+03
   810.000  -228.652   1.423502E+03
   810.000  -238.171   1.428863E+03
   810.000  -247.691   1.434224E+03
   810.000  -257.210   1.439585E+03
   810.000  -266.729   1.444946E+03
   810.000  -276.249   1.450307E+03
   810.000  -285.768   1.455668E+03
   810.000  -290.528   1.458349E+03
   810.000  -295.287   1.461029E+03
   810.000  -300.047   1.463710E+03
   810.000  -304.807   1.466390E+03
   810.000  -314.326   1.471751E+03
   810.000  -323.845   1.477112E+03
   810.000  -333.365   1.482473E+03
   810.000  -342.884   1.487834E+03
   810.000  -352.403   1.493195E+03
   810.000  -361.923   1.498556E+03
   810.000  -371.442   1.503917E+03
   810.000  -380.961   1.509278E+03
   810.000  -390.481   1.514639E+03
   810.000  -400.000   1.520000E+03
   815.000    -0.117   0.000000E+00
   815.000    -0.411   8.697526E+00
   815.000    -1.545   3.790702E+01
   815.000    -2.021   4.985270E+01
   815.000    -2.497   6.161293E+01
   815.000    -2.973   7.318903E+01
   815.000    -3.449   8.458214E+01
   815.000    -3.925   9.579324E+01
   815.000    -4.401   1.068233E+02
   815.000    -5.354   1.283655E+02
   815.000    -5.830   1.388563E+02
   815.000    -6.306   1.491687E+02
   815.000    -6.782   1.593029E+02
   815.000    -7.734   1.790389E+02
   815.000    -8.686   1.980653E+02
   815.000    -9.638   2.163823E+02
   815.000   -10.590   2.339886E+02
   815.000   -11.542   2.508812E+02
   816.000   -12.376   2.661917E+02
   815.000   -13.446   2.880867E+02
   815.000   -14.399   3.080241E+02
   815.000   -16.303   3.470971E+02
   815.000   -18.207   3.851391E+02
   815.000   -20.111   4.221382E+02
   815.000   -22.015   4.580868E+02
   815.000   -23.920   4.929980E+02
   815.000   -25.824   5.268322E+02
   815.000   -27.728   5.596068E+02
   815.000   -29.632   5.912764E+02
   815.000   -30.635   6.075818E+02
   815.000   -33.441   6.514460E+02
   815.000   -35.345   6.799172E+02
   815.000   -38.201   7.205983E+02
   815.000   -41.057   7.588080E+02
   815.000   -42.571   7.781786E+02
   815.000   -46.770   8.049492E+02
   815.000   -49.626   8.227623E+02
   815.000   -52.483   8.403006E+02
   815.000   -55.339   8.575681E+02
   815.000   -58.195   8.746164E+02
   815.000   -61.052   8.914512E+02
   815.000   -63.908   9.080727E+02
   815.000   -66.764   9.244937E+02
   815.000   -71.525   9.514523E+02
   815.000   -76.285   9.779387E+02
   815.000   -81.046   1.003999E+03
   815.000   -85.806   1.029680E+03
   815.000   -90.567   1.055028E+03
   815.000   -95.327   1.080046E+03
   815.000  -100.088   1.104776E+03
   815.000  -104.848   1.129236E+03
   815.000  -109.609   1.153441E+03
   815.000  -114.369   1.177406E+03
   815.000  -119.130   1.201145E+03
   815.000  -123.890   1.224611E+03
   815.000  -128.651   1.247753E+03
   815.000  -133.411   1.270378E+03
   815.000  -138.172   1.291942E+03
   815.000  -142.932   1.310584E+03
   815.000  -147.693   1.320000E+03
   815.000  -150.292   1.125198E+03
   815.709  -157.200   1.139014E+03
   815.000  -161.974   1.348562E+03
   815.000  -166.735   1.358084E+03
   815.000  -171.495   1.367604E+03
   815.000  -176.256   1.377126E+03
   815.000  -181.016   1.386646E+03
   815.000  -185.777   1.396168E+03
   815.000  -190.537   1.401607E+03
   815.000  -195.298   1.404298E+03
   815.000  -200.059   1.406990E+03
   815.000  -204.819   1.409680E+03
   815.000  -209.580   1.412371E+03
   815.000  -214.340   1.415061E+03
   815.000  -219.101   1.417752E+03
   815.000  -228.622   1.423134E+03
   815.000  -238.143   1.428515E+03
   815.000  -247.664   1.433897E+03
   815.000  -257.185   1.439278E+03
   815.000  -266.706   1.444660E+03
   815.000  -276.227   1.450041E+03
   815.000  -285.748   1.455423E+03
   815.000  -290.508   1.458113E+03
   815.000  -295.269   1.460804E+03
   815.000  -300.029   1.463494E+03
   815.000  -304.790   1.466185E+03
   815.000  -314.311   1.471567E+03
   815.000  -323.832   1.476948E+03
   815.000  -333.353   1.482330E+03
   815.000  -342.874   1.487711E+03
   815.000  -352.395   1.493093E+03
   815.000  -361.916   1.498474E+03
   815.000  -371.437   1.503856E+03
   815.000  -380.958   1.509237E+03
   815.000  -390.479   1.514619E+03
   815.000  -400.000   1.520000E+03
   820.000     0.044   0.000000E+00
   820.000    -0.272   9.418870E+00
   820.000    -1.385   3.831617E+01
   820.000    -1.861   5.037420E+01
   820.000    -2.337   6.224996E+01
   820.000    -2.813   7.394414E+01
   820.000    -3.290   8.548169E+01
   820.000    -3.766   9.681496E+01
   820.000    -4.242   1.079692E+02
   820.000    -5.195   1.297651E+02
   820.000    -5.671   1.403862E+02
   820.000    -6.147   1.508311E+02
   820.000    -6.623   1.611004E+02
   820.000    -7.576   1.811355E+02
   820.000    -8.528   2.004541E+02
   820.000    -9.481   2.191006E+02
   820.000   -10.433   2.370390E+02
   820.000   -11.386   2.543096E+02
   820.000   -12.338   2.709675E+02
   821.518   -13.226   2.880102E+02
   820.000   -14.243   3.081763E+02
   820.000   -16.148   3.472364E+02
   820.000   -18.053   3.852425E+02
   820.000   -19.958   4.222014E+02
   820.000   -21.863   4.581059E+02
   820.000   -23.768   4.929516E+02
   820.000   -25.673   5.267349E+02
   820.000   -27.578   5.594522E+02
   820.000   -29.483   5.910982E+02
   820.000   -31.051   6.163815E+02
   820.000   -33.293   6.511552E+02
   820.000   -35.198   6.795758E+02
   820.000   -38.055   7.201561E+02
   820.000   -40.913   7.582673E+02
   820.000   -43.671   7.928098E+02
   820.000   -46.628   8.109945E+02
   820.000   -49.485   8.282319E+02
   820.000   -52.343   8.452792E+02
   820.000   -55.200   8.621260E+02
   820.000   -58.058   8.788023E+02
   820.000   -60.915   8.952978E+02
   820.000   -63.773   9.116377E+02
   820.000   -66.630   9.277918E+02
   820.000   -71.392   9.543479E+02
   820.000   -76.155   9.805065E+02
   820.000   -80.917   1.006280E+03
   820.000   -85.680   1.031725E+03
   820.000   -90.442   1.056849E+03
   820.000   -95.205   1.081680E+03
   820.000   -99.967   1.106241E+03
   820.000  -104.729   1.130557E+03
   820.000  -109.492   1.154642E+03
   820.000  -114.254   1.178502E+03
   820.000  -119.017   1.202145E+03
   820.000  -123.779   1.225568E+03
   820.000  -128.542   1.248781E+03
   820.000  -133.304   1.271865E+03
   820.000  -138.066   1.295126E+03
   820.000  -142.829   1.320000E+03
   820.000  -149.519   1.333380E+03
   820.000  -152.354   1.139050E+03
   820.000  -157.116   1.148574E+03
   820.000  -162.930   1.160202E+03
   820.000  -166.641   1.367624E+03
   820.000  -171.403   1.377148E+03
   820.000  -176.166   1.386674E+03
   820.000  -180.928   1.396198E+03
   820.000  -185.691   1.401581E+03
   820.000  -190.453   1.404213E+03
   820.000  -195.216   1.406845E+03
   820.000  -199.978   1.409476E+03
   820.000  -204.740   1.412107E+03
   820.000  -209.503   1.414739E+03
   820.000  -214.265   1.417370E+03
   820.000  -219.028   1.420002E+03
   820.000  -228.553   1.425265E+03
   820.000  -238.077   1.430528E+03
   820.000  -247.602   1.435791E+03
   820.000  -257.127   1.441054E+03
   820.000  -266.652   1.446317E+03
   820.000  -276.177   1.451580E+03
   820.000  -285.702   1.456844E+03
   820.000  -290.464   1.459475E+03
   820.000  -295.227   1.462107E+03
   820.000  -299.989   1.464738E+03
   820.000  -304.751   1.467369E+03
   820.000  -314.276   1.472632E+03
   820.000  -323.801   1.477895E+03
   820.000  -333.326   1.483159E+03
   820.000  -342.851   1.488422E+03
   820.000  -352.376   1.493685E+03
   820.000  -361.901   1.498948E+03
   820.000  -371.425   1.504211E+03
   820.000  -380.950   1.509474E+03
   820.000  -390.475   1.514737E+03
   820.000  -400.000   1.520000E+03
   825.000     0.266   0.000000E+00
   825.000    -0.133   1.195054E+01
   825.000    -1.164   3.880824E+01
   825.000    -1.640   5.092200E+01
   825.000    -2.117   6.287544E+01
   825.000    -2.593   7.462140E+01
   825.000    -3.070   8.621173E+01
   825.000    -3.546   9.760007E+01
   825.000    -4.023   1.088362E+02
   825.000    -4.976   1.307615E+02
   825.000    -5.452   1.414557E+02
   825.000    -5.929   1.520018E+02
   825.000    -6.405   1.623566E+02
   825.000    -7.358   1.825832E+02
   825.000    -8.311   2.021436E+02
   825.000    -9.264   2.210446E+02
   825.000   -10.217   2.392930E+02
   825.000   -11.170   2.568962E+02
   825.000   -12.123   2.738633E+02
   825.000   -13.076   2.902734E+02
   825.000   -13.762   3.017548E+02
   825.000   -15.935   3.461902E+02
   825.000   -17.841   3.842835E+02
   825.000   -19.747   4.212876E+02
   825.000   -21.653   4.572140E+02
   825.000   -23.559   4.920700E+02
   825.000   -25.465   5.258599E+02
   825.000   -27.371   5.585855E+02
   825.000   -29.277   5.902478E+02
   825.000   -31.468   6.253974E+02
   825.000   -33.090   6.503715E+02
   825.000   -34.996   6.788189E+02
   825.000   -37.855   7.194440E+02
   825.000   -40.714   7.575547E+02
   824.000   -44.551   8.044452E+02
   825.000   -46.432   8.166680E+02
   825.000   -49.291   8.333224E+02
   825.000   -52.150   8.499047E+02
   825.000   -55.009   8.663654E+02
   825.000   -57.868   8.826864E+02
   825.000   -60.727   8.988795E+02
   825.000   -63.586   9.149443E+02
   825.000   -66.445   9.308435E+02
   825.000   -71.210   9.570430E+02
   825.000   -75.975   9.828931E+02
   825.000   -80.740   1.008418E+03
   825.000   -85.505   1.033645E+03
   825.000   -90.270   1.058576E+03
   825.000   -95.035   1.083238E+03
   825.000   -99.801   1.107671E+03
   825.000  -104.566   1.131877E+03
   825.000  -109.331   1.155861E+03
   825.000  -114.096   1.179639E+03
   825.000  -118.861   1.203216E+03
   825.000  -123.626   1.226603E+03
   825.000  -128.391   1.249826E+03
   825.000  -133.156   1.272992E+03
   825.000  -137.921   1.296283E+03
   825.000  -142.686   1.320000E+03
   825.000  -148.746   1.132120E+03
   825.000  -152.216   1.139060E+03
   825.000  -156.981   1.148590E+03
   825.000  -161.746   1.158120E+03
   822.726  -166.571   1.167770E+03
   826.212  -171.226   1.177080E+03
   825.000  -176.042   1.386712E+03
   825.000  -180.807   1.396242E+03
   825.000  -185.572   1.401594E+03
   825.000  -190.337   1.404225E+03
   825.000  -195.102   1.406856E+03
   825.000  -199.867   1.409487E+03
   825.000  -204.632   1.412119E+03
   825.000  -209.397   1.414750E+03
   825.000  -214.162   1.417381E+03
   825.000  -218.927   1.420012E+03
   825.000  -228.457   1.425275E+03
   825.000  -237.988   1.430538E+03
   825.000  -247.518   1.435800E+03
   825.000  -257.048   1.441062E+03
   825.000  -266.578   1.446325E+03
   825.000  -276.108   1.451587E+03
   825.000  -285.638   1.456850E+03
   825.000  -290.403   1.459481E+03
   825.000  -295.168   1.462112E+03
   825.000  -299.934   1.464744E+03
   825.000  -304.699   1.467375E+03
   825.000  -314.229   1.472638E+03
   825.000  -323.759   1.477900E+03
   825.000  -333.289   1.483162E+03
   825.000  -342.819   1.488425E+03
   825.000  -352.349   1.493687E+03
   825.000  -361.879   1.498950E+03
   825.000  -371.410   1.504213E+03
   825.000  -380.940   1.509475E+03
   825.000  -390.470   1.514738E+03
   825.000  -400.000   1.520000E+03
   830.000     0.637   0.000000E+00
   830.000     0.006   1.802017E+01
   830.000    -0.794   3.812416E+01
   830.000    -1.271   4.994458E+01
   830.000    -1.748   6.163631E+01
   830.000    -2.225   7.319506E+01
   830.000    -2.702   8.461676E+01
   830.000    -3.179   9.589803E+01
   830.000    -3.656   1.070359E+02
   830.000    -4.609   1.288500E+02
   830.000    -5.086   1.395441E+02
   830.000    -5.563   1.500866E+02
   830.000    -6.040   1.604763E+02
   830.000    -6.994   1.807920E+02
   830.000    -7.948   2.004844E+02
   830.000    -8.902   2.195489E+02
   830.000    -9.856   2.379832E+02
   830.000   -10.810   2.557870E+02
   830.000   -11.764   2.729623E+02
   830.000   -12.718   2.895139E+02
   828.000   -14.224   3.129014E+02
   830.000   -15.579   3.426986E+02
   830.000   -17.487   3.808904E+02
   830.000   -19.395   4.179678E+02
   830.000   -21.303   4.539647E+02
   830.000   -23.210   4.888793E+02
   830.000   -25.118   5.227554E+02
   830.000   -27.026   5.555748E+02
   830.000   -28.934   5.873333E+02
   828.000   -31.718   6.308590E+02
   830.000   -32.749   6.478073E+02
   830.000   -34.657   6.764419E+02
   830.000   -37.519   7.173964E+02
   830.000   -40.381   7.560202E+02
   830.000   -43.242   7.920484E+02
   830.000   -45.203   8.156980E+02
   830.000   -48.966   8.372832E+02
   830.000   -51.827   8.535636E+02
   830.000   -54.689   8.697307E+02
   830.000   -57.551   8.857761E+02
   830.000   -60.412   9.017131E+02
   830.000   -63.274   9.175298E+02
   830.000   -66.136   9.332126E+02
   830.000   -70.905   9.591035E+02
   830.000   -75.675   9.846958E+02
   830.000   -80.444   1.010006E+03
   830.000   -85.214   1.035052E+03
   830.000   -89.983   1.059829E+03
   830.000   -94.753   1.084371E+03
   830.000   -99.522   1.108706E+03
   830.000  -104.292   1.132834E+03
   830.000  -109.061   1.156755E+03
   830.000  -113.831   1.180490E+03
   830.000  -118.600   1.204027E+03
   830.000  -123.370   1.227369E+03
   830.000  -128.139   1.250538E+03
   830.000  -132.909   1.273582E+03
   830.000  -137.678   1.296635E+03
   830.000  -142.448   1.320000E+03
   830.000  -147.973   1.131050E+03
   830.000  -151.987   1.139078E+03
   830.000  -156.756   1.148616E+03
   830.000  -161.526   1.158156E+03
   830.000  -166.295   1.167694E+03
   830.000  -171.065   1.177234E+03
   830.000  -176.285   1.187674E+03
   830.000  -180.604   1.396312E+03
   830.000  -185.373   1.401613E+03
   830.000  -190.143   1.404245E+03
   830.000  -194.912   1.406875E+03
   830.000  -199.682   1.409506E+03
   830.000  -204.451   1.412137E+03
   830.000  -209.220   1.414767E+03
   830.000  -213.990   1.417398E+03
   830.000  -218.759   1.420029E+03
   830.000  -228.298   1.425291E+03
   830.000  -237.837   1.430552E+03
   830.000  -247.376   1.435814E+03
   830.000  -256.915   1.441075E+03
   830.000  -266.454   1.446337E+03
   830.000  -275.993   1.451599E+03
   830.000  -285.532   1.456860E+03
   830.000  -290.302   1.459491E+03
   830.000  -295.071   1.462122E+03
   830.000  -299.841   1.464753E+03
   830.000  -304.610   1.467384E+03
   830.000  -314.149   1.472645E+03
   830.000  -323.688   1.477907E+03
   830.000  -333.227   1.483169E+03
   830.000  -342.766   1.488430E+03
   830.000  -352.305   1.493692E+03
   830.000  -361.844   1.498953E+03
   830.000  -371.383   1.504215E+03
   830.000  -380.922   1.509477E+03
   830.000  -390.461   1.514738E+03
   830.000  -400.000   1.520000E+03
   835.000     0.732   0.000000E+00
   835.000     0.145   1.751526E+01
   835.000    -0.699   3.936797E+01
   835.000    -1.176   5.152011E+01
   835.000    -1.653   6.335204E+01
   835.000    -2.130   7.503400E+01
   835.000    -2.607   8.656096E+01
   835.000    -3.084   9.793285E+01
   835.000    -3.562   1.091728E+02
   835.000    -4.516   1.311389E+02
   835.000    -4.993   1.418861E+02
   835.000    -5.470   1.524755E+02
   835.000    -5.947   1.629064E+02
   835.000    -6.901   1.832907E+02
   835.000    -7.855   2.030304E+02
   835.000    -8.809   2.221182E+02
   835.000    -9.763   2.405458E+02
   835.000   -10.717   2.583047E+02
   835.000   -11.672   2.754026E+02
   835.000   -12.626   2.917924E+02
   837.000   -13.563   3.086074E+02
   835.000   -15.488   3.456029E+02
   835.000   -17.396   3.832360E+02
   835.000   -19.305   4.199747E+02
   835.000   -21.213   4.557360E+02
   835.000   -23.121   4.905122E+02
   835.000   -25.029   5.242866E+02
   835.000   -26.938   5.570670E+02
   835.000   -28.846   5.888161E+02
   835.000   -30.754   6.194166E+02
   835.000   -32.360   6.445212E+02
   835.000   -34.571   6.777514E+02
   835.000   -37.433   7.187571E+02
   835.000   -40.295   7.574190E+02
   835.000   -43.158   7.937539E+02
   835.000   -45.746   8.247283E+02
   835.000   -48.882   8.423765E+02
   835.000   -51.745   8.583749E+02
   835.000   -54.607   8.742597E+02
   835.000   -57.470   8.900478E+02
   835.000   -60.332   9.057324E+02
   835.000   -63.194   9.213031E+02
   835.000   -66.057   9.367828E+02
   835.000   -70.827   9.623692E+02
   835.000   -75.598   9.877001E+02
   835.000   -80.369   1.012793E+03
   835.000   -85.139   1.037655E+03
   835.000   -89.910   1.062289E+03
   835.000   -94.680   1.086705E+03
   835.000   -99.451   1.110945E+03
   835.000  -104.222   1.134991E+03
   835.000  -108.992   1.158857E+03
   835.000  -113.763   1.182547E+03
   835.000  -118.533   1.206038E+03
   835.000  -123.304   1.229327E+03
   835.000  -128.075   1.252381E+03
   835.000  -132.845   1.275151E+03
   835.000  -137.616   1.297651E+03
   835.000  -142.387   1.320000E+03
   835.000  -147.200   1.129626E+03
   835.000  -151.928   1.139082E+03
   835.000  -156.698   1.148622E+03
   835.000  -161.469   1.158164E+03
   835.000  -166.240   1.167706E+03
   835.000  -171.010   1.177246E+03
   835.000  -175.781   1.186788E+03
   833.209  -180.571   1.196368E+03
   836.746  -185.293   1.201602E+03
   835.000  -190.093   1.404249E+03
   835.000  -194.863   1.406880E+03
   835.000  -199.634   1.409511E+03
   835.000  -204.405   1.412142E+03
   835.000  -209.175   1.414772E+03
   835.000  -213.946   1.417403E+03
   835.000  -218.716   1.420033E+03
   835.000  -228.258   1.425295E+03
   835.000  -237.799   1.430556E+03
   835.000  -247.340   1.435818E+03
   835.000  -256.881   1.441079E+03
   835.000  -266.423   1.446341E+03
   835.000  -275.964   1.451602E+03
   835.000  -285.505   1.456863E+03
   835.000  -290.276   1.459494E+03
   835.000  -295.046   1.462124E+03
   835.000  -299.817   1.464755E+03
   835.000  -304.588   1.467386E+03
   835.000  -314.129   1.472647E+03
   835.000  -323.670   1.477909E+03
   835.000  -333.211   1.483170E+03
   835.000  -342.753   1.488432E+03
   835.000  -352.294   1.493693E+03
   835.000  -361.835   1.498954E+03
   835.000  -371.376   1.504216E+03
   835.000  -380.918   1.509477E+03
   835.000  -390.459   1.514739E+03
   835.000  -400.000   1.520000E+03
   840.000     0.886   0.000000E+00
   840.000     0.187   1.957086E+01
   838.012    -0.607   3.948992E+01
   840.000    -1.103   5.213930E+01
   840.000    -1.500   6.207998E+01
   840.000    -1.977   7.391449E+01
   840.000    -2.455   8.560124E+01
   840.000    -2.932   9.711575E+01
   840.000    -3.409   1.084803E+02
   840.000    -4.364   1.307733E+02
   840.000    -4.841   1.416751E+02
   840.000    -5.318   1.524193E+02
   840.000    -5.795   1.630044E+02
   840.000    -6.750   1.837127E+02
   840.000    -7.704   2.037482E+02
   840.000    -8.659   2.231440E+02
   840.000    -9.613   2.418511E+02
   840.000   -10.568   2.599000E+02
   840.000   -11.522   2.772434E+02
   840.000   -12.477   2.939067E+02
   840.000   -14.114   3.213350E+02
   840.000   -15.340   3.459508E+02
   840.000   -17.249   3.836375E+02
   840.000   -19.158   4.203517E+02
   840.000   -21.067   4.561080E+02
   840.000   -22.976   4.908847E+02
   840.000   -24.885   5.246655E+02
   840.000   -26.794   5.574371E+02
   840.000   -28.703   5.891885E+02
   840.000   -30.612   6.199075E+02
   840.000   -32.819   6.542032E+02
   840.000   -34.430   6.783081E+02
   840.000   -37.294   7.193903E+02
   840.000   -40.157   7.581265E+02
   840.000   -43.021   7.945492E+02
   840.000   -46.290   8.333947E+02
   840.000   -48.748   8.469675E+02
   840.000   -51.611   8.626720E+02
   840.000   -54.474   8.782922E+02
   840.000   -57.338   8.938350E+02
   840.000   -60.201   9.092877E+02
   840.000   -63.065   9.246677E+02
   840.000   -65.928   9.399667E+02
   840.000   -70.701   9.653023E+02
   840.000   -75.473   9.904121E+02
   840.000   -80.246   1.015328E+03
   840.000   -85.018   1.040049E+03
   840.000   -89.791   1.064574E+03
   840.000   -94.563   1.088906E+03
   840.000   -99.336   1.113074E+03
   840.000  -104.108   1.137082E+03
   840.000  -108.880   1.160936E+03
   840.000  -113.653   1.184625E+03
   840.000  -118.425   1.208127E+03
   840.000  -123.198   1.231420E+03
   840.000  -127.970   1.254408E+03
   840.000  -132.743   1.276927E+03
   840.000  -137.515   1.298757E+03
   840.000  -142.288   1.320000E+03
   840.000  -146.427   1.128278E+03
   840.000  -151.832   1.139088E+03
   840.000  -156.605   1.148634E+03
   840.000  -161.377   1.158178E+03
   840.000  -166.150   1.167724E+03
   840.000  -170.922   1.177268E+03
   840.000  -175.695   1.186814E+03
   840.000  -180.467   1.196358E+03
   840.000  -185.240   1.201627E+03
   840.282  -190.016   1.204260E+03
   840.000  -194.785   1.406888E+03
   840.000  -199.557   1.409518E+03
   840.000  -204.329   1.412149E+03
   840.000  -209.102   1.414780E+03
   840.000  -213.874   1.417410E+03
   840.000  -218.647   1.420041E+03
   840.000  -228.192   1.425302E+03
   840.000  -237.737   1.430563E+03
   840.000  -247.282   1.435824E+03
   840.000  -256.826   1.441084E+03
   840.000  -266.371   1.446345E+03
   840.000  -275.916   1.451607E+03
   840.000  -285.461   1.456868E+03
   840.000  -290.234   1.459498E+03
   840.000  -295.006   1.462129E+03
   840.000  -299.779   1.464759E+03
   840.000  -304.551   1.467390E+03
   840.000  -314.096   1.472651E+03
   840.000  -323.641   1.477912E+03
   840.000  -333.186   1.483173E+03
   840.000  -342.731   1.488434E+03
   840.000  -352.275   1.493695E+03
   840.000  -361.820   1.498956E+03
   840.000  -371.365   1.504217E+03
   840.000  -380.910   1.509478E+03
   840.000  -390.455   1.514739E+03
   840.000  -400.000   1.520000E+03
   845.000     0.746   0.000000E+00
   845.000     0.230   1.617137E+01
   845.000    -0.685   4.063156E+01
   845.000    -1.162   5.315108E+01
   846.056    -1.624   6.514142E+01
   845.000    -2.116   7.750275E+01
   845.000    -2.594   8.946280E+01
   845.000    -3.071   1.012849E+02
   845.000    -3.548   1.129652E+02
   845.000    -4.502   1.357495E+02
   845.000    -4.979   1.468782E+02
   845.000    -5.456   1.578331E+02
   845.000    -5.933   1.686151E+02
   845.000    -6.887   1.896650E+02
   845.000    -7.841   2.100340E+02
   845.000    -8.796   2.297487E+02
   845.000    -9.750   2.487738E+02
   845.000   -10.704   2.671351E+02
   845.000   -11.658   2.848383E+02
   845.000   -12.612   3.018888E+02
   845.000   -13.566   3.182059E+02
   845.000   -15.032   3.422840E+02
   845.000   -17.383   3.887713E+02
   845.000   -19.291   4.254821E+02
   845.000   -21.200   4.612161E+02
   845.000   -23.108   4.959249E+02
   845.000   -25.016   5.296197E+02
   845.000   -26.925   5.623116E+02
   845.000   -28.833   5.939610E+02
   845.000   -30.741   6.245797E+02
   845.000   -33.278   6.637242E+02
   845.000   -34.558   6.827068E+02
   845.000   -37.420   7.236839E+02
   845.000   -40.283   7.622434E+02
   845.000   -43.145   7.984552E+02
   845.000   -46.833   8.417521E+02
   845.000   -48.870   8.527229E+02
   845.000   -51.733   8.680752E+02
   845.000   -54.595   8.834181E+02
   845.000   -57.458   8.987116E+02
   845.000   -60.320   9.139566E+02
   845.000   -63.183   9.291568E+02
   845.000   -66.045   9.442868E+02
   845.000   -70.816   9.693771E+02
   845.000   -75.587   9.942970E+02
   845.000   -80.357   1.019039E+03
   845.000   -85.128   1.043632E+03
   845.000   -89.899   1.068052E+03
   845.000   -94.670   1.092299E+03
   845.000   -99.441   1.116412E+03
   845.000  -104.211   1.140394E+03
   845.000  -108.982   1.164247E+03
   845.000  -113.753   1.187967E+03
   845.000  -118.524   1.211528E+03
   845.000  -123.294   1.234904E+03
   845.000  -128.065   1.257982E+03
   845.000  -132.836   1.280416E+03
   845.000  -137.607   1.301468E+03
   845.000  -142.378   1.320000E+03
   845.000  -145.654   1.126552E+03
   845.000  -151.919   1.139082E+03
   845.000  -156.690   1.148624E+03
   845.000  -161.461   1.158166E+03
   845.000  -166.232   1.167708E+03
   845.000  -171.002   1.177248E+03
   845.000  -175.773   1.186790E+03
   845.000  -180.544   1.196332E+03
   845.000  -185.315   1.201620E+03
   845.000  -190.085   1.204250E+03
   843.895  -194.840   1.206872E+03
   846.000  -197.652   1.208422E+03
   845.000  -204.398   1.412142E+03
   845.000  -209.169   1.414773E+03
   845.000  -213.939   1.417403E+03
   845.000  -218.710   1.420034E+03
   845.000  -228.252   1.425296E+03
   845.000  -237.793   1.430557E+03
   845.000  -247.335   1.435818E+03
   845.000  -256.876   1.441079E+03
   845.000  -266.418   1.446341E+03
   845.000  -275.960   1.451603E+03
   845.000  -285.501   1.456864E+03
   845.000  -290.272   1.459494E+03
   845.000  -295.043   1.462125E+03
   845.000  -299.814   1.464756E+03
   845.000  -304.584   1.467386E+03
   845.000  -314.126   1.472648E+03
   845.000  -323.667   1.477909E+03
   845.000  -333.209   1.483170E+03
   845.000  -342.751   1.488432E+03
   845.000  -352.292   1.493693E+03
   845.000  -361.834   1.498955E+03
   845.000  -371.375   1.504216E+03
   845.000  -380.917   1.509477E+03
   845.000  -390.458   1.514738E+03
   845.000  -400.000   1.520000E+03
   850.000     0.816   0.000000E+00
   850.000     0.272   1.644200E+01
   850.000    -0.615   3.991588E+01
   850.000    -1.093   5.235568E+01
   850.000    -1.570   6.464749E+01
   850.000    -1.964   7.472134E+01
   851.021    -2.514   8.975667E+01
   851.891    -2.983   1.022483E+02
   850.000    -3.478   1.135552E+02
   850.000    -4.433   1.366222E+02
   850.000    -4.910   1.479213E+02
   850.000    -5.387   1.590441E+02
   850.000    -5.864   1.699895E+02
   850.000    -6.819   1.913850E+02
   850.000    -7.773   2.120569E+02
   850.000    -8.727   2.320582E+02
   850.000    -9.682   2.514198E+02
   850.000   -10.636   2.701114E+02
   850.000   -11.590   2.881651E+02
   850.000   -12.545   3.056107E+02
   850.000   -13.499   3.224245E+02
   852.000   -16.318   3.707315E+02
   850.000   -17.316   3.895391E+02
   850.000   -19.225   4.265193E+02
   850.000   -21.133   4.623945E+02
   850.000   -23.042   4.972293E+02
   850.000   -24.951   5.310196E+02
   850.000   -26.859   5.637569E+02
   850.000   -28.768   5.954807E+02
   850.000   -30.677   6.261782E+02
   850.000   -32.585   6.557771E+02
   850.000   -33.737   6.732261E+02
   850.000   -37.357   7.252736E+02
   850.000   -40.220   7.638657E+02
   850.000   -43.083   8.000352E+02
   850.000   -45.946   8.335978E+02
   851.000   -47.485   8.510933E+02
   850.000   -51.672   8.721237E+02
   850.000   -54.535   8.872058E+02
   850.000   -57.398   9.022856E+02
   850.000   -60.261   9.173813E+02
   850.000   -63.124   9.324416E+02
   850.000   -65.987   9.474538E+02
   850.000   -70.758   9.723911E+02
   850.000   -75.530   9.971816E+02
   850.000   -80.302   1.021823E+03
   850.000   -85.073   1.046339E+03
   850.000   -89.845   1.070706E+03
   850.000   -94.616   1.094922E+03
   850.000   -99.388   1.119035E+03
   850.000  -104.160   1.143035E+03
   850.000  -108.931   1.166935E+03
   850.000  -113.703   1.190746E+03
   850.000  -118.474   1.214456E+03
   850.000  -123.246   1.238105E+03
   850.000  -128.018   1.261656E+03
   850.000  -132.789   1.284838E+03
   850.000  -137.561   1.306358E+03
   850.000  -142.333   1.320000E+03
   850.000  -144.880   1.125094E+03
   850.000  -151.876   1.139086E+03
   850.000  -156.647   1.148628E+03
   850.000  -161.419   1.158172E+03
   850.000  -166.191   1.167716E+03
   850.000  -170.962   1.177258E+03
   850.000  -175.734   1.186802E+03
   850.000  -180.506   1.196346E+03
   850.000  -185.277   1.201623E+03
   850.000  -190.049   1.204254E+03
   850.000  -194.820   1.206884E+03
   850.000  -199.592   1.209515E+03
   850.299  -204.363   1.212145E+03
   850.000  -209.135   1.414776E+03
   850.000  -213.907   1.417407E+03
   850.000  -218.678   1.420037E+03
   850.000  -228.222   1.425299E+03
   850.000  -237.765   1.430560E+03
   850.000  -247.308   1.435821E+03
   850.000  -256.851   1.441082E+03
   850.000  -266.395   1.446343E+03
   850.000  -275.938   1.451605E+03
   850.000  -285.481   1.456866E+03
   850.000  -290.253   1.459496E+03
   850.000  -295.024   1.462127E+03
   850.000  -299.796   1.464757E+03
   850.000  -304.568   1.467388E+03
   850.000  -314.111   1.472649E+03
   850.000  -323.654   1.477910E+03
   850.000  -333.197   1.483171E+03
   850.000  -342.741   1.488433E+03
   850.000  -352.284   1.493694E+03
   850.000  -361.827   1.498955E+03
   850.000  -371.370   1.504216E+03
   850.000  -380.914   1.509478E+03
   850.000  -390.457   1.514739E+03
   850.000  -400.000   1.520000E+03
   855.000     0.865   0.000000E+00
   855.000     0.314   1.564575E+01
   855.000    -0.567   3.750623E+01
   855.000    -1.044   4.909626E+01
   855.000    -1.521   6.051104E+01
   855.000    -1.998   7.175151E+01
   855.465    -2.472   8.248093E+01
   855.000    -2.953   9.722246E+01
   852.760    -3.452   1.147322E+02
   854.500    -4.389   1.389907E+02
   855.372    -4.859   1.507447E+02
   856.245    -5.329   1.622636E+02
   857.118    -5.799   1.735622E+02
   855.000    -6.771   1.937487E+02
   855.000    -7.725   2.143833E+02
   855.000    -8.679   2.343866E+02
   855.000    -9.634   2.537617E+02
   855.000   -10.588   2.724547E+02
   855.000   -11.543   2.905359E+02
   855.000   -12.497   3.079685E+02
   855.000   -13.452   3.247912E+02
   855.000   -16.124   3.687063E+02
   855.000   -17.269   3.913386E+02
   855.000   -19.178   4.282267E+02
   855.000   -21.087   4.640856E+02
   855.000   -22.996   4.989145E+02
   855.000   -24.905   5.327139E+02
   855.000   -26.814   5.654841E+02
   855.000   -28.723   5.972243E+02
   855.000   -30.632   6.279323E+02
   855.000   -32.540   6.575878E+02
   854.000   -34.104   6.806832E+02
   855.000   -37.313   7.273145E+02
   855.000   -40.176   7.659831E+02
   855.000   -43.039   8.023083E+02
   855.000   -45.903   8.362754E+02
   855.000   -47.427   8.534598E+02
   854.573   -51.633   8.752319E+02
   857.024   -54.479   8.917254E+02
   855.000   -57.356   9.054880E+02
   855.000   -60.219   9.205292E+02
   855.000   -63.083   9.355134E+02
   855.000   -65.946   9.504585E+02
   855.000   -70.718   9.753097E+02
   855.000   -75.490   1.000012E+03
   855.000   -80.262   1.024598E+03
   855.000   -85.035   1.049087E+03
   855.000   -89.807   1.073433E+03
   855.000   -94.579   1.097659E+03
   855.000   -99.351   1.121788E+03
   855.000  -104.123   1.145821E+03
   855.000  -108.896   1.169793E+03
   855.000  -113.668   1.193710E+03
   855.000  -118.440   1.217595E+03
   855.000  -123.212   1.241566E+03
   855.000  -127.984   1.265883E+03
   855.000  -132.757   1.291231E+03
   855.000  -137.529   1.320000E+03
   855.000  -144.107   1.133156E+03
   855.000  -147.073   1.139088E+03
   855.000  -151.845   1.148632E+03
   855.000  -156.618   1.158178E+03
   855.000  -161.390   1.167722E+03
   855.000  -166.162   1.177266E+03
   855.000  -170.934   1.186810E+03
   855.000  -175.706   1.196354E+03
   855.000  -180.479   1.201591E+03
   855.000  -185.251   1.204165E+03
   855.000  -190.023   1.206739E+03
   855.000  -194.795   1.209313E+03
   855.000  -199.568   1.211888E+03
   855.000  -204.340   1.214462E+03
   853.346  -209.120   1.217040E+03
   856.395  -213.879   1.219607E+03
   855.000  -218.656   1.422184E+03
   855.000  -228.201   1.427332E+03
   855.000  -237.745   1.432480E+03
   855.000  -247.290   1.437629E+03
   855.000  -256.834   1.442777E+03
   855.000  -266.378   1.447925E+03
   855.000  -275.923   1.453073E+03
   855.000  -285.467   1.458221E+03
   855.000  -290.239   1.460795E+03
   855.000  -295.012   1.463370E+03
   855.000  -299.784   1.465944E+03
   855.000  -304.556   1.468518E+03
   855.000  -314.100   1.473666E+03
   855.000  -323.645   1.478814E+03
   855.000  -333.189   1.483962E+03
   855.000  -342.734   1.489111E+03
   855.000  -352.278   1.494259E+03
   855.000  -361.822   1.499407E+03
   855.000  -371.367   1.504555E+03
   855.000  -380.911   1.509703E+03
   855.000  -390.456   1.514852E+03
   855.000  -400.000   1.520000E+03
   860.000     0.905   0.000000E+00
   860.000     0.357   1.488953E+01
   860.000    -0.527   3.585746E+01
   860.000    -1.004   4.692498E+01
   860.000    -1.481   5.781801E+01
   860.000    -1.959   6.855704E+01
   860.000    -2.436   7.907483E+01
   860.188    -2.911   8.931215E+01
   860.000    -3.390   1.028885E+02
   860.000    -4.345   1.291446E+02
   860.000    -4.822   1.421139E+02
   860.000    -5.299   1.549806E+02
   860.000    -5.777   1.677747E+02
   858.863    -6.740   1.951698E+02
   860.609    -7.681   2.162657E+02
   862.354    -8.621   2.364986E+02
   860.000    -9.595   2.551375E+02
   860.000   -10.549   2.737769E+02
   860.000   -11.504   2.918228E+02
   860.000   -12.459   3.092194E+02
   860.000   -13.413   3.259563E+02
   860.000   -15.801   3.649573E+02
   860.000   -17.231   3.932050E+02
   860.000   -19.140   4.300264E+02
   860.000   -21.049   4.658489E+02
   860.000   -22.958   5.006637E+02
   860.000   -24.867   5.344657E+02
   860.000   -26.777   5.672688E+02
   860.000   -28.686   5.990364E+02
   860.000   -30.595   6.297841E+02
   860.000   -32.504   6.595115E+02
   860.000   -34.522   6.898429E+02
   860.000   -37.276   7.293444E+02
   860.000   -40.140   7.682052E+02
   860.000   -43.004   8.047681E+02
   860.000   -45.867   8.390443E+02
   860.000   -47.356   8.559875E+02
   860.000   -51.594   8.783011E+02
   860.000   -54.458   8.933377E+02
   859.476   -57.326   9.080887E+02
   861.928   -60.172   9.243641E+02
   860.000   -63.049   9.382846E+02
   860.000   -65.913   9.532352E+02
   860.000   -70.685   9.780519E+02
   860.000   -75.458   1.002735E+03
   860.000   -80.231   1.027317E+03
   860.000   -85.003   1.051802E+03
   860.000   -89.776   1.076168E+03
   860.000   -94.549   1.100434E+03
   860.000   -99.321   1.124603E+03
   860.000  -104.094   1.148697E+03
   860.000  -108.867   1.172744E+03
   860.000  -113.639   1.196745E+03
   860.000  -118.412   1.220730E+03
   860.000  -123.185   1.244804E+03
   860.000  -127.957   1.269118E+03
   860.000  -132.730   1.294029E+03
   860.000  -137.503   1.320000E+03
   860.000  -143.334   1.131662E+03
   860.000  -147.048   1.139090E+03
   860.000  -151.821   1.148636E+03
   860.000  -156.593   1.158180E+03
   860.000  -161.366   1.167726E+03
   860.000  -166.139   1.177272E+03
   860.000  -170.911   1.186816E+03
   860.000  -175.684   1.196362E+03
   860.000  -180.457   1.201593E+03
   860.000  -185.229   1.204167E+03
   860.000  -190.002   1.206741E+03
   860.000  -194.775   1.209315E+03
   860.000  -199.548   1.211890E+03
   860.000  -204.320   1.214463E+03
   860.000  -209.093   1.217038E+03
   860.000  -213.866   1.219612E+03
   860.000  -219.507   1.222654E+03
   860.000  -228.184   1.427334E+03
   860.000  -237.729   1.432482E+03
   860.000  -247.274   1.437630E+03
   860.000  -256.820   1.442778E+03
   860.000  -266.365   1.447926E+03
   860.000  -275.910   1.453074E+03
   860.000  -285.456   1.458223E+03
   860.000  -290.228   1.460796E+03
   860.000  -295.001   1.463371E+03
   860.000  -299.774   1.465945E+03
   860.000  -304.546   1.468518E+03
   860.000  -314.092   1.473667E+03
   860.000  -323.637   1.478815E+03
   860.000  -333.183   1.483963E+03
   860.000  -342.728   1.489111E+03
   860.000  -352.273   1.494259E+03
   860.000  -361.819   1.499408E+03
   860.000  -371.364   1.504556E+03
   860.000  -380.909   1.509704E+03
   860.000  -390.455   1.514852E+03
   860.000  -400.000   1.520000E+03
   865.000     0.946   0.000000E+00
   865.000     0.399   1.438919E+01
   865.000    -0.486   3.472856E+01
   865.000    -0.963   4.545813E+01
   865.000    -1.441   5.604775E+01
   865.000    -1.918   6.645286E+01
   865.000    -2.395   7.669603E+01
   865.000    -2.873   8.679523E+01
   865.000    -3.359   9.692705E+01
   865.000    -4.304   1.218674E+02
   865.000    -4.782   1.343407E+02
   865.000    -5.259   1.466942E+02
   865.000    -5.736   1.589535E+02
   865.000    -6.691   1.833248E+02
   865.000    -7.646   2.072657E+02
   865.000    -8.600   2.307747E+02
   864.100    -9.562   2.555649E+02
   865.859   -10.510   2.745509E+02
   865.000   -11.464   2.922299E+02
   865.000   -12.419   3.095322E+02
   865.000   -13.374   3.262390E+02
   865.000   -15.478   3.606731E+02
   865.000   -17.192   3.946612E+02
   865.000   -19.101   4.315178E+02
   865.000   -21.011   4.673815E+02
   865.000   -22.920   5.022172E+02
   865.000   -24.829   5.360440E+02
   865.000   -26.738   5.688610E+02
   865.000   -28.648   6.006833E+02
   865.000   -30.557   6.314758E+02
   865.000   -32.466   6.612542E+02
   865.000   -34.871   6.973683E+02
   865.000   -37.239   7.312843E+02
   865.000   -40.103   7.702715E+02
   865.000   -42.967   8.069887E+02
   865.000   -45.831   8.414596E+02
   865.000   -47.284   8.580572E+02
   865.000   -51.559   8.806786E+02
   865.000   -54.423   8.957728E+02
   865.000   -57.287   9.108203E+02
   865.000   -60.151   9.258282E+02
   864.380   -63.018   9.405108E+02
   866.844   -65.878   9.566807E+02
   865.000   -70.652   9.805579E+02
   865.000   -75.425   1.005288E+03
   865.000   -80.198   1.029907E+03
   865.000   -84.971   1.054437E+03
   865.000   -89.744   1.078859E+03
   865.000   -94.517   1.103187E+03
   865.000   -99.291   1.127439E+03
   865.000  -104.064   1.151621E+03
   865.000  -108.837   1.175743E+03
   865.000  -113.610   1.199822E+03
   865.000  -118.383   1.223862E+03
   865.000  -123.156   1.247850E+03
   865.000  -127.930   1.271829E+03
   865.000  -132.703   1.295841E+03
   865.000  -137.476   1.320000E+03
   865.000  -142.561   1.130170E+03
   865.000  -147.022   1.139092E+03
   865.000  -151.795   1.148638E+03
   865.000  -156.569   1.158186E+03
   865.000  -161.342   1.167732E+03
   865.000  -166.115   1.177278E+03
   865.000  -170.888   1.186824E+03
   865.000  -175.661   1.196370E+03
   865.000  -180.434   1.201595E+03
   865.000  -185.208   1.204170E+03
   865.000  -189.981   1.206744E+03
   865.000  -194.754   1.209317E+03
   865.000  -199.527   1.211891E+03
   865.000  -204.300   1.214465E+03
   865.000  -209.073   1.217039E+03
   865.000  -213.847   1.219614E+03
   865.000  -218.620   1.222188E+03
   865.547  -228.166   1.227335E+03
   865.000  -237.712   1.432483E+03
   865.000  -247.259   1.437632E+03
   865.000  -256.805   1.442780E+03
   865.000  -266.351   1.447927E+03
   865.000  -275.898   1.453076E+03
   865.000  -285.444   1.458224E+03
   865.000  -290.217   1.460798E+03
   865.000  -294.990   1.463372E+03
   865.000  -299.764   1.465946E+03
   865.000  -304.537   1.468520E+03
   865.000  -314.083   1.473668E+03
   865.000  -323.629   1.478816E+03
   865.000  -333.176   1.483964E+03
   865.000  -342.722   1.489112E+03
   865.000  -352.268   1.494260E+03
   865.000  -361.815   1.499408E+03
   865.000  -371.361   1.504556E+03
   865.000  -380.907   1.509704E+03
   865.000  -390.454   1.514852E+03
   865.000  -400.000   1.520000E+03
   870.000     0.945   0.000000E+00
   870.000     0.441   1.300090E+01
   870.000    -0.487   3.381241E+01
   870.000    -0.964   4.423836E+01
   870.000    -1.442   5.450019E+01
   870.000    -1.919   6.455612E+01
   870.000    -2.396   7.442837E+01
   870.000    -2.874   8.413747E+01
   870.000    -3.160   8.984549E+01
   870.000    -4.305   1.188561E+02
   870.000    -4.783   1.308298E+02
   870.000    -5.260   1.426951E+02
   870.000    -5.737   1.544763E+02
   870.000    -6.692   1.778079E+02
   870.000    -7.647   2.007898E+02
   870.000    -8.601   2.233921E+02
   870.000    -9.556   2.457347E+02
   870.000   -10.511   2.677372E+02
   867.630   -11.465   2.926543E+02
   869.403   -12.420   3.106306E+02
   871.128   -13.349   3.272879E+02
   870.078   -15.150   3.561906E+02
   870.000   -17.193   3.967313E+02
   870.000   -19.102   4.335662E+02
   870.000   -21.012   4.694154E+02
   870.000   -22.921   5.042493E+02
   870.000   -24.830   5.380866E+02
   870.000   -26.739   5.709241E+02
   870.000   -28.649   6.027741E+02
   870.000   -30.558   6.335998E+02
   870.000   -32.467   6.634149E+02
   870.000   -35.220   7.046771E+02
   870.000   -37.240   7.335463E+02
   870.000   -40.104   7.726140E+02
   870.000   -42.968   8.093834E+02
   870.000   -47.212   8.599020E+02
   870.000   -48.696   8.677634E+02
   870.000   -51.560   8.829204E+02
   870.000   -54.424   8.980429E+02
   870.000   -57.287   9.131171E+02
   870.000   -60.151   9.281625E+02
   870.000   -63.015   9.431721E+02
   870.000   -65.879   9.581650E+02
   870.940   -70.635   9.834415E+02
   870.000   -75.425   1.007842E+03
   870.000   -80.199   1.032552E+03
   870.000   -84.972   1.057162E+03
   870.000   -89.745   1.081673E+03
   870.000   -94.518   1.106097E+03
   870.000   -99.291   1.130457E+03
   870.000  -104.064   1.154744E+03
   870.000  -108.838   1.178975E+03
   870.000  -113.611   1.203164E+03
   870.000  -118.384   1.227252E+03
   870.000  -123.157   1.251162E+03
   870.000  -127.930   1.274754E+03
   870.000  -132.703   1.297752E+03
   870.000  -137.476   1.320000E+03
   870.000  -141.788   1.128624E+03
   870.000  -147.023   1.139094E+03
   870.000  -151.796   1.148640E+03
   870.000  -156.569   1.158186E+03
   870.000  -161.342   1.167732E+03
   870.000  -166.115   1.177278E+03
   870.000  -170.889   1.186826E+03
   870.000  -175.662   1.196372E+03
   870.000  -180.435   1.201596E+03
   870.000  -185.208   1.204170E+03
   870.000  -189.981   1.206744E+03
   870.000  -194.754   1.209317E+03
   870.000  -199.528   1.211892E+03
   870.000  -204.301   1.214466E+03
   870.000  -209.074   1.217040E+03
   870.000  -213.847   1.219614E+03
   870.000  -218.620   1.222188E+03
   870.000  -228.166   1.227335E+03
   872.000  -238.240   1.232768E+03
   870.000  -247.259   1.437632E+03
   870.000  -256.805   1.442780E+03
   870.000  -266.352   1.447928E+03
   870.000  -275.898   1.453076E+03
   870.000  -285.444   1.458224E+03
   870.000  -290.217   1.460798E+03
   870.000  -294.991   1.463372E+03
   870.000  -299.764   1.465946E+03
   870.000  -304.537   1.468520E+03
   870.000  -314.083   1.473668E+03
   870.000  -323.630   1.478816E+03
   870.000  -333.176   1.483964E+03
   870.000  -342.722   1.489112E+03
   870.000  -352.268   1.494260E+03
   870.000  -361.815   1.499408E+03
   870.000  -371.361   1.504556E+03
   870.000  -380.907   1.509704E+03
   870.000  -390.454   1.514852E+03
   870.000  -400.000   1.520000E+03
   875.000     1.059   0.000000E+00
   875.000     0.483   1.413373E+01
   875.000    -0.373   3.248003E+01
   875.000    -0.851   4.250091E+01
   875.000    -1.328   5.233832E+01
   875.000    -1.806   6.203038E+01
   875.000    -2.283   7.153365E+01
   875.000    -2.960   8.474347E+01
   875.000    -3.238   9.160946E+01
   875.000    -4.193   1.149978E+02
   875.000    -4.670   1.265654E+02
   875.000    -5.148   1.380788E+02
   875.000    -5.625   1.494875E+02
   875.000    -6.580   1.720808E+02
   875.000    -7.535   1.943242E+02
   875.000    -8.490   2.161982E+02
   875.000    -9.445   2.376806E+02
   875.000   -10.400   2.587422E+02
   875.000   -11.355   2.795766E+02
   875.000   -12.310   2.999561E+02
   875.000   -13.265   3.198923E+02
   874.000   -14.897   3.534460E+02
   875.000   -17.084   3.964779E+02
   875.000   -18.994   4.332902E+02
   875.000   -20.904   4.691253E+02
   875.000   -22.814   5.040312E+02
   875.000   -24.723   5.379557E+02
   875.000   -26.633   5.709134E+02
   875.000   -28.543   6.028727E+02
   875.000   -30.453   6.338241E+02
   875.000   -32.363   6.637592E+02
   875.000   -35.568   7.117515E+02
   875.000   -37.137   7.340989E+02
   875.000   -40.002   7.734458E+02
   875.000   -42.867   8.103458E+02
   875.000   -47.140   8.612133E+02
   875.000   -48.596   8.689709E+02
   875.000   -51.461   8.842158E+02
   875.000   -54.325   8.993979E+02
   875.000   -57.190   9.145442E+02
   875.000   -60.055   9.296580E+02
   875.000   -62.919   9.447407E+02
   875.000   -65.784   9.598099E+02
   875.000   -70.559   9.848483E+02
   875.000   -75.347   1.009855E+03
   875.000   -80.108   1.034606E+03
   875.000   -84.882   1.059336E+03
   875.000   -89.657   1.083986E+03
   875.000   -94.431   1.108550E+03
   875.000   -99.206   1.133053E+03
   875.000  -103.980   1.157488E+03
   875.000  -108.755   1.181886E+03
   875.000  -113.529   1.206233E+03
   875.000  -118.304   1.230485E+03
   875.000  -123.078   1.254536E+03
   875.000  -127.853   1.278038E+03
   875.000  -132.627   1.300223E+03
   875.000  -137.402   1.320000E+03
   875.000  -141.015   1.127226E+03
   875.000  -146.951   1.139098E+03
   875.000  -151.725   1.148646E+03
   875.000  -156.500   1.158196E+03
   875.000  -161.274   1.167744E+03
   875.000  -166.049   1.177294E+03
   875.000  -170.823   1.186842E+03
   875.000  -175.598   1.196392E+03
   875.000  -180.372   1.201601E+03
   875.000  -185.147   1.204175E+03
   875.000  -189.921   1.206749E+03
   875.000  -194.696   1.209323E+03
   875.000  -199.471   1.211897E+03
   875.000  -204.245   1.214471E+03
   875.000  -209.020   1.217045E+03
   875.000  -213.794   1.219619E+03
   875.000  -218.569   1.222193E+03
   875.000  -228.118   1.227340E+03
   875.000  -237.667   1.232488E+03
   876.643  -247.214   1.237635E+03
   875.000  -256.765   1.442784E+03
   875.000  -266.314   1.447931E+03
   875.000  -275.863   1.453079E+03
   875.000  -285.412   1.458227E+03
   875.000  -290.186   1.460801E+03
   875.000  -294.961   1.463375E+03
   875.000  -299.735   1.465948E+03
   875.000  -304.510   1.468522E+03
   875.000  -314.059   1.473670E+03
   875.000  -323.608   1.478818E+03
   875.000  -333.157   1.483966E+03
   875.000  -342.706   1.489113E+03
   875.000  -352.255   1.494261E+03
   875.000  -361.804   1.499409E+03
   875.000  -371.353   1.504557E+03
   875.000  -380.902   1.509704E+03
   875.000  -390.451   1.514852E+03
   875.000  -400.000   1.520000E+03
   880.000     1.076   0.000000E+00
   880.000     0.526   1.344026E+01
   880.000    -0.356   3.221527E+01
   880.000    -0.834   4.217507E+01
   880.000    -1.311   5.192555E+01
   880.000    -1.789   6.150903E+01
   880.000    -2.266   7.088668E+01
   880.000    -2.761   8.041234E+01
   880.000    -3.221   9.164416E+01
   880.000    -4.176   1.147489E+02
   880.000    -4.654   1.261946E+02
   880.000    -5.131   1.375379E+02
   880.000    -5.609   1.488268E+02
   880.000    -6.564   1.711475E+02
   880.000    -7.518   1.931349E+02
   880.000    -8.473   2.148351E+02
   880.000    -9.428   2.362251E+02
   880.000   -10.383   2.573061E+02
   880.000   -11.338   2.780820E+02
   880.000   -12.293   2.985521E+02
   880.000   -13.248   3.187203E+02
   880.000   -15.158   3.581358E+02
   880.000   -16.189   3.789943E+02
   880.000   -18.978   4.335746E+02
   880.000   -20.888   4.697603E+02
   880.000   -22.798   5.049106E+02
   880.000   -24.707   5.390190E+02
   880.000   -26.617   5.721254E+02
   880.000   -28.527   6.042133E+02
   880.000   -30.437   6.352838E+02
   880.000   -32.347   6.653396E+02
   880.000   -34.257   6.942451E+02
   880.000   -35.917   7.187138E+02
   880.000   -39.987   7.751301E+02
   880.000   -42.851   8.120526E+02
   880.000   -47.068   8.622066E+02
   880.000   -48.581   8.702751E+02
   880.000   -51.446   8.855569E+02
   880.000   -54.311   9.008101E+02
   880.000   -57.176   9.160458E+02
   880.000   -60.040   9.312496E+02
   880.000   -62.905   9.464409E+02
   880.000   -65.770   9.616181E+02
   880.000   -70.545   9.868242E+02
   880.000   -75.319   1.011911E+03
   880.000   -81.152   1.042466E+03
   880.000   -84.869   1.061834E+03
   880.000   -89.644   1.086640E+03
   880.000   -94.418   1.111376E+03
   880.000   -99.193   1.136038E+03
   880.000  -103.968   1.160659E+03
   880.000  -108.742   1.185239E+03
   880.000  -113.517   1.209805E+03
   880.000  -118.292   1.234386E+03
   880.000  -123.067   1.258936E+03
   880.000  -127.841   1.283163E+03
   880.000  -132.616   1.305720E+03
   880.000  -137.391   1.320000E+03
   880.000  -140.241   1.125700E+03
   880.000  -146.940   1.139098E+03
   880.000  -151.715   1.148648E+03
   880.000  -156.490   1.158198E+03
   880.000  -161.264   1.167746E+03
   880.000  -166.039   1.177296E+03
   880.000  -170.814   1.186846E+03
   880.000  -175.588   1.196394E+03
   880.000  -180.363   1.201602E+03
   880.000  -185.138   1.204176E+03
   880.000  -189.913   1.206750E+03
   880.000  -194.687   1.209324E+03
   880.000  -199.462   1.211898E+03
   880.000  -204.237   1.214472E+03
   880.000  -209.011   1.217045E+03
   880.000  -213.786   1.219619E+03
   880.000  -218.561   1.222193E+03
   880.000  -228.110   1.227341E+03
   880.000  -237.660   1.232489E+03
   880.000  -247.209   1.237636E+03
   881.575  -256.745   1.242777E+03
   880.000  -266.308   1.447932E+03
   880.000  -275.857   1.453079E+03
   880.000  -285.407   1.458227E+03
   880.000  -290.182   1.460801E+03
   880.000  -294.956   1.463375E+03
   880.000  -299.731   1.465949E+03
   880.000  -304.506   1.468523E+03
   880.000  -314.055   1.473670E+03
   880.000  -323.605   1.478818E+03
   880.000  -333.154   1.483966E+03
   880.000  -342.703   1.489113E+03
   880.000  -352.253   1.494261E+03
   880.000  -361.802   1.499409E+03
   880.000  -371.352   1.504557E+03
   880.000  -380.901   1.509704E+03
   880.000  -390.451   1.514852E+03
   880.000  -400.000   1.520000E+03
   885.000     1.197   0.000000E+00
   887.000     0.585   1.635367E+01
   885.000    -0.236   3.223029E+01
   885.000    -0.713   4.194349E+01
   885.000    -1.191   5.149942E+01
   885.000    -1.669   6.087617E+01
   885.000    -2.146   7.005308E+01
   886.000    -2.522   7.754505E+01
   885.000    -3.102   9.103700E+01
   885.000    -4.057   1.136537E+02
   885.000    -4.534   1.248697E+02
   885.000    -5.012   1.360527E+02
   885.000    -5.490   1.471776E+02
   885.000    -6.445   1.692267E+02
   885.000    -7.400   1.910291E+02
   885.000    -8.355   2.125773E+02
   885.000    -9.311   2.338877E+02
   885.000   -10.266   2.549111E+02
   885.000   -11.221   2.756666E+02
   885.000   -12.176   2.961518E+02
   885.000   -13.131   3.163651E+02
   885.000   -15.042   3.559949E+02
   885.000   -17.265   4.008524E+02
   885.000   -18.863   4.320327E+02
   885.000   -20.773   4.684827E+02
   885.000   -22.684   5.038755E+02
   885.000   -24.594   5.382105E+02
   885.000   -26.505   5.715255E+02
   885.000   -28.415   6.037862E+02
   885.000   -30.326   6.350249E+02
   885.000   -32.236   6.652047E+02
   885.000   -34.147   6.943469E+02
   885.000   -36.266   7.254785E+02
   885.000   -39.878   7.755563E+02
   885.000   -42.744   8.125310E+02
   885.000   -46.996   8.628113E+02
   885.000   -48.475   8.706308E+02
   885.000   -51.341   8.859297E+02
   885.000   -54.206   9.012876E+02
   885.000   -57.072   9.166656E+02
   885.000   -59.938   9.320197E+02
   885.000   -62.803   9.473555E+02
   885.000   -65.669   9.626823E+02
   885.000   -70.445   9.881278E+02
   885.000   -75.221   1.013456E+03
   885.000   -79.998   1.038650E+03
   882.568   -84.820   1.062874E+03
   885.860   -89.522   1.089169E+03
   885.000   -94.326   1.113787E+03
   885.000   -99.102   1.138646E+03
   885.000  -103.878   1.163467E+03
   885.000  -108.655   1.188262E+03
   885.000  -113.431   1.213067E+03
   885.000  -118.207   1.238018E+03
   885.000  -122.983   1.263365E+03
   885.000  -127.759   1.289875E+03
   885.000  -132.535   1.320000E+03
   885.000  -139.468   1.333866E+03
   885.000  -142.088   1.139106E+03
   885.000  -146.864   1.148658E+03
   885.000  -151.640   1.158210E+03
   885.000  -156.416   1.167762E+03
   885.000  -161.192   1.177314E+03
   885.000  -165.968   1.186866E+03
   885.000  -170.745   1.196420E+03
   885.000  -175.521   1.201575E+03
   885.000  -180.297   1.204095E+03
   885.000  -185.073   1.206614E+03
   885.000  -189.849   1.209134E+03
   885.000  -194.625   1.211654E+03
   885.000  -199.402   1.214174E+03
   885.000  -204.178   1.216693E+03
   885.000  -208.954   1.219213E+03
   885.000  -213.730   1.221733E+03
   885.000  -218.506   1.224252E+03
   885.000  -228.058   1.229291E+03
   885.000  -237.611   1.234331E+03
   885.000  -247.163   1.239370E+03
   885.000  -256.715   1.244409E+03
   886.491  -266.247   1.249438E+03
   885.000  -275.820   1.454488E+03
   885.000  -285.372   1.459528E+03
   885.000  -290.148   1.462047E+03
   885.000  -294.925   1.464567E+03
   885.000  -299.701   1.467087E+03
   885.000  -304.477   1.469606E+03
   885.000  -314.029   1.474646E+03
   885.000  -323.582   1.479685E+03
   885.000  -333.134   1.484725E+03
   885.000  -342.686   1.489764E+03
   885.000  -352.238   1.494803E+03
   885.000  -361.791   1.499843E+03
   885.000  -371.343   1.504882E+03
   885.000  -380.895   1.509921E+03
   885.000  -390.448   1.514961E+03
   885.000  -400.000   1.520000E+03
   890.000     1.405   0.000000E+00
   890.000     0.573   1.911697E+01
   890.000    -0.029   3.143261E+01
   890.000    -0.506   4.104145E+01
   890.000    -0.984   5.053807E+01
   890.000    -1.462   5.989606E+01
   890.000    -1.940   6.911002E+01
   890.000    -2.418   7.821441E+01
   890.000    -2.962   8.842993E+01
   890.000    -3.851   1.094238E+02
   890.000    -4.329   1.206484E+02
   890.000    -4.807   1.318206E+02
   890.000    -5.285   1.429386E+02
   890.000    -6.241   1.650068E+02
   890.000    -7.197   1.868421E+02
   890.000    -8.152   2.084138E+02
   890.000    -9.108   2.297611E+02
   890.000   -10.064   2.508565E+02
   890.000   -11.019   2.716750E+02
   890.000   -11.975   2.922574E+02
   890.000   -12.931   3.125802E+02
   890.000   -14.842   3.524165E+02
   890.000   -16.754   3.911957E+02
   890.000   -18.342   4.227272E+02
   890.000   -20.577   4.656504E+02
   890.000   -22.488   5.012916E+02
   890.000   -24.400   5.359032E+02
   890.000   -26.311   5.694520E+02
   890.000   -28.223   6.019752E+02
   890.000   -30.134   6.334408E+02
   890.000   -32.045   6.638694E+02
   890.000   -33.957   6.932817E+02
   892.000   -36.754   7.351403E+02
   890.000   -39.691   7.750001E+02
   890.000   -42.558   8.124576E+02
   890.000   -46.432   8.591776E+02
   890.000   -48.293   8.694231E+02
   890.000   -51.160   8.851286E+02
   890.000   -54.027   9.007963E+02
   890.000   -56.894   9.164241E+02
   890.000   -59.761   9.319976E+02
   890.000   -62.629   9.475528E+02
   890.000   -65.496   9.630734E+02
   890.000   -70.274   9.888257E+02
   890.000   -75.053   1.014461E+03
   890.000   -79.832   1.039979E+03
   890.000   -84.610   1.065345E+03
   890.000   -89.389   1.090660E+03
   890.000   -95.436   1.122548E+03
   890.000   -98.946   1.140965E+03
   890.000  -103.725   1.165985E+03
   890.000  -108.504   1.190967E+03
   890.000  -113.282   1.215911E+03
   890.000  -118.061   1.240955E+03
   890.000  -122.839   1.266306E+03
   890.000  -127.618   1.292409E+03
   890.000  -132.397   1.320000E+03
   890.000  -138.695   1.132596E+03
   890.000  -141.954   1.139114E+03
   890.000  -146.733   1.148672E+03
   890.000  -151.511   1.158228E+03
   890.000  -156.290   1.167786E+03
   890.000  -161.068   1.177342E+03
   890.000  -165.847   1.186900E+03
   890.000  -170.626   1.196458E+03
   890.000  -175.404   1.201585E+03
   890.000  -180.183   1.204105E+03
   890.000  -184.962   1.206625E+03
   890.000  -189.740   1.209144E+03
   890.000  -194.519   1.211663E+03
   890.000  -199.298   1.214183E+03
   890.000  -204.076   1.216702E+03
   890.000  -208.855   1.219222E+03
   890.000  -213.633   1.221741E+03
   890.000  -218.412   1.224261E+03
   890.000  -227.969   1.229299E+03
   890.000  -237.527   1.234339E+03
   890.000  -247.084   1.239378E+03
   890.000  -256.641   1.244416E+03
   890.000  -266.198   1.249455E+03
   891.418  -275.770   1.254502E+03
   890.000  -285.313   1.459533E+03
   890.000  -290.091   1.462052E+03
   890.000  -294.870   1.464572E+03
   890.000  -299.649   1.467092E+03
   890.000  -304.427   1.469611E+03
   890.000  -313.985   1.474650E+03
   890.000  -323.542   1.479689E+03
   890.000  -333.099   1.484728E+03
   890.000  -342.656   1.489766E+03
   890.000  -352.214   1.494806E+03
   890.000  -361.771   1.499844E+03
   890.000  -371.328   1.504883E+03
   890.000  -380.885   1.509922E+03
   890.000  -390.443   1.514961E+03
   890.000  -400.000   1.520000E+03
   895.000     1.244   0.000000E+00
   895.000     0.553   1.734615E+01
   895.000    -0.189   3.352884E+01
   895.000    -0.667   4.370383E+01
   895.000    -1.144   5.366249E+01
   895.000    -1.622   6.345033E+01
   895.000    -2.100   7.304954E+01
   895.000    -2.577   8.244324E+01
   895.000    -3.511   1.003524E+02
   895.000    -4.010   1.122635E+02
   895.000    -4.488   1.236035E+02
   895.000    -4.966   1.349080E+02
   895.000    -5.443   1.461188E+02
   895.000    -6.399   1.683674E+02
   895.000    -7.354   1.903079E+02
   895.000    -8.309   2.119703E+02
   895.000    -9.265   2.333815E+02
   895.000   -10.220   2.545001E+02
   895.000   -11.175   2.753509E+02
   895.000   -12.131   2.959569E+02
   895.000   -13.086   3.162761E+02
   895.000   -14.997   3.561453E+02
   895.000   -16.908   3.949590E+02
   895.000   -19.478   4.456068E+02
   895.000   -20.729   4.694486E+02
   895.000   -22.640   5.051177E+02
   895.000   -24.550   5.397256E+02
   895.000   -26.461   5.733055E+02
   895.000   -28.372   6.058385E+02
   895.000   -30.282   6.373072E+02
   895.000   -32.193   6.677418E+02
   895.000   -34.104   6.971206E+02
   895.000   -37.116   7.414881E+02
   895.000   -39.836   7.790927E+02
   895.000   -42.702   8.165838E+02
   895.000   -45.867   8.551803E+02
   895.000   -48.434   8.696259E+02
   895.000   -51.300   8.856626E+02
   895.000   -54.166   9.016328E+02
   895.000   -57.032   9.175278E+02
   895.000   -59.898   9.333533E+02
   895.000   -62.764   9.491345E+02
   895.000   -65.630   9.648621E+02
   895.000   -70.407   9.909567E+02
   895.000   -75.183   1.016907E+03
   895.000   -79.960   1.042730E+03
   895.000   -84.737   1.068420E+03
   895.000   -89.514   1.093997E+03
   895.000   -94.290   1.119418E+03
   892.500   -99.007   1.142875E+03
   895.880  -103.834   1.170582E+03
   895.000  -108.620   1.195130E+03
   895.000  -113.397   1.220124E+03
   895.000  -118.174   1.245038E+03
   895.000  -122.951   1.269967E+03
   895.000  -127.727   1.294949E+03
   895.000  -132.504   1.320000E+03
   895.000  -137.922   1.130836E+03
   895.000  -142.057   1.139106E+03
   895.000  -146.834   1.148660E+03
   895.000  -151.611   1.158214E+03
   895.000  -156.388   1.167768E+03
   895.000  -161.164   1.177320E+03
   895.000  -165.941   1.186874E+03
   895.000  -170.718   1.196428E+03
   895.000  -175.494   1.201577E+03
   895.000  -180.271   1.204097E+03
   895.000  -185.048   1.206617E+03
   895.000  -189.825   1.209137E+03
   895.000  -194.601   1.211656E+03
   895.000  -199.378   1.214176E+03
   895.000  -204.155   1.216695E+03
   895.000  -208.931   1.219215E+03
   895.000  -213.708   1.221734E+03
   895.000  -218.485   1.224254E+03
   895.000  -228.038   1.229293E+03
   895.000  -237.592   1.234333E+03
   895.000  -247.145   1.239372E+03
   895.000  -256.699   1.244411E+03
   895.000  -266.252   1.249450E+03
   895.000  -275.805   1.254489E+03
   895.000  -282.692   1.258122E+03
   895.000  -290.136   1.462049E+03
   895.000  -294.912   1.464568E+03
   895.000  -299.689   1.467088E+03
   895.000  -304.466   1.469608E+03
   895.000  -314.019   1.474647E+03
   895.000  -323.573   1.479686E+03
   895.000  -333.126   1.484725E+03
   895.000  -342.679   1.489764E+03
   895.000  -352.233   1.494804E+03
   895.000  -361.786   1.499843E+03
   895.000  -371.340   1.504882E+03
   895.000  -380.893   1.509921E+03
   895.000  -390.447   1.514961E+03
   895.000  -400.000   1.520000E+03
   900.000     1.317   0.000000E+00
   900.000     0.533   1.984336E+01
   900.000    -0.116   3.413156E+01
   900.000    -0.594   4.446847E+01
   900.000    -1.072   5.459563E+01
   900.000    -1.550   6.453900E+01
   900.000    -2.027   7.428066E+01
   900.000    -2.505   8.386373E+01
   900.000    -2.983   9.324062E+01
   899.013    -3.952   1.111841E+02
   902.326    -4.316   1.202682E+02
   900.000    -4.894   1.336673E+02
   900.000    -5.372   1.448851E+02
   900.000    -6.327   1.670963E+02
   900.000    -7.283   1.890669E+02
   900.000    -8.238   2.107519E+02
   900.000    -9.194   2.321974E+02
   900.000   -10.149   2.533592E+02
   900.000   -11.105   2.742822E+02
   900.000   -12.060   2.949228E+02
   900.000   -13.016   3.153244E+02
   900.000   -14.927   3.553280E+02
   900.000   -16.838   3.942923E+02
   900.000   -18.749   4.321527E+02
   900.169   -20.653   4.690340E+02
   900.000   -22.571   5.048351E+02
   900.000   -24.482   5.396770E+02
   900.000   -26.393   5.734108E+02
   900.000   -28.304   6.060991E+02
   900.000   -30.215   6.377396E+02
   900.000   -32.126   6.683304E+02
   900.000   -34.037   6.978688E+02
   900.000   -37.720   7.519496E+02
   900.000   -39.770   7.801406E+02
   900.000   -42.637   8.179602E+02
   900.000   -45.303   8.507935E+02
   900.000   -48.370   8.683755E+02
   900.000   -51.236   8.847254E+02
   900.000   -54.103   9.010103E+02
   900.000   -56.970   9.172127E+02
   900.000   -59.836   9.333318E+02
   900.000   -62.703   9.493892E+02
   900.000   -65.569   9.653692E+02
   900.000   -70.347   9.918752E+02
   900.000   -75.124   1.018215E+03
   900.000   -79.902   1.044418E+03
   900.000   -84.680   1.070470E+03
   900.000   -89.457   1.096383E+03
   900.000   -94.235   1.122171E+03
   900.000   -99.012   1.147777E+03
   900.000  -103.790   1.173293E+03
   900.000  -109.719   1.204666E+03
   901.821  -113.289   1.224821E+03
   900.000  -118.123   1.248429E+03
   900.000  -122.900   1.272802E+03
   900.000  -127.678   1.296701E+03
   900.000  -132.455   1.320000E+03
   900.000  -137.149   1.129388E+03
   900.000  -142.011   1.139112E+03
   900.000  -146.788   1.148666E+03
   900.000  -151.566   1.158222E+03
   900.000  -156.343   1.167776E+03
   900.000  -161.121   1.177332E+03
   900.000  -165.898   1.186886E+03
   900.000  -170.676   1.196442E+03
   900.000  -175.454   1.201582E+03
   900.000  -180.231   1.204101E+03
   900.000  -185.009   1.206621E+03
   900.000  -189.786   1.209140E+03
   900.000  -194.564   1.211660E+03
   900.000  -199.342   1.214179E+03
   900.000  -204.119   1.216699E+03
   900.000  -208.897   1.219218E+03
   900.000  -213.674   1.221738E+03
   900.000  -218.452   1.224257E+03
   900.000  -228.007   1.229296E+03
   900.000  -237.562   1.234335E+03
   900.000  -247.117   1.239374E+03
   900.000  -256.673   1.244414E+03
   900.000  -266.228   1.249453E+03
   900.000  -275.783   1.254492E+03
   900.000  -282.398   1.257980E+03
   900.000  -290.116   1.462051E+03
   900.000  -294.893   1.464570E+03
   900.000  -299.671   1.467090E+03
   900.000  -304.448   1.469609E+03
   900.000  -314.004   1.474648E+03
   900.000  -323.559   1.479687E+03
   900.000  -333.114   1.484726E+03
   900.000  -342.669   1.489765E+03
   900.000  -352.224   1.494804E+03
   900.000  -361.779   1.499843E+03
   900.000  -371.335   1.504883E+03
   900.000  -380.890   1.509922E+03
   900.000  -390.445   1.514961E+03
   900.000  -400.000   1.520000E+03
   905.000     1.534   0.000000E+00
   905.000     1.056   1.176117E+01
   905.000     0.514   2.503752E+01
   905.000    -0.378   4.412093E+01
   905.000    -0.856   5.414298E+01
   905.000    -1.334   6.401684E+01
   905.000    -1.812   7.374062E+01
   905.000    -2.290   8.331263E+01
   905.000    -2.768   9.273119E+01
   905.000    -3.724   1.110912E+02
   905.000    -4.202   1.200734E+02
   905.569    -4.673   1.291179E+02
   905.000    -5.158   1.404392E+02
   905.000    -6.114   1.626553E+02
   905.000    -7.070   1.846378E+02
   905.000    -8.026   2.063792E+02
   905.000    -8.982   2.278762E+02
   905.000    -9.938   2.491259E+02
   905.000   -10.894   2.701259E+02
   905.000   -11.850   2.908741E+02
   905.000   -12.807   3.113900E+02
   905.000   -14.719   3.516111E+02
   905.000   -16.631   3.908032E+02
   905.000   -18.543   4.289587E+02
   905.000   -20.455   4.660922E+02
   905.000   -21.751   4.907490E+02
   905.000   -24.279   5.371765E+02
   905.000   -26.191   5.711764E+02
   905.000   -28.103   6.041253E+02
   905.000   -30.015   6.360252E+02
   905.000   -31.927   6.668780E+02
   905.000   -33.839   6.966861E+02
   905.000   -36.707   7.392949E+02
   905.000   -38.324   7.624409E+02
   905.000   -42.444   8.174783E+02
   905.000   -44.738   8.458819E+02
   905.000   -48.180   8.660182E+02
   905.000   -51.048   8.827176E+02
   905.000   -53.916   8.993458E+02
   905.000   -56.784   9.158876E+02
   905.000   -59.652   9.323434E+02
   905.000   -62.520   9.487166E+02
   905.000   -65.388   9.649962E+02
   905.000   -70.169   9.919746E+02
   905.000   -74.949   1.018765E+03
   905.000   -79.729   1.045397E+03
   905.000   -84.509   1.071864E+03
   905.000   -89.289   1.098190E+03
   905.000   -94.069   1.124366E+03
   905.000   -98.850   1.150386E+03
   905.000  -103.630   1.176235E+03
   905.000  -108.410   1.201791E+03
   905.000  -113.190   1.227032E+03
   905.000  -117.970   1.251791E+03
   905.000  -122.750   1.275827E+03
   905.000  -127.531   1.298788E+03
   905.000  -132.311   1.320000E+03
   905.000  -136.376   1.128130E+03
   905.000  -141.871   1.139120E+03
   905.000  -146.651   1.148680E+03
   905.000  -151.431   1.158240E+03
   905.000  -156.212   1.167802E+03
   905.000  -160.992   1.177362E+03
   905.000  -165.772   1.186922E+03
   905.000  -170.552   1.196482E+03
   905.000  -175.332   1.201592E+03
   905.000  -180.112   1.204111E+03
   905.000  -184.893   1.206631E+03
   905.000  -189.673   1.209150E+03
   905.000  -194.453   1.211670E+03
   905.000  -199.233   1.214189E+03
   905.000  -204.013   1.216708E+03
   905.000  -208.793   1.219227E+03
   905.000  -213.574   1.221747E+03
   905.000  -218.354   1.224266E+03
   905.000  -227.914   1.229305E+03
   905.000  -237.474   1.234343E+03
   905.000  -247.035   1.239382E+03
   905.000  -256.595   1.244421E+03
   905.000  -266.155   1.249459E+03
   905.000  -275.716   1.254498E+03
   905.000  -282.104   1.257865E+03
   905.000  -290.056   1.462056E+03
   905.000  -294.836   1.464575E+03
   905.000  -299.617   1.467095E+03
   905.000  -304.397   1.469614E+03
   905.000  -313.957   1.474652E+03
   905.000  -323.517   1.479691E+03
   905.000  -333.078   1.484730E+03
   905.000  -342.638   1.489768E+03
   905.000  -352.198   1.494807E+03
   905.000  -361.759   1.499846E+03
   905.000  -371.319   1.504884E+03
   905.000  -380.879   1.509923E+03
   905.000  -390.440   1.514962E+03
   905.000  -400.000   1.520000E+03
   910.000     1.598   0.000000E+00
   910.000     1.120   1.178626E+01
   910.000     0.494   2.714023E+01
   910.000    -0.314   4.450448E+01
   910.000    -0.792   5.458922E+01
   910.000    -1.271   6.455777E+01
   910.000    -1.749   7.436712E+01
   910.000    -2.227   8.403697E+01
   910.000    -2.705   9.356620E+01
   910.000    -3.661   1.121986E+02
   910.000    -4.139   1.212989E+02
   910.000    -4.617   1.302594E+02
   910.000    -5.160   1.402931E+02
   910.000    -6.051   1.610113E+02
   910.000    -7.008   1.831085E+02
   910.000    -7.964   2.049306E+02
   910.000    -8.920   2.265162E+02
   910.000    -9.876   2.478580E+02
   910.000   -10.832   2.689511E+02
   910.000   -11.789   2.898136E+02
   910.000   -12.745   3.103996E+02
   910.000   -14.657   3.507990E+02
   910.000   -16.570   3.901843E+02
   910.000   -18.482   4.285083E+02
   910.000   -20.394   4.657874E+02
   910.000   -22.887   5.129460E+02
   910.000   -24.219   5.372820E+02
   910.000   -26.131   5.714494E+02
   910.000   -28.044   6.045657E+02
   910.000   -29.956   6.366191E+02
   910.000   -31.869   6.676390E+02
   910.000   -33.781   6.975890E+02
   910.000   -36.649   7.405214E+02
   910.000   -38.928   7.730242E+02
   910.000   -42.387   8.193398E+02
   910.000   -43.884   8.382733E+02
   910.000   -48.124   8.639036E+02
   910.000   -50.992   8.810829E+02
   910.000   -53.861   8.981251E+02
   910.000   -56.729   9.150399E+02
   910.000   -59.598   9.318555E+02
   910.000   -62.466   9.485583E+02
   910.000   -65.335   9.651575E+02
   910.000   -70.116   9.926310E+02
   910.000   -74.897   1.019898E+03
   910.000   -79.678   1.046987E+03
   910.000   -84.459   1.073911E+03
   910.000   -89.240   1.100694E+03
   910.000   -94.021   1.127324E+03
   910.000   -98.802   1.153798E+03
   910.000  -103.582   1.180070E+03
   910.000  -108.363   1.206064E+03
   910.000  -113.144   1.231656E+03
   910.000  -117.925   1.256645E+03
   910.000  -122.706   1.280724E+03
   910.000  -127.487   1.303379E+03
   910.000  -131.272   1.320000E+03
   910.000  -135.603   1.128662E+03
   910.000  -141.830   1.141116E+03
   910.000  -146.611   1.150678E+03
   910.000  -151.392   1.160240E+03
   910.000  -156.173   1.169802E+03
   910.000  -160.954   1.179364E+03
   910.000  -165.735   1.188926E+03
   910.000  -170.515   1.198486E+03
   910.000  -175.296   1.202111E+03
   910.000  -180.077   1.204619E+03
   910.000  -184.858   1.207128E+03
   910.000  -189.639   1.209636E+03
   910.000  -194.420   1.212144E+03
   910.000  -199.201   1.214653E+03
   910.000  -203.982   1.217161E+03
   910.000  -208.763   1.219669E+03
   910.000  -213.544   1.222178E+03
   910.000  -218.325   1.224686E+03
   910.000  -227.887   1.229703E+03
   910.000  -237.448   1.234719E+03
   910.000  -247.010   1.239735E+03
   910.000  -256.572   1.244752E+03
   910.000  -266.134   1.249768E+03
   910.000  -275.696   1.254785E+03
   910.000  -281.810   1.257993E+03
   910.000  -290.039   1.462310E+03
   910.000  -294.820   1.464818E+03
   910.000  -299.601   1.467327E+03
   910.000  -304.381   1.469834E+03
   910.000  -313.943   1.474851E+03
   910.000  -323.505   1.479868E+03
   910.000  -333.067   1.484884E+03
   910.000  -342.629   1.489901E+03
   910.000  -352.191   1.494917E+03
   910.000  -361.753   1.499934E+03
   910.000  -371.314   1.504950E+03
   910.000  -380.876   1.509967E+03
   910.000  -390.438   1.514983E+03
   910.000  -400.000   1.520000E+03
   915.000     1.482   0.000000E+00
   915.000     1.004   1.204202E+01
   915.000     0.474   2.530002E+01
   915.000    -0.430   4.504908E+01
   915.000    -0.908   5.530857E+01
   915.000    -1.386   6.542489E+01
   915.000    -1.864   7.539912E+01
   915.000    -2.342   8.523271E+01
   915.000    -2.820   9.492757E+01
   915.000    -3.776   1.140464E+02
   915.000    -4.253   1.234490E+02
   915.000    -4.731   1.327427E+02
   915.000    -5.209   1.418864E+02
   915.000    -5.709   1.513143E+02
   915.000    -7.121   1.846838E+02
   915.000    -8.077   2.068155E+02
   915.000    -9.033   2.286331E+02
   915.000    -9.989   2.501521E+02
   915.000   -10.945   2.713833E+02
   915.000   -11.901   2.923346E+02
   915.000   -12.857   3.130117E+02
   915.000   -14.768   3.535335E+02
   915.000   -16.680   3.930153E+02
   915.000   -18.592   4.314461E+02
   915.000   -20.504   4.688321E+02
   915.000   -22.416   5.051226E+02
   915.000   -24.024   5.349564E+02
   915.000   -26.239   5.746461E+02
   915.000   -28.151   6.078437E+02
   915.000   -30.063   6.399877E+02
   915.000   -31.975   6.710782E+02
   915.000   -33.887   7.011147E+02
   915.000   -36.754   7.441733E+02
   915.000   -39.532   7.836928E+02
   915.000   -43.031   8.302500E+02
   915.000   -45.358   8.448343E+02
   915.000   -48.225   8.625956E+02
   915.000   -51.093   8.801963E+02
   915.000   -53.961   8.976343E+02
   915.000   -56.828   9.149235E+02
   915.000   -59.696   9.320929E+02
   915.000   -62.564   9.491325E+02
   915.000   -65.432   9.660541E+02
   915.000   -70.211   9.940381E+02
   915.000   -74.991   1.021800E+03
   915.000   -79.770   1.049365E+03
   915.000   -84.550   1.076774E+03
   915.000   -89.329   1.104042E+03
   915.000   -94.109   1.131184E+03
   915.000   -98.889   1.158185E+03
   915.000  -103.668   1.185008E+03
   915.000  -108.448   1.211581E+03
   915.000  -113.227   1.237750E+03
   915.000  -118.007   1.263311E+03
   915.000  -122.786   1.287892E+03
   915.000  -129.563   1.320000E+03
   915.000  -132.345   1.325564E+03
   914.000  -134.984   1.130842E+03
   915.000  -141.904   1.144682E+03
   915.000  -146.684   1.154242E+03
   915.000  -151.464   1.163802E+03
   915.000  -156.243   1.173360E+03
   915.000  -161.023   1.182920E+03
   915.000  -165.802   1.192478E+03
   915.000  -170.582   1.200531E+03
   915.000  -175.361   1.203019E+03
   915.000  -180.141   1.205508E+03
   915.000  -184.920   1.207997E+03
   915.000  -189.700   1.210486E+03
   915.000  -194.479   1.212975E+03
   915.000  -199.259   1.215464E+03
   915.000  -204.039   1.217953E+03
   915.000  -208.818   1.220442E+03
   915.000  -213.598   1.222931E+03
   915.000  -218.377   1.225420E+03
   915.000  -227.936   1.230398E+03
   915.000  -237.495   1.235376E+03
   915.000  -247.054   1.240353E+03
   915.000  -256.614   1.245332E+03
   915.000  -266.173   1.250310E+03
   915.000  -275.732   1.255287E+03
   915.000  -281.516   1.258299E+03
   915.000  -290.070   1.462754E+03
   915.000  -294.850   1.465243E+03
   915.000  -299.630   1.467732E+03
   915.000  -304.409   1.470221E+03
   915.000  -313.968   1.475199E+03
   915.000  -323.527   1.480177E+03
   915.000  -333.086   1.485155E+03
   915.000  -342.645   1.490132E+03
   915.000  -352.205   1.495111E+03
   915.000  -361.764   1.500089E+03
   915.000  -371.323   1.505066E+03
   915.000  -380.882   1.510044E+03
   915.000  -390.441   1.515022E+03
   915.000  -400.000   1.520000E+03
   920.000     1.253   0.000000E+00
   920.000     0.454   2.059871E+01
   920.000    -0.180   3.485105E+01
   920.000    -0.658   4.534284E+01
   920.000    -1.135   5.562104E+01
   920.000    -1.613   6.573210E+01
   920.000    -2.091   7.565727E+01
   920.000    -2.568   8.537908E+01
   918.000    -3.359   1.026053E+02
   918.201    -3.921   1.151936E+02
   918.375    -4.406   1.258833E+02
   918.549    -4.891   1.364217E+02
   918.723    -5.377   1.468485E+02
   919.000    -6.149   1.631635E+02
   920.000    -7.345   1.908270E+02
   920.000    -8.301   2.126667E+02
   920.000    -9.256   2.342545E+02
   920.000   -10.211   2.556047E+02
   920.000   -11.167   2.767330E+02
   920.000   -12.122   2.975911E+02
   920.000   -13.077   3.181980E+02
   920.000   -14.988   3.586747E+02
   920.000   -16.899   3.981256E+02
   920.000   -18.810   4.365434E+02
   920.000   -20.720   4.739029E+02
   920.000   -22.631   5.102372E+02
   920.000   -25.160   5.568094E+02
   920.000   -26.453   5.797894E+02
   920.000   -28.363   6.129965E+02
   920.000   -30.274   6.451545E+02
   920.000   -32.185   6.762624E+02
   920.000   -34.095   7.063023E+02
   920.000   -36.962   7.494233E+02
   920.000   -40.136   7.944443E+02
   920.000   -42.177   8.217882E+02
   920.000   -45.560   8.435564E+02
   920.000   -48.426   8.617840E+02
   920.000   -51.292   8.798037E+02
   920.000   -54.158   8.976316E+02
   920.000   -57.024   9.153024E+02
   920.000   -59.890   9.328133E+02
   920.000   -62.756   9.501795E+02
   920.000   -65.623   9.674310E+02
   920.000   -70.399   9.959373E+02
   920.000   -75.176   1.024203E+03
   920.000   -79.953   1.052272E+03
   920.000   -84.730   1.080188E+03
   920.000   -89.507   1.107987E+03
   920.000   -94.283   1.135687E+03
   920.000   -99.060   1.163288E+03
   920.000  -103.837   1.190792E+03
   920.000  -108.614   1.218120E+03
   920.000  -113.391   1.245155E+03
   920.000  -118.168   1.271663E+03
   920.000  -122.944   1.297344E+03
   920.000  -127.411   1.320000E+03
   920.000  -132.498   1.330174E+03
   920.000  -137.275   1.339728E+03
   920.000  -140.114   1.145406E+03
   920.000  -146.828   1.158834E+03
   920.000  -151.605   1.168388E+03
   920.000  -156.382   1.177942E+03
   920.000  -161.159   1.187496E+03
   920.000  -165.936   1.197050E+03
   920.000  -170.713   1.201704E+03
   920.000  -175.489   1.204168E+03
   920.000  -180.266   1.206632E+03
   920.000  -185.043   1.209097E+03
   920.000  -189.820   1.211562E+03
   920.000  -194.597   1.214026E+03
   920.000  -199.374   1.216491E+03
   920.000  -204.150   1.218955E+03
   920.000  -208.927   1.221419E+03
   920.000  -213.704   1.223884E+03
   920.000  -218.481   1.226349E+03
   920.000  -228.034   1.231277E+03
   920.000  -237.588   1.236207E+03
   920.000  -247.142   1.241136E+03
   920.000  -256.695   1.246064E+03
   920.000  -266.249   1.250994E+03
   920.000  -275.803   1.255923E+03
   920.000  -281.222   1.258719E+03
   920.000  -290.133   1.463316E+03
   920.000  -294.910   1.465781E+03
   920.000  -299.687   1.468245E+03
   920.000  -304.464   1.470710E+03
   920.000  -314.017   1.475639E+03
   920.000  -323.571   1.480568E+03
   920.000  -333.125   1.485497E+03
   920.000  -342.678   1.490426E+03
   920.000  -352.232   1.495355E+03
   920.000  -361.785   1.500284E+03
   920.000  -371.339   1.505213E+03
   920.000  -380.893   1.510142E+03
   920.000  -390.446   1.515071E+03
   920.000  -400.000   1.520000E+03
   925.000     1.210   0.000000E+00
   925.000     0.434   1.953657E+01
   925.000    -0.223   3.391309E+01
   925.000    -0.701   4.414161E+01
   925.000    -1.178   5.414863E+01
   925.000    -1.656   6.397664E+01
   925.000    -2.133   7.358431E+01
   925.000    -2.611   8.301103E+01
   925.000    -3.089   9.227741E+01
   925.000    -3.576   1.015467E+02
   925.000    -4.522   1.242630E+02
   925.000    -4.999   1.356099E+02
   925.000    -5.477   1.469153E+02
   925.000    -6.432   1.693474E+02
   925.000    -7.387   1.915274E+02
   925.000    -8.343   2.134778E+02
   925.000    -9.298   2.351544E+02
   925.000   -10.253   2.565806E+02
   925.000   -11.208   2.777562E+02
   925.000   -12.164   2.987022E+02
   925.000   -13.119   3.193739E+02
   925.000   -15.029   3.599611E+02
   925.000   -16.940   3.995491E+02
   925.000   -18.851   4.381114E+02
   925.000   -20.761   4.756254E+02
   925.000   -22.672   5.121301E+02
   925.000   -24.582   5.475290E+02
   927.000   -26.751   5.871413E+02
   925.000   -28.403   6.151809E+02
   925.000   -30.314   6.475504E+02
   925.000   -32.224   6.787846E+02
   925.000   -34.135   7.089816E+02
   925.000   -37.000   7.522865E+02
   927.000   -40.982   8.093408E+02
   925.000   -42.732   8.223368E+02
   925.000   -45.598   8.412244E+02
   925.000   -48.464   8.598983E+02
   925.000   -51.329   8.783388E+02
   925.000   -54.195   8.965824E+02
   925.000   -57.061   9.146457E+02
   925.000   -59.927   9.325180E+02
   925.000   -62.793   9.502390E+02
   925.000   -65.658   9.678235E+02
   925.000   -70.435   9.968919E+02
   925.000   -75.211   1.025694E+03
   925.000   -79.987   1.054298E+03
   925.000   -84.764   1.082766E+03
   925.000   -89.540   1.111156E+03
   925.000   -94.316   1.139488E+03
   925.000   -99.093   1.167802E+03
   925.000  -103.869   1.196123E+03
   925.000  -108.645   1.224418E+03
   925.000  -113.421   1.252601E+03
   925.000  -118.198   1.280453E+03
   925.000  -125.259   1.320000E+03
   925.000  -127.750   1.324982E+03
   925.000  -132.527   1.334536E+03
   925.000  -137.303   1.344088E+03
   925.000  -144.388   1.158258E+03
   925.000  -146.856   1.163194E+03
   925.000  -151.632   1.172746E+03
   925.000  -156.408   1.182298E+03
   925.000  -161.185   1.191852E+03
   925.000  -165.961   1.200359E+03
   925.000  -170.737   1.202800E+03
   925.000  -175.513   1.205242E+03
   925.000  -180.290   1.207684E+03
   925.000  -185.066   1.210125E+03
   925.000  -189.842   1.212567E+03
   925.000  -194.619   1.215009E+03
   925.000  -199.395   1.217450E+03
   925.000  -204.171   1.219892E+03
   925.000  -208.948   1.222334E+03
   925.000  -213.724   1.224775E+03
   925.000  -218.500   1.227217E+03
   925.000  -228.053   1.232100E+03
   925.000  -237.605   1.236983E+03
   925.000  -247.158   1.241867E+03
   925.000  -256.711   1.246750E+03
   925.000  -266.263   1.251633E+03
   925.000  -275.816   1.256517E+03
   925.000  -280.927   1.259130E+03
   925.000  -290.145   1.463842E+03
   925.000  -294.921   1.466283E+03
   925.000  -299.698   1.468725E+03
   925.000  -304.474   1.471167E+03
   925.000  -314.026   1.476050E+03
   925.000  -323.579   1.480933E+03
   925.000  -333.132   1.485817E+03
   925.000  -342.684   1.490700E+03
   925.000  -352.237   1.495583E+03
   925.000  -361.790   1.500467E+03
   925.000  -371.342   1.505350E+03
   925.000  -380.895   1.510233E+03
   925.000  -390.447   1.515116E+03
   925.000  -400.000   1.520000E+03
   930.000     1.360   0.000000E+00
   930.000     0.415   2.234614E+01
   930.000    -0.073   3.253786E+01
   930.000    -0.551   4.239766E+01
   930.000    -1.029   5.214252E+01
   930.000    -1.507   6.176449E+01
   930.000    -1.985   7.125685E+01
   930.000    -2.462   8.059451E+01
   930.000    -2.940   8.981208E+01
   930.000    -3.731   1.047779E+02
   930.000    -4.374   1.201696E+02
   930.000    -4.852   1.315526E+02
   930.000    -5.329   1.428618E+02
   930.000    -6.285   1.653702E+02
   930.000    -7.241   1.876587E+02
   930.000    -8.196   2.096947E+02
   930.000    -9.152   2.315174E+02
   930.000   -10.107   2.530759E+02
   930.000   -11.063   2.744111E+02
   930.000   -12.019   2.954976E+02
   930.000   -12.974   3.163111E+02
   930.000   -14.886   3.572152E+02
   930.000   -16.797   3.970747E+02
   930.000   -18.708   4.359029E+02
   930.000   -20.619   4.736932E+02
   930.000   -22.530   5.104390E+02
   930.000   -24.442   5.461501E+02
   930.000   -26.353   5.808656E+02
   930.000   -27.637   6.036656E+02
   930.000   -30.175   6.470159E+02
   930.000   -32.087   6.785360E+02
   930.000   -33.998   7.089727E+02
   930.000   -36.865   7.526016E+02
   930.000   -40.407   8.032869E+02
   930.000   -42.598   8.182842E+02
   930.000   -45.465   8.376824E+02
   930.000   -48.332   8.568388E+02
   930.000   -51.199   8.757383E+02
   930.000   -54.066   8.944188E+02
   930.000   -56.933   9.128780E+02
   930.000   -59.800   9.311349E+02
   930.000   -62.666   9.492206E+02
   930.000   -65.533   9.671722E+02
   930.000   -70.311   9.968109E+02
   930.000   -75.090   1.026186E+03
   930.000   -79.868   1.055354E+03
   930.000   -84.646   1.084405E+03
   930.000   -89.424   1.113424E+03
   930.000   -94.202   1.142431E+03
   930.000   -98.980   1.171523E+03
   930.000  -103.758   1.200754E+03
   930.000  -108.536   1.230166E+03
   930.000  -113.314   1.259844E+03
   930.000  -118.092   1.289816E+03
   930.504  -122.891   1.320000E+03
   930.000  -127.649   1.329516E+03
   930.000  -132.427   1.339072E+03
   930.000  -137.205   1.348628E+03
   930.000  -141.983   1.358184E+03
   927.824  -146.802   1.167822E+03
   930.000  -151.539   1.177296E+03
   930.000  -156.317   1.186852E+03
   930.000  -161.095   1.196408E+03
   930.000  -165.873   1.201509E+03
   930.000  -170.651   1.203927E+03
   930.000  -175.430   1.206346E+03
   930.000  -180.208   1.208764E+03
   930.000  -184.986   1.211182E+03
   930.000  -189.764   1.213600E+03
   930.000  -194.542   1.216018E+03
   930.000  -199.320   1.218437E+03
   930.000  -204.098   1.220855E+03
   930.000  -208.876   1.223273E+03
   930.000  -213.654   1.225691E+03
   930.000  -218.432   1.228109E+03
   930.000  -227.989   1.232946E+03
   930.000  -237.545   1.237782E+03
   930.000  -247.101   1.242618E+03
   930.000  -256.657   1.247455E+03
   930.000  -266.213   1.252291E+03
   930.000  -275.770   1.257128E+03
   930.000  -280.633   1.259589E+03
   930.000  -290.104   1.464382E+03
   930.000  -294.882   1.466800E+03
   930.000  -299.660   1.469218E+03
   930.000  -304.438   1.471636E+03
   930.000  -313.994   1.476473E+03
   930.000  -323.550   1.481309E+03
   930.000  -333.107   1.486146E+03
   930.000  -342.663   1.490982E+03
   930.000  -352.219   1.495818E+03
   930.000  -361.775   1.500654E+03
   930.000  -371.331   1.505491E+03
   930.000  -380.888   1.510327E+03
   930.000  -390.444   1.515164E+03
   930.000  -400.000   1.520000E+03
   935.000     1.065   0.000000E+00
   935.000     0.395   1.701355E+01
   935.000    -0.367   3.389423E+01
   935.000    -0.845   4.423464E+01
   935.000    -1.322   5.437158E+01
   935.000    -1.800   6.434937E+01
   935.000    -2.277   7.412771E+01
   935.000    -2.755   8.374902E+01
   935.000    -3.232   9.317408E+01
   935.000    -3.886   1.058011E+02
   935.000    -4.665   1.247977E+02
   935.000    -5.142   1.363376E+02
   935.000    -5.619   1.478085E+02
   935.000    -6.574   1.705684E+02
   935.000    -7.529   1.930557E+02
   935.000    -8.484   2.152727E+02
   935.000    -9.439   2.372213E+02
   935.000   -10.394   2.589029E+02
   935.000   -11.349   2.803188E+02
   935.000   -12.304   3.014698E+02
   935.000   -13.259   3.223567E+02
   935.000   -15.169   3.633420E+02
   935.000   -17.078   4.032565E+02
   935.000   -18.988   4.421444E+02
   935.000   -20.898   4.799856E+02
   935.000   -22.808   5.167806E+02
   935.000   -24.718   5.525297E+02
   935.000   -26.628   5.872321E+02
   935.000   -29.114   6.309400E+02
   935.000   -30.447   6.535008E+02
   935.000   -32.357   6.850481E+02
   935.000   -34.267   7.155467E+02
   935.000   -37.132   7.593214E+02
   935.000   -39.448   7.928187E+02
   935.000   -42.861   8.168778E+02
   935.000   -45.726   8.367918E+02
   935.000   -48.591   8.563919E+02
   935.000   -51.455   8.756895E+02
   935.000   -54.320   8.947363E+02
   935.000   -57.185   9.135384E+02
   935.000   -60.050   9.321318E+02
   935.000   -62.914   9.505403E+02
   935.000   -65.779   9.688044E+02
   935.000   -70.554   9.989606E+02
   935.000   -75.328   1.028835E+03
   935.000   -80.103   1.058523E+03
   935.000   -84.878   1.088129E+03
   935.000   -89.652   1.117727E+03
   935.000   -94.427   1.147401E+03
   935.000   -99.201   1.177250E+03
   935.000  -103.976   1.207367E+03
   935.000  -108.750   1.237870E+03
   935.000  -113.525   1.269067E+03
   936.000  -120.525   1.320000E+03
   935.000  -123.074   1.325098E+03
   935.000  -127.849   1.334648E+03
   935.000  -132.623   1.344196E+03
   935.000  -137.398   1.353746E+03
   935.000  -142.173   1.363296E+03
   935.000  -146.947   1.372844E+03
   933.514  -151.668   1.182286E+03
   935.000  -156.496   1.191942E+03
   935.000  -161.271   1.200374E+03
   935.000  -166.045   1.202766E+03
   935.000  -170.820   1.205159E+03
   935.000  -175.595   1.207552E+03
   935.000  -180.369   1.209944E+03
   935.000  -185.144   1.212336E+03
   935.000  -189.918   1.214729E+03
   935.000  -194.693   1.217121E+03
   935.000  -199.468   1.219514E+03
   935.000  -204.242   1.221906E+03
   935.000  -209.017   1.224299E+03
   935.000  -213.791   1.226691E+03
   935.000  -218.566   1.229084E+03
   935.000  -228.115   1.233869E+03
   935.000  -237.664   1.238654E+03
   935.000  -247.213   1.243439E+03
   935.000  -256.763   1.248224E+03
   935.000  -266.312   1.253009E+03
   935.000  -280.339   1.260038E+03
   935.000  -285.410   1.462579E+03
   935.000  -290.185   1.464972E+03
   935.000  -294.959   1.467364E+03
   935.000  -299.734   1.469757E+03
   935.000  -304.508   1.472149E+03
   935.000  -314.058   1.476935E+03
   935.000  -323.607   1.481720E+03
   935.000  -333.156   1.486505E+03
   935.000  -342.705   1.491290E+03
   935.000  -352.254   1.496075E+03
   935.000  -361.803   1.500860E+03
   935.000  -371.353   1.505645E+03
   935.000  -380.902   1.510430E+03
   935.000  -390.451   1.515215E+03
   935.000  -400.000   1.520000E+03
   940.000     0.904   0.000000E+00
   940.000     0.375   1.389023E+01
   940.000    -0.528   3.445399E+01
   940.000    -1.005   4.501873E+01
   940.000    -1.482   5.537829E+01
   940.000    -1.960   6.555720E+01
   940.000    -2.437   7.551609E+01
   940.000    -2.914   8.527903E+01
   940.000    -3.391   9.484852E+01
   940.000    -4.040   1.075613E+02
   940.000    -4.823   1.268757E+02
   940.000    -5.300   1.385475E+02
   940.000    -5.778   1.501630E+02
   940.000    -6.732   1.731094E+02
   940.000    -7.687   1.957754E+02
   940.000    -8.641   2.181228E+02
   940.000    -9.596   2.402053E+02
   940.000   -10.550   2.619825E+02
   940.000   -11.505   2.835045E+02
   940.000   -12.459   3.047297E+02
   940.000   -13.414   3.257055E+02
   940.000   -15.323   3.668314E+02
   940.000   -17.232   4.068936E+02
   940.000   -19.141   4.459006E+02
   940.000   -21.050   4.838585E+02
   940.000   -22.959   5.207712E+02
   940.000   -24.868   5.566413E+02
   940.000   -26.777   5.914714E+02
   940.000   -28.687   6.252251E+02
   940.017   -30.596   6.580891E+02
   940.000   -32.505   6.896441E+02
   940.000   -34.414   7.203382E+02
   941.000   -38.297   7.801222E+02
   940.000   -40.141   7.942610E+02
   940.000   -43.005   8.149683E+02
   940.000   -45.868   8.353024E+02
   940.000   -48.732   8.553036E+02
   940.000   -51.595   8.749867E+02
   940.000   -54.459   8.943882E+02
   940.000   -57.323   9.135329E+02
   940.000   -60.186   9.324479E+02
   940.000   -63.050   9.511794E+02
   940.000   -65.913   9.697459E+02
   940.000   -70.686   1.000407E+03
   940.000   -75.459   1.030792E+03
   940.000   -80.231   1.060990E+03
   940.000   -85.004   1.091135E+03
   940.000   -89.777   1.121329E+03
   940.000   -94.549   1.151657E+03
   940.000   -99.322   1.182234E+03
   940.000  -104.095   1.213158E+03
   940.000  -108.867   1.244574E+03
   940.000  -113.640   1.276748E+03
   940.000  -119.820   1.320000E+03
   940.000  -123.185   1.326730E+03
   940.000  -127.958   1.336276E+03
   940.000  -132.731   1.345822E+03
   940.000  -137.503   1.355366E+03
   940.000  -142.276   1.364912E+03
   940.000  -147.049   1.374458E+03
   940.000  -151.821   1.384002E+03
   939.260  -156.579   1.193518E+03
   940.000  -161.367   1.200773E+03
   940.000  -166.139   1.203157E+03
   940.000  -170.912   1.205542E+03
   940.000  -175.685   1.207927E+03
   940.000  -180.457   1.210311E+03
   940.000  -185.230   1.212695E+03
   940.000  -190.003   1.215080E+03
   940.000  -194.775   1.217464E+03
   940.000  -199.548   1.219849E+03
   940.000  -204.321   1.222234E+03
   940.000  -209.093   1.224618E+03
   940.000  -213.866   1.227003E+03
   940.000  -218.639   1.229387E+03
   940.000  -228.184   1.234156E+03
   940.000  -237.729   1.238925E+03
   940.000  -247.275   1.243695E+03
   940.000  -256.820   1.248464E+03
   940.000  -266.365   1.253233E+03
   940.000  -280.045   1.260067E+03
   940.000  -285.456   1.462771E+03
   940.000  -290.229   1.465156E+03
   940.000  -295.001   1.467540E+03
   940.000  -299.774   1.469925E+03
   940.000  -304.547   1.472309E+03
   940.000  -314.092   1.477078E+03
   940.000  -323.637   1.481847E+03
   940.000  -333.183   1.486617E+03
   940.000  -342.728   1.491385E+03
   940.000  -352.273   1.496154E+03
   940.000  -361.819   1.500924E+03
   940.000  -371.364   1.505693E+03
   940.000  -380.909   1.510462E+03
   940.000  -390.455   1.515231E+03
   940.000  -400.000   1.520000E+03
   945.000     0.981   0.000000E+00
   945.000     0.355   1.616583E+01
   945.000    -0.451   3.426222E+01
   945.000    -0.928   4.473377E+01
   945.000    -1.406   5.504334E+01
   945.000    -1.883   6.514989E+01
   945.000    -2.361   7.509779E+01
   945.000    -2.838   8.484716E+01
   945.000    -3.315   9.442041E+01
   946.028    -4.227   1.125211E+02
   945.000    -4.747   1.251845E+02
   945.000    -5.225   1.368370E+02
   945.000    -5.702   1.483929E+02
   945.000    -6.657   1.713254E+02
   945.000    -7.611   1.939642E+02
   945.000    -8.566   2.163582E+02
   945.000    -9.521   2.384847E+02
   945.000   -10.476   2.603448E+02
   945.000   -11.430   2.819168E+02
   945.000   -12.385   3.032468E+02
   945.000   -13.340   3.243127E+02
   945.000   -15.249   3.656352E+02
   945.000   -17.159   4.059308E+02
   945.000   -19.068   4.451616E+02
   945.000   -20.977   4.833520E+02
   945.000   -22.887   5.205239E+02
   945.000   -24.796   5.566401E+02
   945.000   -26.706   5.917386E+02
   945.000   -28.615   6.257807E+02
   945.000   -30.525   6.588075E+02
   946.097   -32.392   6.906553E+02
   945.000   -34.344   7.215646E+02
   945.000   -37.626   7.723488E+02
   945.000   -40.072   7.905892E+02
   945.000   -42.936   8.117494E+02
   945.000   -45.800   8.325197E+02
   945.000   -48.664   8.529322E+02
   945.000   -51.528   8.730069E+02
   945.000   -54.393   8.927614E+02
   945.000   -57.257   9.122457E+02
   945.000   -60.121   9.314887E+02
   945.000   -62.985   9.505272E+02
   945.000   -65.849   9.694023E+02
   945.000   -70.623   1.000564E+03
   945.000   -75.396   1.031444E+03
   945.000   -80.170   1.062160E+03
   945.000   -84.944   1.092841E+03
   945.000   -89.717   1.123615E+03
   945.000   -94.491   1.154582E+03
   945.000   -99.264   1.185835E+03
   945.000  -104.038   1.217489E+03
   945.000  -108.811   1.249658E+03
   945.000  -113.585   1.282449E+03
   945.000  -118.940   1.320000E+03
   945.000  -123.132   1.328384E+03
   945.000  -127.906   1.337932E+03
   945.000  -132.679   1.347478E+03
   945.000  -137.453   1.357026E+03
   945.000  -142.227   1.366574E+03
   945.000  -147.000   1.376120E+03
   945.000  -151.774   1.385668E+03
   945.000  -156.547   1.395214E+03
   944.808  -161.323   1.201186E+03
   945.000  -166.094   1.203561E+03
   945.000  -170.868   1.205938E+03
   945.000  -175.642   1.208314E+03
   945.000  -180.415   1.210690E+03
   945.000  -185.189   1.213067E+03
   945.000  -189.962   1.215443E+03
   945.000  -194.736   1.217819E+03
   945.000  -199.510   1.220196E+03
   945.000  -204.283   1.222572E+03
   945.000  -209.057   1.224948E+03
   945.000  -213.830   1.227324E+03
   945.000  -218.604   1.229701E+03
   945.000  -228.151   1.234453E+03
   945.000  -237.698   1.239206E+03
   945.000  -247.245   1.243958E+03
   945.000  -256.793   1.248711E+03
   945.000  -266.340   1.253464E+03
   945.000  -279.751   1.260140E+03
   945.000  -285.434   1.462969E+03
   945.000  -290.208   1.465345E+03
   945.000  -294.981   1.467721E+03
   945.000  -299.755   1.470098E+03
   945.000  -304.528   1.472474E+03
   945.000  -314.076   1.477227E+03
   945.000  -323.623   1.481979E+03
   945.000  -333.170   1.486732E+03
   945.000  -342.717   1.491484E+03
   945.000  -352.264   1.496237E+03
   945.000  -361.811   1.500989E+03
   945.000  -371.359   1.505742E+03
   945.000  -380.906   1.510495E+03
   945.000  -390.453   1.515247E+03
   945.000  -400.000   1.520000E+03
   950.000     1.192   0.000000E+00
   950.000     0.335   2.089132E+01
   950.000    -0.241   3.326395E+01
   950.000    -0.718   4.337762E+01
   950.000    -1.196   5.339235E+01
   950.000    -1.674   6.328038E+01
   950.000    -2.151   7.301561E+01
   950.000    -2.629   8.263391E+01
   950.000    -3.106   9.209078E+01
   950.000    -4.062   1.106213E+02
   950.000    -4.350   1.160940E+02
   950.000    -5.017   1.322684E+02
   950.000    -5.495   1.437974E+02
   950.000    -6.450   1.666697E+02
   950.000    -7.405   1.893164E+02
   950.000    -8.360   2.117289E+02
   950.000    -9.315   2.339009E+02
   950.000   -10.271   2.558504E+02
   950.000   -11.226   2.775278E+02
   950.000   -12.181   2.989536E+02
   950.000   -13.136   3.201258E+02
   950.000   -15.047   3.617212E+02
   950.000   -16.957   4.022688E+02
   950.000   -18.868   4.418094E+02
   950.000   -20.778   4.803022E+02
   950.000   -22.688   5.177701E+02
   950.000   -24.599   5.542350E+02
   950.000   -26.509   5.896609E+02
   950.000   -28.420   6.240853E+02
   950.000   -30.330   6.574682E+02
   950.000   -32.241   6.899003E+02
   950.000   -33.544   7.114756E+02
   950.000   -36.787   7.625309E+02
   950.000   -39.882   7.862201E+02
   950.000   -42.748   8.078770E+02
   950.000   -45.614   8.290855E+02
   950.000   -48.479   8.498960E+02
   950.000   -51.345   8.703334E+02
   950.000   -54.211   8.904327E+02
   950.000   -57.076   9.102431E+02
   950.000   -59.942   9.297957E+02
   950.000   -62.808   9.491287E+02
   950.000   -65.673   9.682901E+02
   950.000   -70.449   9.999214E+02
   950.000   -75.226   1.031287E+03
   950.000   -80.002   1.062483E+03
   950.000   -84.778   1.093675E+03
   950.000   -89.554   1.125010E+03
   950.000   -94.330   1.156564E+03
   950.000   -99.106   1.188468E+03
   950.000  -103.882   1.220831E+03
   950.000  -108.658   1.253717E+03
   950.000  -113.434   1.287168E+03
   950.000  -118.059   1.320000E+03
   950.000  -122.986   1.329854E+03
   950.000  -127.763   1.339408E+03
   950.000  -132.539   1.348960E+03
   950.000  -137.315   1.358512E+03
   950.000  -142.091   1.368064E+03
   950.000  -146.867   1.377616E+03
   950.000  -151.643   1.387168E+03
   950.000  -156.419   1.396720E+03
   950.000  -161.195   1.401555E+03
   950.000  -165.762   1.203821E+03
   950.000  -170.747   1.206293E+03
   950.000  -175.524   1.208662E+03
   950.000  -180.300   1.211031E+03
   950.000  -185.076   1.213400E+03
   950.000  -189.852   1.215769E+03
   950.000  -194.628   1.218138E+03
   950.000  -199.404   1.220507E+03
   950.000  -204.180   1.222875E+03
   950.000  -208.956   1.225244E+03
   950.000  -213.732   1.227613E+03
   950.000  -218.508   1.229982E+03
   950.000  -228.061   1.234720E+03
   950.000  -237.613   1.239458E+03
   950.000  -247.165   1.244196E+03
   950.000  -256.717   1.248933E+03
   950.000  -266.269   1.253671E+03
   950.000  -279.457   1.260212E+03
   950.000  -285.374   1.463147E+03
   950.000  -290.150   1.465516E+03
   950.000  -294.926   1.467884E+03
   950.000  -299.702   1.470253E+03
   950.000  -304.478   1.472622E+03
   950.000  -314.030   1.477360E+03
   950.000  -323.582   1.482098E+03
   950.000  -333.135   1.486836E+03
   950.000  -342.687   1.491573E+03
   950.000  -352.239   1.496311E+03
   950.000  -361.791   1.501049E+03
   950.000  -371.343   1.505786E+03
   950.000  -380.896   1.510525E+03
   950.000  -390.448   1.515262E+03
   950.000  -400.000   1.520000E+03
   955.000     1.028   0.000000E+00
   955.000     0.315   1.824502E+01
   955.000    -0.404   3.432884E+01
   955.000    -0.882   4.480302E+01
   955.000    -1.359   5.508789E+01
   955.000    -1.836   6.520621E+01
   955.000    -2.314   7.517926E+01
   955.000    -2.791   8.496577E+01
   955.000    -3.269   9.460711E+01
   955.000    -4.224   1.133735E+02
   955.000    -4.505   1.187690E+02
   955.000    -5.178   1.352286E+02
   955.000    -5.656   1.468443E+02
   955.000    -6.611   1.698624E+02
   955.000    -7.565   1.926025E+02
   955.000    -8.520   2.151101E+02
   955.000    -9.475   2.373601E+02
   955.000   -10.430   2.593516E+02
   955.000   -11.385   2.810841E+02
   955.000   -12.340   3.025573E+02
   955.000   -13.294   3.237491E+02
   955.000   -15.204   3.654003E+02
   955.000   -17.114   4.060184E+02
   955.000   -19.023   4.455876E+02
   955.000   -20.933   4.841561E+02
   955.000   -22.843   5.217111E+02
   955.000   -24.752   5.582444E+02
   955.000   -26.662   5.938087E+02
   955.000   -28.572   6.284048E+02
   955.000   -30.481   6.620449E+02
   955.000   -32.391   6.948098E+02
   957.000   -35.612   7.492223E+02
   955.000   -37.165   7.625066E+02
   955.000   -40.030   7.849138E+02
   955.000   -42.894   8.069122E+02
   955.000   -45.759   8.284120E+02
   955.000   -48.623   8.494850E+02
   955.000   -51.488   8.701626E+02
   955.000   -54.352   8.904899E+02
   955.000   -57.217   9.105319E+02
   955.000   -60.081   9.303030E+02
   955.000   -62.946   9.498579E+02
   955.000   -65.810   9.692407E+02
   955.000   -70.584   1.001249E+03
   955.000   -75.358   1.032995E+03
   955.000   -80.132   1.064598E+03
   955.000   -84.907   1.096245E+03
   955.000   -89.681   1.128059E+03
   955.000   -94.455   1.160150E+03
   955.000   -99.229   1.192681E+03
   955.000  -104.003   1.225747E+03
   955.000  -108.777   1.259423E+03
   955.000  -113.551   1.293728E+03
   955.000  -117.178   1.320000E+03
   955.000  -123.100   1.331844E+03
   955.000  -127.874   1.341392E+03
   955.000  -132.648   1.350940E+03
   955.000  -137.422   1.360488E+03
   955.000  -142.196   1.370036E+03
   955.000  -146.970   1.379584E+03
   955.000  -151.745   1.389134E+03
   955.000  -156.519   1.398682E+03
   955.000  -161.293   1.402034E+03
   955.000  -166.067   1.404393E+03
   954.192  -170.826   1.206745E+03
   955.000  -175.615   1.209111E+03
   955.000  -180.389   1.211471E+03
   955.000  -185.164   1.213830E+03
   955.000  -189.938   1.216190E+03
   955.000  -194.712   1.218549E+03
   955.000  -199.486   1.220908E+03
   955.000  -204.260   1.223267E+03
   955.000  -209.034   1.225627E+03
   955.000  -213.808   1.227986E+03
   955.000  -218.583   1.230346E+03
   955.000  -228.131   1.235064E+03
   955.000  -237.679   1.239783E+03
   955.000  -247.227   1.244501E+03
   955.000  -256.776   1.249220E+03
   955.000  -266.324   1.253939E+03
   955.000  -279.163   1.260284E+03
   955.000  -285.421   1.463376E+03
   955.000  -290.195   1.465736E+03
   955.000  -294.969   1.468095E+03
   955.000  -299.743   1.470454E+03
   955.000  -304.517   1.472813E+03
   955.000  -314.065   1.477532E+03
   955.000  -323.614   1.482251E+03
   955.000  -333.162   1.486969E+03
   955.000  -342.710   1.491688E+03
   955.000  -352.259   1.496407E+03
   955.000  -361.807   1.501125E+03
   955.000  -371.355   1.505844E+03
   955.000  -380.903   1.510562E+03
   955.000  -390.452   1.515281E+03
   955.000  -400.000   1.520000E+03
   960.000     0.894   0.000000E+00
   960.000     0.296   1.577959E+01
   960.000    -0.538   3.491124E+01
   960.000    -1.015   4.558901E+01
   960.000    -1.492   5.607632E+01
   960.000    -1.970   6.639875E+01
   960.000    -2.447   7.651691E+01
   960.000    -2.924   8.645608E+01
   960.000    -3.401   9.621939E+01
   960.000    -4.356   1.152486E+02
   960.000    -4.660   1.211636E+02
   960.000    -5.310   1.372641E+02
   960.000    -5.788   1.490119E+02
   960.000    -6.742   1.722222E+02
   960.000    -7.697   1.951540E+02
   960.000    -8.651   2.177691E+02
   960.000    -9.606   2.401223E+02
   960.000   -10.560   2.621727E+02
   960.000   -11.515   2.839710E+02
   960.000   -12.469   3.054751E+02
   960.000   -13.424   3.267330E+02
   960.000   -15.333   3.684306E+02
   960.000   -17.242   4.090780E+02
   960.000   -19.151   4.486875E+02
   960.000   -21.060   4.872694E+02
   960.000   -22.969   5.248341E+02
   960.000   -24.878   5.613925E+02
   960.000   -26.787   5.969566E+02
   960.000   -28.696   6.315401E+02
   960.000   -30.605   6.651593E+02
   960.000   -32.514   6.978318E+02
   960.000   -35.577   7.483039E+02
   960.000   -37.286   7.618221E+02
   960.000   -40.150   7.842545E+02
   960.000   -43.013   8.063460E+02
   960.000   -45.877   8.279807E+02
   960.000   -48.740   8.491980E+02
   960.000   -51.604   8.700335E+02
   960.000   -54.468   8.905378E+02
   960.000   -57.331   9.107515E+02
   960.000   -60.195   9.307111E+02
   960.000   -63.058   9.504434E+02
   960.000   -65.922   9.700208E+02
   960.000   -70.694   1.002350E+03
   960.000   -75.467   1.034440E+03
   960.000   -80.239   1.066400E+03
   960.000   -85.012   1.098432E+03
   960.000   -89.784   1.130672E+03
   960.000   -94.557   1.163273E+03
   960.000   -99.330   1.196391E+03
   960.000  -104.102   1.230168E+03
   960.000  -108.875   1.264778E+03
   960.000  -113.647   1.300227E+03
   960.000  -116.297   1.320000E+03
   960.000  -123.192   1.333790E+03
   960.000  -127.965   1.343336E+03
   960.000  -132.737   1.352880E+03
   960.000  -137.510   1.362426E+03
   960.000  -142.282   1.371970E+03
   960.000  -147.055   1.381516E+03
   960.000  -151.828   1.391062E+03
   960.000  -156.600   1.400149E+03
   960.000  -161.373   1.402499E+03
   960.000  -166.145   1.404849E+03
   960.000  -170.918   1.407199E+03
   958.196  -175.663   1.209536E+03
   962.159  -180.450   1.211893E+03
   960.000  -185.235   1.214249E+03
   960.000  -190.008   1.216599E+03
   960.000  -194.780   1.218949E+03
   960.000  -199.553   1.221299E+03
   960.000  -204.326   1.223650E+03
   960.000  -209.098   1.225999E+03
   960.000  -213.871   1.228350E+03
   960.000  -218.643   1.230699E+03
   960.000  -228.188   1.235399E+03
   960.000  -237.733   1.240099E+03
   960.000  -247.278   1.244799E+03
   960.000  -256.824   1.249500E+03
   960.000  -266.369   1.254200E+03
   960.000  -278.869   1.260355E+03
   960.000  -285.459   1.463600E+03
   960.000  -290.231   1.465949E+03
   960.000  -295.004   1.468300E+03
   960.000  -299.777   1.470650E+03
   960.000  -304.549   1.473000E+03
   960.000  -314.094   1.477700E+03
   960.000  -323.639   1.482400E+03
   960.000  -333.184   1.487100E+03
   960.000  -342.729   1.491800E+03
   960.000  -352.275   1.496500E+03
   960.000  -361.820   1.501200E+03
   960.000  -371.365   1.505900E+03
   960.000  -380.910   1.510600E+03
   960.000  -390.455   1.515300E+03
   960.000  -400.000   1.520000E+03
   965.000     0.950   0.000000E+00
   965.000     0.276   1.726169E+01
   965.000    -0.482   3.421859E+01
   965.000    -0.959   4.468013E+01
   965.000    -1.437   5.499901E+01
   965.000    -1.914   6.513119E+01
   965.000    -2.391   7.509787E+01
   965.000    -2.869   8.491895E+01
   965.000    -3.346   9.455284E+01
   965.000    -4.371   1.146983E+02
   965.000    -4.778   1.247594E+02
   965.000    -5.255   1.364816E+02
   965.000    -5.733   1.481634E+02
   965.000    -6.687   1.712824E+02
   965.000    -7.642   1.941618E+02
   965.000    -8.596   2.167523E+02
   965.000    -9.551   2.391006E+02
   965.000   -10.506   2.611830E+02
   965.000   -11.460   2.829771E+02
   965.000   -12.415   3.045290E+02
   965.000   -13.370   3.258165E+02
   965.000   -15.279   3.675784E+02
   965.000   -17.188   4.082934E+02
   965.000   -19.098   4.479889E+02
   965.000   -21.007   4.866303E+02
   965.000   -22.916   5.242450E+02
   965.000   -24.825   5.608393E+02
   965.000   -26.735   5.964373E+02
   965.000   -28.644   6.310062E+02
   965.000   -30.553   6.645676E+02
   965.000   -32.463   6.971378E+02
   965.000   -35.520   7.471523E+02
   965.000   -37.236   7.605611E+02
   965.000   -40.100   7.828636E+02
   965.000   -42.964   8.049567E+02
   965.000   -45.828   8.266463E+02
   965.000   -48.691   8.479531E+02
   965.000   -51.555   8.689156E+02
   965.000   -54.419   8.895565E+02
   965.000   -57.283   9.099258E+02
   965.000   -60.147   9.300419E+02
   965.000   -63.011   9.499430E+02
   965.000   -65.875   9.696872E+02
   965.000   -70.648   1.002308E+03
   965.000   -75.421   1.034695E+03
   965.000   -80.195   1.066980E+03
   965.000   -84.968   1.099345E+03
   965.000   -89.741   1.131958E+03
   965.000   -94.514   1.164975E+03
   965.000   -99.288   1.198613E+03
   965.000  -104.061   1.233068E+03
   965.000  -108.834   1.268613E+03
   965.000  -115.417   1.320000E+03
   965.000  -118.380   1.325926E+03
   965.000  -123.154   1.335474E+03
   965.000  -127.927   1.345020E+03
   965.000  -132.700   1.354566E+03
   965.000  -137.473   1.364112E+03
   965.000  -142.246   1.373658E+03
   965.000  -147.020   1.383206E+03
   965.000  -151.793   1.392752E+03
   965.000  -156.566   1.400564E+03
   965.000  -161.339   1.402906E+03
   965.000  -166.113   1.405248E+03
   965.000  -170.886   1.407590E+03
   965.000  -175.659   1.409931E+03
   965.000  -180.432   1.412273E+03
   965.000  -183.881   1.213965E+03
   965.000  -189.979   1.216957E+03
   965.000  -194.752   1.219299E+03
   965.000  -199.525   1.221641E+03
   965.000  -204.298   1.223983E+03
   965.000  -209.071   1.226324E+03
   965.000  -213.845   1.228667E+03
   965.000  -218.618   1.231008E+03
   965.000  -228.164   1.235692E+03
   965.000  -237.711   1.240376E+03
   965.000  -247.257   1.245060E+03
   965.000  -256.804   1.249744E+03
   965.000  -266.350   1.254427E+03
   965.000  -278.575   1.260425E+03
   965.000  -285.443   1.463795E+03
   965.000  -290.216   1.466137E+03
   965.000  -294.989   1.468478E+03
   965.000  -299.763   1.470821E+03
   965.000  -304.536   1.473162E+03
   965.000  -314.082   1.477846E+03
   965.000  -323.629   1.482530E+03
   965.000  -333.175   1.487214E+03
   965.000  -342.721   1.491897E+03
   965.000  -352.268   1.496581E+03
   965.000  -361.814   1.501265E+03
   965.000  -371.361   1.505949E+03
   965.000  -380.907   1.510632E+03
   965.000  -390.454   1.515316E+03
   965.000  -400.000   1.520000E+03
   970.000     0.967   0.000000E+00
   970.000     0.256   1.792633E+01
   970.000    -0.465   3.383571E+01
   970.000    -0.942   4.416458E+01
   970.000    -1.420   5.435896E+01
   970.000    -1.897   6.437462E+01
   970.000    -2.374   7.423160E+01
   970.000    -2.852   8.394877E+01
   970.000    -3.329   9.348458E+01
   970.000    -4.082   1.081483E+02
   970.000    -4.761   1.249057E+02
   970.000    -5.238   1.366068E+02
   970.000    -5.716   1.482692E+02
   970.000    -6.670   1.713548E+02
   970.000    -7.625   1.942076E+02
   970.000    -8.580   2.168013E+02
   970.000    -9.535   2.391344E+02
   970.000   -10.489   2.611828E+02
   970.000   -11.444   2.829924E+02
   970.000   -12.399   3.045395E+02
   970.000   -13.353   3.258021E+02
   970.000   -15.263   3.675841E+02
   970.000   -17.172   4.082991E+02
   970.000   -19.081   4.479728E+02
   970.000   -20.991   4.866292E+02
   970.000   -22.900   5.242318E+02
   970.000   -24.809   5.608043E+02
   970.000   -26.719   5.963674E+02
   970.000   -28.628   6.308852E+02
   970.000   -30.538   6.643932E+02
   970.000   -32.447   6.968538E+02
   970.000   -35.462   7.460043E+02
   970.000   -37.220   7.597102E+02
   970.000   -40.084   7.819692E+02
   970.000   -42.948   8.040584E+02
   970.000   -45.812   8.257664E+02
   970.000   -48.677   8.471483E+02
   970.000   -51.541   8.681884E+02
   970.000   -54.405   8.889201E+02
   970.000   -57.269   9.093947E+02
   970.000   -60.133   9.296261E+02
   970.000   -62.997   9.496501E+02
   970.000   -65.861   9.695229E+02
   970.000   -70.634   1.002369E+03
   970.000   -75.408   1.034998E+03
   970.000   -80.181   1.067524E+03
   970.000   -84.955   1.100163E+03
   970.000   -89.728   1.133047E+03
   970.000   -94.501   1.166377E+03
   970.000   -99.275   1.200384E+03
   970.000  -104.048   1.235331E+03
   970.000  -108.822   1.271842E+03
   969.000  -114.712   1.320000E+03
   970.000  -118.368   1.327312E+03
   970.000  -123.142   1.336860E+03
   970.000  -127.915   1.346406E+03
   970.000  -132.689   1.355954E+03
   970.000  -137.462   1.365500E+03
   970.000  -142.236   1.375048E+03
   970.000  -147.009   1.384594E+03
   970.000  -151.782   1.394140E+03
   970.000  -156.556   1.400902E+03
   970.000  -161.329   1.403237E+03
   970.000  -166.103   1.405573E+03
   970.000  -170.876   1.407908E+03
   970.000  -175.649   1.410243E+03
   970.000  -180.423   1.412578E+03
   970.000  -185.196   1.414913E+03
   970.000  -189.921   1.217225E+03
   970.000  -194.743   1.219584E+03
   970.000  -199.517   1.221920E+03
   970.000  -204.290   1.224255E+03
   970.000  -209.063   1.226590E+03
   970.000  -213.837   1.228925E+03
   970.000  -218.610   1.231260E+03
   970.000  -228.157   1.235931E+03
   970.000  -237.704   1.240601E+03
   970.000  -247.251   1.245272E+03
   970.000  -256.798   1.249943E+03
   970.000  -266.344   1.254613E+03
   970.000  -278.281   1.260453E+03
   970.000  -285.438   1.463954E+03
   970.000  -290.211   1.466289E+03
   970.000  -294.985   1.468624E+03
   970.000  -299.758   1.470960E+03
   970.000  -304.532   1.473295E+03
   970.000  -314.079   1.477966E+03
   970.000  -323.625   1.482636E+03
   970.000  -333.172   1.487306E+03
   970.000  -342.719   1.491977E+03
   970.000  -352.266   1.496648E+03
   970.000  -361.813   1.501318E+03
   970.000  -371.360   1.505989E+03
   970.000  -380.906   1.510659E+03
   970.000  -390.453   1.515329E+03
   970.000  -400.000   1.520000E+03
   975.000     0.888   0.000000E+00
   975.000     0.236   1.660773E+01
   975.000    -0.544   3.394061E+01
   975.000    -1.021   4.430858E+01
   975.000    -1.498   5.450215E+01
   975.000    -1.975   6.452159E+01
   975.000    -2.453   7.438762E+01
   975.000    -2.930   8.405909E+01
   975.000    -3.794   1.011759E+02
   975.000    -4.362   1.153211E+02
   975.000    -4.839   1.271125E+02
   975.000    -5.316   1.388356E+02
   975.000    -5.793   1.504904E+02
   975.000    -6.748   1.736199E+02
   975.000    -7.702   1.964538E+02
   975.000    -8.657   2.190411E+02
   975.000    -9.611   2.413356E+02
   975.000   -10.566   2.633853E+02
   975.000   -11.520   2.851451E+02
   975.000   -12.475   3.066617E+02
   975.000   -13.429   3.278909E+02
   975.000   -15.338   3.695798E+02
   975.000   -17.247   4.102190E+02
   975.000   -19.156   4.498141E+02
   975.000   -21.065   4.883694E+02
   975.000   -22.974   5.258887E+02
   975.000   -24.883   5.623744E+02
   975.000   -26.792   5.978281E+02
   975.000   -28.701   6.322501E+02
   975.000   -30.610   6.656394E+02
   975.000   -32.519   6.979939E+02
   975.000   -35.405   7.449210E+02
   975.000   -37.292   7.596227E+02
   975.000   -40.155   7.818599E+02
   975.000   -43.019   8.039454E+02
   975.000   -45.882   8.256610E+02
   975.000   -48.746   8.470627E+02
   975.000   -51.609   8.681321E+02
   975.000   -54.473   8.889252E+02
   975.000   -57.336   9.094636E+02
   975.000   -60.200   9.297743E+02
   975.000   -63.063   9.498777E+02
   975.000   -65.927   9.698426E+02
   975.000   -70.699   1.002846E+03
   975.000   -75.472   1.035639E+03
   975.000   -80.244   1.068351E+03
   975.000   -85.017   1.101179E+03
   975.000   -89.789   1.134236E+03
   975.000   -94.562   1.167749E+03
   975.000   -99.334   1.201880E+03
   975.000  -104.106   1.236845E+03
   975.000  -108.879   1.272896E+03
   975.000  -114.884   1.320000E+03
   975.000  -118.424   1.327080E+03
   975.000  -123.196   1.336624E+03
   975.000  -127.969   1.346170E+03
   975.000  -132.741   1.355714E+03
   975.000  -137.514   1.365260E+03
   975.000  -142.286   1.374804E+03
   975.000  -147.059   1.384350E+03
   975.000  -151.831   1.393894E+03
   975.000  -156.604   1.400842E+03
   975.000  -161.376   1.403178E+03
   975.000  -166.149   1.405515E+03
   975.000  -170.921   1.407851E+03
   975.000  -175.694   1.410188E+03
   975.000  -180.466   1.412524E+03
   975.000  -185.239   1.414861E+03
   975.000  -190.011   1.417197E+03
   974.000  -194.753   1.219518E+03
   976.865  -199.565   1.221874E+03
   975.000  -204.328   1.224206E+03
   975.000  -209.101   1.226543E+03
   975.000  -213.873   1.228879E+03
   975.000  -218.646   1.231216E+03
   975.000  -228.191   1.235888E+03
   975.000  -237.736   1.240561E+03
   975.000  -247.281   1.245234E+03
   975.000  -256.826   1.249907E+03
   975.000  -266.371   1.254580E+03
   975.000  -277.987   1.260267E+03
   975.000  -285.461   1.463926E+03
   975.000  -290.233   1.466262E+03
   975.000  -295.006   1.468599E+03
   975.000  -299.778   1.470935E+03
   975.000  -304.550   1.473271E+03
   975.000  -314.095   1.477944E+03
   975.000  -323.640   1.482617E+03
   975.000  -333.185   1.487290E+03
   975.000  -342.730   1.491963E+03
   975.000  -352.275   1.496636E+03
   975.000  -361.820   1.501308E+03
   975.000  -371.365   1.505981E+03
   975.000  -380.910   1.510654E+03
   975.000  -390.455   1.515327E+03
   975.000  -400.000   1.520000E+03
   980.000     0.840   0.000000E+00
   980.000     0.216   1.601730E+01
   980.000    -0.592   3.404350E+01
   980.000    -1.069   4.443126E+01
   980.000    -1.546   5.462805E+01
   980.000    -2.023   6.463606E+01
   980.000    -2.500   7.445726E+01
   980.000    -2.978   8.411356E+01
   980.000    -3.505   9.452459E+01
   980.000    -4.409   1.171222E+02
   980.000    -4.886   1.289313E+02
   980.000    -5.363   1.406651E+02
   980.000    -5.841   1.523491E+02
   980.000    -6.795   1.754486E+02
   980.000    -7.749   1.982618E+02
   980.000    -8.704   2.208177E+02
   980.000    -9.658   2.430734E+02
   980.000   -10.613   2.650790E+02
   980.000   -11.567   2.867914E+02
   980.000   -12.521   3.082361E+02
   980.000   -13.476   3.294372E+02
   980.000   -15.384   3.710042E+02
   980.000   -17.293   4.115456E+02
   980.000   -19.202   4.510466E+02
   980.000   -21.111   4.895121E+02
   980.000   -23.020   5.269457E+02
   980.000   -24.928   5.633308E+02
   980.000   -26.837   5.987066E+02
   980.000   -28.746   6.330538E+02
   980.000   -30.655   6.663714E+02
   980.000   -32.563   6.986404E+02
   980.000   -35.347   7.438617E+02
   980.000   -37.335   7.593479E+02
   980.000   -40.198   7.815876E+02
   980.000   -43.062   8.036815E+02
   980.000   -45.925   8.254194E+02
   980.000   -48.788   8.468295E+02
   980.000   -51.651   8.679302E+02
   980.000   -54.514   8.887571E+02
   980.000   -57.377   9.093448E+02
   980.000   -60.240   9.297045E+02
   980.000   -63.104   9.498766E+02
   980.000   -65.967   9.699001E+02
   980.000   -70.739   1.003019E+03
   980.000   -75.510   1.035918E+03
   980.000   -80.282   1.068761E+03
   980.000   -85.054   1.101698E+03
   980.000   -89.826   1.134857E+03
   980.000   -94.598   1.168427E+03
   980.000   -99.370   1.202580E+03
   980.000  -104.142   1.237419E+03
   980.000  -108.914   1.273087E+03
   980.000  -115.028   1.320000E+03
   980.000  -118.458   1.326860E+03
   980.000  -123.230   1.336404E+03
   980.000  -128.001   1.345946E+03
   980.000  -132.773   1.355490E+03
   980.000  -137.545   1.365034E+03
   980.000  -142.317   1.374578E+03
   980.000  -147.089   1.384122E+03
   980.000  -151.861   1.393666E+03
   980.000  -156.633   1.400786E+03
   980.000  -161.405   1.403124E+03
   980.000  -166.177   1.405461E+03
   980.000  -170.949   1.407799E+03
   980.000  -175.720   1.410136E+03
   980.000  -180.492   1.412474E+03
   980.000  -185.264   1.414811E+03
   980.000  -190.036   1.417149E+03
   980.000  -194.808   1.419486E+03
   980.000  -199.580   1.421824E+03
   979.714  -204.351   1.224161E+03
   980.000  -209.124   1.226499E+03
   980.000  -213.896   1.228837E+03
   980.000  -218.668   1.231174E+03
   980.000  -228.211   1.235849E+03
   980.000  -237.755   1.240524E+03
   980.000  -247.299   1.245199E+03
   980.000  -256.843   1.249874E+03
   980.000  -266.387   1.254549E+03
   980.000  -277.693   1.260088E+03
   980.000  -285.474   1.463899E+03
   980.000  -290.246   1.466237E+03
   980.000  -295.018   1.468574E+03
   980.000  -299.790   1.470912E+03
   980.000  -304.562   1.473250E+03
   980.000  -314.106   1.477925E+03
   980.000  -323.650   1.482600E+03
   980.000  -333.193   1.487274E+03
   980.000  -342.737   1.491950E+03
   980.000  -352.281   1.496625E+03
   980.000  -361.825   1.501300E+03
   980.000  -371.369   1.505975E+03
   980.000  -380.912   1.510650E+03
   980.000  -390.456   1.515325E+03
   980.000  -400.000   1.520000E+03
   985.000     0.943   0.000000E+00
   985.000     0.197   1.867020E+01
   985.000    -0.489   3.362037E+01
   985.000    -0.966   4.380847E+01
   985.000    -1.444   5.383946E+01
   985.000    -1.921   6.367262E+01
   985.000    -2.398   7.333013E+01
   985.000    -2.876   8.283246E+01
   985.000    -3.216   8.946778E+01
   985.000    -4.307   1.165128E+02
   985.000    -4.785   1.282511E+02
   985.000    -5.262   1.398963E+02
   985.000    -5.739   1.514738E+02
   985.000    -6.694   1.744504E+02
   985.000    -7.649   1.971604E+02
   985.000    -8.603   2.195828E+02
   985.000    -9.558   2.417664E+02
   985.000   -10.513   2.636890E+02
   985.000   -11.467   2.853292E+02
   985.000   -12.422   3.067334E+02
   985.000   -13.376   3.278573E+02
   985.000   -15.286   3.693779E+02
   985.000   -17.195   4.098509E+02
   985.000   -19.104   4.493009E+02
   985.000   -21.013   4.877297E+02
   985.000   -22.923   5.251585E+02
   985.000   -24.832   5.615494E+02
   985.000   -26.741   5.969229E+02
   985.000   -28.650   6.312789E+02
   985.000   -30.560   6.646327E+02
   985.000   -32.469   6.969437E+02
   985.000   -35.290   7.427970E+02
   985.000   -37.242   7.580291E+02
   985.000   -40.106   7.803057E+02
   985.000   -42.970   8.024285E+02
   985.000   -45.834   8.242023E+02
   985.000   -48.698   8.456438E+02
   985.000   -51.561   8.667735E+02
   985.000   -54.425   8.876419E+02
   985.000   -57.289   9.082760E+02
   985.000   -60.153   9.286867E+02
   985.000   -63.017   9.489062E+02
   985.000   -65.881   9.689858E+02
   985.000   -70.654   1.002186E+03
   985.000   -75.427   1.035176E+03
   985.000   -80.200   1.068097E+03
   985.000   -84.973   1.101091E+03
   985.000   -89.746   1.134294E+03
   985.000   -94.520   1.167879E+03
   985.000   -99.293   1.201969E+03
   985.000  -104.066   1.236634E+03
   985.000  -108.839   1.272020E+03
   985.000  -115.171   1.320000E+03
   985.000  -118.385   1.326428E+03
   985.000  -123.158   1.335974E+03
   985.000  -127.932   1.345522E+03
   985.000  -132.705   1.355068E+03
   985.000  -137.478   1.364614E+03
   985.000  -142.251   1.374160E+03
   985.000  -147.024   1.383706E+03
   985.000  -151.797   1.393252E+03
   985.000  -156.570   1.400686E+03
   985.000  -161.343   1.403025E+03
   985.000  -166.117   1.405365E+03
   985.000  -170.890   1.407704E+03
   985.000  -175.663   1.410044E+03
   985.000  -180.436   1.412383E+03
   985.000  -185.209   1.414723E+03
   985.000  -189.982   1.417062E+03
   985.000  -194.755   1.419402E+03
   985.000  -199.529   1.421742E+03
   985.000  -204.302   1.424081E+03
   982.541  -209.099   1.226432E+03
   985.365  -213.842   1.228757E+03
   985.000  -218.621   1.231099E+03
   985.000  -228.167   1.235778E+03
   985.000  -237.714   1.240457E+03
   985.000  -247.260   1.245136E+03
   985.000  -256.806   1.249815E+03
   985.000  -266.352   1.254494E+03
   985.000  -277.398   1.259908E+03
   985.000  -285.445   1.463852E+03
   985.000  -290.218   1.466192E+03
   985.000  -294.991   1.468531E+03
   985.000  -299.764   1.470871E+03
   985.000  -304.537   1.473210E+03
   985.000  -314.084   1.477889E+03
   985.000  -323.630   1.482568E+03
   985.000  -333.176   1.487247E+03
   985.000  -342.722   1.491926E+03
   985.000  -352.269   1.496605E+03
   985.000  -361.815   1.501284E+03
   985.000  -371.361   1.505963E+03
   985.000  -380.907   1.510642E+03
   985.000  -390.454   1.515321E+03
   985.000  -400.000   1.520000E+03
   990.000     1.130   0.000000E+00
   990.000     0.177   2.272895E+01
   990.000    -0.303   3.277264E+01
   990.000    -0.780   4.264476E+01
   990.000    -1.258   5.237008E+01
   990.000    -1.735   6.193257E+01
   990.000    -2.213   7.137014E+01
   990.000    -2.927   8.521328E+01
   990.000    -3.168   9.113789E+01
   990.000    -4.123   1.144179E+02
   990.000    -4.600   1.259700E+02
   990.000    -5.078   1.374944E+02
   990.000    -5.556   1.489654E+02
   990.000    -6.511   1.717204E+02
   990.000    -7.466   1.942504E+02
   990.000    -8.421   2.165498E+02
   990.000    -9.376   2.386138E+02
   990.000   -10.331   2.604390E+02
   990.000   -11.286   2.820226E+02
   990.000   -12.241   3.033622E+02
   990.000   -13.196   3.244562E+02
   990.000   -15.106   3.659004E+02
   990.000   -17.016   4.063481E+02
   990.000   -18.927   4.458145E+02
   990.000   -20.837   4.842557E+02
   990.000   -22.747   5.216915E+02
   990.000   -24.657   5.581229E+02
   990.000   -26.567   5.935531E+02
   990.000   -28.477   6.279880E+02
   990.000   -30.387   6.614382E+02
   990.000   -32.298   6.939391E+02
   992.000   -35.209   7.413634E+02
   990.000   -37.073   7.561446E+02
   990.000   -39.938   7.784927E+02
   990.000   -42.803   8.006440E+02
   990.000   -45.669   8.224471E+02
   990.000   -48.534   8.439170E+02
   990.000   -51.399   8.650812E+02
   990.000   -54.264   8.859789E+02
   990.000   -57.129   9.066462E+02
   990.000   -59.995   9.271014E+02
   990.000   -62.860   9.473632E+02
   990.000   -65.725   9.674783E+02
   990.000   -70.500   1.000729E+03
   990.000   -75.276   1.033779E+03
   990.000   -80.051   1.066732E+03
   990.000   -84.826   1.099743E+03
   990.000   -89.602   1.132959E+03
   990.000   -94.377   1.166508E+03
   990.000   -99.153   1.200507E+03
   990.000  -103.928   1.235044E+03
   990.000  -108.703   1.270244E+03
   990.000  -115.314   1.320000E+03
   990.000  -118.254   1.325880E+03
   990.000  -123.029   1.335430E+03
   990.000  -127.805   1.344982E+03
   990.000  -132.580   1.354532E+03
   990.000  -137.355   1.364082E+03
   990.000  -142.131   1.373634E+03
   990.000  -146.906   1.383184E+03
   990.000  -151.681   1.392734E+03
   990.000  -156.457   1.400561E+03
   990.000  -161.232   1.402902E+03
   990.000  -166.008   1.405245E+03
   990.000  -170.783   1.407586E+03
   990.000  -175.558   1.409928E+03
   990.000  -180.334   1.412270E+03
   990.000  -185.109   1.414612E+03
   990.000  -189.884   1.416954E+03
   990.000  -194.660   1.419296E+03
   990.000  -199.435   1.421638E+03
   990.000  -204.210   1.423980E+03
   990.000  -208.986   1.426322E+03
   990.000  -213.761   1.428664E+03
   988.178  -218.567   1.231021E+03
   990.000  -228.087   1.235690E+03
   990.000  -237.638   1.240374E+03
   990.000  -247.189   1.245058E+03
   990.000  -256.739   1.249741E+03
   990.000  -266.290   1.254425E+03
   990.000  -277.104   1.259729E+03
   990.000  -285.391   1.463793E+03
   990.000  -290.167   1.466135E+03
   990.000  -294.942   1.468477E+03
   990.000  -299.718   1.470819E+03
   990.000  -304.493   1.473161E+03
   990.000  -314.044   1.477845E+03
   990.000  -323.594   1.482529E+03
   990.000  -333.145   1.487213E+03
   990.000  -342.696   1.491897E+03
   990.000  -352.246   1.496580E+03
   990.000  -361.797   1.501264E+03
   990.000  -371.348   1.505948E+03
   990.000  -380.899   1.510632E+03
   990.000  -390.449   1.515316E+03
   990.000  -400.000   1.520000E+03
   995.000     1.119   0.000000E+00
   995.000     0.641   1.141725E+01
   995.000     0.157   2.289873E+01
   995.000    -0.791   4.246453E+01
   995.000    -1.269   5.211465E+01
   995.000    -1.746   6.157982E+01
   995.000    -2.224   7.089738E+01
   997.000    -2.523   7.632383E+01
   995.000    -3.179   9.227730E+01
   995.000    -4.134   1.155116E+02
   995.000    -4.611   1.270357E+02
   995.000    -5.089   1.385291E+02
   995.000    -5.566   1.499432E+02
   995.000    -6.521   1.726275E+02
   995.000    -7.476   1.950840E+02
   995.000    -8.431   2.173092E+02
   995.000    -9.386   2.392998E+02
   995.000   -10.342   2.610759E+02
   995.000   -11.297   2.825896E+02
   995.000   -12.252   3.038618E+02
   995.000   -13.207   3.248906E+02
   995.000   -15.117   3.662131E+02
   995.000   -17.027   4.065473E+02
   995.000   -18.937   4.458865E+02
   995.000   -20.847   4.842261E+02
   995.000   -22.757   5.215632E+02
   995.000   -24.667   5.578963E+02
   995.000   -26.577   5.932249E+02
   995.000   -28.487   6.275493E+02
   995.000   -30.397   6.608701E+02
   995.000   -32.308   6.932034E+02
   995.000   -35.322   7.422420E+02
   995.000   -37.083   7.559751E+02
   995.000   -39.948   7.782268E+02
   995.000   -42.813   8.003063E+02
   995.000   -45.678   8.220534E+02
   995.000   -48.543   8.434885E+02
   995.000   -51.408   8.646282E+02
   995.000   -54.274   8.855174E+02
   995.000   -57.139   9.061764E+02
   995.000   -60.004   9.266225E+02
   995.000   -62.869   9.468873E+02
   995.000   -65.734   9.670017E+02
   995.000   -70.509   1.000254E+03
   995.000   -75.285   1.033305E+03
   995.000   -80.060   1.066242E+03
   995.000   -84.835   1.099230E+03
   995.000   -89.610   1.132403E+03
   995.000   -94.386   1.165886E+03
   995.000   -99.161   1.199780E+03
   995.000  -103.936   1.234228E+03
   995.000  -108.711   1.269307E+03
   995.000  -115.458   1.320000E+03
   995.000  -118.262   1.325608E+03
   995.000  -123.037   1.335158E+03
   995.000  -127.812   1.344708E+03
   995.000  -132.587   1.354258E+03
   995.000  -137.363   1.363810E+03
   995.000  -142.138   1.373360E+03
   995.000  -146.913   1.382910E+03
   995.000  -151.688   1.392460E+03
   995.000  -156.463   1.400493E+03
   995.000  -161.239   1.402837E+03
   995.000  -166.014   1.405180E+03
   995.000  -170.789   1.407523E+03
   995.000  -175.564   1.409866E+03
   995.000  -180.340   1.412210E+03
   995.000  -185.115   1.414553E+03
   995.000  -189.890   1.416896E+03
   995.000  -194.665   1.419239E+03
   995.000  -199.441   1.421583E+03
   995.000  -204.216   1.423926E+03
   995.000  -208.991   1.426269E+03
   995.000  -213.766   1.428613E+03
   995.000  -218.541   1.430956E+03
   995.000  -230.025   1.236591E+03
   997.495  -237.660   1.240338E+03
   995.000  -247.193   1.245016E+03
   995.000  -256.743   1.249702E+03
   995.000  -266.294   1.254389E+03
   995.000  -276.810   1.259549E+03
   995.000  -285.395   1.463762E+03
   995.000  -290.170   1.466105E+03
   995.000  -294.945   1.468448E+03
   995.000  -299.720   1.470791E+03
   995.000  -304.495   1.473134E+03
   995.000  -314.046   1.477821E+03
   995.000  -323.596   1.482508E+03
   995.000  -333.147   1.487194E+03
   995.000  -342.697   1.491881E+03
   995.000  -352.248   1.496567E+03
   995.000  -361.798   1.501254E+03
   995.000  -371.349   1.505941E+03
   995.000  -380.899   1.510627E+03
   995.000  -390.450   1.515314E+03
   995.000  -400.000   1.520000E+03
  1000.000     1.032   0.000000E+00
  1000.000     0.137   2.180708E+01
  1000.000    -0.400   3.323832E+01
  1000.000    -0.878   4.319674E+01
  1000.000    -1.355   5.295627E+01
  1000.000    -1.833   6.255919E+01
  1000.000    -2.310   7.196628E+01
  1000.000    -2.625   7.813295E+01
  1000.000    -3.265   9.389597E+01
  1000.000    -4.220   1.172178E+02
  1000.000    -4.697   1.287740E+02
  1000.000    -5.174   1.402688E+02
  1000.000    -5.652   1.517263E+02
  1000.000    -6.607   1.744336E+02
  1000.000    -7.562   1.968958E+02
  1000.000    -8.516   2.190898E+02
  1000.000    -9.471   2.410619E+02
  1000.000   -10.426   2.627882E+02
  1000.000   -11.381   2.842681E+02
  1000.000   -12.336   3.055010E+02
  1000.000   -13.291   3.264862E+02
  1000.000   -15.200   3.676911E+02
  1000.000   -17.110   4.079196E+02
  1000.000   -19.020   4.471456E+02
  1000.000   -20.929   4.853455E+02
  1000.000   -22.839   5.225565E+02
  1000.000   -24.749   5.587561E+02
  1000.000   -26.658   5.939244E+02
  1000.000   -28.568   6.280967E+02
  1000.000   -30.478   6.612533E+02
  1000.000   -32.387   6.933762E+02
  1000.000   -35.510   7.437492E+02
  1000.000   -37.162   7.564957E+02
  1000.000   -40.026   7.785744E+02
  1000.000   -42.891   8.005312E+02
  1000.000   -45.755   8.221789E+02
  1000.000   -48.620   8.435444E+02
  1000.000   -51.484   8.646240E+02
  1000.000   -54.349   8.854662E+02
  1000.000   -57.213   9.060879E+02
  1000.000   -60.078   9.265109E+02
  1000.000   -62.942   9.467503E+02
  1000.000   -65.807   9.668480E+02
  1000.000   -70.581   1.000068E+03
  1000.000   -75.355   1.033076E+03
  1000.000   -80.129   1.065965E+03
  1000.000   -84.903   1.098892E+03
  1000.000   -89.678   1.131994E+03
  1000.000   -94.452   1.165361E+03
  1000.000   -99.226   1.199145E+03
  1000.000  -104.000   1.233484E+03
  1000.000  -108.774   1.268499E+03
  1000.000  -115.601   1.320000E+03
  1000.000  -118.323   1.325444E+03
  1000.000  -123.097   1.334992E+03
  1000.000  -127.871   1.344540E+03
  1000.000  -132.645   1.354088E+03
  1000.000  -137.420   1.363638E+03
  1000.000  -142.194   1.373186E+03
  1000.000  -146.968   1.382734E+03
  1000.000  -151.742   1.392282E+03
  1000.000  -156.516   1.400449E+03
  1000.000  -161.290   1.402793E+03
  1000.000  -166.065   1.405138E+03
  1000.000  -170.839   1.407482E+03
  1000.000  -175.613   1.409826E+03
  1000.000  -180.387   1.412170E+03
  1000.000  -185.161   1.414514E+03
  1000.000  -189.936   1.416858E+03
  1000.000  -194.710   1.419203E+03
  1000.000  -199.484   1.421547E+03
  1000.000  -204.258   1.423891E+03
  1000.000  -209.032   1.426235E+03
  1000.000  -213.807   1.428579E+03
  1000.000  -218.581   1.430923E+03
  1000.000  -228.129   1.435611E+03
  1000.000  -237.678   1.440300E+03
  1000.000  -245.326   1.244055E+03
  1000.000  -256.774   1.249676E+03
  1000.000  -266.323   1.254365E+03
  1000.000  -276.516   1.259369E+03
  1000.000  -285.419   1.463741E+03
  1000.000  -290.194   1.466085E+03
  1000.000  -294.968   1.468429E+03
  1000.000  -299.742   1.470773E+03
  1000.000  -304.516   1.473117E+03
  1000.000  -314.065   1.477806E+03
  1000.000  -323.613   1.482494E+03
  1000.000  -333.161   1.487182E+03
  1000.000  -342.710   1.491871E+03
  1000.000  -352.258   1.496559E+03
  1000.000  -361.806   1.501247E+03
  1000.000  -371.355   1.505935E+03
  1000.000  -380.903   1.510623E+03
  1000.000  -390.452   1.515312E+03
  1000.000  -400.000   1.520000E+03
  1005.000     1.030   0.000000E+00
  1005.000     0.117   2.219882E+01
  1005.000    -0.402   3.321924E+01
  1005.000    -0.880   4.322015E+01
  1005.000    -1.357   5.300194E+01
  1005.000    -1.835   6.263384E+01
  1005.000    -2.312   7.207604E+01
  1005.000    -2.794   8.145547E+01
  1005.000    -3.267   9.312729E+01
  1005.000    -4.222   1.165073E+02
  1005.000    -4.699   1.280888E+02
  1005.000    -5.176   1.396065E+02
  1005.000    -5.654   1.510847E+02
  1005.000    -6.609   1.738268E+02
  1005.000    -7.564   1.963165E+02
  1005.000    -8.518   2.185314E+02
  1005.000    -9.473   2.405184E+02
  1005.000   -10.428   2.622541E+02
  1005.000   -11.383   2.837384E+02
  1005.000   -12.338   3.049711E+02
  1005.000   -13.293   3.259520E+02
  1005.000   -15.202   3.671364E+02
  1005.000   -17.112   4.073309E+02
  1005.000   -19.022   4.465107E+02
  1005.000   -20.931   4.846533E+02
  1005.000   -22.841   5.217959E+02
  1005.000   -24.750   5.578974E+02
  1005.000   -26.660   5.929936E+02
  1005.000   -28.570   6.270635E+02
  1005.000   -30.480   6.601059E+02
  1005.000   -32.389   6.921032E+02
  1005.000   -35.698   7.451564E+02
  1005.000   -37.163   7.563637E+02
  1005.000   -40.028   7.782993E+02
  1005.000   -42.892   8.001241E+02
  1005.000   -45.757   8.216834E+02
  1005.000   -48.621   8.429679E+02
  1005.000   -51.486   8.639987E+02
  1005.000   -54.350   8.847904E+02
  1005.000   -57.215   9.053853E+02
  1005.000   -60.079   9.257735E+02
  1005.000   -62.944   9.459959E+02
  1005.000   -65.808   9.660642E+02
  1005.000   -70.583   9.992527E+02
  1005.000   -75.357   1.032214E+03
  1005.000   -80.131   1.065041E+03
  1005.000   -84.905   1.097885E+03
  1005.000   -89.679   1.130868E+03
  1005.000   -94.453   1.164086E+03
  1005.000   -99.228   1.197716E+03
  1005.000  -104.002   1.231879E+03
  1005.000  -108.776   1.266827E+03
  1007.000  -115.802   1.320000E+03
  1005.000  -118.324   1.325044E+03
  1005.000  -123.098   1.334592E+03
  1005.000  -127.873   1.344142E+03
  1005.000  -132.647   1.353690E+03
  1005.000  -137.421   1.363238E+03
  1005.000  -142.195   1.372786E+03
  1005.000  -146.969   1.382334E+03
  1005.000  -151.743   1.391882E+03
  1005.000  -156.518   1.400352E+03
  1005.000  -161.292   1.402698E+03
  1005.000  -166.066   1.405044E+03
  1005.000  -170.840   1.407390E+03
  1005.000  -175.614   1.409736E+03
  1005.000  -180.388   1.412082E+03
  1005.000  -185.163   1.414428E+03
  1005.000  -189.937   1.416774E+03
  1005.000  -194.711   1.419120E+03
  1005.000  -199.485   1.421466E+03
  1005.000  -204.259   1.423812E+03
  1005.000  -209.033   1.426158E+03
  1005.000  -213.808   1.428504E+03
  1005.000  -218.582   1.430850E+03
  1005.000  -228.130   1.435542E+03
  1005.000  -237.678   1.440234E+03
  1005.000  -247.227   1.444927E+03
  1003.741  -256.775   1.249619E+03
  1006.860  -266.320   1.254309E+03
  1005.000  -276.222   1.259175E+03
  1005.000  -285.420   1.463695E+03
  1005.000  -290.194   1.466041E+03
  1005.000  -294.968   1.468387E+03
  1005.000  -299.743   1.470733E+03
  1005.000  -304.517   1.473079E+03
  1005.000  -314.065   1.477771E+03
  1005.000  -323.613   1.482463E+03
  1005.000  -333.162   1.487156E+03
  1005.000  -342.710   1.491847E+03
  1005.000  -352.258   1.496539E+03
  1005.000  -361.807   1.501232E+03
  1005.000  -371.355   1.505924E+03
  1005.000  -380.903   1.510616E+03
  1005.000  -390.452   1.515308E+03
  1005.000  -400.000   1.520000E+03
  1010.000     1.056   0.000000E+00
  1010.000     0.579   1.148990E+01
  1010.000     0.097   2.303308E+01
  1010.000    -0.854   4.287419E+01
  1010.000    -1.331   5.262554E+01
  1010.000    -1.809   6.224197E+01
  1010.000    -2.286   7.168166E+01
  1010.000    -2.963   8.482417E+01
  1010.000    -3.241   9.166159E+01
  1010.000    -4.196   1.150168E+02
  1010.000    -4.673   1.265898E+02
  1010.000    -5.151   1.381278E+02
  1010.000    -5.628   1.495818E+02
  1010.000    -6.583   1.723323E+02
  1010.000    -7.538   1.948374E+02
  1010.000    -8.493   2.170942E+02
  1010.000    -9.448   2.391009E+02
  1010.000   -10.403   2.608556E+02
  1010.000   -11.358   2.823574E+02
  1010.000   -12.313   3.036053E+02
  1010.000   -13.267   3.245767E+02
  1010.000   -15.177   3.657963E+02
  1010.000   -17.087   4.059916E+02
  1010.000   -18.997   4.451592E+02
  1010.000   -20.907   4.832967E+02
  1010.000   -22.816   5.203820E+02
  1010.000   -24.726   5.564513E+02
  1010.000   -26.636   5.914824E+02
  1010.000   -28.546   6.254733E+02
  1010.000   -30.456   6.584229E+02
  1010.000   -32.365   6.903168E+02
  1010.000   -34.275   7.210568E+02
  1010.000   -35.886   7.463384E+02
  1010.000   -40.004   7.776903E+02
  1010.000   -42.869   7.994108E+02
  1010.000   -45.734   8.208805E+02
  1010.000   -48.599   8.421039E+02
  1010.000   -51.463   8.630750E+02
  1010.000   -54.328   8.838332E+02
  1010.000   -57.193   9.043952E+02
  1010.000   -60.057   9.247555E+02
  1010.000   -62.922   9.449521E+02
  1010.000   -65.787   9.650016E+02
  1010.000   -70.561   9.981384E+02
  1010.000   -75.336   1.031048E+03
  1010.000   -80.110   1.063796E+03
  1010.000   -84.885   1.096544E+03
  1010.000   -89.659   1.129376E+03
  1010.000   -94.434   1.162406E+03
  1010.000   -99.208   1.195778E+03
  1010.000  -103.982   1.229611E+03
  1010.000  -108.757   1.264107E+03
  1010.000  -113.531   1.299893E+03
  1010.000  -116.229   1.320000E+03
  1010.000  -123.080   1.333702E+03
  1010.000  -127.855   1.343252E+03
  1010.000  -132.629   1.352800E+03
  1010.000  -137.404   1.362350E+03
  1010.000  -142.178   1.371898E+03
  1010.000  -146.953   1.381448E+03
  1010.000  -151.727   1.390996E+03
  1010.000  -156.502   1.400134E+03
  1010.000  -161.276   1.402484E+03
  1010.000  -166.051   1.404835E+03
  1010.000  -170.825   1.407185E+03
  1010.000  -175.600   1.409536E+03
  1010.000  -180.374   1.411886E+03
  1010.000  -185.149   1.414236E+03
  1010.000  -189.923   1.416586E+03
  1010.000  -194.698   1.418937E+03
  1010.000  -199.472   1.421287E+03
  1010.000  -204.246   1.423637E+03
  1010.000  -209.021   1.425988E+03
  1010.000  -213.795   1.428338E+03
  1010.000  -218.570   1.430688E+03
  1010.000  -228.119   1.435389E+03
  1010.000  -237.668   1.440090E+03
  1010.000  -247.217   1.444790E+03
  1010.000  -256.766   1.449491E+03
  1010.000  -266.315   1.454192E+03
  1010.000  -275.928   1.258924E+03
  1010.000  -285.413   1.463593E+03
  1010.000  -290.187   1.465943E+03
  1010.000  -294.962   1.468293E+03
  1010.000  -299.736   1.470644E+03
  1010.000  -304.510   1.472994E+03
  1010.000  -314.059   1.477694E+03
  1010.000  -323.608   1.482395E+03
  1010.000  -333.157   1.487096E+03
  1010.000  -342.706   1.491796E+03
  1010.000  -352.255   1.496497E+03
  1010.000  -361.804   1.501197E+03
  1010.000  -371.353   1.505898E+03
  1010.000  -380.902   1.510599E+03
  1010.000  -390.451   1.515299E+03
  1010.000  -400.000   1.520000E+03
  1015.000     0.949   0.000000E+00
  1015.000     0.078   2.142719E+01
  1015.000    -0.483   3.350908E+01
  1015.000    -0.960   4.356643E+01
  1015.000    -1.438   5.347532E+01
  1015.000    -1.915   6.319413E+01
  1015.000    -2.392   7.274369E+01
  1015.000    -2.870   8.213154E+01
  1015.000    -3.133   8.723289E+01
  1015.000    -4.302   1.160155E+02
  1015.000    -4.779   1.276474E+02
  1015.000    -5.256   1.392131E+02
  1015.000    -5.733   1.507126E+02
  1015.000    -6.688   1.735369E+02
  1015.000    -7.643   1.960970E+02
  1015.000    -8.597   2.183700E+02
  1015.000    -9.552   2.404033E+02
  1015.000   -10.507   2.621741E+02
  1015.000   -11.461   2.836604E+02
  1015.000   -12.416   3.049078E+02
  1015.000   -13.371   3.258940E+02
  1015.000   -15.280   3.670624E+02
  1015.000   -17.189   4.071891E+02
  1015.000   -19.098   4.462744E+02
  1015.000   -21.008   4.843367E+02
  1015.000   -22.917   5.213339E+02
  1015.000   -24.826   5.572823E+02
  1015.000   -26.736   5.921947E+02
  1015.000   -28.645   6.260265E+02
  1015.000   -30.554   6.587850E+02
  1015.000   -32.463   6.904536E+02
  1015.000   -34.373   7.210229E+02
  1017.000   -36.149   7.477498E+02
  1015.000   -40.101   7.778259E+02
  1015.000   -42.964   7.993927E+02
  1015.000   -45.828   8.207652E+02
  1015.000   -48.692   8.419200E+02
  1015.000   -51.556   8.628450E+02
  1015.000   -54.420   8.835588E+02
  1015.000   -57.284   9.040817E+02
  1015.000   -60.148   9.244128E+02
  1015.000   -63.012   9.445739E+02
  1015.000   -65.876   9.645817E+02
  1015.000   -70.649   9.976670E+02
  1015.000   -75.422   1.030492E+03
  1015.000   -80.195   1.063142E+03
  1015.000   -84.969   1.095764E+03
  1015.000   -89.742   1.128416E+03
  1015.000   -94.515   1.161214E+03
  1015.000   -99.288   1.194270E+03
  1015.000  -104.061   1.227655E+03
  1015.000  -108.835   1.261494E+03
  1015.000  -113.608   1.295903E+03
  1015.000  -116.939   1.320000E+03
  1015.000  -123.154   1.332430E+03
  1015.000  -127.927   1.341976E+03
  1015.000  -132.701   1.351524E+03
  1015.000  -137.474   1.361070E+03
  1015.000  -142.247   1.370616E+03
  1015.000  -147.020   1.380162E+03
  1015.000  -151.793   1.389708E+03
  1015.000  -156.567   1.399256E+03
  1015.000  -161.340   1.402173E+03
  1015.000  -166.113   1.404529E+03
  1015.000  -170.886   1.406886E+03
  1015.000  -175.659   1.409242E+03
  1015.000  -180.433   1.411599E+03
  1015.000  -185.206   1.413956E+03
  1015.000  -189.979   1.416312E+03
  1015.000  -194.752   1.418668E+03
  1015.000  -199.526   1.421025E+03
  1015.000  -204.299   1.423382E+03
  1015.000  -209.072   1.425738E+03
  1015.000  -213.845   1.428095E+03
  1015.000  -218.618   1.430451E+03
  1015.000  -228.165   1.435165E+03
  1015.000  -237.711   1.439877E+03
  1015.000  -247.258   1.444591E+03
  1015.000  -256.804   1.449304E+03
  1015.000  -266.350   1.454017E+03
  1015.000  -275.897   1.458730E+03
  1015.000  -285.443   1.463443E+03
  1015.000  -290.216   1.465799E+03
  1015.000  -294.990   1.468156E+03
  1015.000  -299.763   1.470513E+03
  1015.000  -304.536   1.472869E+03
  1015.000  -314.082   1.477582E+03
  1015.000  -323.629   1.482295E+03
  1015.000  -333.175   1.487008E+03
  1015.000  -342.722   1.491722E+03
  1015.000  -352.268   1.496435E+03
  1015.000  -361.814   1.501147E+03
  1015.000  -371.361   1.505861E+03
  1015.000  -380.907   1.510574E+03
  1015.000  -390.454   1.515287E+03
  1015.000  -400.000   1.520000E+03
  1020.000     0.855   0.000000E+00
  1020.000     0.058   2.001983E+01
  1020.000    -0.577   3.391586E+01
  1020.000    -1.054   4.413672E+01
  1020.000    -1.531   5.417020E+01
  1020.000    -2.008   6.401809E+01
  1020.000    -2.485   7.368190E+01
  1020.000    -2.963   8.318262E+01
  1020.000    -3.302   8.981333E+01
  1020.000    -4.394   1.168393E+02
  1020.000    -4.872   1.285485E+02
  1020.000    -5.349   1.401585E+02
  1020.000    -5.826   1.516952E+02
  1020.000    -6.780   1.745518E+02
  1020.000    -7.735   1.971492E+02
  1020.000    -8.689   2.194452E+02
  1020.000    -9.644   2.414905E+02
  1020.000   -10.598   2.632421E+02
  1020.000   -11.552   2.847256E+02
  1020.000   -12.507   3.059648E+02
  1020.000   -13.461   3.269167E+02
  1020.000   -15.370   3.680520E+02
  1020.000   -17.279   4.081365E+02
  1020.000   -19.188   4.471731E+02
  1020.000   -21.097   4.851621E+02
  1020.000   -23.005   5.220834E+02
  1020.000   -24.914   5.579731E+02
  1020.000   -26.823   5.928074E+02
  1020.000   -28.732   6.265806E+02
  1020.000   -30.641   6.592847E+02
  1020.000   -32.550   6.909088E+02
  1020.000   -34.458   7.214219E+02
  1020.000   -36.042   7.460291E+02
  1020.000   -40.185   7.773340E+02
  1020.000   -43.048   7.989300E+02
  1020.000   -45.911   8.203000E+02
  1020.000   -48.775   8.414521E+02
  1020.000   -51.638   8.623572E+02
  1020.000   -54.501   8.830502E+02
  1020.000   -57.364   9.035509E+02
  1020.000   -60.228   9.238658E+02
  1020.000   -63.091   9.439944E+02
  1020.000   -65.954   9.639758E+02
  1020.000   -70.726   9.970163E+02
  1020.000   -75.498   1.029763E+03
  1020.000   -80.270   1.062313E+03
  1020.000   -85.043   1.094801E+03
  1020.000   -89.815   1.127269E+03
  1020.000   -94.587   1.159817E+03
  1020.000   -99.359   1.192531E+03
  1020.000  -104.131   1.225435E+03
  1020.000  -108.903   1.258595E+03
  1020.000  -113.675   1.292055E+03
  1020.000  -117.650   1.320000E+03
  1020.000  -123.219   1.331138E+03
  1020.000  -127.991   1.340682E+03
  1020.000  -132.763   1.350226E+03
  1020.000  -137.535   1.359770E+03
  1020.000  -142.308   1.369316E+03
  1020.000  -147.080   1.378860E+03
  1020.000  -151.852   1.388404E+03
  1020.000  -156.624   1.397948E+03
  1020.000  -161.396   1.401855E+03
  1020.000  -166.168   1.404218E+03
  1020.000  -170.940   1.406581E+03
  1020.000  -175.712   1.408943E+03
  1020.000  -180.484   1.411306E+03
  1020.000  -185.256   1.413669E+03
  1020.000  -190.028   1.416032E+03
  1020.000  -194.800   1.418395E+03
  1020.000  -199.573   1.420758E+03
  1020.000  -204.345   1.423121E+03
  1020.000  -209.117   1.425484E+03
  1020.000  -213.889   1.427847E+03
  1020.000  -218.661   1.430210E+03
  1020.000  -228.205   1.434935E+03
  1020.000  -237.749   1.439661E+03
  1020.000  -247.293   1.444387E+03
  1020.000  -256.838   1.449113E+03
  1020.000  -266.382   1.453839E+03
  1020.000  -275.926   1.458565E+03
  1020.000  -285.470   1.463290E+03
  1020.000  -290.242   1.465653E+03
  1020.000  -295.014   1.468016E+03
  1020.000  -299.786   1.470379E+03
  1020.000  -304.558   1.472742E+03
  1020.000  -314.103   1.477468E+03
  1020.000  -323.647   1.482194E+03
  1020.000  -333.191   1.486919E+03
  1020.000  -342.735   1.491645E+03
  1020.000  -352.279   1.496371E+03
  1020.000  -361.823   1.501097E+03
  1020.000  -371.368   1.505823E+03
  1020.000  -380.912   1.510549E+03
  1020.000  -390.456   1.515274E+03
  1020.000  -400.000   1.520000E+03
  1025.000     0.883   0.000000E+00
  1025.000     0.038   2.115461E+01
  1025.000    -0.549   3.396684E+01
  1025.000    -1.026   4.421121E+01
  1025.000    -1.503   5.424613E+01
  1025.000    -1.980   6.410027E+01
  1025.000    -2.458   7.379403E+01
  1025.000    -2.935   8.328699E+01
  1025.000    -3.471   9.375212E+01
  1025.000    -4.367   1.159483E+02
  1025.000    -4.844   1.275564E+02
  1025.000    -5.321   1.390988E+02
  1025.000    -5.798   1.505769E+02
  1025.000    -6.753   1.733633E+02
  1025.000    -7.707   1.958664E+02
  1025.000    -8.662   2.181328E+02
  1025.000    -9.616   2.401156E+02
  1025.000   -10.571   2.618609E+02
  1025.000   -11.525   2.833233E+02
  1025.000   -12.480   3.045477E+02
  1025.000   -13.434   3.254900E+02
  1025.000   -15.343   3.666173E+02
  1025.000   -17.252   4.067049E+02
  1025.000   -19.161   4.457526E+02
  1025.000   -21.070   4.837595E+02
  1025.000   -22.979   5.207246E+02
  1025.000   -24.888   5.566465E+02
  1025.000   -26.797   5.915238E+02
  1025.000   -28.706   6.253562E+02
  1025.000   -30.615   6.581445E+02
  1025.000   -32.524   6.898930E+02
  1025.000   -34.433   7.206123E+02
  1025.000   -35.865   7.429151E+02
  1025.000   -40.160   7.756275E+02
  1025.000   -43.023   7.973350E+02
  1025.000   -45.887   8.187953E+02
  1025.000   -48.750   8.399863E+02
  1025.000   -51.614   8.609265E+02
  1025.000   -54.477   8.816372E+02
  1025.000   -57.340   9.021452E+02
  1025.000   -60.204   9.224643E+02
  1025.000   -63.067   9.425956E+02
  1025.000   -65.931   9.625826E+02
  1025.000   -70.703   9.955865E+02
  1025.000   -75.476   1.028284E+03
  1025.000   -80.248   1.060756E+03
  1025.000   -85.021   1.093118E+03
  1025.000   -89.793   1.125416E+03
  1025.000   -94.565   1.157739E+03
  1025.000   -99.338   1.190136E+03
  1025.000  -104.110   1.222595E+03
  1025.000  -108.883   1.255168E+03
  1025.000  -113.655   1.287837E+03
  1025.000  -118.361   1.320000E+03
  1025.000  -123.200   1.329678E+03
  1025.000  -127.972   1.339222E+03
  1025.000  -132.745   1.348768E+03
  1025.000  -137.517   1.358312E+03
  1025.000  -142.290   1.367858E+03
  1025.000  -147.062   1.377402E+03
  1025.000  -151.834   1.386946E+03
  1025.000  -156.607   1.396492E+03
  1025.000  -161.379   1.401499E+03
  1025.000  -166.152   1.403869E+03
  1025.000  -170.924   1.406239E+03
  1025.000  -175.696   1.408609E+03
  1025.000  -180.469   1.410979E+03
  1025.000  -185.241   1.413349E+03
  1025.000  -190.014   1.415719E+03
  1025.000  -194.786   1.418089E+03
  1025.000  -199.559   1.420459E+03
  1025.000  -204.331   1.422829E+03
  1025.000  -209.103   1.425199E+03
  1025.000  -213.876   1.427569E+03
  1025.000  -218.648   1.429939E+03
  1025.000  -228.193   1.434679E+03
  1025.000  -237.738   1.439419E+03
  1025.000  -247.283   1.444159E+03
  1025.000  -256.828   1.448900E+03
  1025.000  -266.372   1.453639E+03
  1025.000  -275.917   1.458379E+03
  1025.000  -285.462   1.463119E+03
  1025.000  -290.234   1.465489E+03
  1025.000  -295.007   1.467860E+03
  1025.000  -299.779   1.470229E+03
  1025.000  -304.552   1.472600E+03
  1025.000  -314.097   1.477340E+03
  1025.000  -323.641   1.482079E+03
  1025.000  -333.186   1.486820E+03
  1025.000  -342.731   1.491560E+03
  1025.000  -352.276   1.496300E+03
  1025.000  -361.821   1.501040E+03
  1025.000  -371.366   1.505780E+03
  1025.000  -380.910   1.510520E+03
  1025.000  -390.455   1.515260E+03
  1025.000  -400.000   1.520000E+03
  1030.000     0.975   0.000000E+00
  1030.000     0.498   1.188837E+01
  1030.000     0.018   2.377561E+01
  1030.000    -0.934   4.429776E+01
  1030.000    -1.412   5.435120E+01
  1030.000    -1.889   6.421128E+01
  1030.000    -2.366   7.389719E+01
  1030.000    -2.844   8.342692E+01
  1028.000    -3.573   9.664078E+01
  1032.419    -4.245   1.123810E+02
  1030.000    -4.753   1.249303E+02
  1030.000    -5.231   1.364716E+02
  1030.000    -5.708   1.479255E+02
  1030.000    -6.663   1.706671E+02
  1030.000    -7.617   1.931321E+02
  1030.000    -8.572   2.153679E+02
  1030.000    -9.527   2.373510E+02
  1030.000   -10.481   2.590583E+02
  1030.000   -11.436   2.805351E+02
  1030.000   -12.391   3.017577E+02
  1030.000   -13.346   3.227258E+02
  1030.000   -15.255   3.638746E+02
  1030.000   -17.164   4.039993E+02
  1030.000   -19.074   4.431163E+02
  1030.000   -20.983   4.811815E+02
  1030.000   -22.893   5.182319E+02
  1030.000   -24.802   5.542266E+02
  1030.000   -26.711   5.891833E+02
  1030.000   -28.621   6.231177E+02
  1030.000   -30.530   6.559927E+02
  1030.000   -32.440   6.878401E+02
  1030.000   -35.687   7.397622E+02
  1030.000   -37.213   7.514208E+02
  1030.000   -40.077   7.733133E+02
  1030.000   -42.941   7.951265E+02
  1030.000   -45.805   8.166702E+02
  1030.000   -48.670   8.379409E+02
  1030.000   -51.534   8.589421E+02
  1030.000   -54.398   8.797084E+02
  1030.000   -57.262   9.002513E+02
  1030.000   -60.126   9.205877E+02
  1030.000   -62.990   9.407396E+02
  1030.000   -65.854   9.607294E+02
  1030.000   -70.628   9.937320E+02
  1030.000   -75.401   1.026392E+03
  1030.000   -80.175   1.058816E+03
  1030.000   -84.948   1.091074E+03
  1030.000   -89.722   1.123253E+03
  1030.000   -94.495   1.155386E+03
  1030.000   -99.269   1.187518E+03
  1030.000  -104.042   1.219628E+03
  1030.000  -108.816   1.251707E+03
  1030.000  -113.589   1.283662E+03
  1030.000  -119.072   1.320000E+03
  1030.000  -123.136   1.328128E+03
  1030.000  -127.910   1.337676E+03
  1030.000  -132.683   1.347222E+03
  1030.000  -137.457   1.356770E+03
  1030.000  -142.230   1.366316E+03
  1030.000  -147.004   1.375864E+03
  1030.000  -151.777   1.385410E+03
  1030.000  -156.551   1.394958E+03
  1030.000  -161.324   1.401122E+03
  1030.000  -166.098   1.403499E+03
  1030.000  -170.871   1.405877E+03
  1030.000  -175.645   1.408255E+03
  1030.000  -180.418   1.410632E+03
  1030.000  -185.192   1.413010E+03
  1030.000  -189.965   1.415387E+03
  1030.000  -194.739   1.417765E+03
  1030.000  -199.513   1.420143E+03
  1030.000  -204.286   1.422520E+03
  1030.000  -209.060   1.424898E+03
  1030.000  -213.833   1.427275E+03
  1030.000  -218.607   1.429653E+03
  1030.000  -228.154   1.434408E+03
  1030.000  -237.701   1.439163E+03
  1030.000  -247.248   1.443918E+03
  1030.000  -256.795   1.448673E+03
  1030.000  -266.342   1.453428E+03
  1030.000  -275.889   1.458184E+03
  1030.000  -285.436   1.462939E+03
  1030.000  -290.209   1.465316E+03
  1030.000  -294.983   1.467694E+03
  1030.000  -299.756   1.470071E+03
  1030.000  -304.530   1.472449E+03
  1030.000  -314.077   1.477204E+03
  1030.000  -323.624   1.481959E+03
  1030.000  -333.171   1.486714E+03
  1030.000  -342.718   1.491469E+03
  1030.000  -352.265   1.496224E+03
  1030.000  -361.812   1.500980E+03
  1030.000  -371.359   1.505735E+03
  1030.000  -380.906   1.510490E+03
  1030.000  -390.453   1.515245E+03
  1030.000  -400.000   1.520000E+03
  1035.000     1.040   0.000000E+00
  1035.000     0.563   1.203610E+01
  1035.000    -0.002   2.618998E+01
  1035.000    -0.870   4.516985E+01
  1035.000    -1.347   5.538110E+01
  1035.000    -1.825   6.545692E+01
  1035.000    -2.302   7.535532E+01
  1035.000    -2.779   8.509793E+01
  1035.000    -3.257   9.465674E+01
  1035.000    -4.212   1.134147E+02
  1035.335    -4.689   1.227253E+02
  1035.000    -5.167   1.342891E+02
  1035.000    -5.644   1.457151E+02
  1035.000    -6.599   1.683958E+02
  1035.000    -7.554   1.908242E+02
  1035.000    -8.509   2.130208E+02
  1035.000    -9.463   2.349576E+02
  1035.000   -10.418   2.566767E+02
  1035.000   -11.373   2.781517E+02
  1035.000   -12.328   2.993801E+02
  1035.000   -13.283   3.203597E+02
  1035.000   -15.193   3.615665E+02
  1035.000   -17.102   4.017396E+02
  1035.000   -19.012   4.409133E+02
  1035.000   -20.922   4.790610E+02
  1035.000   -22.831   5.161594E+02
  1035.000   -24.741   5.522449E+02
  1035.000   -26.651   5.872963E+02
  1035.000   -28.561   6.213132E+02
  1035.000   -30.470   6.542793E+02
  1035.000   -32.380   6.862315E+02
  1035.000   -35.509   7.363382E+02
  1035.000   -37.154   7.489922E+02
  1035.000   -40.019   7.710218E+02
  1035.000   -42.883   7.929544E+02
  1035.000   -45.748   8.145955E+02
  1035.000   -48.613   8.359449E+02
  1035.000   -51.477   8.570144E+02
  1035.000   -54.342   8.778403E+02
  1035.000   -57.206   8.984199E+02
  1035.000   -60.071   9.187915E+02
  1035.000   -62.935   9.389637E+02
  1035.000   -65.800   9.589778E+02
  1035.000   -70.574   9.919799E+02
  1035.000   -75.349   1.024633E+03
  1035.000   -80.123   1.057014E+03
  1035.000   -84.897   1.089209E+03
  1035.000   -89.671   1.121291E+03
  1035.000   -94.446   1.153296E+03
  1035.000   -99.220   1.185240E+03
  1035.000  -103.994   1.217108E+03
  1035.000  -108.769   1.248840E+03
  1035.000  -113.543   1.280236E+03
  1036.000  -119.925   1.320000E+03
  1035.000  -123.091   1.326332E+03
  1035.000  -127.866   1.335882E+03
  1035.000  -132.640   1.345430E+03
  1035.000  -137.414   1.354978E+03
  1035.000  -142.189   1.364528E+03
  1035.000  -146.963   1.374076E+03
  1035.000  -151.737   1.383624E+03
  1035.000  -156.511   1.393172E+03
  1035.000  -161.286   1.400680E+03
  1035.000  -166.060   1.403067E+03
  1035.000  -170.834   1.405453E+03
  1035.000  -175.609   1.407840E+03
  1035.000  -180.383   1.410226E+03
  1035.000  -185.157   1.412612E+03
  1035.000  -189.931   1.414998E+03
  1035.000  -194.706   1.417385E+03
  1035.000  -199.480   1.419771E+03
  1035.000  -204.254   1.422158E+03
  1035.000  -209.029   1.424544E+03
  1035.000  -213.803   1.426931E+03
  1035.000  -218.577   1.429317E+03
  1035.000  -228.126   1.434090E+03
  1035.000  -237.674   1.438862E+03
  1035.000  -247.223   1.443635E+03
  1035.000  -256.771   1.448408E+03
  1035.000  -266.320   1.453181E+03
  1035.000  -275.869   1.457954E+03
  1035.000  -285.417   1.462726E+03
  1035.000  -290.191   1.465113E+03
  1035.000  -294.966   1.467499E+03
  1035.000  -299.740   1.469886E+03
  1035.000  -304.514   1.472272E+03
  1035.000  -314.063   1.477045E+03
  1035.000  -323.611   1.481817E+03
  1035.000  -333.160   1.486590E+03
  1035.000  -342.709   1.491363E+03
  1035.000  -352.257   1.496136E+03
  1035.000  -361.806   1.500909E+03
  1035.000  -371.354   1.505681E+03
  1035.000  -380.903   1.510454E+03
  1035.000  -390.451   1.515227E+03
  1035.000  -400.000   1.520000E+03
  1040.000     1.047   0.000000E+00
  1040.000     0.570   1.222288E+01
  1040.000    -0.021   2.724318E+01
  1040.000    -0.863   4.592314E+01
  1040.000    -1.340   5.628443E+01
  1040.000    -1.818   6.650660E+01
  1040.000    -2.295   7.654682E+01
  1040.000    -2.772   8.642633E+01
  1040.000    -3.250   9.616481E+01
  1040.000    -4.205   1.151356E+02
  1040.000    -4.682   1.243685E+02
  1038.449    -5.162   1.329945E+02
  1041.581    -5.639   1.432072E+02
  1040.000    -6.592   1.664831E+02
  1040.000    -7.547   1.890375E+02
  1040.000    -8.502   2.113197E+02
  1040.000    -9.457   2.333511E+02
  1040.000   -10.411   2.551090E+02
  1040.000   -11.366   2.766386E+02
  1040.000   -12.321   2.979161E+02
  1040.000   -13.276   3.189406E+02
  1040.000   -15.186   3.602279E+02
  1040.000   -17.096   4.004932E+02
  1040.000   -19.005   4.397111E+02
  1040.000   -20.915   4.779184E+02
  1040.000   -22.825   5.150919E+02
  1040.000   -24.735   5.512296E+02
  1040.000   -26.644   5.863126E+02
  1040.000   -28.554   6.203773E+02
  1040.000   -30.464   6.534056E+02
  1040.000   -32.374   6.853981E+02
  1040.000   -35.331   7.328610E+02
  1040.000   -37.148   7.469134E+02
  1040.000   -40.013   7.690434E+02
  1040.000   -42.877   7.910699E+02
  1040.000   -45.742   8.127980E+02
  1040.000   -48.606   8.342286E+02
  1040.000   -51.471   8.553726E+02
  1040.000   -54.336   8.762527E+02
  1040.000   -57.200   8.968773E+02
  1040.000   -60.065   9.172831E+02
  1040.000   -62.930   9.374933E+02
  1040.000   -65.794   9.575244E+02
  1040.000   -70.569   9.905443E+02
  1040.000   -75.343   1.023188E+03
  1040.000   -80.117   1.055549E+03
  1040.000   -84.892   1.087713E+03
  1040.000   -89.666   1.119735E+03
  1040.000   -94.440   1.151648E+03
  1040.000   -99.215   1.183496E+03
  1040.000  -103.989   1.215267E+03
  1040.000  -108.763   1.246917E+03
  1040.000  -113.538   1.278363E+03
  1040.000  -119.943   1.320000E+03
  1040.000  -123.087   1.326288E+03
  1040.000  -127.861   1.335836E+03
  1040.000  -132.635   1.345384E+03
  1040.000  -137.410   1.354934E+03
  1040.000  -142.184   1.364482E+03
  1040.000  -146.958   1.374030E+03
  1040.000  -151.733   1.383580E+03
  1040.000  -156.507   1.393128E+03
  1040.000  -161.282   1.400669E+03
  1040.000  -166.056   1.403056E+03
  1040.000  -170.830   1.405442E+03
  1040.000  -175.605   1.407829E+03
  1040.000  -180.379   1.410216E+03
  1040.000  -185.153   1.412602E+03
  1040.000  -189.928   1.414989E+03
  1040.000  -194.702   1.417375E+03
  1040.000  -199.477   1.419762E+03
  1040.000  -204.251   1.422149E+03
  1040.000  -209.025   1.424535E+03
  1040.000  -213.800   1.426922E+03
  1040.000  -218.574   1.429309E+03
  1040.000  -228.123   1.434082E+03
  1040.000  -237.671   1.438855E+03
  1040.000  -247.220   1.443628E+03
  1040.000  -256.769   1.448402E+03
  1040.000  -266.318   1.453175E+03
  1040.000  -275.866   1.457948E+03
  1040.000  -285.415   1.462721E+03
  1040.000  -290.190   1.465108E+03
  1040.000  -294.964   1.467494E+03
  1040.000  -299.738   1.469881E+03
  1040.000  -304.513   1.472268E+03
  1040.000  -314.061   1.477041E+03
  1040.000  -323.610   1.481814E+03
  1040.000  -333.159   1.486587E+03
  1040.000  -342.708   1.491361E+03
  1040.000  -352.256   1.496134E+03
  1040.000  -361.805   1.500907E+03
  1040.000  -371.354   1.505680E+03
  1040.000  -380.903   1.510454E+03
  1040.000  -390.451   1.515227E+03
  1040.000  -400.000   1.520000E+03
  1045.000     1.042   0.000000E+00
  1045.000     0.565   1.218983E+01
  1045.000    -0.041   2.761233E+01
  1045.000    -0.868   4.606027E+01
  1045.000    -1.345   5.654461E+01
  1045.000    -1.823   6.691614E+01
  1045.000    -2.300   7.712780E+01
  1045.000    -2.777   8.719813E+01
  1045.000    -3.255   9.714507E+01
  1045.000    -4.210   1.165752E+02
  1045.000    -4.687   1.260568E+02
  1045.000    -5.165   1.353632E+02
  1045.000    -5.642   1.445249E+02
  1045.000    -6.159   1.543094E+02
  1045.000    -7.552   1.872863E+02
  1045.000    -8.507   2.096287E+02
  1045.000    -9.461   2.317060E+02
  1045.000   -10.416   2.535591E+02
  1045.000   -11.371   2.751610E+02
  1045.000   -12.326   2.965088E+02
  1045.000   -13.281   3.176003E+02
  1045.000   -15.191   3.590060E+02
  1045.000   -17.100   3.993518E+02
  1045.000   -19.010   4.386761E+02
  1045.000   -20.920   4.769557E+02
  1045.000   -22.830   5.141904E+02
  1045.000   -24.739   5.503617E+02
  1045.000   -26.649   5.855085E+02
  1045.000   -28.559   6.196126E+02
  1045.000   -30.468   6.526575E+02
  1045.000   -32.378   6.846778E+02
  1045.000   -35.153   7.293068E+02
  1045.000   -37.152   7.448592E+02
  1045.000   -40.017   7.670796E+02
  1045.000   -42.882   7.892059E+02
  1045.000   -45.746   8.110118E+02
  1045.000   -48.611   8.325249E+02
  1045.000   -51.475   8.537308E+02
  1045.000   -54.340   8.746815E+02
  1045.000   -57.205   8.953751E+02
  1045.000   -60.069   9.158169E+02
  1045.000   -62.934   9.360617E+02
  1045.000   -65.798   9.561130E+02
  1045.000   -70.573   9.891653E+02
  1045.000   -75.347   1.021828E+03
  1045.000   -80.121   1.054195E+03
  1045.000   -84.896   1.086356E+03
  1045.000   -89.670   1.118354E+03
  1045.000   -94.444   1.150227E+03
  1045.000   -99.219   1.182054E+03
  1045.000  -103.993   1.213846E+03
  1045.000  -108.767   1.245593E+03
  1045.000  -113.541   1.277316E+03
  1045.000  -119.966   1.320000E+03
  1045.000  -123.090   1.326248E+03
  1045.000  -127.864   1.335796E+03
  1045.000  -132.639   1.345346E+03
  1045.000  -137.413   1.354894E+03
  1045.000  -142.187   1.364442E+03
  1045.000  -146.962   1.373992E+03
  1045.000  -151.736   1.383540E+03
  1045.000  -156.510   1.393088E+03
  1045.000  -161.285   1.400659E+03
  1045.000  -166.059   1.403046E+03
  1045.000  -170.833   1.405433E+03
  1045.000  -175.607   1.407819E+03
  1045.000  -180.382   1.410207E+03
  1045.000  -185.156   1.412593E+03
  1045.000  -189.930   1.414980E+03
  1045.000  -194.705   1.417367E+03
  1045.000  -199.479   1.419754E+03
  1045.000  -204.253   1.422140E+03
  1045.000  -209.028   1.424528E+03
  1045.000  -213.802   1.426914E+03
  1045.000  -218.576   1.429301E+03
  1045.000  -228.125   1.434075E+03
  1045.000  -237.673   1.438848E+03
  1045.000  -247.222   1.443622E+03
  1045.000  -256.771   1.448396E+03
  1045.000  -266.319   1.453169E+03
  1045.000  -275.868   1.457943E+03
  1045.000  -285.417   1.462717E+03
  1045.000  -290.191   1.465103E+03
  1045.000  -294.965   1.467490E+03
  1045.000  -299.740   1.469877E+03
  1045.000  -304.514   1.472264E+03
  1045.000  -314.062   1.477037E+03
  1045.000  -323.611   1.481811E+03
  1045.000  -333.160   1.486585E+03
  1045.000  -342.708   1.491358E+03
  1045.000  -352.257   1.496132E+03
  1045.000  -361.806   1.500906E+03
  1045.000  -371.354   1.505679E+03
  1045.000  -380.903   1.510453E+03
  1045.000  -390.451   1.515226E+03
  1045.000  -400.000   1.520000E+03
  1050.000     0.767   0.000000E+00
  1050.000    -0.061   2.262708E+01
  1050.000    -0.664   3.704501E+01
  1050.000    -1.141   4.821726E+01
  1050.000    -1.619   5.923303E+01
  1050.000    -2.096   7.004746E+01
  1050.000    -2.573   8.068491E+01
  1050.000    -3.050   9.114616E+01
  1050.000    -3.527   1.014318E+02
  1050.000    -4.481   1.214789E+02
  1050.000    -4.958   1.312404E+02
  1050.000    -5.435   1.408278E+02
  1050.000    -5.912   1.502415E+02
  1050.000    -6.919   1.696044E+02
  1050.000    -7.821   1.911068E+02
  1050.000    -8.775   2.136133E+02
  1050.000    -9.729   2.358235E+02
  1050.000   -10.683   2.577543E+02
  1050.000   -11.638   2.794299E+02
  1050.000   -12.592   3.008069E+02
  1050.000   -13.546   3.219095E+02
  1050.000   -15.455   3.633193E+02
  1050.000   -17.363   4.036267E+02
  1050.000   -19.271   4.428624E+02
  1050.000   -21.180   4.810537E+02
  1050.000   -23.088   5.181665E+02
  1050.000   -24.997   5.542448E+02
  1050.000   -26.905   5.892551E+02
  1050.000   -28.813   6.232207E+02
  1050.000   -30.722   6.561635E+02
  1050.000   -32.630   6.880547E+02
  1051.000   -34.940   7.250451E+02
  1050.000   -37.401   7.446638E+02
  1050.000   -40.264   7.669617E+02
  1050.000   -43.127   7.891416E+02
  1050.000   -45.989   8.110052E+02
  1050.000   -48.852   8.325472E+02
  1050.000   -51.714   8.537893E+02
  1050.000   -54.577   8.747754E+02
  1050.000   -57.440   8.954988E+02
  1050.000   -60.302   9.159545E+02
  1050.000   -63.165   9.362050E+02
  1050.000   -66.028   9.562643E+02
  1050.000   -70.799   9.893249E+02
  1050.000   -75.570   1.021992E+03
  1050.000   -80.341   1.054357E+03
  1050.000   -85.112   1.086505E+03
  1050.000   -89.883   1.118479E+03
  1050.000   -94.654   1.150342E+03
  1050.000   -99.425   1.182180E+03
  1050.000  -104.196   1.214031E+03
  1050.000  -108.967   1.245912E+03
  1050.000  -113.738   1.277889E+03
  1050.000  -119.989   1.320000E+03
  1050.000  -123.280   1.326582E+03
  1050.000  -128.051   1.336124E+03
  1050.000  -132.822   1.345666E+03
  1050.000  -137.593   1.355208E+03
  1050.000  -142.364   1.364750E+03
  1050.000  -147.135   1.374292E+03
  1050.000  -151.906   1.383834E+03
  1050.000  -156.677   1.393376E+03
  1050.000  -161.448   1.400729E+03
  1050.000  -166.219   1.403115E+03
  1050.000  -170.990   1.405500E+03
  1050.000  -175.761   1.407886E+03
  1050.000  -180.532   1.410271E+03
  1050.000  -185.303   1.412656E+03
  1050.000  -190.074   1.415042E+03
  1050.000  -194.845   1.417427E+03
  1050.000  -199.617   1.419813E+03
  1050.000  -204.388   1.422198E+03
  1050.000  -209.159   1.424584E+03
  1050.000  -213.930   1.426969E+03
  1050.000  -218.701   1.429355E+03
  1050.000  -228.243   1.434125E+03
  1050.000  -237.785   1.438896E+03
  1050.000  -247.327   1.443667E+03
  1050.000  -256.869   1.448438E+03
  1050.000  -266.411   1.453209E+03
  1050.000  -275.953   1.457979E+03
  1050.000  -285.495   1.462750E+03
  1050.000  -290.266   1.465136E+03
  1050.000  -295.037   1.467521E+03
  1050.000  -299.808   1.469906E+03
  1050.000  -304.579   1.472292E+03
  1050.000  -314.121   1.477062E+03
  1050.000  -323.663   1.481833E+03
  1050.000  -333.206   1.486605E+03
  1050.000  -342.748   1.491375E+03
  1050.000  -352.290   1.496146E+03
  1050.000  -361.832   1.500917E+03
  1050.000  -371.374   1.505688E+03
  1050.000  -380.916   1.510458E+03
  1050.000  -390.458   1.515229E+03
  1050.000  -400.000   1.520000E+03
  1055.000     0.604   0.000000E+00
  1055.000    -0.081   1.944069E+01
  1055.000    -0.827   3.791466E+01
  1055.000    -1.304   4.947657E+01
  1055.000    -1.781   6.084579E+01
  1055.000    -2.257   7.200015E+01
  1055.000    -2.734   8.298758E+01
  1055.000    -3.211   9.378550E+01
  1055.000    -3.688   1.043949E+02
  1055.000    -4.642   1.250517E+02
  1055.000    -5.119   1.351003E+02
  1055.000    -5.596   1.449634E+02
  1055.000    -6.073   1.546416E+02
  1055.000    -7.027   1.734393E+02
  1055.000    -7.680   1.859331E+02
  1055.000    -8.934   2.157198E+02
  1055.000    -9.888   2.380101E+02
  1055.000   -10.842   2.600120E+02
  1055.000   -11.796   2.817131E+02
  1055.000   -12.749   3.030984E+02
  1055.000   -13.703   3.242182E+02
  1055.000   -15.611   3.656089E+02
  1055.000   -17.519   4.058915E+02
  1055.000   -19.426   4.450644E+02
  1055.000   -21.334   4.831820E+02
  1055.000   -23.241   5.202141E+02
  1055.000   -25.149   5.562066E+02
  1055.000   -27.057   5.911451E+02
  1055.000   -28.964   6.250151E+02
  1055.000   -30.872   6.578529E+02
  1055.000   -32.780   6.896387E+02
  1055.000   -34.790   7.219952E+02
  1052.722   -37.482   7.441568E+02
  1054.701   -40.401   7.661244E+02
  1056.656   -43.285   7.877818E+02
  1055.000   -46.133   8.102099E+02
  1055.000   -48.995   8.318084E+02
  1055.000   -51.856   8.531093E+02
  1055.000   -54.718   8.741629E+02
  1055.000   -57.579   8.949105E+02
  1055.000   -60.440   9.153990E+02
  1055.000   -63.302   9.356814E+02
  1055.000   -66.163   9.557654E+02
  1055.000   -70.932   9.888678E+02
  1055.000   -75.702   1.021576E+03
  1055.000   -80.471   1.053973E+03
  1055.000   -85.240   1.086136E+03
  1055.000   -90.009   1.118127E+03
  1055.000   -94.778   1.150030E+03
  1055.000   -99.547   1.181927E+03
  1055.000  -104.316   1.213867E+03
  1055.000  -109.085   1.245901E+03
  1055.000  -113.854   1.278102E+03
  1055.000  -120.012   1.320000E+03
  1055.000  -123.392   1.326760E+03
  1055.000  -128.162   1.336300E+03
  1055.000  -132.931   1.345838E+03
  1055.000  -137.700   1.355376E+03
  1055.000  -142.469   1.364914E+03
  1055.000  -147.238   1.374452E+03
  1055.000  -152.007   1.383990E+03
  1055.000  -156.776   1.393528E+03
  1055.000  -161.545   1.400767E+03
  1055.000  -166.314   1.403151E+03
  1055.000  -171.083   1.405536E+03
  1055.000  -175.853   1.407921E+03
  1055.000  -180.622   1.410306E+03
  1055.000  -185.391   1.412690E+03
  1055.000  -190.160   1.415075E+03
  1055.000  -194.929   1.417459E+03
  1055.000  -199.698   1.419844E+03
  1055.000  -204.467   1.422229E+03
  1055.000  -209.236   1.424613E+03
  1055.000  -214.005   1.426998E+03
  1055.000  -218.774   1.429382E+03
  1055.000  -228.313   1.434152E+03
  1055.000  -237.851   1.438921E+03
  1055.000  -247.389   1.443691E+03
  1055.000  -256.927   1.448460E+03
  1055.000  -266.465   1.453229E+03
  1055.000  -276.004   1.457999E+03
  1055.000  -285.542   1.462768E+03
  1055.000  -290.311   1.465153E+03
  1055.000  -295.080   1.467537E+03
  1055.000  -299.849   1.469922E+03
  1055.000  -304.618   1.472307E+03
  1055.000  -314.156   1.477076E+03
  1055.000  -323.694   1.481845E+03
  1055.000  -333.233   1.486615E+03
  1055.000  -342.771   1.491384E+03
  1055.000  -352.309   1.496153E+03
  1055.000  -361.847   1.500923E+03
  1055.000  -371.385   1.505692E+03
  1055.000  -380.924   1.510462E+03
  1055.000  -390.462   1.515231E+03
  1055.000  -400.000   1.520000E+03
  1060.000     0.559   0.000000E+00
  1060.000    -0.101   1.926316E+01
  1060.000    -0.872   3.885771E+01
  1060.000    -1.348   5.069803E+01
  1060.000    -1.825   6.236232E+01
  1060.000    -2.302   7.382778E+01
  1060.000    -2.779   8.509621E+01
  1060.000    -3.256   9.616924E+01
  1060.000    -3.733   1.070483E+02
  1060.000    -4.686   1.282074E+02
  1060.000    -5.163   1.385106E+02
  1060.000    -5.640   1.486232E+02
  1060.000    -6.117   1.585454E+02
  1060.000    -7.071   1.778203E+02
  1060.000    -8.440   2.042700E+02
  1061.567    -8.941   2.159663E+02
  1060.000    -9.932   2.389089E+02
  1060.000   -10.886   2.607593E+02
  1060.000   -11.839   2.823230E+02
  1060.000   -12.793   3.036439E+02
  1060.000   -13.747   3.246907E+02
  1060.000   -15.654   3.659457E+02
  1060.000   -17.562   4.061401E+02
  1060.000   -19.469   4.452419E+02
  1060.000   -21.376   4.832810E+02
  1060.000   -23.284   5.202838E+02
  1060.000   -25.191   5.562169E+02
  1060.000   -27.099   5.911225E+02
  1060.000   -29.006   6.249676E+02
  1060.000   -30.913   6.577735E+02
  1060.000   -32.821   6.895604E+02
  1060.000   -34.602   7.182808E+02
  1060.000   -37.589   7.418079E+02
  1060.000   -40.451   7.642680E+02
  1060.000   -43.312   7.866281E+02
  1058.605   -46.162   8.091147E+02
  1060.544   -49.023   8.300577E+02
  1062.456   -51.844   8.504697E+02
  1060.000   -54.756   8.727547E+02
  1060.000   -57.617   8.935669E+02
  1060.000   -60.479   9.141437E+02
  1060.000   -63.340   9.344748E+02
  1060.000   -66.201   9.546116E+02
  1060.000   -70.969   9.877789E+02
  1060.000   -75.738   1.020549E+03
  1060.000   -80.507   1.053009E+03
  1060.000   -85.275   1.085217E+03
  1060.000   -90.044   1.117269E+03
  1060.000   -94.812   1.149241E+03
  1060.000   -99.581   1.181222E+03
  1060.000  -104.349   1.213265E+03
  1060.000  -109.118   1.245452E+03
  1060.000  -113.886   1.277848E+03
  1060.000  -120.035   1.320000E+03
  1060.000  -123.424   1.326778E+03
  1060.000  -128.192   1.336314E+03
  1060.000  -132.961   1.345852E+03
  1060.000  -137.729   1.355388E+03
  1060.000  -142.498   1.364926E+03
  1060.000  -147.266   1.374462E+03
  1060.000  -152.035   1.384000E+03
  1060.000  -156.803   1.393536E+03
  1060.000  -161.572   1.400769E+03
  1060.000  -166.341   1.403153E+03
  1060.000  -171.109   1.405538E+03
  1060.000  -175.878   1.407923E+03
  1060.000  -180.646   1.410307E+03
  1060.000  -185.415   1.412692E+03
  1060.000  -190.183   1.415076E+03
  1060.000  -194.952   1.417461E+03
  1060.000  -199.721   1.419846E+03
  1060.000  -204.489   1.422230E+03
  1060.000  -209.258   1.424615E+03
  1060.000  -214.026   1.426999E+03
  1060.000  -218.795   1.429384E+03
  1060.000  -228.332   1.434153E+03
  1060.000  -237.869   1.438923E+03
  1060.000  -247.406   1.443692E+03
  1060.000  -256.943   1.448461E+03
  1060.000  -266.480   1.453230E+03
  1060.000  -276.017   1.457999E+03
  1060.000  -285.555   1.462769E+03
  1060.000  -290.323   1.465154E+03
  1060.000  -295.092   1.467538E+03
  1060.000  -299.860   1.469923E+03
  1060.000  -304.629   1.472308E+03
  1060.000  -314.166   1.477077E+03
  1060.000  -323.703   1.481846E+03
  1060.000  -333.240   1.486615E+03
  1060.000  -342.777   1.491384E+03
  1060.000  -352.314   1.496154E+03
  1060.000  -361.852   1.500923E+03
  1060.000  -371.389   1.505692E+03
  1060.000  -380.926   1.510462E+03
  1060.000  -390.463   1.515231E+03
  1060.000  -400.000   1.520000E+03
  1065.000     0.679   0.000000E+00
  1065.000    -0.121   2.338054E+01
  1065.000    -0.752   3.948013E+01
  1065.000    -1.229   5.147379E+01
  1065.000    -1.706   6.326384E+01
  1065.000    -2.183   7.487471E+01
  1065.000    -2.660   8.630789E+01
  1065.000    -3.137   9.756484E+01
  1065.000    -3.614   1.086468E+02
  1065.000    -4.568   1.302893E+02
  1065.000    -5.045   1.408525E+02
  1065.000    -5.522   1.512445E+02
  1065.000    -5.999   1.614664E+02
  1065.000    -6.953   1.814026E+02
  1065.000    -7.907   2.006097E+02
  1065.000    -8.861   2.192872E+02
  1064.346    -9.830   2.368069E+02
  1067.015   -10.684   2.564312E+02
  1065.000   -11.723   2.797684E+02
  1065.000   -12.677   3.010286E+02
  1065.000   -13.631   3.220229E+02
  1065.000   -15.539   3.632050E+02
  1065.000   -17.447   4.033307E+02
  1065.000   -19.355   4.424090E+02
  1065.000   -21.263   4.804462E+02
  1065.000   -23.171   5.174465E+02
  1065.000   -25.079   5.534124E+02
  1065.000   -26.987   5.883451E+02
  1065.000   -28.895   6.222450E+02
  1065.000   -30.803   6.551121E+02
  1065.000   -32.711   6.869459E+02
  1065.000   -34.415   7.144950E+02
  1065.000   -37.481   7.387648E+02
  1065.000   -40.343   7.613380E+02
  1065.000   -43.205   7.838058E+02
  1065.000   -46.067   8.058875E+02
  1065.000   -48.929   8.276743E+02
  1065.000   -51.791   8.491624E+02
  1064.369   -54.666   8.706849E+02
  1066.268   -57.468   8.905268E+02
  1065.000   -60.377   9.118876E+02
  1065.000   -63.239   9.323018E+02
  1065.000   -66.101   9.525158E+02
  1065.000   -70.871   9.857876E+02
  1065.000   -75.641   1.018657E+03
  1065.000   -80.411   1.051204E+03
  1065.000   -85.181   1.083500E+03
  1065.000   -89.951   1.115637E+03
  1065.000   -94.721   1.147704E+03
  1065.000   -99.491   1.179788E+03
  1065.000  -104.261   1.211953E+03
  1065.000  -109.031   1.244279E+03
  1065.000  -113.801   1.276853E+03
  1065.000  -120.058   1.320000E+03
  1065.000  -123.341   1.326566E+03
  1065.000  -128.111   1.336106E+03
  1065.000  -132.881   1.345646E+03
  1065.000  -137.651   1.355186E+03
  1065.000  -142.421   1.364726E+03
  1065.000  -147.191   1.374266E+03
  1065.000  -151.961   1.383806E+03
  1065.000  -156.731   1.393346E+03
  1065.000  -161.501   1.400722E+03
  1065.000  -166.271   1.403107E+03
  1065.000  -171.041   1.405493E+03
  1065.000  -175.811   1.407878E+03
  1065.000  -180.581   1.410264E+03
  1065.000  -185.351   1.412650E+03
  1065.000  -190.121   1.415035E+03
  1065.000  -194.891   1.417421E+03
  1065.000  -199.661   1.419806E+03
  1065.000  -204.430   1.422191E+03
  1065.000  -209.200   1.424577E+03
  1065.000  -213.970   1.426963E+03
  1065.000  -218.740   1.429348E+03
  1065.000  -228.280   1.434119E+03
  1065.000  -237.820   1.438890E+03
  1065.000  -247.360   1.443662E+03
  1065.000  -256.900   1.448433E+03
  1065.000  -266.440   1.453204E+03
  1065.000  -275.980   1.457975E+03
  1065.000  -285.520   1.462746E+03
  1065.000  -290.290   1.465132E+03
  1065.000  -295.060   1.467517E+03
  1065.000  -299.830   1.469903E+03
  1065.000  -304.600   1.472288E+03
  1065.000  -314.140   1.477060E+03
  1065.000  -323.680   1.481831E+03
  1065.000  -333.220   1.486602E+03
  1065.000  -342.760   1.491373E+03
  1065.000  -352.300   1.496144E+03
  1065.000  -361.840   1.500915E+03
  1065.000  -371.380   1.505687E+03
  1065.000  -380.920   1.510458E+03
  1065.000  -390.460   1.515229E+03
  1065.000  -400.000   1.520000E+03
  1070.000     0.895   0.000000E+00
  1070.000     0.418   1.358649E+01
  1070.000    -0.140   2.945081E+01
  1070.000    -1.014   5.127077E+01
  1070.000    -1.491   6.299695E+01
  1070.000    -1.969   7.461489E+01
  1070.000    -2.446   8.607262E+01
  1070.000    -2.923   9.739156E+01
  1070.000    -3.400   1.085693E+02
  1070.000    -4.355   1.305158E+02
  1070.000    -4.832   1.412583E+02
  1070.000    -5.309   1.518527E+02
  1070.000    -5.787   1.623194E+02
  1070.000    -6.741   1.827547E+02
  1070.000    -7.696   2.026048E+02
  1070.000    -8.650   2.218298E+02
  1070.000    -9.605   2.404237E+02
  1070.000   -10.559   2.585079E+02
  1070.000   -11.639   2.783721E+02
  1070.000   -12.468   2.967092E+02
  1070.000   -13.423   3.176281E+02
  1070.000   -15.332   3.586470E+02
  1070.000   -17.241   3.987033E+02
  1070.000   -19.150   4.377573E+02
  1070.000   -21.059   4.758082E+02
  1070.000   -22.968   5.128532E+02
  1070.000   -24.877   5.488885E+02
  1070.000   -26.786   5.839094E+02
  1070.000   -28.695   6.179111E+02
  1070.000   -30.604   6.508889E+02
  1070.000   -32.513   6.828379E+02
  1070.000   -34.227   7.106442E+02
  1070.000   -37.285   7.349774E+02
  1070.000   -40.149   7.576795E+02
  1070.000   -43.013   7.802690E+02
  1070.000   -45.876   8.025050E+02
  1070.000   -48.740   8.244256E+02
  1070.000   -51.603   8.460169E+02
  1070.000   -54.467   8.672991E+02
  1070.000   -57.330   8.882985E+02
  1068.161   -60.261   9.101316E+02
  1070.056   -63.057   9.295902E+02
  1070.000   -65.921   9.498802E+02
  1070.000   -70.693   9.832771E+02
  1070.000   -75.466   1.016271E+03
  1070.000   -80.239   1.048936E+03
  1070.000   -85.011   1.081335E+03
  1070.000   -89.784   1.113574E+03
  1070.000   -94.556   1.145739E+03
  1070.000   -99.329   1.177941E+03
  1070.000  -104.101   1.210231E+03
  1070.000  -108.874   1.242693E+03
  1070.000  -113.646   1.275412E+03
  1070.000  -120.081   1.320000E+03
  1070.000  -123.192   1.326222E+03
  1070.000  -127.964   1.335766E+03
  1070.000  -132.737   1.345312E+03
  1070.000  -137.509   1.354856E+03
  1070.000  -142.282   1.364402E+03
  1070.000  -147.054   1.373946E+03
  1070.000  -151.827   1.383492E+03
  1070.000  -156.599   1.393036E+03
  1070.000  -161.372   1.400646E+03
  1070.000  -166.145   1.403033E+03
  1070.000  -170.917   1.405420E+03
  1070.000  -175.690   1.407807E+03
  1070.000  -180.462   1.410194E+03
  1070.000  -185.235   1.412581E+03
  1070.000  -190.007   1.414968E+03
  1070.000  -194.780   1.417355E+03
  1070.000  -199.553   1.419743E+03
  1070.000  -204.325   1.422129E+03
  1070.000  -209.098   1.424517E+03
  1070.000  -213.870   1.426904E+03
  1070.000  -218.643   1.429291E+03
  1070.000  -228.188   1.434065E+03
  1070.000  -237.733   1.438839E+03
  1070.000  -247.278   1.443613E+03
  1070.000  -256.823   1.448387E+03
  1070.000  -266.368   1.453161E+03
  1070.000  -275.913   1.457936E+03
  1070.000  -285.459   1.462710E+03
  1070.000  -290.231   1.465097E+03
  1070.000  -295.004   1.467484E+03
  1070.000  -299.776   1.469871E+03
  1070.000  -304.549   1.472258E+03
  1070.000  -314.094   1.477032E+03
  1070.000  -323.639   1.481807E+03
  1070.000  -333.184   1.486581E+03
  1070.000  -342.729   1.491355E+03
  1070.000  -352.274   1.496129E+03
  1070.000  -361.820   1.500904E+03
  1070.000  -371.365   1.505678E+03
  1070.000  -380.910   1.510452E+03
  1070.000  -390.455   1.515226E+03
  1070.000  -400.000   1.520000E+03
  1075.000     0.862   0.000000E+00
  1075.000     0.385   1.410972E+01
  1075.000    -0.160   3.011668E+01
  1075.000    -1.047   5.285950E+01
  1075.000    -1.524   6.486800E+01
  1075.000    -2.001   7.672656E+01
  1075.000    -2.479   8.846161E+01
  1075.000    -2.956   1.000255E+02
  1075.000    -3.433   1.114441E+02
  1075.000    -4.387   1.338545E+02
  1075.000    -4.865   1.448657E+02
  1075.000    -5.342   1.557115E+02
  1075.000    -5.819   1.664363E+02
  1075.000    -6.773   1.872687E+02
  1075.000    -7.728   2.075524E+02
  1075.000    -8.682   2.272325E+02
  1075.000    -9.637   2.463376E+02
  1075.000   -10.591   2.648147E+02
  1075.000   -11.546   2.826665E+02
  1072.643   -12.485   2.970821E+02
  1077.000   -13.879   3.271456E+02
  1075.000   -15.363   3.588984E+02
  1075.000   -17.272   3.987271E+02
  1075.000   -19.181   4.376145E+02
  1075.000   -21.090   4.755514E+02
  1075.000   -22.999   5.125232E+02
  1075.000   -24.908   5.485151E+02
  1075.000   -26.817   5.835138E+02
  1075.000   -28.725   6.174904E+02
  1075.000   -30.634   6.504707E+02
  1075.000   -32.543   6.824283E+02
  1075.000   -34.040   7.067520E+02
  1075.000   -37.315   7.329511E+02
  1075.000   -40.179   7.557658E+02
  1075.000   -43.042   7.784563E+02
  1075.000   -45.905   8.008007E+02
  1075.000   -48.769   8.228143E+02
  1075.000   -51.632   8.445046E+02
  1075.000   -54.495   8.658731E+02
  1075.000   -57.358   8.869526E+02
  1075.000   -60.222   9.077680E+02
  1075.000   -63.085   9.283350E+02
  1073.000   -67.402   9.595177E+02
  1074.436   -70.718   9.823972E+02
  1076.504   -75.496   1.015032E+03
  1075.000   -80.265   1.048057E+03
  1075.000   -85.037   1.080551E+03
  1075.000   -89.809   1.112874E+03
  1075.000   -94.581   1.145123E+03
  1075.000   -99.354   1.177421E+03
  1075.000  -104.126   1.209825E+03
  1075.000  -108.898   1.242394E+03
  1075.000  -113.670   1.275242E+03
  1075.000  -120.104   1.320000E+03
  1075.000  -123.214   1.326220E+03
  1075.000  -127.987   1.335766E+03
  1075.000  -132.759   1.345310E+03
  1075.000  -137.531   1.354854E+03
  1075.000  -142.303   1.364398E+03
  1075.000  -147.075   1.373942E+03
  1075.000  -151.847   1.383486E+03
  1075.000  -156.620   1.393032E+03
  1075.000  -161.392   1.400644E+03
  1075.000  -166.164   1.403031E+03
  1075.000  -170.936   1.405418E+03
  1075.000  -175.708   1.407805E+03
  1075.000  -180.480   1.410192E+03
  1075.000  -185.253   1.412580E+03
  1075.000  -190.025   1.414967E+03
  1075.000  -194.797   1.417354E+03
  1075.000  -199.569   1.419741E+03
  1075.000  -204.341   1.422128E+03
  1075.000  -209.113   1.424515E+03
  1075.000  -213.886   1.426903E+03
  1075.000  -218.658   1.429290E+03
  1075.000  -228.202   1.434064E+03
  1075.000  -237.746   1.438838E+03
  1075.000  -247.291   1.443612E+03
  1075.000  -256.835   1.448386E+03
  1075.000  -266.379   1.453161E+03
  1075.000  -275.924   1.457935E+03
  1075.000  -285.468   1.462709E+03
  1075.000  -290.240   1.465096E+03
  1075.000  -295.012   1.467483E+03
  1075.000  -299.785   1.469871E+03
  1075.000  -304.557   1.472258E+03
  1075.000  -314.101   1.477032E+03
  1075.000  -323.645   1.481806E+03
  1075.000  -333.190   1.486581E+03
  1075.000  -342.734   1.491355E+03
  1075.000  -352.278   1.496129E+03
  1075.000  -361.823   1.500903E+03
  1075.000  -371.367   1.505677E+03
  1075.000  -380.911   1.510451E+03
  1075.000  -390.456   1.515226E+03
  1075.000  -400.000   1.520000E+03
  1080.000     0.850   0.000000E+00
  1080.000     0.373   1.382701E+01
  1081.000    -0.184   2.937062E+01
  1081.187    -1.105   5.282112E+01
  1081.284    -1.586   6.493058E+01
  1081.381    -2.066   7.690383E+01
  1081.479    -2.547   8.878927E+01
  1081.576    -3.029   1.005864E+02
  1081.674    -3.509   1.122202E+02
  1081.869    -4.471   1.351662E+02
  1081.966    -4.951   1.464546E+02
  1082.000    -5.119   1.503728E+02
  1080.000    -5.831   1.668716E+02
  1080.000    -6.785   1.885050E+02
  1080.000    -7.740   2.095777E+02
  1080.000    -8.694   2.300753E+02
  1080.000    -9.648   2.500374E+02
  1080.000   -10.603   2.694971E+02
  1080.000   -11.557   2.882490E+02
  1080.000   -12.512   3.062540E+02
  1080.000   -13.466   3.238770E+02
  1080.190   -15.382   3.583038E+02
  1080.000   -17.284   3.976742E+02
  1080.000   -19.193   4.364640E+02
  1080.000   -21.101   4.743806E+02
  1080.000   -23.010   5.113900E+02
  1080.000   -24.919   5.474397E+02
  1080.000   -26.828   5.825055E+02
  1080.000   -28.737   6.165699E+02
  1080.000   -30.645   6.496036E+02
  1080.000   -32.554   6.816346E+02
  1080.000   -33.852   7.027747E+02
  1080.000   -37.326   7.307411E+02
  1080.000   -40.189   7.536832E+02
  1080.000   -43.053   7.765030E+02
  1080.000   -45.916   7.989630E+02
  1080.000   -48.779   8.210710E+02
  1080.000   -51.642   8.428565E+02
  1080.000   -54.505   8.643170E+02
  1080.000   -57.369   8.854960E+02
  1080.000   -60.232   9.064030E+02
  1080.000   -63.095   9.270718E+02
  1080.000   -65.958   9.474825E+02
  1080.000   -70.730   9.811197E+02
  1080.000   -75.502   1.014292E+03
  1078.572   -80.271   1.047396E+03
  1080.647   -85.066   1.079747E+03
  1080.000   -89.818   1.112123E+03
  1080.000   -94.590   1.144459E+03
  1080.000   -99.363   1.176862E+03
  1080.000  -104.135   1.209366E+03
  1080.000  -108.907   1.242044E+03
  1080.000  -113.679   1.274985E+03
  1080.000  -120.127   1.320000E+03
  1080.000  -123.223   1.326192E+03
  1080.000  -127.995   1.335736E+03
  1080.000  -132.767   1.345280E+03
  1080.000  -137.539   1.354824E+03
  1080.000  -142.311   1.364368E+03
  1080.000  -147.083   1.373912E+03
  1080.000  -151.855   1.383456E+03
  1080.000  -156.627   1.393000E+03
  1080.000  -161.399   1.400636E+03
  1080.000  -166.171   1.403024E+03
  1080.000  -170.943   1.405411E+03
  1080.000  -175.715   1.407798E+03
  1080.000  -180.487   1.410185E+03
  1080.000  -185.259   1.412573E+03
  1080.000  -190.031   1.414960E+03
  1080.000  -194.803   1.417347E+03
  1080.000  -199.575   1.419734E+03
  1080.000  -204.347   1.422122E+03
  1080.000  -209.119   1.424509E+03
  1080.000  -213.891   1.426896E+03
  1080.000  -218.663   1.429283E+03
  1080.000  -228.207   1.434058E+03
  1080.000  -237.751   1.438833E+03
  1080.000  -247.295   1.443607E+03
  1080.000  -256.839   1.448382E+03
  1080.000  -266.383   1.453156E+03
  1080.000  -275.927   1.457931E+03
  1080.000  -285.471   1.462705E+03
  1080.000  -290.243   1.465092E+03
  1080.000  -295.015   1.467480E+03
  1080.000  -299.788   1.469867E+03
  1080.000  -304.560   1.472255E+03
  1080.000  -314.104   1.477029E+03
  1080.000  -323.648   1.481804E+03
  1080.000  -333.192   1.486578E+03
  1080.000  -342.736   1.491353E+03
  1080.000  -352.280   1.496127E+03
  1080.000  -361.824   1.500902E+03
  1080.000  -371.368   1.505676E+03
  1080.000  -380.912   1.510451E+03
  1080.000  -390.456   1.515225E+03
  1080.000  -400.000   1.520000E+03
  1085.000     0.656   0.000000E+00
  1087.000    -0.132   2.163630E+01
  1085.000    -0.775   4.041563E+01
  1085.000    -1.252   5.272017E+01
  1085.000    -1.729   6.490805E+01
  1085.000    -2.206   7.697949E+01
  1085.000    -2.683   8.893469E+01
  1085.000    -3.160   1.007739E+02
  1085.000    -3.637   1.124977E+02
  1085.000    -4.591   1.356118E+02
  1085.000    -5.068   1.469945E+02
  1085.000    -5.545   1.582731E+02
  1082.811    -5.938   1.688781E+02
  1083.793    -6.930   1.911468E+02
  1084.774    -7.920   2.129946E+02
  1085.748    -8.904   2.343339E+02
  1086.721    -9.886   2.552578E+02
  1085.000   -10.791   2.740838E+02
  1085.000   -11.745   2.935698E+02
  1085.000   -12.699   3.124652E+02
  1085.000   -13.653   3.308430E+02
  1085.000   -15.561   3.659447E+02
  1085.000   -17.648   4.023252E+02
  1085.000   -19.377   4.376225E+02
  1085.000   -21.285   4.758594E+02
  1085.000   -23.193   5.130096E+02
  1085.000   -25.100   5.491557E+02
  1085.000   -27.008   5.843002E+02
  1085.000   -28.916   6.184062E+02
  1085.000   -30.824   6.514637E+02
  1085.000   -33.665   6.988380E+02
  1085.000   -34.640   7.067795E+02
  1085.000   -37.502   7.298930E+02
  1085.000   -40.364   7.529299E+02
  1085.000   -43.225   7.758411E+02
  1085.000   -46.087   7.983929E+02
  1085.000   -48.949   8.205911E+02
  1085.000   -51.811   8.424508E+02
  1085.000   -54.673   8.639878E+02
  1085.000   -57.535   8.852204E+02
  1085.000   -60.396   9.061780E+02
  1085.000   -63.258   9.269074E+02
  1085.000   -66.120   9.474044E+02
  1085.000   -70.890   9.811112E+02
  1085.000   -75.659   1.014342E+03
  1085.000   -80.429   1.047237E+03
  1085.000   -85.199   1.079897E+03
  1082.740   -89.901   1.112270E+03
  1084.000   -92.810   1.131844E+03
  1086.953   -99.551   1.177370E+03
  1085.000  -104.278   1.209862E+03
  1085.000  -109.047   1.242613E+03
  1085.000  -113.817   1.275644E+03
  1085.000  -120.150   1.320000E+03
  1085.000  -123.357   1.326414E+03
  1085.000  -128.126   1.335952E+03
  1085.000  -132.896   1.345492E+03
  1085.000  -137.666   1.355032E+03
  1085.000  -142.435   1.364570E+03
  1085.000  -147.205   1.374110E+03
  1085.000  -151.975   1.383650E+03
  1085.000  -156.745   1.393190E+03
  1085.000  -161.514   1.400682E+03
  1085.000  -166.284   1.403069E+03
  1085.000  -171.054   1.405455E+03
  1085.000  -175.823   1.407841E+03
  1085.000  -180.593   1.410228E+03
  1085.000  -185.363   1.412614E+03
  1085.000  -190.133   1.415001E+03
  1085.000  -194.902   1.417387E+03
  1085.000  -199.672   1.419773E+03
  1085.000  -204.442   1.422160E+03
  1085.000  -209.211   1.424546E+03
  1085.000  -213.981   1.426932E+03
  1085.000  -218.751   1.429319E+03
  1085.000  -228.290   1.434091E+03
  1085.000  -237.830   1.438864E+03
  1085.000  -247.369   1.443637E+03
  1085.000  -256.909   1.448410E+03
  1085.000  -266.448   1.453182E+03
  1085.000  -275.987   1.457955E+03
  1085.000  -285.527   1.462728E+03
  1085.000  -290.297   1.465114E+03
  1085.000  -295.066   1.467500E+03
  1085.000  -299.836   1.469887E+03
  1085.000  -304.606   1.472273E+03
  1085.000  -314.145   1.477046E+03
  1085.000  -323.685   1.481819E+03
  1085.000  -333.224   1.486591E+03
  1085.000  -342.763   1.491364E+03
  1085.000  -352.303   1.496137E+03
  1085.000  -361.842   1.500909E+03
  1085.000  -371.382   1.505682E+03
  1085.000  -380.921   1.510455E+03
  1085.000  -390.461   1.515228E+03
  1085.000  -400.000   1.520000E+03
  1090.000     0.510   0.000000E+00
  1090.000    -0.132   1.910496E+01
  1090.000    -0.920   3.985140E+01
  1090.000    -1.397   5.225157E+01
  1090.000    -1.874   6.453041E+01
  1090.000    -2.351   7.668891E+01
  1090.000    -2.828   8.872796E+01
  1090.000    -3.304   1.006235E+02
  1090.000    -3.781   1.124264E+02
  1090.000    -4.735   1.356818E+02
  1090.000    -5.212   1.471363E+02
  1090.000    -5.688   1.584522E+02
  1090.000    -6.165   1.696647E+02
  1090.000    -7.119   1.917632E+02
  1090.000    -8.072   2.134050E+02
  1090.000    -9.026   2.346335E+02
  1090.000    -9.980   2.554191E+02
  1087.692   -10.867   2.755080E+02
  1089.000   -12.188   3.023862E+02
  1090.000   -12.840   3.153060E+02
  1090.000   -13.794   3.340762E+02
  1090.000   -15.701   3.699225E+02
  1090.000   -17.608   4.036487E+02
  1092.000   -19.462   4.347078E+02
  1090.000   -21.423   4.756546E+02
  1090.000   -23.330   5.134357E+02
  1090.000   -25.237   5.499600E+02
  1090.000   -27.144   5.853135E+02
  1090.000   -29.051   6.195471E+02
  1090.000   -30.959   6.527104E+02
  1090.000   -33.477   6.948054E+02
  1090.000   -34.773   7.054515E+02
  1090.000   -37.634   7.287094E+02
  1090.000   -40.495   7.518570E+02
  1090.000   -43.355   7.748859E+02
  1090.000   -46.216   7.975477E+02
  1090.000   -49.077   8.198471E+02
  1090.000   -51.938   8.417881E+02
  1090.000   -54.799   8.633965E+02
  1090.000   -57.659   8.846894E+02
  1090.000   -60.520   9.057243E+02
  1090.000   -63.381   9.265212E+02
  1090.000   -66.242   9.470847E+02
  1090.000   -71.010   9.808738E+02
  1090.000   -75.778   1.014190E+03
  1090.000   -80.546   1.047173E+03
  1090.000   -85.314   1.079904E+03
  1090.000   -90.082   1.112464E+03
  1090.000   -94.850   1.144985E+03
  1090.000   -99.618   1.177525E+03
  1089.062  -104.365   1.210095E+03
  1091.168  -109.172   1.243035E+03
  1090.000  -113.921   1.276107E+03
  1090.000  -120.173   1.320000E+03
  1090.000  -123.457   1.326568E+03
  1090.000  -128.225   1.336104E+03
  1090.000  -132.993   1.345640E+03
  1090.000  -137.761   1.355176E+03
  1090.000  -142.529   1.364712E+03
  1090.000  -147.297   1.374248E+03
  1090.000  -152.065   1.383784E+03
  1090.000  -156.833   1.393320E+03
  1090.000  -161.601   1.400715E+03
  1090.000  -166.369   1.403100E+03
  1090.000  -171.137   1.405486E+03
  1090.000  -175.905   1.407872E+03
  1090.000  -180.673   1.410257E+03
  1090.000  -185.441   1.412643E+03
  1090.000  -190.209   1.415029E+03
  1090.000  -194.977   1.417415E+03
  1090.000  -199.745   1.419800E+03
  1090.000  -204.513   1.422186E+03
  1090.000  -209.281   1.424572E+03
  1090.000  -214.049   1.426957E+03
  1090.000  -218.817   1.429343E+03
  1090.000  -228.353   1.434115E+03
  1090.000  -237.889   1.438886E+03
  1090.000  -247.425   1.443657E+03
  1090.000  -256.961   1.448429E+03
  1090.000  -266.497   1.453200E+03
  1090.000  -276.033   1.457972E+03
  1090.000  -285.569   1.462743E+03
  1090.000  -290.337   1.465129E+03
  1090.000  -295.105   1.467515E+03
  1090.000  -299.873   1.469900E+03
  1090.000  -304.640   1.472286E+03
  1090.000  -314.176   1.477057E+03
  1090.000  -323.712   1.481828E+03
  1090.000  -333.248   1.486600E+03
  1090.000  -342.784   1.491371E+03
  1090.000  -352.320   1.496143E+03
  1090.000  -361.856   1.500914E+03
  1090.000  -371.392   1.505686E+03
  1090.000  -380.928   1.510457E+03
  1090.000  -390.464   1.515229E+03
  1090.000  -400.000   1.520000E+03
  1095.000     0.401   0.000000E+00
  1097.000    -0.132   1.521975E+01
  1095.000    -1.029   3.978960E+01
  1095.000    -1.506   5.218139E+01
  1095.000    -1.982   6.442799E+01
  1095.000    -2.459   7.658140E+01
  1095.000    -2.936   8.861638E+01
  1095.000    -3.412   1.005087E+02
  1095.000    -3.889   1.123089E+02
  1095.000    -4.842   1.355358E+02
  1095.000    -5.319   1.469885E+02
  1095.000    -5.796   1.583267E+02
  1095.000    -6.272   1.695276E+02
  1095.000    -7.226   1.916380E+02
  1095.000    -8.179   2.132807E+02
  1095.000    -9.132   2.344858E+02
  1095.000   -10.086   2.552827E+02
  1095.000   -11.436   2.840057E+02
  1095.000   -11.992   2.955718E+02
  1095.000   -12.946   3.148704E+02
  1095.000   -13.899   3.335249E+02
  1095.000   -15.806   3.690310E+02
  1096.908   -17.731   4.005756E+02
  1095.000   -19.619   4.387766E+02
  1095.000   -21.526   4.772896E+02
  1095.000   -23.432   5.146903E+02
  1095.000   -25.339   5.510210E+02
  1095.000   -27.246   5.862704E+02
  1095.000   -29.152   6.204297E+02
  1095.000   -31.059   6.535428E+02
  1095.000   -33.289   6.908924E+02
  1095.000   -34.872   7.039776E+02
  1095.000   -37.732   7.273392E+02
  1095.000   -40.592   7.505994E+02
  1095.000   -43.452   7.737489E+02
  1095.000   -46.312   7.965156E+02
  1095.000   -49.172   8.189115E+02
  1095.000   -52.032   8.409367E+02
  1095.000   -54.892   8.626167E+02
  1095.000   -57.752   8.839960E+02
  1095.000   -60.612   9.051036E+02
  1095.000   -63.472   9.259685E+02
  1095.000   -66.333   9.466028E+02
  1095.000   -71.099   9.804853E+02
  1095.000   -75.866   1.013895E+03
  1095.000   -80.633   1.046967E+03
  1095.000   -85.399   1.079768E+03
  1095.000   -90.166   1.112414E+03
  1095.000   -94.933   1.145009E+03
  1095.000   -99.699   1.177616E+03
  1095.000  -104.466   1.210321E+03
  1095.000  -109.233   1.243229E+03
  1093.271  -113.972   1.276295E+03
  1096.000  -120.201   1.320000E+03
  1095.000  -123.533   1.326664E+03
  1095.000  -128.299   1.336196E+03
  1095.000  -133.066   1.345730E+03
  1095.000  -137.833   1.355264E+03
  1095.000  -142.599   1.364796E+03
  1095.000  -147.366   1.374330E+03
  1095.000  -152.133   1.383864E+03
  1095.000  -156.899   1.393396E+03
  1095.000  -161.666   1.400733E+03
  1095.000  -166.433   1.403119E+03
  1095.000  -171.199   1.405504E+03
  1095.000  -175.966   1.407889E+03
  1095.000  -180.733   1.410275E+03
  1095.000  -185.499   1.412660E+03
  1095.000  -190.266   1.415045E+03
  1095.000  -195.033   1.417431E+03
  1095.000  -199.800   1.419816E+03
  1095.000  -204.566   1.422201E+03
  1095.000  -209.333   1.424587E+03
  1095.000  -214.100   1.426972E+03
  1095.000  -218.866   1.429357E+03
  1095.000  -228.400   1.434128E+03
  1095.000  -237.933   1.438899E+03
  1095.000  -247.466   1.443669E+03
  1095.000  -257.000   1.448440E+03
  1095.000  -266.533   1.453211E+03
  1095.000  -276.066   1.457981E+03
  1095.000  -285.600   1.462752E+03
  1095.000  -290.366   1.465137E+03
  1095.000  -295.133   1.467523E+03
  1095.000  -299.900   1.469908E+03
  1095.000  -304.666   1.472293E+03
  1095.000  -314.200   1.477064E+03
  1095.000  -323.733   1.481835E+03
  1095.000  -333.267   1.486606E+03
  1095.000  -342.800   1.491376E+03
  1095.000  -352.333   1.496147E+03
  1095.000  -361.867   1.500918E+03
  1095.000  -371.400   1.505688E+03
  1095.000  -380.933   1.510459E+03
  1095.000  -390.467   1.515230E+03
  1095.000  -400.000   1.520000E+03
  1100.000     0.350   0.000000E+00
  1100.000    -0.174   1.560328E+01
  1100.000    -1.080   3.937101E+01
  1100.000    -1.556   5.168425E+01
  1100.000    -2.033   6.390256E+01
  1100.000    -2.510   7.600066E+01
  1100.000    -2.986   8.795421E+01
  1100.000    -3.463   9.981410E+01
  1100.000    -3.939   1.115311E+02
  1100.000    -4.893   1.346608E+02
  1100.000    -5.369   1.460262E+02
  1100.000    -5.846   1.572988E+02
  1100.000    -6.323   1.684550E+02
  1100.000    -7.276   1.903962E+02
  1100.000    -8.229   2.118753E+02
  1100.000    -9.182   2.328935E+02
  1100.000   -10.135   2.534511E+02
  1100.000   -10.810   2.677239E+02
  1100.000   -12.042   2.930719E+02
  1100.000   -12.995   3.119180E+02
  1100.000   -13.948   3.300640E+02
  1101.000   -16.287   3.706162E+02
  1100.000   -17.761   4.013925E+02
  1100.000   -19.668   4.401952E+02
  1100.000   -21.574   4.781687E+02
  1100.000   -23.480   5.152334E+02
  1100.000   -25.387   5.513509E+02
  1100.000   -27.293   5.864503E+02
  1100.000   -29.200   6.205490E+02
  1100.000   -31.106   6.535996E+02
  1100.000   -33.102   6.870762E+02
  1100.000   -34.919   7.021749E+02
  1100.000   -37.779   7.256368E+02
  1100.000   -40.638   7.490129E+02
  1100.000   -43.498   7.722736E+02
  1100.000   -46.358   7.951539E+02
  1100.000   -49.217   8.176559E+02
  1100.000   -52.077   8.397813E+02
  1100.000   -54.936   8.615495E+02
  1100.000   -57.796   8.830202E+02
  1100.000   -60.656   9.042082E+02
  1100.000   -63.515   9.251416E+02
  1100.000   -66.375   9.458408E+02
  1100.000   -71.141   9.798368E+02
  1100.000   -75.907   1.013351E+03
  1100.000   -80.673   1.046509E+03
  1100.000   -85.439   1.079398E+03
  1100.000   -90.205   1.112123E+03
  1100.000   -94.971   1.144791E+03
  1100.000   -99.738   1.177479E+03
  1100.000  -104.504   1.210246E+03
  1100.000  -109.270   1.243212E+03
  1100.000  -114.036   1.276463E+03
  1100.000  -120.212   1.320000E+03
  1100.000  -123.568   1.326712E+03
  1100.000  -128.334   1.336244E+03
  1100.000  -133.100   1.345776E+03
  1100.000  -137.866   1.355308E+03
  1100.000  -142.632   1.364840E+03
  1100.000  -147.398   1.374372E+03
  1100.000  -152.164   1.383904E+03
  1100.000  -156.930   1.393436E+03
  1100.000  -161.696   1.400743E+03
  1100.000  -166.463   1.403128E+03
  1100.000  -171.229   1.405513E+03
  1100.000  -175.995   1.407898E+03
  1100.000  -180.761   1.410284E+03
  1100.000  -185.527   1.412669E+03
  1100.000  -190.293   1.415054E+03
  1100.000  -195.059   1.417439E+03
  1100.000  -199.825   1.419824E+03
  1100.000  -204.591   1.422209E+03
  1100.000  -209.357   1.424594E+03
  1100.000  -214.123   1.426979E+03
  1100.000  -218.889   1.429364E+03
  1100.000  -228.421   1.434135E+03
  1100.000  -237.954   1.438905E+03
  1100.000  -247.486   1.443676E+03
  1100.000  -257.018   1.448446E+03
  1100.000  -266.550   1.453216E+03
  1100.000  -276.082   1.457986E+03
  1100.000  -285.614   1.462756E+03
  1100.000  -290.380   1.465142E+03
  1100.000  -295.146   1.467527E+03
  1100.000  -299.913   1.469912E+03
  1100.000  -304.679   1.472297E+03
  1100.000  -314.211   1.477068E+03
  1100.000  -323.743   1.481838E+03
  1100.000  -333.275   1.486608E+03
  1100.000  -342.807   1.491378E+03
  1100.000  -352.339   1.496148E+03
  1100.000  -361.871   1.500919E+03
  1100.000  -371.404   1.505689E+03
  1100.000  -380.936   1.510460E+03
  1100.000  -390.468   1.515230E+03
  1100.000  -400.000   1.520000E+03
  1105.000     0.344   0.000000E+00
  1105.000    -0.243   1.730063E+01
  1105.000    -1.086   3.912680E+01
  1105.000    -1.562   5.130248E+01
  1105.000    -2.039   6.339373E+01
  1105.000    -2.516   7.537372E+01
  1105.000    -2.992   8.721678E+01
  1105.000    -3.469   9.897183E+01
  1105.000    -3.945   1.105890E+02
  1105.000    -4.899   1.335299E+02
  1105.000    -5.375   1.448045E+02
  1105.000    -5.852   1.559877E+02
  1105.000    -6.328   1.670325E+02
  1105.000    -7.282   1.888222E+02
  1105.000    -8.235   2.101274E+02
  1105.000    -9.188   2.309714E+02
  1103.000   -10.434   2.582896E+02
  1105.360   -11.096   2.710211E+02
  1105.000   -12.048   2.903284E+02
  1105.000   -13.001   3.088528E+02
  1105.000   -13.954   3.267162E+02
  1105.000   -16.053   3.636550E+02
  1105.000   -17.767   3.999182E+02
  1105.000   -19.673   4.391373E+02
  1105.000   -21.580   4.773236E+02
  1105.000   -23.486   5.144701E+02
  1105.000   -25.392   5.506064E+02
  1105.000   -27.299   5.857492E+02
  1105.000   -29.205   6.198555E+02
  1105.000   -31.112   6.529536E+02
  1105.000   -32.914   6.832621E+02
  1105.000   -34.924   7.000566E+02
  1105.000   -37.784   7.236531E+02
  1105.000   -40.644   7.471646E+02
  1105.000   -43.503   7.705487E+02
  1105.000   -46.363   7.935481E+02
  1105.000   -49.222   8.161639E+02
  1105.000   -52.082   8.383947E+02
  1105.000   -54.942   8.602822E+02
  1105.000   -57.801   8.818396E+02
  1105.000   -60.661   9.031122E+02
  1105.000   -63.520   9.241200E+02
  1105.000   -66.380   9.448886E+02
  1105.000   -71.146   9.790097E+02
  1105.000   -75.912   1.012638E+03
  1105.000   -80.678   1.045887E+03
  1105.000   -85.444   1.078863E+03
  1105.000   -90.210   1.111672E+03
  1105.000   -94.976   1.144417E+03
  1105.000   -99.742   1.177168E+03
  1105.000  -104.508   1.209997E+03
  1105.000  -109.274   1.243021E+03
  1105.000  -114.040   1.276323E+03
  1105.000  -120.225   1.320000E+03
  1105.000  -123.572   1.326694E+03
  1105.000  -128.338   1.336226E+03
  1105.000  -133.104   1.345758E+03
  1105.000  -137.870   1.355290E+03
  1105.000  -142.636   1.364822E+03
  1105.000  -147.402   1.374354E+03
  1105.000  -152.168   1.383886E+03
  1105.000  -156.934   1.393418E+03
  1105.000  -161.700   1.400738E+03
  1105.000  -166.466   1.403123E+03
  1105.000  -171.232   1.405509E+03
  1105.000  -175.998   1.407894E+03
  1105.000  -180.764   1.410279E+03
  1105.000  -185.530   1.412664E+03
  1105.000  -190.296   1.415050E+03
  1105.000  -195.062   1.417435E+03
  1105.000  -199.828   1.419820E+03
  1105.000  -204.594   1.422205E+03
  1105.000  -209.360   1.424591E+03
  1105.000  -214.126   1.426976E+03
  1105.000  -218.892   1.429361E+03
  1105.000  -228.424   1.434131E+03
  1105.000  -237.956   1.438902E+03
  1105.000  -247.488   1.443672E+03
  1105.000  -257.020   1.448443E+03
  1105.000  -266.552   1.453213E+03
  1105.000  -276.084   1.457984E+03
  1105.000  -285.616   1.462754E+03
  1105.000  -290.382   1.465140E+03
  1105.000  -295.148   1.467525E+03
  1105.000  -299.914   1.469910E+03
  1105.000  -304.680   1.472295E+03
  1105.000  -314.212   1.477066E+03
  1105.000  -323.744   1.481836E+03
  1105.000  -333.276   1.486607E+03
  1105.000  -342.808   1.491377E+03
  1105.000  -352.340   1.496148E+03
  1105.000  -361.872   1.500918E+03
  1105.000  -371.404   1.505689E+03
  1105.000  -380.936   1.510459E+03
  1105.000  -390.468   1.515230E+03
  1105.000  -400.000   1.520000E+03
  1110.000     0.315   0.000000E+00
  1110.000    -0.313   1.858837E+01
  1110.000    -1.115   3.938797E+01
  1110.000    -1.591   5.156919E+01
  1110.000    -2.068   6.365153E+01
  1110.000    -2.544   7.558547E+01
  1110.000    -3.021   8.742195E+01
  1110.000    -3.498   9.913644E+01
  1110.000    -3.974   1.107052E+02
  1110.000    -4.927   1.335046E+02
  1110.000    -5.404   1.447352E+02
  1110.000    -5.880   1.558220E+02
  1110.000    -6.357   1.668115E+02
  1110.000    -7.310   1.884061E+02
  1110.000    -8.263   2.095171E+02
  1110.000    -9.216   2.301419E+02
  1110.000   -10.169   2.502881E+02
  1110.000   -11.123   2.700485E+02
  1108.000   -11.837   2.848449E+02
  1109.939   -13.029   3.076161E+02
  1111.464   -13.966   3.247072E+02
  1110.102   -15.754   3.561677E+02
  1110.000   -17.794   3.994966E+02
  1110.000   -19.701   4.386464E+02
  1110.000   -21.607   4.767672E+02
  1110.000   -23.513   5.139192E+02
  1110.000   -25.420   5.501114E+02
  1110.000   -27.326   5.852915E+02
  1110.000   -29.232   6.194639E+02
  1110.000   -31.138   6.526156E+02
  1110.000   -32.727   6.794473E+02
  1110.000   -34.951   6.981554E+02
  1110.000   -37.810   7.218976E+02
  1110.000   -40.670   7.455562E+02
  1110.000   -43.529   7.690786E+02
  1110.000   -46.388   7.921928E+02
  1110.000   -49.248   8.149320E+02
  1110.000   -52.107   8.372632E+02
  1110.000   -54.967   8.592454E+02
  1110.000   -57.826   8.808961E+02
  1110.000   -60.685   9.022483E+02
  1110.000   -63.545   9.233391E+02
  1110.000   -66.404   9.441661E+02
  1110.000   -71.170   9.784119E+02
  1110.000   -75.935   1.012131E+03
  1110.000   -80.701   1.045471E+03
  1110.000   -85.467   1.078533E+03
  1110.000   -90.232   1.111417E+03
  1110.000   -94.998   1.144238E+03
  1110.000   -99.764   1.177057E+03
  1110.000  -104.529   1.209931E+03
  1110.000  -109.295   1.243007E+03
  1110.000  -114.061   1.276347E+03
  1110.000  -120.239   1.320000E+03
  1110.000  -123.592   1.326706E+03
  1110.000  -128.358   1.336238E+03
  1110.000  -133.123   1.345768E+03
  1110.000  -137.889   1.355300E+03
  1110.000  -142.655   1.364832E+03
  1110.000  -147.420   1.374362E+03
  1110.000  -152.186   1.383894E+03
  1110.000  -156.952   1.393426E+03
  1110.000  -161.717   1.400740E+03
  1110.000  -166.483   1.403125E+03
  1110.000  -171.249   1.405510E+03
  1110.000  -176.014   1.407895E+03
  1110.000  -180.780   1.410281E+03
  1110.000  -185.546   1.412666E+03
  1110.000  -190.311   1.415051E+03
  1110.000  -195.077   1.417436E+03
  1110.000  -199.843   1.419822E+03
  1110.000  -204.608   1.422207E+03
  1110.000  -209.374   1.424592E+03
  1110.000  -214.139   1.426977E+03
  1110.000  -218.905   1.429362E+03
  1110.000  -228.436   1.434132E+03
  1110.000  -237.968   1.438903E+03
  1110.000  -247.499   1.443673E+03
  1110.000  -257.030   1.448444E+03
  1110.000  -266.562   1.453214E+03
  1110.000  -276.093   1.457985E+03
  1110.000  -285.624   1.462755E+03
  1110.000  -290.390   1.465140E+03
  1110.000  -295.156   1.467526E+03
  1110.000  -299.921   1.469911E+03
  1110.000  -304.687   1.472296E+03
  1110.000  -314.218   1.477066E+03
  1110.000  -323.750   1.481837E+03
  1110.000  -333.281   1.486607E+03
  1110.000  -342.812   1.491377E+03
  1110.000  -352.343   1.496148E+03
  1110.000  -361.875   1.500918E+03
  1110.000  -371.406   1.505689E+03
  1110.000  -380.937   1.510459E+03
  1110.000  -390.469   1.515230E+03
  1110.000  -400.000   1.520000E+03
  1115.000     0.370   0.000000E+00
  1115.000    -0.383   2.194355E+01
  1115.000    -1.060   3.928855E+01
  1115.000    -1.537   5.138534E+01
  1115.000    -2.013   6.333224E+01
  1115.000    -2.490   7.520258E+01
  1115.000    -2.966   8.693254E+01
  1115.000    -3.443   9.857141E+01
  1115.000    -3.920   1.100945E+02
  1115.000    -4.873   1.327694E+02
  1115.000    -5.350   1.439443E+02
  1115.000    -5.826   1.549796E+02
  1115.000    -6.303   1.659210E+02
  1115.000    -7.256   1.874279E+02
  1115.000    -8.209   2.084573E+02
  1115.000    -9.163   2.290197E+02
  1115.000   -10.116   2.490574E+02
  1115.000   -11.069   2.685702E+02
  1115.000   -12.022   2.876158E+02
  1115.000   -12.976   3.061354E+02
  1115.000   -13.929   3.240949E+02
  1114.000   -15.525   3.521657E+02
  1117.033   -17.720   3.959395E+02
  1115.000   -19.649   4.360349E+02
  1115.000   -21.555   4.741746E+02
  1115.000   -23.462   5.114574E+02
  1115.000   -25.368   5.478055E+02
  1115.000   -27.275   5.832011E+02
  1115.000   -29.181   6.175722E+02
  1115.000   -31.088   6.509329E+02
  1115.000   -32.539   6.756071E+02
  1115.000   -34.901   6.956565E+02
  1115.000   -37.760   7.195837E+02
  1115.000   -40.620   7.434191E+02
  1115.000   -43.480   7.670924E+02
  1115.000   -46.340   7.903578E+02
  1115.000   -49.200   8.132268E+02
  1115.000   -52.059   8.356771E+02
  1115.000   -54.919   8.577620E+02
  1115.000   -57.779   8.795128E+02
  1115.000   -60.639   9.009633E+02
  1115.000   -63.499   9.221365E+02
  1115.000   -66.358   9.430408E+02
  1115.000   -71.125   9.774166E+02
  1115.000   -75.891   1.011241E+03
  1115.000   -80.657   1.044673E+03
  1115.000   -85.424   1.077830E+03
  1115.000   -90.190   1.110804E+03
  1115.000   -94.956   1.143706E+03
  1115.000   -99.723   1.176591E+03
  1115.000  -104.489   1.209521E+03
  1115.000  -109.255   1.242644E+03
  1115.000  -114.021   1.276001E+03
  1115.000  -120.252   1.320000E+03
  1115.000  -123.554   1.326604E+03
  1115.000  -128.320   1.336136E+03
  1115.000  -133.087   1.345670E+03
  1115.000  -137.853   1.355202E+03
  1115.000  -142.619   1.364734E+03
  1115.000  -147.386   1.374268E+03
  1115.000  -152.152   1.383800E+03
  1115.000  -156.918   1.393332E+03
  1115.000  -161.685   1.400717E+03
  1115.000  -166.451   1.403103E+03
  1115.000  -171.217   1.405488E+03
  1115.000  -175.983   1.407874E+03
  1115.000  -180.750   1.410260E+03
  1115.000  -185.516   1.412645E+03
  1115.000  -190.282   1.415031E+03
  1115.000  -195.049   1.417417E+03
  1115.000  -199.815   1.419802E+03
  1115.000  -204.581   1.422188E+03
  1115.000  -209.348   1.424574E+03
  1115.000  -214.114   1.426959E+03
  1115.000  -218.880   1.429345E+03
  1115.000  -228.413   1.434116E+03
  1115.000  -237.945   1.438887E+03
  1115.000  -247.478   1.443659E+03
  1115.000  -257.011   1.448430E+03
  1115.000  -266.543   1.453201E+03
  1115.000  -276.076   1.457973E+03
  1115.000  -285.609   1.462744E+03
  1115.000  -290.375   1.465130E+03
  1115.000  -295.141   1.467515E+03
  1115.000  -299.908   1.469901E+03
  1115.000  -304.674   1.472287E+03
  1115.000  -314.206   1.477058E+03
  1115.000  -323.739   1.481829E+03
  1115.000  -333.272   1.486601E+03
  1115.000  -342.804   1.491372E+03
  1115.000  -352.337   1.496143E+03
  1115.000  -361.870   1.500915E+03
  1115.000  -371.402   1.505686E+03
  1115.000  -380.935   1.510457E+03
  1115.000  -390.467   1.515228E+03
  1115.000  -400.000   1.520000E+03
  1120.000     0.427   0.000000E+00
  1122.000    -0.480   2.734963E+01
  1122.123    -0.781   3.501208E+01
  1122.399    -1.455   5.204488E+01
  1120.000    -1.956   6.367471E+01
  1120.000    -2.433   7.545549E+01
  1120.000    -2.910   8.712707E+01
  1120.000    -3.387   9.869204E+01
  1120.000    -3.863   1.101282E+02
  1120.000    -4.817   1.327406E+02
  1120.000    -5.293   1.438765E+02
  1120.000    -5.770   1.549372E+02
  1120.000    -6.247   1.658998E+02
  1120.000    -7.200   1.875135E+02
  1120.000    -8.154   2.087718E+02
  1120.000    -9.107   2.296342E+02
  1120.000   -10.060   2.501554E+02
  1120.000   -11.014   2.703757E+02
  1120.000   -11.967   2.902899E+02
  1120.000   -12.921   3.097837E+02
  1120.000   -13.874   3.282391E+02
  1120.000   -15.781   3.642901E+02
  1120.000   -17.688   3.992754E+02
  1120.000   -19.867   4.379929E+02
  1120.000   -21.501   4.705938E+02
  1120.000   -23.408   5.080801E+02
  1120.000   -25.315   5.449992E+02
  1120.000   -27.222   5.808345E+02
  1120.000   -29.128   6.155613E+02
  1120.000   -31.035   6.492136E+02
  1120.000   -32.352   6.718079E+02
  1120.000   -34.849   6.932465E+02
  1120.000   -37.709   7.173830E+02
  1120.000   -40.569   7.413873E+02
  1120.000   -43.429   7.652289E+02
  1120.000   -46.289   7.886356E+02
  1120.000   -49.150   8.116391E+02
  1120.000   -52.010   8.342116E+02
  1120.000   -54.870   8.564065E+02
  1120.000   -57.730   8.782400E+02
  1120.000   -60.590   8.997750E+02
  1120.000   -63.451   9.210287E+02
  1120.000   -66.311   9.420157E+02
  1120.000   -71.078   9.764998E+02
  1120.000   -75.845   1.010429E+03
  1120.000   -80.612   1.043958E+03
  1120.000   -85.379   1.077201E+03
  1120.000   -90.146   1.110265E+03
  1120.000   -94.913   1.143253E+03
  1120.000   -99.680   1.176202E+03
  1120.000  -104.447   1.209203E+03
  1120.000  -109.214   1.242384E+03
  1120.000  -113.981   1.275752E+03
  1122.000  -120.271   1.320000E+03
  1120.000  -123.515   1.326488E+03
  1120.000  -128.282   1.336022E+03
  1120.000  -133.049   1.345556E+03
  1120.000  -137.816   1.355090E+03
  1120.000  -142.583   1.364624E+03
  1120.000  -147.350   1.374158E+03
  1120.000  -152.117   1.383692E+03
  1120.000  -156.884   1.393226E+03
  1120.000  -161.651   1.400691E+03
  1120.000  -166.418   1.403077E+03
  1120.000  -171.185   1.405463E+03
  1120.000  -175.952   1.407849E+03
  1120.000  -180.719   1.410236E+03
  1120.000  -185.486   1.412622E+03
  1120.000  -190.253   1.415008E+03
  1120.000  -195.020   1.417394E+03
  1120.000  -199.787   1.419780E+03
  1120.000  -204.553   1.422166E+03
  1120.000  -209.320   1.424552E+03
  1120.000  -214.087   1.426938E+03
  1120.000  -218.854   1.429325E+03
  1120.000  -228.388   1.434097E+03
  1120.000  -237.922   1.438869E+03
  1120.000  -247.456   1.443642E+03
  1120.000  -256.990   1.448414E+03
  1120.000  -266.524   1.453187E+03
  1120.000  -276.058   1.457959E+03
  1120.000  -285.592   1.462731E+03
  1120.000  -290.359   1.465118E+03
  1120.000  -295.126   1.467504E+03
  1120.000  -299.893   1.469890E+03
  1120.000  -304.660   1.472276E+03
  1120.000  -314.194   1.477049E+03
  1120.000  -323.728   1.481821E+03
  1120.000  -333.262   1.486593E+03
  1120.000  -342.796   1.491366E+03
  1120.000  -352.330   1.496138E+03
  1120.000  -361.864   1.500910E+03
  1120.000  -371.398   1.505683E+03
  1120.000  -380.932   1.510455E+03
  1120.000  -390.466   1.515228E+03
  1120.000  -400.000   1.520000E+03
  1125.000     0.480   0.000000E+00
  1125.000     0.003   1.435162E+01
  1125.000    -0.480   2.882401E+01
  1125.000    -1.427   5.196574E+01
  1122.594    -1.929   6.388912E+01
  1122.789    -2.404   7.542355E+01
  1123.000    -2.920   8.783047E+01
  1123.391    -3.351   9.812740E+01
  1123.820    -3.823   1.093210E+02
  1124.677    -4.767   1.314582E+02
  1125.108    -5.242   1.424538E+02
  1125.545    -5.723   1.534989E+02
  1126.000    -6.225   1.649338E+02
  1126.572    -7.164   1.860608E+02
  1127.156    -8.124   2.072901E+02
  1125.000    -9.055   2.278166E+02
  1125.000   -10.009   2.481566E+02
  1125.000   -10.962   2.680156E+02
  1129.494   -11.964   2.866101E+02
  1125.000   -12.869   3.075903E+02
  1125.000   -13.823   3.272407E+02
  1125.000   -15.730   3.657414E+02
  1125.000   -17.637   4.022732E+02
  1125.000   -19.544   4.370540E+02
  1123.000   -22.038   4.786764E+02
  1125.000   -23.358   5.050016E+02
  1125.000   -25.265   5.425304E+02
  1125.000   -27.172   5.788562E+02
  1125.000   -29.079   6.139745E+02
  1125.000   -30.986   6.479111E+02
  1127.000   -32.089   6.670216E+02
  1125.000   -34.800   6.910882E+02
  1125.000   -37.661   7.153991E+02
  1125.000   -40.522   7.395869E+02
  1125.000   -43.382   7.635847E+02
  1125.000   -46.243   7.871300E+02
  1125.000   -49.103   8.102401E+02
  1125.000   -51.964   8.329304E+02
  1125.000   -54.824   8.552148E+02
  1125.000   -57.685   8.771395E+02
  1125.000   -60.546   8.987536E+02
  1125.000   -63.406   9.200671E+02
  1125.000   -66.267   9.411258E+02
  1125.000   -71.034   9.757083E+02
  1125.000   -75.802   1.009736E+03
  1125.000   -80.570   1.043359E+03
  1125.000   -85.337   1.076684E+03
  1125.000   -90.105   1.109836E+03
  1125.000   -94.872   1.142904E+03
  1125.000   -99.640   1.175938E+03
  1125.000  -104.408   1.209029E+03
  1125.000  -109.175   1.242295E+03
  1125.000  -113.943   1.275772E+03
  1125.000  -120.203   1.320000E+03
  1125.000  -123.478   1.326550E+03
  1125.000  -128.246   1.336086E+03
  1125.000  -133.013   1.345620E+03
  1125.000  -137.781   1.355156E+03
  1125.000  -142.549   1.364692E+03
  1125.000  -147.316   1.374226E+03
  1125.000  -152.084   1.383762E+03
  1125.000  -156.851   1.393296E+03
  1125.000  -161.619   1.400709E+03
  1125.000  -166.387   1.403095E+03
  1125.000  -171.154   1.405480E+03
  1125.000  -175.922   1.407866E+03
  1125.000  -180.690   1.410252E+03
  1125.000  -185.457   1.412638E+03
  1125.000  -190.225   1.415024E+03
  1125.000  -194.992   1.417409E+03
  1125.000  -199.760   1.419795E+03
  1125.000  -204.528   1.422181E+03
  1125.000  -209.295   1.424567E+03
  1125.000  -214.063   1.426953E+03
  1125.000  -218.830   1.429338E+03
  1125.000  -228.366   1.434110E+03
  1125.000  -237.901   1.438882E+03
  1125.000  -247.436   1.443653E+03
  1125.000  -256.971   1.448425E+03
  1125.000  -266.507   1.453197E+03
  1125.000  -276.042   1.457969E+03
  1125.000  -285.577   1.462740E+03
  1125.000  -290.345   1.465126E+03
  1125.000  -295.112   1.467512E+03
  1125.000  -299.880   1.469898E+03
  1125.000  -304.648   1.472284E+03
  1125.000  -314.183   1.477055E+03
  1125.000  -323.718   1.481827E+03
  1125.000  -333.253   1.486598E+03
  1125.000  -342.789   1.491370E+03
  1125.000  -352.324   1.496142E+03
  1125.000  -361.859   1.500913E+03
  1125.000  -371.394   1.505685E+03
  1125.000  -380.930   1.510457E+03
  1125.000  -390.465   1.515228E+03
  1125.000  -400.000   1.520000E+03
  1130.000     0.429   0.000000E+00
  1130.000    -0.480   2.825749E+01
  1130.000    -1.001   4.152423E+01
  1130.000    -1.478   5.349970E+01
  1130.000    -1.955   6.525898E+01
  1130.000    -2.431   7.686196E+01
  1130.000    -2.908   8.835619E+01
  1130.000    -3.385   9.972512E+01
  1130.000    -3.861   1.109439E+02
  1130.000    -4.815   1.330510E+02
  1130.000    -5.291   1.438984E+02
  1130.000    -5.768   1.546448E+02
  1130.000    -6.245   1.652656E+02
  1130.000    -7.198   1.861252E+02
  1130.000    -8.152   2.065040E+02
  1127.740    -9.082   2.283375E+02
  1128.324   -10.042   2.482280E+02
  1128.908   -11.001   2.675434E+02
  1131.981   -11.990   2.849319E+02
  1130.000   -12.795   3.046213E+02
  1131.401   -13.889   3.306704E+02
  1130.000   -15.779   3.691369E+02
  1130.000   -17.686   4.067840E+02
  1130.000   -19.592   4.423886E+02
  1130.000   -21.499   4.757874E+02
  1130.000   -23.903   5.156328E+02
  1130.000   -25.313   5.433861E+02
  1130.000   -27.220   5.798664E+02
  1130.000   -29.126   6.151048E+02
  1130.000   -31.869   6.638676E+02
  1130.000   -32.940   6.733237E+02
  1130.000   -34.847   6.899455E+02
  1130.000   -37.707   7.144673E+02
  1130.000   -40.567   7.388224E+02
  1130.000   -43.428   7.629475E+02
  1130.000   -46.288   7.865888E+02
  1130.000   -49.148   8.097812E+02
  1130.000   -52.008   8.325284E+02
  1130.000   -54.868   8.548760E+02
  1130.000   -57.729   8.768700E+02
  1130.000   -60.589   8.985276E+02
  1130.000   -63.449   9.198900E+02
  1130.000   -66.309   9.409886E+02
  1130.000   -71.076   9.756480E+02
  1130.000   -75.843   1.009743E+03
  1130.000   -80.610   1.043434E+03
  1130.000   -85.377   1.076834E+03
  1130.000   -90.144   1.110055E+03
  1130.000   -94.911   1.143203E+03
  1130.000   -99.678   1.176317E+03
  1130.000  -104.445   1.209504E+03
  1130.000  -109.212   1.242882E+03
  1130.000  -113.979   1.276505E+03
  1130.000  -120.091   1.320000E+03
  1130.000  -123.513   1.326844E+03
  1130.000  -128.280   1.336378E+03
  1130.000  -133.047   1.345912E+03
  1130.000  -137.814   1.355446E+03
  1130.000  -142.581   1.364980E+03
  1130.000  -147.348   1.374514E+03
  1130.000  -152.115   1.384048E+03
  1130.000  -156.882   1.393582E+03
  1130.000  -161.649   1.400779E+03
  1130.000  -166.416   1.403164E+03
  1130.000  -171.183   1.405548E+03
  1130.000  -175.950   1.407933E+03
  1130.000  -180.717   1.410317E+03
  1130.000  -185.484   1.412701E+03
  1130.000  -190.251   1.415086E+03
  1130.000  -195.018   1.417470E+03
  1130.000  -199.786   1.419855E+03
  1130.000  -204.553   1.422239E+03
  1130.000  -209.320   1.424624E+03
  1130.000  -214.087   1.427008E+03
  1130.000  -218.854   1.429393E+03
  1130.000  -228.388   1.434161E+03
  1130.000  -237.922   1.438930E+03
  1130.000  -247.456   1.443699E+03
  1130.000  -256.990   1.448468E+03
  1130.000  -266.524   1.453237E+03
  1130.000  -276.058   1.458005E+03
  1130.000  -285.592   1.462774E+03
  1130.000  -290.359   1.465159E+03
  1130.000  -295.126   1.467543E+03
  1130.000  -299.893   1.469928E+03
  1130.000  -304.660   1.472312E+03
  1130.000  -314.194   1.477081E+03
  1130.000  -323.728   1.481850E+03
  1130.000  -333.262   1.486618E+03
  1130.000  -342.796   1.491387E+03
  1130.000  -352.330   1.496156E+03
  1130.000  -361.864   1.500925E+03
  1130.000  -371.398   1.505694E+03
  1130.000  -380.932   1.510462E+03
  1130.000  -390.466   1.515231E+03
  1130.000  -400.000   1.520000E+03
  1135.000     0.365   0.000000E+00
  1135.000    -0.480   2.604213E+01
  1135.000    -1.065   4.074373E+01
  1135.000    -1.542   5.254899E+01
  1135.000    -2.018   6.416948E+01
  1135.000    -2.495   7.565807E+01
  1135.000    -2.971   8.697012E+01
  1135.000    -3.448   9.815657E+01
  1135.000    -3.925   1.091967E+02
  1135.000    -4.878   1.308237E+02
  1135.000    -5.355   1.414414E+02
  1135.000    -5.831   1.519016E+02
  1135.000    -6.308   1.622505E+02
  1135.000    -7.261   1.825366E+02
  1135.000    -8.214   2.023248E+02
  1135.000    -9.168   2.216130E+02
  1136.586   -10.117   2.378351E+02
  1134.255   -11.065   2.609216E+02
  1135.000   -12.027   2.843613E+02
  1135.000   -12.981   3.073350E+02
  1135.000   -13.934   3.299965E+02
  1133.880   -15.826   3.751592E+02
  1136.335   -17.744   4.157498E+02
  1135.000   -19.653   4.493618E+02
  1135.000   -21.560   4.830217E+02
  1135.000   -23.466   5.151698E+02
  1134.000   -24.969   5.381726E+02
  1135.000   -27.279   5.821359E+02
  1135.000   -29.186   6.173950E+02
  1134.000   -31.576   6.600124E+02
  1135.000   -32.999   6.726025E+02
  1135.000   -34.905   6.893728E+02
  1135.000   -37.765   7.140626E+02
  1135.000   -40.625   7.385188E+02
  1135.000   -43.485   7.627081E+02
  1135.000   -46.344   7.863991E+02
  1135.000   -49.204   8.096404E+02
  1135.000   -52.064   8.324233E+02
  1135.000   -54.924   8.548186E+02
  1135.000   -57.783   8.768372E+02
  1135.000   -60.643   8.985331E+02
  1135.000   -63.503   9.199330E+02
  1135.000   -66.363   9.410685E+02
  1135.000   -71.129   9.757820E+02
  1135.000   -75.895   1.009935E+03
  1135.000   -80.661   1.043685E+03
  1135.000   -85.428   1.077156E+03
  1135.000   -90.194   1.110442E+03
  1135.000   -94.960   1.143659E+03
  1135.000   -99.726   1.176862E+03
  1135.000  -104.493   1.210158E+03
  1135.000  -109.259   1.243642E+03
  1135.000  -114.025   1.277409E+03
  1135.000  -119.978   1.320000E+03
  1135.000  -123.558   1.327160E+03
  1135.000  -128.324   1.336692E+03
  1135.000  -133.090   1.346224E+03
  1135.000  -137.856   1.355756E+03
  1135.000  -142.623   1.365290E+03
  1135.000  -147.389   1.374822E+03
  1135.000  -152.155   1.384354E+03
  1135.000  -156.921   1.393886E+03
  1135.000  -161.688   1.400855E+03
  1135.000  -166.454   1.403238E+03
  1135.000  -171.220   1.405620E+03
  1135.000  -175.986   1.408003E+03
  1135.000  -180.753   1.410387E+03
  1135.000  -185.519   1.412769E+03
  1135.000  -190.285   1.415152E+03
  1135.000  -195.051   1.417535E+03
  1135.000  -199.818   1.419918E+03
  1135.000  -204.584   1.422301E+03
  1135.000  -209.350   1.424684E+03
  1135.000  -214.116   1.427067E+03
  1135.000  -218.883   1.429450E+03
  1135.000  -228.415   1.434215E+03
  1135.000  -237.948   1.438981E+03
  1135.000  -247.480   1.443747E+03
  1135.000  -257.013   1.448513E+03
  1135.000  -266.545   1.453279E+03
  1135.000  -276.078   1.458045E+03
  1135.000  -285.610   1.462810E+03
  1135.000  -290.376   1.465193E+03
  1135.000  -295.143   1.467576E+03
  1135.000  -299.909   1.469959E+03
  1135.000  -304.675   1.472342E+03
  1135.000  -314.208   1.477108E+03
  1135.000  -323.740   1.481873E+03
  1135.000  -333.273   1.486640E+03
  1135.000  -342.805   1.491405E+03
  1135.000  -352.338   1.496171E+03
  1135.000  -361.870   1.500937E+03
  1135.000  -371.403   1.505703E+03
  1135.000  -380.935   1.510468E+03
  1135.000  -390.468   1.515234E+03
  1135.000  -400.000   1.520000E+03
  1140.000     0.378   0.000000E+00
  1140.000    -0.479   2.511653E+01
  1140.000    -1.052   3.883739E+01
  1140.000    -1.529   5.009830E+01
  1140.000    -2.005   6.119143E+01
  1140.000    -2.482   7.216334E+01
  1140.000    -2.958   8.296825E+01
  1140.000    -3.435   9.365190E+01
  1140.000    -3.912   1.041918E+02
  1140.000    -4.865   1.248212E+02
  1140.000    -5.342   1.349345E+02
  1140.000    -5.818   1.448860E+02
  1140.000    -6.295   1.546406E+02
  1140.000    -7.248   1.737895E+02
  1141.270    -8.212   1.903080E+02
  1138.945    -9.158   2.134263E+02
  1140.000   -10.108   2.366504E+02
  1140.000   -11.061   2.595497E+02
  1140.000   -12.015   2.821475E+02
  1140.000   -12.968   3.044315E+02
  1140.000   -13.921   3.264168E+02
  1140.000   -15.828   3.696269E+02
  1140.000   -17.734   4.114987E+02
  1138.767   -19.644   4.534396E+02
  1140.000   -20.607   4.718890E+02
  1141.793   -23.468   5.241469E+02
  1140.000   -25.361   5.529832E+02
  1139.000   -27.092   5.792022E+02
  1140.000   -29.174   6.179776E+02
  1140.000   -31.445   6.585466E+02
  1140.000   -32.987   6.722559E+02
  1140.000   -34.893   6.889768E+02
  1140.000   -37.753   7.136228E+02
  1140.000   -40.613   7.380541E+02
  1140.000   -43.473   7.622379E+02
  1140.000   -46.333   7.859443E+02
  1140.000   -49.193   8.092008E+02
  1140.000   -52.052   8.319961E+02
  1140.000   -54.912   8.544171E+02
  1140.000   -57.772   8.764714E+02
  1140.000   -60.632   8.981982E+02
  1140.000   -63.492   9.196310E+02
  1140.000   -66.352   9.408002E+02
  1140.000   -71.118   9.755633E+02
  1140.000   -75.884   1.009780E+03
  1140.000   -80.651   1.043603E+03
  1140.000   -85.417   1.077133E+03
  1140.000   -90.184   1.110499E+03
  1140.000   -94.950   1.143792E+03
  1140.000   -99.717   1.177096E+03
  1140.000  -104.483   1.210476E+03
  1140.000  -109.249   1.244077E+03
  1140.000  -114.016   1.277981E+03
  1140.000  -119.866   1.320000E+03
  1140.000  -123.549   1.327366E+03
  1140.000  -128.315   1.336898E+03
  1140.000  -133.081   1.346430E+03
  1140.000  -137.848   1.355964E+03
  1140.000  -142.614   1.365496E+03
  1140.000  -147.381   1.375030E+03
  1140.000  -152.147   1.384562E+03
  1140.000  -156.913   1.394094E+03
  1140.000  -161.680   1.400906E+03
  1140.000  -166.446   1.403288E+03
  1140.000  -171.213   1.405670E+03
  1140.000  -175.979   1.408052E+03
  1140.000  -180.745   1.410434E+03
  1140.000  -185.512   1.412816E+03
  1140.000  -190.278   1.415198E+03
  1140.000  -195.045   1.417580E+03
  1140.000  -199.811   1.419961E+03
  1140.000  -204.577   1.422343E+03
  1140.000  -209.344   1.424725E+03
  1140.000  -214.110   1.427107E+03
  1140.000  -218.877   1.429489E+03
  1140.000  -228.409   1.434252E+03
  1140.000  -237.942   1.439016E+03
  1140.000  -247.475   1.443780E+03
  1140.000  -257.008   1.448544E+03
  1140.000  -266.541   1.453308E+03
  1140.000  -276.073   1.458071E+03
  1140.000  -285.606   1.462835E+03
  1140.000  -290.373   1.465217E+03
  1140.000  -295.139   1.467599E+03
  1140.000  -299.906   1.469981E+03
  1140.000  -304.672   1.472363E+03
  1140.000  -314.205   1.477126E+03
  1140.000  -323.738   1.481890E+03
  1140.000  -333.270   1.486654E+03
  1140.000  -342.803   1.491417E+03
  1140.000  -352.336   1.496181E+03
  1140.000  -361.869   1.500945E+03
  1140.000  -371.402   1.505709E+03
  1140.000  -380.934   1.510472E+03
  1140.000  -390.467   1.515236E+03
  1140.000  -400.000   1.520000E+03
  1145.000     0.337   0.000000E+00
  1145.000    -0.479   2.281117E+01
  1145.000    -1.093   3.682505E+01
  1145.000    -1.569   4.751603E+01
  1145.000    -2.046   5.808144E+01
  1145.000    -2.523   6.849809E+01
  1145.000    -2.999   7.874424E+01
  1145.000    -3.476   8.886285E+01
  1145.000    -3.952   9.881018E+01
  1145.000    -4.906   1.182264E+02
  1145.000    -5.382   1.277787E+02
  1146.957    -5.900   1.347622E+02
  1145.843    -6.353   1.455220E+02
  1143.571    -7.277   1.675180E+02
  1145.000    -8.242   1.915504E+02
  1145.000    -9.195   2.146292E+02
  1145.000   -10.148   2.373762E+02
  1145.000   -11.101   2.598228E+02
  1145.000   -12.054   2.819662E+02
  1145.000   -13.008   3.038262E+02
  1145.000   -13.961   3.253528E+02
  1145.000   -15.867   3.674570E+02
  1145.000   -17.773   4.082174E+02
  1145.000   -19.680   4.476771E+02
  1145.000   -21.586   4.855900E+02
  1145.000   -23.493   5.220677E+02
  1142.993   -25.384   5.574675E+02
  1144.000   -26.990   5.849664E+02
  1144.000   -29.909   6.327882E+02
  1145.000   -31.336   6.583085E+02
  1145.000   -33.024   6.731083E+02
  1145.000   -34.931   6.896474E+02
  1145.000   -37.790   7.140776E+02
  1145.000   -40.650   7.383781E+02
  1145.000   -43.509   7.624753E+02
  1145.000   -46.369   7.861336E+02
  1145.000   -49.229   8.093626E+02
  1145.000   -52.088   8.321452E+02
  1145.000   -54.948   8.545639E+02
  1145.000   -57.807   8.766108E+02
  1145.000   -60.667   8.983523E+02
  1145.000   -63.526   9.197983E+02
  1145.000   -66.386   9.409807E+02
  1145.000   -71.152   9.757762E+02
  1145.000   -75.918   1.010047E+03
  1145.000   -80.684   1.043919E+03
  1145.000   -85.450   1.077504E+03
  1145.000   -90.215   1.110926E+03
  1145.000   -94.981   1.144295E+03
  1145.000   -99.747   1.177676E+03
  1145.000  -104.513   1.211147E+03
  1145.000  -109.279   1.244856E+03
  1145.000  -114.045   1.278861E+03
  1145.000  -119.753   1.320000E+03
  1145.000  -123.577   1.327648E+03
  1145.000  -128.343   1.337180E+03
  1145.000  -133.109   1.346712E+03
  1145.000  -137.875   1.356244E+03
  1145.000  -142.641   1.365776E+03
  1145.000  -147.406   1.375306E+03
  1145.000  -152.172   1.384838E+03
  1145.000  -156.938   1.394370E+03
  1145.000  -161.704   1.400974E+03
  1145.000  -166.470   1.403355E+03
  1145.000  -171.236   1.405736E+03
  1145.000  -176.002   1.408116E+03
  1145.000  -180.768   1.410497E+03
  1145.000  -185.534   1.412877E+03
  1145.000  -190.300   1.415258E+03
  1145.000  -195.066   1.417638E+03
  1145.000  -199.832   1.420019E+03
  1145.000  -204.597   1.422399E+03
  1145.000  -209.363   1.424779E+03
  1145.000  -214.129   1.427160E+03
  1145.000  -218.895   1.429541E+03
  1145.000  -228.427   1.434302E+03
  1145.000  -237.959   1.439063E+03
  1145.000  -247.491   1.443824E+03
  1145.000  -257.023   1.448585E+03
  1145.000  -266.554   1.453346E+03
  1145.000  -276.086   1.458107E+03
  1145.000  -285.618   1.462868E+03
  1145.000  -290.384   1.465248E+03
  1145.000  -295.150   1.467629E+03
  1145.000  -299.916   1.470009E+03
  1145.000  -304.682   1.472390E+03
  1145.000  -314.214   1.477151E+03
  1145.000  -323.745   1.481912E+03
  1145.000  -333.277   1.486673E+03
  1145.000  -342.809   1.491434E+03
  1145.000  -352.341   1.496195E+03
  1145.000  -361.873   1.500956E+03
  1145.000  -371.405   1.505717E+03
  1145.000  -380.936   1.510478E+03
  1145.000  -390.468   1.515239E+03
  1145.000  -400.000   1.520000E+03
  1150.000     0.231   0.000000E+00
  1150.000    -0.479   1.926452E+01
  1150.000    -1.198   3.505803E+01
  1150.000    -1.675   4.529948E+01
  1150.000    -2.151   5.533171E+01
  1150.000    -2.628   6.520133E+01
  1150.000    -3.104   7.487126E+01
  1150.000    -3.581   8.457872E+01
  1151.587    -4.017   9.125741E+01
  1149.187    -4.993   1.136819E+02
  1148.072    -5.447   1.241613E+02
  1150.000    -5.963   1.380125E+02
  1150.000    -6.440   1.496583E+02
  1150.000    -7.392   1.728210E+02
  1150.000    -8.345   1.957079E+02
  1150.000    -9.298   2.183213E+02
  1150.000   -10.251   2.406578E+02
  1150.000   -11.204   2.627150E+02
  1150.000   -12.157   2.844899E+02
  1150.000   -13.110   3.059796E+02
  1150.000   -14.063   3.271809E+02
  1150.000   -15.969   3.687108E+02
  1150.000   -17.875   4.090506E+02
  1150.000   -19.781   4.481832E+02
  1150.000   -21.686   4.860743E+02
  1150.000   -23.592   5.227753E+02
  1150.000   -25.498   5.581858E+02
  1150.000   -27.404   5.926347E+02
  1150.000   -29.310   6.259117E+02
  1150.000   -31.226   6.586062E+02
  1150.000   -33.122   6.748566E+02
  1150.000   -35.027   6.911233E+02
  1150.000   -37.886   7.152984E+02
  1150.000   -40.745   7.394293E+02
  1150.000   -43.604   7.634195E+02
  1150.000   -46.463   7.869928E+02
  1150.000   -49.321   8.101522E+02
  1150.000   -52.180   8.329010E+02
  1150.000   -55.039   8.552803E+02
  1150.000   -57.898   8.773125E+02
  1150.000   -60.757   8.990448E+02
  1150.000   -63.615   9.204863E+02
  1150.000   -66.474   9.416621E+02
  1150.000   -71.239   9.764831E+02
  1150.000   -76.003   1.010777E+03
  1150.000   -80.768   1.044677E+03
  1150.000   -85.533   1.078309E+03
  1150.000   -90.297   1.111789E+03
  1150.000   -95.062   1.145223E+03
  1150.000   -99.827   1.178678E+03
  1150.000  -104.591   1.212222E+03
  1150.000  -109.356   1.246019E+03
  1150.000  -114.121   1.280112E+03
  1150.000  -119.641   1.320000E+03
  1150.000  -123.650   1.328018E+03
  1150.000  -128.415   1.337548E+03
  1150.000  -133.179   1.347076E+03
  1150.000  -137.944   1.356606E+03
  1150.000  -142.709   1.366136E+03
  1150.000  -147.473   1.375664E+03
  1150.000  -152.238   1.385194E+03
  1150.000  -157.003   1.394724E+03
  1150.000  -161.767   1.401061E+03
  1150.000  -166.532   1.403440E+03
  1150.000  -171.297   1.405819E+03
  1150.000  -176.061   1.408198E+03
  1150.000  -180.826   1.410577E+03
  1150.000  -185.591   1.412956E+03
  1150.000  -190.355   1.415334E+03
  1150.000  -195.120   1.417713E+03
  1150.000  -199.885   1.420092E+03
  1150.000  -204.649   1.422470E+03
  1150.000  -209.414   1.424849E+03
  1150.000  -214.178   1.427228E+03
  1150.000  -218.943   1.429607E+03
  1150.000  -228.472   1.434364E+03
  1150.000  -238.002   1.439122E+03
  1150.000  -247.531   1.443879E+03
  1150.000  -257.060   1.448637E+03
  1150.000  -266.590   1.453395E+03
  1150.000  -276.119   1.458152E+03
  1150.000  -285.648   1.462909E+03
  1150.000  -290.413   1.465288E+03
  1150.000  -295.178   1.467667E+03
  1150.000  -299.942   1.470046E+03
  1150.000  -304.707   1.472425E+03
  1150.000  -314.236   1.477182E+03
  1150.000  -323.766   1.481940E+03
  1150.000  -333.295   1.486697E+03
  1150.000  -342.824   1.491455E+03
  1150.000  -352.353   1.496212E+03
  1150.000  -361.883   1.500970E+03
  1150.000  -371.412   1.505727E+03
  1150.000  -380.941   1.510485E+03
  1150.000  -390.471   1.515243E+03
  1150.000  -400.000   1.520000E+03
  1155.000     0.358   0.000000E+00
  1155.000    -0.479   2.057336E+01
  1155.000    -1.072   3.239594E+01
  1155.000    -1.548   4.171697E+01
  1155.000    -2.025   5.084840E+01
  1155.000    -2.502   5.978687E+01
  1154.000    -3.036   6.971187E+01
  1152.835    -3.510   8.031622E+01
  1155.000    -3.932   9.163708E+01
  1155.000    -4.885   1.149356E+02
  1155.000    -5.361   1.265142E+02
  1155.000    -5.838   1.380443E+02
  1155.000    -6.315   1.495215E+02
  1155.000    -7.268   1.722906E+02
  1155.000    -8.221   1.948320E+02
  1155.000    -9.174   2.171369E+02
  1155.000   -10.128   2.392208E+02
  1155.000   -11.081   2.610314E+02
  1155.000   -12.034   2.825865E+02
  1155.000   -12.987   3.038820E+02
  1155.000   -13.941   3.249358E+02
  1155.000   -15.847   3.661992E+02
  1155.000   -17.753   4.063760E+02
  1155.000   -19.660   4.454747E+02
  1155.000   -21.566   4.834509E+02
  1155.000   -23.473   5.203505E+02
  1155.000   -25.379   5.561503E+02
  1155.000   -27.286   5.909316E+02
  1155.000   -29.192   6.246887E+02
  1154.000   -31.139   6.581219E+02
  1155.000   -33.005   6.743408E+02
  1155.000   -34.912   6.906276E+02
  1155.000   -37.771   7.147493E+02
  1155.000   -40.631   7.388288E+02
  1155.000   -43.491   7.627630E+02
  1155.000   -46.350   7.862896E+02
  1155.000   -49.210   8.094336E+02
  1155.000   -52.070   8.321711E+02
  1155.000   -54.930   8.545606E+02
  1155.000   -57.789   8.766018E+02
  1155.000   -60.649   8.983513E+02
  1155.000   -63.509   9.198147E+02
  1155.000   -66.368   9.410138E+02
  1155.000   -71.135   9.758948E+02
  1155.000   -75.901   1.010241E+03
  1155.000   -80.667   1.044200E+03
  1155.000   -85.433   1.077904E+03
  1155.000   -90.199   1.111458E+03
  1155.000   -94.965   1.144967E+03
  1155.000   -99.732   1.178511E+03
  1155.000  -104.498   1.212148E+03
  1155.000  -109.264   1.246030E+03
  1155.000  -114.030   1.280201E+03
  1155.000  -119.528   1.320000E+03
  1155.000  -123.562   1.328068E+03
  1155.000  -128.329   1.337602E+03
  1155.000  -133.095   1.347134E+03
  1155.000  -137.861   1.356666E+03
  1155.000  -142.627   1.366198E+03
  1155.000  -147.393   1.375730E+03
  1155.000  -152.159   1.385262E+03
  1155.000  -156.926   1.394796E+03
  1155.000  -161.692   1.401080E+03
  1155.000  -166.458   1.403458E+03
  1155.000  -171.224   1.405837E+03
  1155.000  -175.990   1.408215E+03
  1155.000  -180.756   1.410593E+03
  1155.000  -185.523   1.412972E+03
  1155.000  -190.289   1.415350E+03
  1155.000  -195.055   1.417729E+03
  1155.000  -199.821   1.420107E+03
  1155.000  -204.587   1.422485E+03
  1155.000  -209.353   1.424864E+03
  1155.000  -214.120   1.427242E+03
  1155.000  -218.886   1.429621E+03
  1155.000  -228.418   1.434377E+03
  1155.000  -237.950   1.439134E+03
  1155.000  -247.483   1.443891E+03
  1155.000  -257.015   1.448648E+03
  1155.000  -266.547   1.453404E+03
  1155.000  -276.080   1.458162E+03
  1155.000  -285.612   1.462918E+03
  1155.000  -290.378   1.465297E+03
  1155.000  -295.144   1.467675E+03
  1155.000  -299.911   1.470054E+03
  1155.000  -304.677   1.472432E+03
  1155.000  -314.209   1.477189E+03
  1155.000  -323.741   1.481945E+03
  1155.000  -333.274   1.486702E+03
  1155.000  -342.806   1.491459E+03
  1155.000  -352.338   1.496216E+03
  1155.000  -361.871   1.500973E+03
  1155.000  -371.403   1.505730E+03
  1155.000  -380.935   1.510486E+03
  1155.000  -390.468   1.515243E+03
  1155.000  -400.000   1.520000E+03
  1160.000     0.498   0.000000E+00
  1160.000     0.021   1.144685E+01
  1160.000    -0.479   2.337353E+01
  1160.000    -1.409   4.136529E+01
  1160.000    -1.886   5.037621E+01
  1160.000    -2.363   5.923609E+01
  1160.000    -3.047   7.175407E+01
  1160.000    -3.316   7.840458E+01
  1160.000    -3.793   9.014731E+01
  1160.000    -4.747   1.134471E+02
  1160.000    -5.223   1.249844E+02
  1160.000    -5.700   1.364867E+02
  1160.000    -6.177   1.479294E+02
  1160.000    -7.131   1.706360E+02
  1160.000    -8.084   1.930784E+02
  1160.000    -9.038   2.153014E+02
  1160.000    -9.991   2.372558E+02
  1160.000   -10.945   2.589853E+02
  1160.000   -11.898   2.804418E+02
  1160.000   -12.852   3.016682E+02
  1160.000   -13.806   3.226397E+02
  1160.000   -15.713   3.637902E+02
  1160.000   -17.620   4.039021E+02
  1160.000   -19.527   4.429669E+02
  1160.000   -21.434   4.809807E+02
  1160.000   -23.341   5.179438E+02
  1160.000   -25.248   5.538610E+02
  1160.000   -27.155   5.887404E+02
  1160.000   -29.063   6.226079E+02
  1160.000   -31.224   6.597118E+02
  1160.000   -32.877   6.738847E+02
  1160.000   -34.784   6.901059E+02
  1160.000   -37.645   7.141780E+02
  1160.000   -40.505   7.381968E+02
  1160.000   -43.366   7.620892E+02
  1160.000   -46.227   7.855927E+02
  1160.000   -49.087   8.087056E+02
  1160.000   -51.948   8.314419E+02
  1160.000   -54.809   8.538438E+02
  1160.000   -57.670   8.759057E+02
  1160.000   -60.530   8.976669E+02
  1160.000   -63.391   9.191427E+02
  1160.000   -66.252   9.403756E+02
  1160.000   -71.020   9.752960E+02
  1160.000   -75.787   1.009687E+03
  1160.000   -80.555   1.043715E+03
  1160.000   -85.323   1.077488E+03
  1160.000   -90.091   1.111115E+03
  1160.000   -94.859   1.144704E+03
  1160.000   -99.627   1.178328E+03
  1160.000  -104.394   1.212051E+03
  1160.000  -109.162   1.246027E+03
  1160.000  -113.930   1.280278E+03
  1159.000  -119.438   1.320000E+03
  1160.000  -123.466   1.328056E+03
  1160.000  -128.234   1.337592E+03
  1160.000  -133.001   1.347126E+03
  1160.000  -137.769   1.356662E+03
  1160.000  -142.537   1.366198E+03
  1160.000  -147.305   1.375734E+03
  1160.000  -152.073   1.385270E+03
  1160.000  -156.841   1.394806E+03
  1160.000  -161.608   1.401082E+03
  1160.000  -166.376   1.403461E+03
  1160.000  -171.144   1.405839E+03
  1160.000  -175.912   1.408218E+03
  1160.000  -180.680   1.410596E+03
  1160.000  -185.448   1.412975E+03
  1160.000  -190.215   1.415353E+03
  1160.000  -194.983   1.417731E+03
  1160.000  -199.751   1.420109E+03
  1160.000  -204.519   1.422488E+03
  1160.000  -209.287   1.424866E+03
  1160.000  -214.055   1.427245E+03
  1160.000  -218.822   1.429623E+03
  1160.000  -228.358   1.434379E+03
  1160.000  -237.894   1.439136E+03
  1160.000  -247.429   1.443893E+03
  1160.000  -256.965   1.448650E+03
  1160.000  -266.501   1.453406E+03
  1160.000  -276.036   1.458163E+03
  1160.000  -285.572   1.462920E+03
  1160.000  -290.340   1.465298E+03
  1160.000  -295.108   1.467677E+03
  1160.000  -299.876   1.470055E+03
  1160.000  -304.643   1.472433E+03
  1160.000  -314.179   1.477190E+03
  1160.000  -323.715   1.481947E+03
  1160.000  -333.250   1.486703E+03
  1160.000  -342.786   1.491460E+03
  1160.000  -352.322   1.496217E+03
  1160.000  -361.857   1.500973E+03
  1160.000  -371.393   1.505730E+03
  1160.000  -380.929   1.510487E+03
  1160.000  -390.464   1.515243E+03
  1160.000  -400.000   1.520000E+03
  1165.000     0.565   0.000000E+00
  1165.000     0.088   1.145695E+01
  1165.000    -0.478   2.493821E+01
  1165.000    -1.342   4.163203E+01
  1165.000    -1.819   5.063705E+01
  1165.000    -2.296   5.948991E+01
  1165.000    -2.773   6.817937E+01
  1165.000    -3.056   7.327166E+01
  1165.000    -3.727   8.978790E+01
  1165.000    -4.680   1.130386E+02
  1165.000    -5.157   1.245842E+02
  1165.000    -5.634   1.360684E+02
  1165.000    -6.111   1.474912E+02
  1165.000    -7.065   1.701527E+02
  1165.000    -8.019   1.925681E+02
  1165.000    -8.972   2.147137E+02
  1165.000    -9.926   2.366350E+02
  1165.000   -10.880   2.583076E+02
  1165.000   -11.833   2.797082E+02
  1165.000   -12.787   3.008805E+02
  1165.000   -13.741   3.218009E+02
  1165.000   -15.648   3.628612E+02
  1165.000   -17.556   4.029236E+02
  1165.000   -19.463   4.419397E+02
  1165.000   -21.371   4.799462E+02
  1165.000   -23.278   5.169002E+02
  1165.000   -25.186   5.528394E+02
  1165.000   -27.093   5.877257E+02
  1165.000   -29.001   6.215952E+02
  1165.000   -31.295   6.609584E+02
  1165.000   -32.815   6.739623E+02
  1165.000   -34.723   6.901549E+02
  1165.000   -37.584   7.141744E+02
  1165.000   -40.445   7.381536E+02
  1165.000   -43.306   7.620033E+02
  1165.000   -46.168   7.854791E+02
  1165.000   -49.029   8.085714E+02
  1165.000   -51.890   8.312950E+02
  1165.000   -54.751   8.536849E+02
  1165.000   -57.612   8.757476E+02
  1165.000   -60.473   8.975157E+02
  1165.000   -63.335   9.190027E+02
  1165.000   -66.196   9.402446E+02
  1165.000   -70.964   9.751889E+02
  1165.000   -75.733   1.009627E+03
  1165.000   -80.502   1.043705E+03
  1165.000   -85.270   1.077527E+03
  1165.000   -90.039   1.111217E+03
  1165.000   -94.808   1.144877E+03
  1165.000   -99.576   1.178574E+03
  1165.000  -104.345   1.212402E+03
  1165.000  -109.114   1.246485E+03
  1165.000  -113.882   1.280865E+03
  1165.000  -119.249   1.320000E+03
  1165.000  -123.419   1.328340E+03
  1165.000  -128.188   1.337878E+03
  1165.000  -132.957   1.347416E+03
  1165.000  -137.725   1.356952E+03
  1165.000  -142.494   1.366490E+03
  1165.000  -147.263   1.376028E+03
  1165.000  -152.031   1.385564E+03
  1165.000  -156.800   1.395102E+03
  1165.000  -161.568   1.401156E+03
  1165.000  -166.337   1.403533E+03
  1165.000  -171.106   1.405910E+03
  1165.000  -175.874   1.408287E+03
  1165.000  -180.643   1.410664E+03
  1165.000  -185.412   1.413041E+03
  1165.000  -190.180   1.415417E+03
  1165.000  -194.949   1.417794E+03
  1165.000  -199.718   1.420171E+03
  1165.000  -204.486   1.422548E+03
  1165.000  -209.255   1.424925E+03
  1165.000  -214.023   1.427302E+03
  1165.000  -218.792   1.429679E+03
  1165.000  -228.329   1.434432E+03
  1165.000  -237.867   1.439186E+03
  1165.000  -247.404   1.443940E+03
  1165.000  -256.941   1.448694E+03
  1165.000  -266.478   1.453447E+03
  1165.000  -276.016   1.458201E+03
  1165.000  -285.553   1.462955E+03
  1165.000  -290.321   1.465332E+03
  1165.000  -295.090   1.467709E+03
  1165.000  -299.859   1.470086E+03
  1165.000  -304.627   1.472462E+03
  1165.000  -314.165   1.477216E+03
  1165.000  -323.702   1.481970E+03
  1165.000  -333.239   1.486724E+03
  1165.000  -342.776   1.491477E+03
  1165.000  -352.314   1.496231E+03
  1165.000  -361.851   1.500985E+03
  1165.000  -371.388   1.505739E+03
  1165.000  -380.925   1.510492E+03
  1165.000  -390.463   1.515246E+03
  1165.000  -400.000   1.520000E+03
  1170.000     0.607   0.000000E+00
  1170.000     0.130   1.146951E+01
  1170.000    -0.478   2.595369E+01
  1170.000    -1.301   4.185575E+01
  1170.000    -1.778   5.086365E+01
  1170.000    -2.254   5.969866E+01
  1170.000    -2.731   6.839825E+01
  1170.000    -3.065   7.440026E+01
  1170.000    -3.685   8.963085E+01
  1170.000    -4.639   1.128659E+02
  1170.000    -5.116   1.243916E+02
  1170.000    -5.593   1.358561E+02
  1170.000    -6.070   1.472594E+02
  1170.000    -7.024   1.698825E+02
  1170.000    -7.977   1.922372E+02
  1170.000    -8.931   2.143697E+02
  1170.000    -9.885   2.362558E+02
  1170.000   -10.839   2.578947E+02
  1170.000   -11.793   2.792854E+02
  1170.000   -12.747   3.004271E+02
  1170.000   -13.700   3.212969E+02
  1170.000   -15.608   3.623280E+02
  1170.000   -17.516   4.023489E+02
  1170.000   -19.423   4.413336E+02
  1170.000   -21.331   4.793180E+02
  1170.000   -23.239   5.162777E+02
  1170.000   -25.146   5.521909E+02
  1170.000   -27.054   5.870929E+02
  1170.000   -28.962   6.209623E+02
  1170.000   -31.366   6.621761E+02
  1170.000   -32.777   6.742255E+02
  1170.000   -34.685   6.903897E+02
  1170.000   -37.546   7.143692E+02
  1170.000   -40.408   7.383200E+02
  1170.000   -43.269   7.621370E+02
  1170.000   -46.130   7.855769E+02
  1170.000   -48.992   8.086553E+02
  1170.000   -51.853   8.313637E+02
  1170.000   -54.715   8.537511E+02
  1170.000   -57.576   8.758084E+02
  1170.000   -60.438   8.975823E+02
  1170.000   -63.299   9.190649E+02
  1170.000   -66.161   9.403219E+02
  1170.000   -70.930   9.752951E+02
  1170.000   -75.699   1.009764E+03
  1170.000   -80.468   1.043881E+03
  1170.000   -85.237   1.077757E+03
  1170.000   -90.006   1.111499E+03
  1170.000   -94.776   1.145222E+03
  1170.000   -99.545   1.179009E+03
  1170.000  -104.314   1.212946E+03
  1170.000  -109.083   1.247136E+03
  1170.000  -113.852   1.281643E+03
  1170.000  -119.092   1.320000E+03
  1170.000  -123.390   1.328596E+03
  1170.000  -128.160   1.338136E+03
  1170.000  -132.929   1.347674E+03
  1170.000  -137.698   1.357212E+03
  1170.000  -142.467   1.366750E+03
  1170.000  -147.236   1.376288E+03
  1170.000  -152.005   1.385826E+03
  1170.000  -156.774   1.395364E+03
  1170.000  -161.543   1.401221E+03
  1170.000  -166.313   1.403597E+03
  1170.000  -171.082   1.405972E+03
  1170.000  -175.851   1.408348E+03
  1170.000  -180.620   1.410723E+03
  1170.000  -185.389   1.413099E+03
  1170.000  -190.158   1.415474E+03
  1170.000  -194.927   1.417850E+03
  1170.000  -199.697   1.420226E+03
  1170.000  -204.466   1.422601E+03
  1170.000  -209.235   1.424977E+03
  1170.000  -214.004   1.427353E+03
  1170.000  -218.773   1.429728E+03
  1170.000  -228.311   1.434479E+03
  1170.000  -237.850   1.439231E+03
  1170.000  -247.388   1.443982E+03
  1170.000  -256.926   1.448733E+03
  1170.000  -266.464   1.453484E+03
  1170.000  -276.003   1.458235E+03
  1170.000  -285.541   1.462986E+03
  1170.000  -290.310   1.465362E+03
  1170.000  -295.079   1.467737E+03
  1170.000  -299.848   1.470113E+03
  1170.000  -304.617   1.472488E+03
  1170.000  -314.156   1.477240E+03
  1170.000  -323.694   1.481991E+03
  1170.000  -333.232   1.486742E+03
  1170.000  -342.770   1.491493E+03
  1170.000  -352.309   1.496244E+03
  1170.000  -361.847   1.500995E+03
  1170.000  -371.385   1.505746E+03
  1170.000  -380.923   1.510497E+03
  1170.000  -390.462   1.515249E+03
  1170.000  -400.000   1.520000E+03
  1175.000     0.651   0.000000E+00
  1175.000     0.174   1.140710E+01
  1175.000    -0.478   2.687244E+01
  1175.000    -1.257   4.180999E+01
  1175.000    -1.734   5.076812E+01
  1175.000    -2.211   5.958152E+01
  1175.000    -2.688   6.824928E+01
  1175.000    -3.074   7.515860E+01
  1175.000    -3.642   8.906215E+01
  1175.000    -4.596   1.122352E+02
  1175.000    -5.073   1.237361E+02
  1175.000    -5.550   1.351793E+02
  1175.000    -6.027   1.465644E+02
  1175.000    -6.980   1.691349E+02
  1175.000    -7.934   1.914917E+02
  1175.000    -8.888   2.136084E+02
  1175.000    -9.842   2.354827E+02
  1175.000   -10.796   2.571127E+02
  1175.000   -11.750   2.784969E+02
  1175.000   -12.704   2.996337E+02
  1175.000   -13.658   3.205221E+02
  1175.000   -15.566   3.615486E+02
  1175.000   -17.474   4.015686E+02
  1175.000   -19.382   4.405760E+02
  1175.000   -21.289   4.785460E+02
  1175.000   -23.197   5.155142E+02
  1175.000   -25.105   5.514572E+02
  1175.000   -27.013   5.863718E+02
  1175.000   -28.921   6.202557E+02
  1175.000   -31.436   6.633531E+02
  1175.000   -32.737   6.744455E+02
  1175.000   -34.644   6.905825E+02
  1175.000   -37.506   7.145423E+02
  1175.000   -40.368   7.384665E+02
  1175.000   -43.230   7.622685E+02
  1175.000   -46.092   7.856977E+02
  1175.000   -48.953   8.087535E+02
  1175.000   -51.815   8.314598E+02
  1175.000   -54.677   8.538406E+02
  1175.000   -57.539   8.759016E+02
  1175.000   -60.401   8.976698E+02
  1175.000   -63.262   9.191589E+02
  1175.000   -66.124   9.404259E+02
  1175.000   -70.894   9.754296E+02
  1175.000   -75.663   1.009930E+03
  1175.000   -80.433   1.044093E+03
  1175.000   -85.203   1.078021E+03
  1175.000   -89.972   1.111811E+03
  1175.000   -94.742   1.145605E+03
  1175.000   -99.512   1.179486E+03
  1175.000  -104.281   1.213520E+03
  1175.000  -109.051   1.247812E+03
  1175.000  -113.821   1.282437E+03
  1175.000  -118.935   1.320000E+03
  1175.000  -123.360   1.328850E+03
  1175.000  -128.130   1.338390E+03
  1175.000  -132.899   1.347928E+03
  1175.000  -137.669   1.357468E+03
  1175.000  -142.439   1.367008E+03
  1175.000  -147.208   1.376546E+03
  1175.000  -151.978   1.386086E+03
  1175.000  -156.748   1.395626E+03
  1175.000  -161.517   1.401285E+03
  1175.000  -166.287   1.403660E+03
  1175.000  -171.057   1.406034E+03
  1175.000  -175.826   1.408408E+03
  1175.000  -180.596   1.410783E+03
  1175.000  -185.366   1.413157E+03
  1175.000  -190.135   1.415531E+03
  1175.000  -194.905   1.417906E+03
  1175.000  -199.675   1.420280E+03
  1175.000  -204.444   1.422654E+03
  1175.000  -209.214   1.425028E+03
  1175.000  -213.983   1.427402E+03
  1175.000  -218.753   1.429777E+03
  1175.000  -228.292   1.434525E+03
  1175.000  -237.832   1.439274E+03
  1175.000  -247.371   1.444023E+03
  1175.000  -256.910   1.448771E+03
  1175.000  -266.450   1.453520E+03
  1175.000  -275.989   1.458268E+03
  1175.000  -285.528   1.463017E+03
  1175.000  -290.298   1.465391E+03
  1175.000  -295.068   1.467766E+03
  1175.000  -299.837   1.470140E+03
  1175.000  -304.607   1.472514E+03
  1175.000  -314.146   1.477263E+03
  1175.000  -323.686   1.482012E+03
  1175.000  -333.225   1.486760E+03
  1175.000  -342.764   1.491508E+03
  1175.000  -352.303   1.496257E+03
  1175.000  -361.843   1.501006E+03
  1175.000  -371.382   1.505754E+03
  1175.000  -380.921   1.510503E+03
  1175.000  -390.461   1.515252E+03
  1175.000  -400.000   1.520000E+03
  1180.000     0.627   0.000000E+00
  1180.000     0.150   1.128917E+01
  1178.000    -0.478   2.660920E+01
  1180.000    -1.281   4.161686E+01
  1180.000    -1.758   5.061214E+01
  1180.000    -2.235   5.945795E+01
  1180.000    -2.712   6.815392E+01
  1180.000    -3.083   7.481299E+01
  1180.000    -3.665   8.910499E+01
  1180.000    -4.619   1.123384E+02
  1180.000    -5.096   1.238659E+02
  1180.000    -5.573   1.353334E+02
  1180.000    -6.050   1.467408E+02
  1180.000    -7.004   1.693741E+02
  1180.000    -7.958   1.917637E+02
  1180.000    -8.912   2.139078E+02
  1180.000    -9.866   2.358049E+02
  1180.000   -10.819   2.574313E+02
  1180.000   -11.773   2.788312E+02
  1180.000   -12.727   2.999808E+02
  1180.000   -13.681   3.208792E+02
  1180.000   -15.589   3.619193E+02
  1180.000   -17.497   4.019464E+02
  1180.000   -19.404   4.409361E+02
  1180.000   -21.312   4.789256E+02
  1180.000   -23.220   5.158912E+02
  1180.000   -25.128   5.518304E+02
  1180.000   -27.035   5.867226E+02
  1180.000   -28.943   6.206026E+02
  1180.000   -31.507   6.645094E+02
  1180.000   -32.759   6.751656E+02
  1180.000   -34.666   6.912875E+02
  1180.000   -37.528   7.152241E+02
  1180.000   -40.390   7.391246E+02
  1180.000   -43.251   7.628965E+02
  1180.000   -46.113   7.863077E+02
  1180.000   -48.974   8.093487E+02
  1180.000   -51.836   8.320448E+02
  1180.000   -54.698   8.544199E+02
  1180.000   -57.559   8.764517E+02
  1180.000   -60.421   8.982107E+02
  1180.000   -63.283   9.197143E+02
  1180.000   -66.144   9.409825E+02
  1180.000   -70.914   9.760059E+02
  1180.000   -75.683   1.010535E+03
  1180.000   -80.452   1.044727E+03
  1180.000   -85.222   1.078700E+03
  1180.000   -89.991   1.112543E+03
  1180.000   -94.760   1.146402E+03
  1180.000   -99.530   1.180361E+03
  1180.000  -104.299   1.214476E+03
  1180.000  -109.068   1.248861E+03
  1180.000  -113.838   1.283600E+03
  1180.000  -118.778   1.320000E+03
  1180.000  -123.377   1.329198E+03
  1180.000  -128.146   1.338736E+03
  1180.000  -132.915   1.348274E+03
  1180.000  -137.685   1.357814E+03
  1180.000  -142.454   1.367352E+03
  1180.000  -147.223   1.376890E+03
  1180.000  -151.993   1.386430E+03
  1180.000  -156.762   1.395968E+03
  1180.000  -161.532   1.401370E+03
  1180.000  -166.301   1.403742E+03
  1180.000  -171.070   1.406115E+03
  1180.000  -175.840   1.408488E+03
  1180.000  -180.609   1.410860E+03
  1180.000  -185.378   1.413233E+03
  1180.000  -190.148   1.415606E+03
  1180.000  -194.917   1.417978E+03
  1180.000  -199.687   1.420351E+03
  1180.000  -204.456   1.422723E+03
  1180.000  -209.225   1.425096E+03
  1180.000  -213.995   1.427469E+03
  1180.000  -218.764   1.429841E+03
  1180.000  -228.303   1.434586E+03
  1180.000  -237.841   1.439331E+03
  1180.000  -247.380   1.444077E+03
  1180.000  -256.919   1.448822E+03
  1180.000  -266.458   1.453567E+03
  1180.000  -275.996   1.458312E+03
  1180.000  -285.535   1.463057E+03
  1180.000  -290.305   1.465430E+03
  1180.000  -295.074   1.467803E+03
  1180.000  -299.843   1.470175E+03
  1180.000  -304.613   1.472548E+03
  1180.000  -314.151   1.477293E+03
  1180.000  -323.690   1.482038E+03
  1180.000  -333.229   1.486784E+03
  1180.000  -342.768   1.491529E+03
  1180.000  -352.306   1.496274E+03
  1180.000  -361.845   1.501019E+03
  1180.000  -371.384   1.505764E+03
  1180.000  -380.923   1.510510E+03
  1180.000  -390.461   1.515255E+03
  1180.000  -400.000   1.520000E+03
  1185.000     0.533   0.000000E+00
  1185.000     0.056   1.160134E+01
  1185.000    -0.496   2.481450E+01
  1185.000    -1.374   4.189233E+01
  1185.000    -1.851   5.094449E+01
  1185.000    -2.328   5.984033E+01
  1185.000    -2.805   6.857993E+01
  1185.000    -3.092   7.375326E+01
  1185.000    -3.758   9.020243E+01
  1185.000    -4.712   1.135538E+02
  1185.000    -5.189   1.251327E+02
  1185.000    -5.666   1.366471E+02
  1185.000    -6.143   1.480971E+02
  1185.000    -7.096   1.707803E+02
  1185.000    -8.050   1.932302E+02
  1185.000    -9.004   2.154233E+02
  1185.000    -9.957   2.373368E+02
  1185.000   -10.911   2.590170E+02
  1185.000   -11.864   2.804183E+02
  1185.000   -12.818   3.015859E+02
  1185.000   -13.772   3.224970E+02
  1185.000   -15.679   3.635290E+02
  1185.000   -17.586   4.035358E+02
  1185.000   -19.494   4.425370E+02
  1185.000   -21.401   4.804909E+02
  1185.000   -23.308   5.174169E+02
  1185.000   -25.216   5.533327E+02
  1185.000   -27.123   5.881994E+02
  1185.000   -29.030   6.220348E+02
  1185.000   -31.578   6.656305E+02
  1185.000   -32.845   6.764056E+02
  1185.000   -34.752   6.925143E+02
  1185.000   -37.613   7.164228E+02
  1185.000   -40.474   7.402873E+02
  1185.000   -43.335   7.640341E+02
  1185.000   -46.196   7.874216E+02
  1185.000   -49.057   8.104419E+02
  1185.000   -51.918   8.331217E+02
  1185.000   -54.779   8.554684E+02
  1185.000   -57.640   8.774765E+02
  1185.000   -60.501   8.992278E+02
  1185.000   -63.362   9.207264E+02
  1185.000   -66.223   9.419996E+02
  1185.000   -70.991   9.770225E+02
  1185.000   -75.759   1.011569E+03
  1185.000   -80.527   1.045790E+03
  1185.000   -85.296   1.079800E+03
  1185.000   -90.064   1.113691E+03
  1185.000   -94.832   1.147614E+03
  1185.000   -99.600   1.181624E+03
  1185.000  -104.369   1.215821E+03
  1185.000  -109.137   1.250308E+03
  1185.000  -113.905   1.285145E+03
  1185.000  -118.621   1.320000E+03
  1185.000  -123.442   1.329642E+03
  1185.000  -128.210   1.339178E+03
  1185.000  -132.978   1.348714E+03
  1185.000  -137.746   1.358250E+03
  1185.000  -142.515   1.367788E+03
  1185.000  -147.283   1.377324E+03
  1185.000  -152.051   1.386860E+03
  1185.000  -156.819   1.396396E+03
  1185.000  -161.588   1.401475E+03
  1185.000  -166.356   1.403845E+03
  1185.000  -171.124   1.406216E+03
  1185.000  -175.892   1.408586E+03
  1185.000  -180.661   1.410957E+03
  1185.000  -185.429   1.413327E+03
  1185.000  -190.197   1.415698E+03
  1185.000  -194.965   1.418068E+03
  1185.000  -199.734   1.420439E+03
  1185.000  -204.502   1.422809E+03
  1185.000  -209.270   1.425180E+03
  1185.000  -214.038   1.427550E+03
  1185.000  -218.807   1.429921E+03
  1185.000  -228.343   1.434662E+03
  1185.000  -237.880   1.439403E+03
  1185.000  -247.416   1.444144E+03
  1185.000  -256.953   1.448885E+03
  1185.000  -266.489   1.453626E+03
  1185.000  -276.026   1.458367E+03
  1185.000  -285.562   1.463108E+03
  1185.000  -290.330   1.465478E+03
  1185.000  -295.099   1.467849E+03
  1185.000  -299.867   1.470220E+03
  1185.000  -304.635   1.472590E+03
  1185.000  -314.172   1.477331E+03
  1185.000  -323.708   1.482072E+03
  1185.000  -333.245   1.486813E+03
  1185.000  -342.781   1.491554E+03
  1185.000  -352.318   1.496295E+03
  1185.000  -361.854   1.501036E+03
  1185.000  -371.391   1.505777E+03
  1185.000  -380.927   1.510518E+03
  1185.000  -390.464   1.515259E+03
  1185.000  -400.000   1.520000E+03
  1190.000     0.453   0.000000E+00
  1190.000    -0.024   1.166552E+01
  1190.000    -0.508   2.337560E+01
  1190.000    -1.454   4.188219E+01
  1190.000    -1.931   5.099121E+01
  1190.000    -2.407   5.991649E+01
  1190.000    -3.101   7.265353E+01
  1190.000    -3.361   7.913503E+01
  1190.000    -3.838   9.096708E+01
  1190.000    -4.791   1.143971E+02
  1190.000    -5.268   1.260211E+02
  1190.000    -5.744   1.375525E+02
  1190.000    -6.221   1.490402E+02
  1190.000    -7.175   1.718129E+02
  1190.000    -8.128   1.942939E+02
  1190.000    -9.082   2.165325E+02
  1190.000   -10.035   2.384837E+02
  1190.000   -10.989   2.601948E+02
  1190.000   -11.942   2.816214E+02
  1190.000   -12.895   3.027872E+02
  1190.000   -13.849   3.237146E+02
  1190.000   -15.756   3.647690E+02
  1190.000   -17.663   4.047875E+02
  1190.000   -19.570   4.437722E+02
  1190.000   -21.477   4.817243E+02
  1190.000   -23.383   5.186253E+02
  1190.000   -25.290   5.545137E+02
  1190.000   -27.197   5.893701E+02
  1190.000   -29.104   6.231938E+02
  1190.000   -31.649   6.667248E+02
  1190.000   -32.918   6.775127E+02
  1190.000   -34.825   6.936168E+02
  1190.000   -37.685   7.174977E+02
  1190.000   -40.546   7.413301E+02
  1190.000   -43.406   7.650544E+02
  1190.000   -46.267   7.884275E+02
  1190.000   -49.127   8.114244E+02
  1190.000   -51.987   8.340930E+02
  1190.000   -54.848   8.564142E+02
  1190.000   -57.708   8.784138E+02
  1190.000   -60.568   9.001605E+02
  1190.000   -63.429   9.216651E+02
  1190.000   -66.289   9.429385E+02
  1190.000   -71.056   9.779640E+02
  1190.000   -75.824   1.012541E+03
  1190.000   -80.591   1.046792E+03
  1190.000   -85.358   1.080834E+03
  1190.000   -90.126   1.114780E+03
  1190.000   -94.893   1.148757E+03
  1190.000   -99.660   1.182834E+03
  1190.000  -104.428   1.217113E+03
  1190.000  -109.195   1.251695E+03
  1190.000  -113.962   1.286630E+03
  1190.000  -118.463   1.320000E+03
  1190.000  -123.497   1.330068E+03
  1190.000  -128.264   1.339602E+03
  1190.000  -133.031   1.349136E+03
  1190.000  -137.799   1.358672E+03
  1190.000  -142.566   1.368206E+03
  1190.000  -147.333   1.377740E+03
  1190.000  -152.101   1.387276E+03
  1190.000  -156.868   1.396810E+03
  1190.000  -161.635   1.401576E+03
  1190.000  -166.402   1.403944E+03
  1190.000  -171.170   1.406313E+03
  1190.000  -175.937   1.408681E+03
  1190.000  -180.704   1.411050E+03
  1190.000  -185.472   1.413419E+03
  1190.000  -190.239   1.415787E+03
  1190.000  -195.006   1.418155E+03
  1190.000  -199.774   1.420524E+03
  1190.000  -204.541   1.422892E+03
  1190.000  -209.308   1.425261E+03
  1190.000  -214.075   1.427629E+03
  1190.000  -218.843   1.429998E+03
  1190.000  -228.377   1.434735E+03
  1190.000  -237.912   1.439472E+03
  1190.000  -247.446   1.444208E+03
  1190.000  -256.981   1.448946E+03
  1190.000  -266.516   1.453683E+03
  1190.000  -276.050   1.458419E+03
  1190.000  -285.585   1.463157E+03
  1190.000  -290.352   1.465525E+03
  1190.000  -295.119   1.467893E+03
  1190.000  -299.887   1.470262E+03
  1190.000  -304.654   1.472630E+03
  1190.000  -314.189   1.477368E+03
  1190.000  -323.723   1.482104E+03
  1190.000  -333.258   1.486841E+03
  1190.000  -342.792   1.491578E+03
  1190.000  -352.327   1.496315E+03
  1190.000  -361.862   1.501052E+03
  1190.000  -371.396   1.505789E+03
  1190.000  -380.931   1.510526E+03
  1190.000  -390.465   1.515263E+03
  1190.000  -400.000   1.520000E+03
  1195.000     0.431   0.000000E+00
  1195.000    -0.521   2.308124E+01
  1195.000    -0.999   3.252592E+01
  1195.000    -1.476   4.176722E+01
  1195.000    -1.953   5.084999E+01
  1195.000    -2.429   5.975550E+01
  1195.000    -3.110   7.222013E+01
  1195.000    -3.383   7.902026E+01
  1195.000    -3.859   9.082397E+01
  1195.000    -4.813   1.142793E+02
  1195.000    -5.289   1.258820E+02
  1195.000    -5.766   1.374421E+02
  1195.000    -6.243   1.489352E+02
  1195.000    -7.196   1.716974E+02
  1195.000    -8.150   1.942176E+02
  1195.000    -9.103   2.164494E+02
  1195.000   -10.056   2.384176E+02
  1195.000   -11.010   2.601456E+02
  1195.000   -11.963   2.815890E+02
  1195.000   -12.917   3.027932E+02
  1195.000   -13.870   3.237145E+02
  1195.000   -15.777   3.647983E+02
  1195.000   -17.684   4.048443E+02
  1195.000   -19.591   4.438547E+02
  1195.000   -21.497   4.818112E+02
  1195.000   -23.404   5.187546E+02
  1195.000   -25.311   5.546650E+02
  1195.000   -27.218   5.895427E+02
  1195.000   -29.125   6.233873E+02
  1195.000   -31.719   6.677719E+02
  1195.000   -32.938   6.781340E+02
  1195.000   -34.845   6.942364E+02
  1195.000   -37.705   7.181053E+02
  1195.000   -40.566   7.419249E+02
  1195.000   -43.426   7.656477E+02
  1195.000   -46.286   7.890063E+02
  1195.000   -49.146   8.120095E+02
  1195.000   -52.006   8.346597E+02
  1195.000   -54.867   8.569644E+02
  1195.000   -57.727   8.789765E+02
  1195.000   -60.587   9.007358E+02
  1195.000   -63.447   9.222479E+02
  1195.000   -66.308   9.435336E+02
  1195.000   -71.075   9.785734E+02
  1195.000   -75.842   1.013180E+03
  1195.000   -80.609   1.047474E+03
  1195.000   -85.376   1.081564E+03
  1195.000   -90.143   1.115558E+03
  1195.000   -94.910   1.149596E+03
  1195.000   -99.677   1.183747E+03
  1195.000  -104.444   1.218110E+03
  1195.000  -109.211   1.252791E+03
  1195.000  -113.978   1.287826E+03
  1195.000  -118.306   1.320000E+03
  1195.000  -123.512   1.330412E+03
  1195.000  -128.279   1.339946E+03
  1195.000  -133.046   1.349480E+03
  1195.000  -137.813   1.359014E+03
  1195.000  -142.580   1.368548E+03
  1195.000  -147.347   1.378082E+03
  1195.000  -152.114   1.387616E+03
  1195.000  -156.881   1.397150E+03
  1195.000  -161.648   1.401659E+03
  1195.000  -166.415   1.404026E+03
  1195.000  -171.182   1.406393E+03
  1195.000  -175.949   1.408760E+03
  1195.000  -180.716   1.411126E+03
  1195.000  -185.483   1.413493E+03
  1195.000  -190.250   1.415860E+03
  1195.000  -195.017   1.418227E+03
  1195.000  -199.785   1.420594E+03
  1195.000  -204.552   1.422961E+03
  1195.000  -209.319   1.425328E+03
  1195.000  -214.086   1.427695E+03
  1195.000  -218.853   1.430061E+03
  1195.000  -228.387   1.434795E+03
  1195.000  -237.921   1.439528E+03
  1195.000  -247.455   1.444262E+03
  1195.000  -256.989   1.448996E+03
  1195.000  -266.523   1.453729E+03
  1195.000  -276.057   1.458463E+03
  1195.000  -285.591   1.463196E+03
  1195.000  -290.358   1.465563E+03
  1195.000  -295.125   1.467930E+03
  1195.000  -299.892   1.470297E+03
  1195.000  -304.659   1.472664E+03
  1195.000  -314.193   1.477397E+03
  1195.000  -323.727   1.482131E+03
  1195.000  -333.262   1.486865E+03
  1195.000  -342.796   1.491598E+03
  1195.000  -352.330   1.496332E+03
  1195.000  -361.864   1.501066E+03
  1195.000  -371.398   1.505799E+03
  1195.000  -380.932   1.510533E+03
  1195.000  -390.466   1.515266E+03
  1195.000  -400.000   1.520000E+03
  1200.000     0.413   0.000000E+00
  1200.000    -0.534   2.295858E+01
  1200.000    -1.017   3.248242E+01
  1200.000    -1.494   4.175244E+01
  1200.000    -1.970   5.081670E+01
  1200.000    -2.447   5.973931E+01
  1200.000    -3.119   7.203622E+01
  1200.000    -3.400   7.903264E+01
  1200.000    -3.877   9.085523E+01
  1200.000    -4.831   1.142963E+02
  1200.000    -5.307   1.258915E+02
  1200.000    -5.784   1.374442E+02
  1200.000    -6.261   1.489302E+02
  1200.000    -7.214   1.716790E+02
  1200.000    -8.167   1.941642E+02
  1200.000    -9.121   2.164103E+02
  1200.000   -10.074   2.383718E+02
  1200.000   -11.027   2.600729E+02
  1200.000   -11.981   2.815367E+02
  1200.000   -12.934   3.027187E+02
  1200.000   -13.887   3.236421E+02
  1200.000   -15.794   3.647351E+02
  1200.000   -17.701   4.047951E+02
  1200.000   -19.608   4.438233E+02
  1200.000   -21.514   4.818004E+02
  1200.000   -23.421   5.187661E+02
  1200.000   -25.328   5.547002E+02
  1200.000   -27.235   5.896024E+02
  1200.000   -29.141   6.234547E+02
  1200.000   -31.790   6.687973E+02
  1200.000   -32.955   6.786987E+02
  1200.000   -34.861   6.947845E+02
  1200.000   -37.722   7.186582E+02
  1200.000   -40.582   7.424662E+02
  1200.000   -43.442   7.661873E+02
  1200.000   -46.302   7.895453E+02
  1200.000   -49.162   8.125505E+02
  1200.000   -52.022   8.351877E+02
  1200.000   -54.882   8.574885E+02
  1200.000   -57.742   8.795083E+02
  1200.000   -60.602   9.012777E+02
  1200.000   -63.462   9.228022E+02
  1200.000   -66.323   9.440945E+02
  1200.000   -71.089   9.791514E+02
  1200.000   -75.856   1.013791E+03
  1200.000   -80.623   1.048127E+03
  1200.000   -85.390   1.082268E+03
  1200.000   -90.157   1.116319E+03
  1200.000   -94.923   1.150414E+03
  1200.000   -99.690   1.184638E+03
  1200.000  -104.457   1.219093E+03
  1200.000  -109.224   1.253865E+03
  1200.000  -113.991   1.289005E+03
  1200.000  -118.149   1.320000E+03
  1200.000  -123.524   1.330750E+03
  1200.000  -128.291   1.340284E+03
  1200.000  -133.058   1.349818E+03
  1200.000  -137.825   1.359352E+03
  1200.000  -142.592   1.368886E+03
  1200.000  -147.358   1.378418E+03
  1200.000  -152.125   1.387952E+03
  1200.000  -156.892   1.397486E+03
  1200.000  -161.659   1.401742E+03
  1200.000  -166.426   1.404107E+03
  1200.000  -171.193   1.406472E+03
  1200.000  -175.959   1.408837E+03
  1200.000  -180.726   1.411202E+03
  1200.000  -185.493   1.413567E+03
  1200.000  -190.260   1.415933E+03
  1200.000  -195.027   1.418298E+03
  1200.000  -199.794   1.420663E+03
  1200.000  -204.560   1.423028E+03
  1200.000  -209.327   1.425393E+03
  1200.000  -214.094   1.427758E+03
  1200.000  -218.861   1.430124E+03
  1200.000  -228.394   1.434854E+03
  1200.000  -237.928   1.439584E+03
  1200.000  -247.462   1.444315E+03
  1200.000  -256.995   1.449045E+03
  1200.000  -266.529   1.453775E+03
  1200.000  -276.063   1.458506E+03
  1200.000  -285.596   1.463236E+03
  1200.000  -290.363   1.465601E+03
  1200.000  -295.130   1.467966E+03
  1200.000  -299.897   1.470332E+03
  1200.000  -304.664   1.472697E+03
  1200.000  -314.197   1.477427E+03
  1200.000  -323.731   1.482157E+03
  1200.000  -333.265   1.486888E+03
  1200.000  -342.798   1.491618E+03
  1200.000  -352.332   1.496348E+03
  1200.000  -361.865   1.501078E+03
  1200.000  -371.399   1.505809E+03
  1200.000  -380.933   1.510539E+03
  1200.000  -390.466   1.515269E+03
  1200.000  -400.000   1.520000E+03
  1205.000     0.421   0.000000E+00
  1205.000    -0.056   1.157754E+01
  1205.000    -0.546   2.337959E+01
  1205.000    -1.486   4.170620E+01
  1205.000    -1.962   5.075109E+01
  1205.000    -2.439   5.965475E+01
  1205.000    -3.128   7.223573E+01
  1205.000    -3.393   7.881307E+01
  1205.000    -3.869   9.058050E+01
  1205.000    -4.823   1.139321E+02
  1205.000    -5.299   1.254888E+02
  1205.000    -5.776   1.370065E+02
  1205.000    -6.253   1.484611E+02
  1205.000    -7.206   1.711572E+02
  1205.000    -8.159   1.936011E+02
  1205.000    -9.113   2.158157E+02
  1205.000   -10.066   2.377542E+02
  1205.000   -11.020   2.594621E+02
  1205.000   -11.973   2.808935E+02
  1205.000   -12.926   3.020709E+02
  1205.000   -13.880   3.230158E+02
  1205.000   -15.787   3.641191E+02
  1205.000   -17.693   4.041791E+02
  1205.000   -19.600   4.432355E+02
  1205.000   -21.507   4.812657E+02
  1205.000   -23.414   5.182679E+02
  1205.000   -25.320   5.542223E+02
  1205.000   -27.227   5.891655E+02
  1205.000   -29.134   6.230776E+02
  1205.000   -31.861   6.697911E+02
  1205.000   -32.947   6.790146E+02
  1205.000   -34.854   6.951049E+02
  1205.000   -37.714   7.189727E+02
  1205.000   -40.574   7.427826E+02
  1205.000   -43.435   7.665139E+02
  1205.000   -46.295   7.898735E+02
  1205.000   -49.155   8.128816E+02
  1205.000   -52.015   8.355216E+02
  1205.000   -54.875   8.578352E+02
  1205.000   -57.735   8.798632E+02
  1205.000   -60.596   9.016508E+02
  1205.000   -63.456   9.231874E+02
  1205.000   -66.316   9.444865E+02
  1205.000   -71.083   9.795789E+02
  1205.000   -75.850   1.014246E+03
  1205.000   -80.617   1.048629E+03
  1205.000   -85.384   1.082823E+03
  1205.000   -90.150   1.116926E+03
  1205.000   -94.917   1.151095E+03
  1205.000   -99.684   1.185394E+03
  1205.000  -104.451   1.219931E+03
  1205.000  -109.218   1.254803E+03
  1205.000  -113.985   1.290048E+03
  1205.000  -117.992   1.320000E+03
  1205.000  -123.519   1.331054E+03
  1205.000  -128.286   1.340588E+03
  1205.000  -133.053   1.350122E+03
  1205.000  -137.820   1.359656E+03
  1205.000  -142.587   1.369190E+03
  1205.000  -147.353   1.378722E+03
  1205.000  -152.120   1.388256E+03
  1205.000  -156.887   1.397790E+03
  1205.000  -161.654   1.401816E+03
  1205.000  -166.421   1.404180E+03
  1205.000  -171.188   1.406543E+03
  1205.000  -175.955   1.408907E+03
  1205.000  -180.722   1.411271E+03
  1205.000  -185.489   1.413634E+03
  1205.000  -190.256   1.415998E+03
  1205.000  -195.023   1.418362E+03
  1205.000  -199.790   1.420726E+03
  1205.000  -204.556   1.423089E+03
  1205.000  -209.323   1.425453E+03
  1205.000  -214.090   1.427816E+03
  1205.000  -218.857   1.430180E+03
  1205.000  -228.391   1.434907E+03
  1205.000  -237.925   1.439635E+03
  1205.000  -247.459   1.444362E+03
  1205.000  -256.993   1.449090E+03
  1205.000  -266.526   1.453817E+03
  1205.000  -276.060   1.458544E+03
  1205.000  -285.594   1.463272E+03
  1205.000  -290.361   1.465635E+03
  1205.000  -295.128   1.467999E+03
  1205.000  -299.895   1.470363E+03
  1205.000  -304.662   1.472727E+03
  1205.000  -314.196   1.477454E+03
  1205.000  -323.729   1.482181E+03
  1205.000  -333.263   1.486908E+03
  1205.000  -342.797   1.491636E+03
  1205.000  -352.331   1.496363E+03
  1205.000  -361.865   1.501091E+03
  1205.000  -371.399   1.505818E+03
  1205.000  -380.932   1.510545E+03
  1205.000  -390.466   1.515273E+03
  1205.000  -400.000   1.520000E+03
  1210.000     0.482   0.000000E+00
  1210.000     0.005   1.130405E+01
  1210.000    -0.559   2.458472E+01
  1210.000    -1.425   4.116849E+01
  1210.000    -1.902   5.009990E+01
  1210.000    -2.379   5.888668E+01
  1210.000    -2.855   6.749649E+01
  1209.000    -3.135   7.253710E+01
  1210.000    -3.809   8.887571E+01
  1210.000    -4.762   1.120964E+02
  1210.000    -5.239   1.236366E+02
  1210.000    -5.716   1.351208E+02
  1210.000    -6.193   1.465480E+02
  1210.000    -7.146   1.692056E+02
  1210.000    -8.100   1.916511E+02
  1210.000    -9.053   2.138334E+02
  1210.000   -10.007   2.357958E+02
  1210.000   -10.960   2.574897E+02
  1210.000   -11.914   2.789586E+02
  1210.000   -12.867   3.001558E+02
  1210.000   -13.821   3.211244E+02
  1210.000   -15.728   3.622818E+02
  1210.000   -17.635   4.024250E+02
  1210.000   -19.542   4.415487E+02
  1210.000   -21.449   4.796494E+02
  1210.000   -23.356   5.167241E+02
  1210.000   -25.263   5.527709E+02
  1210.000   -27.170   5.877876E+02
  1210.000   -29.077   6.217726E+02
  1210.000   -31.932   6.707331E+02
  1210.000   -32.892   6.788922E+02
  1210.000   -34.799   6.949925E+02
  1210.000   -37.659   7.188668E+02
  1210.000   -40.520   7.426915E+02
  1210.000   -43.380   7.664226E+02
  1210.000   -46.241   7.897929E+02
  1210.000   -49.101   8.128109E+02
  1210.000   -51.962   8.354749E+02
  1210.000   -54.823   8.578147E+02
  1210.000   -57.683   8.798568E+02
  1210.000   -60.544   9.016599E+02
  1210.000   -63.404   9.232092E+02
  1210.000   -66.265   9.445402E+02
  1210.000   -71.033   9.796657E+02
  1210.000   -75.800   1.014365E+03
  1210.000   -80.568   1.048807E+03
  1210.000   -85.336   1.083063E+03
  1210.000   -90.103   1.117234E+03
  1210.000   -94.871   1.151478E+03
  1210.000   -99.639   1.185860E+03
  1210.000  -104.406   1.220487E+03
  1210.000  -109.174   1.255459E+03
  1210.000  -113.941   1.290808E+03
  1210.000  -117.835   1.320000E+03
  1210.000  -123.477   1.331284E+03
  1210.000  -128.244   1.340818E+03
  1210.000  -133.012   1.350354E+03
  1210.000  -137.780   1.359890E+03
  1210.000  -142.547   1.369424E+03
  1210.000  -147.315   1.378960E+03
  1210.000  -152.083   1.388496E+03
  1210.000  -156.850   1.398030E+03
  1210.000  -161.618   1.401875E+03
  1210.000  -166.386   1.404237E+03
  1210.000  -171.153   1.406599E+03
  1210.000  -175.921   1.408962E+03
  1210.000  -180.688   1.411324E+03
  1210.000  -185.456   1.413687E+03
  1210.000  -190.224   1.416050E+03
  1210.000  -194.991   1.418412E+03
  1210.000  -199.759   1.420775E+03
  1210.000  -204.527   1.423137E+03
  1210.000  -209.294   1.425499E+03
  1210.000  -214.062   1.427862E+03
  1210.000  -218.830   1.430225E+03
  1210.000  -228.365   1.434950E+03
  1210.000  -237.900   1.439675E+03
  1210.000  -247.435   1.444399E+03
  1210.000  -256.971   1.449125E+03
  1210.000  -266.506   1.453850E+03
  1210.000  -276.041   1.458575E+03
  1210.000  -285.577   1.463300E+03
  1210.000  -290.344   1.465662E+03
  1210.000  -295.112   1.468025E+03
  1210.000  -299.880   1.470388E+03
  1210.000  -304.647   1.472750E+03
  1210.000  -314.182   1.477475E+03
  1210.000  -323.718   1.482200E+03
  1210.000  -333.253   1.486925E+03
  1210.000  -342.788   1.491650E+03
  1210.000  -352.324   1.496375E+03
  1210.000  -361.859   1.501100E+03
  1210.000  -371.394   1.505825E+03
  1210.000  -380.929   1.510550E+03
  1210.000  -390.465   1.515275E+03
  1210.000  -400.000   1.520000E+03
  1215.000     0.398   0.000000E+00
  1215.000    -0.079   1.159481E+01
  1215.000    -0.572   2.346423E+01
  1215.000    -1.509   4.173227E+01
  1215.000    -1.985   5.080879E+01
  1215.000    -2.462   5.975025E+01
  1215.000    -2.939   6.853817E+01
  1215.000    -3.354   7.604450E+01
  1215.000    -3.892   8.932879E+01
  1215.000    -4.845   1.126721E+02
  1215.000    -5.322   1.242633E+02
  1215.000    -5.799   1.357925E+02
  1215.000    -6.275   1.472357E+02
  1215.000    -7.229   1.699836E+02
  1215.000    -8.182   1.924583E+02
  1215.000    -9.135   2.146831E+02
  1215.000   -10.089   2.366801E+02
  1215.000   -11.042   2.584023E+02
  1215.000   -11.995   2.798721E+02
  1215.000   -12.949   3.011113E+02
  1215.000   -13.902   3.220746E+02
  1215.000   -15.809   3.632603E+02
  1215.000   -17.715   4.034045E+02
  1215.000   -19.622   4.425466E+02
  1215.000   -21.529   4.806627E+02
  1215.000   -23.435   5.177318E+02
  1215.000   -25.342   5.537912E+02
  1215.000   -27.249   5.888200E+02
  1215.000   -29.155   6.227994E+02
  1215.000   -32.003   6.716495E+02
  1215.000   -32.969   6.798588E+02
  1215.000   -34.875   6.959440E+02
  1215.000   -37.735   7.198251E+02
  1215.000   -40.595   7.436418E+02
  1215.000   -43.455   7.673677E+02
  1215.000   -46.315   7.907262E+02
  1215.000   -49.175   8.137426E+02
  1215.000   -52.035   8.363918E+02
  1215.000   -54.895   8.587249E+02
  1215.000   -57.755   8.807802E+02
  1215.000   -60.615   9.025691E+02
  1215.000   -63.475   9.241215E+02
  1215.000   -66.335   9.454622E+02
  1215.000   -71.102   9.805993E+02
  1215.000   -75.868   1.015324E+03
  1215.000   -80.635   1.049802E+03
  1215.000   -85.402   1.084102E+03
  1215.000   -90.168   1.118327E+03
  1215.000   -94.935   1.152634E+03
  1215.000   -99.702   1.187101E+03
  1215.000  -104.468   1.221825E+03
  1215.000  -109.235   1.256890E+03
  1215.000  -114.001   1.292350E+03
  1215.000  -117.678   1.320000E+03
  1215.000  -123.535   1.331714E+03
  1215.000  -128.301   1.341246E+03
  1215.000  -133.068   1.350780E+03
  1215.000  -137.835   1.360314E+03
  1215.000  -142.601   1.369846E+03
  1215.000  -147.368   1.379380E+03
  1215.000  -152.135   1.388914E+03
  1215.000  -156.901   1.398446E+03
  1215.000  -161.668   1.401976E+03
  1215.000  -166.435   1.404337E+03
  1215.000  -171.201   1.406697E+03
  1215.000  -175.968   1.409057E+03
  1215.000  -180.734   1.411418E+03
  1215.000  -185.501   1.413778E+03
  1215.000  -190.268   1.416139E+03
  1215.000  -195.034   1.418499E+03
  1215.000  -199.801   1.420860E+03
  1215.000  -204.568   1.423220E+03
  1215.000  -209.334   1.425581E+03
  1215.000  -214.101   1.427941E+03
  1215.000  -218.868   1.430302E+03
  1215.000  -228.401   1.435023E+03
  1215.000  -237.934   1.439743E+03
  1215.000  -247.467   1.444464E+03
  1215.000  -257.001   1.449186E+03
  1215.000  -266.534   1.453906E+03
  1215.000  -276.067   1.458627E+03
  1215.000  -285.601   1.463349E+03
  1215.000  -290.367   1.465709E+03
  1215.000  -295.134   1.468069E+03
  1215.000  -299.901   1.470430E+03
  1215.000  -304.667   1.472790E+03
  1215.000  -314.200   1.477511E+03
  1215.000  -323.734   1.482232E+03
  1215.000  -333.267   1.486953E+03
  1215.000  -342.800   1.491674E+03
  1215.000  -352.334   1.496395E+03
  1215.000  -361.867   1.501116E+03
  1215.000  -371.400   1.505837E+03
  1215.000  -380.933   1.510558E+03
  1215.000  -390.467   1.515279E+03
  1215.000  -400.000   1.520000E+03
  1220.000     0.314   0.000000E+00
  1220.000    -0.584   2.210446E+01
  1220.000    -1.116   3.276238E+01
  1220.000    -1.592   4.209920E+01
  1220.000    -2.069   5.129157E+01
  1220.000    -2.545   6.030174E+01
  1220.000    -3.022   6.916841E+01
  1220.000    -3.537   7.856558E+01
  1220.000    -3.975   8.944575E+01
  1220.000    -4.928   1.129263E+02
  1220.000    -5.405   1.245775E+02
  1220.000    -5.881   1.361373E+02
  1220.000    -6.358   1.476547E+02
  1220.000    -7.311   1.704666E+02
  1220.000    -8.264   1.930159E+02
  1220.000    -9.217   2.153039E+02
  1220.000   -10.170   2.373320E+02
  1220.000   -11.124   2.591236E+02
  1220.000   -12.077   2.806338E+02
  1220.000   -13.030   3.018858E+02
  1220.000   -13.983   3.228800E+02
  1220.000   -15.889   3.640961E+02
  1220.000   -17.795   4.042820E+02
  1220.000   -19.702   4.434580E+02
  1220.000   -21.608   4.815827E+02
  1220.000   -23.514   5.186765E+02
  1220.000   -25.420   5.547387E+02
  1220.000   -27.327   5.897870E+02
  1220.000   -29.233   6.237837E+02
  1220.000   -32.073   6.725220E+02
  1220.000   -33.046   6.807828E+02
  1220.000   -34.952   6.968798E+02
  1220.000   -37.811   7.207458E+02
  1220.000   -40.671   7.445576E+02
  1220.000   -43.530   7.682754E+02
  1220.000   -46.389   7.916313E+02
  1220.000   -49.249   8.146451E+02
  1220.000   -52.108   8.372846E+02
  1220.000   -54.967   8.596178E+02
  1220.000   -57.827   8.816698E+02
  1220.000   -60.686   9.034424E+02
  1220.000   -63.546   9.250071E+02
  1220.000   -66.405   9.463538E+02
  1220.000   -71.171   9.815081E+02
  1220.000   -75.936   1.016257E+03
  1220.000   -80.702   1.050769E+03
  1220.000   -85.468   1.085113E+03
  1220.000   -90.233   1.119394E+03
  1220.000   -94.999   1.153774E+03
  1220.000   -99.765   1.188328E+03
  1220.000  -104.530   1.223144E+03
  1220.000  -109.296   1.258321E+03
  1220.000  -114.061   1.293896E+03
  1220.000  -117.520   1.320000E+03
  1220.000  -123.593   1.332146E+03
  1220.000  -128.358   1.341676E+03
  1220.000  -133.124   1.351208E+03
  1220.000  -137.890   1.360740E+03
  1220.000  -142.655   1.370270E+03
  1220.000  -147.421   1.379802E+03
  1220.000  -152.187   1.389334E+03
  1220.000  -156.952   1.398864E+03
  1220.000  -161.718   1.402078E+03
  1220.000  -166.484   1.404436E+03
  1220.000  -171.249   1.406794E+03
  1220.000  -176.015   1.409153E+03
  1220.000  -180.780   1.411511E+03
  1220.000  -185.546   1.413870E+03
  1220.000  -190.312   1.416228E+03
  1220.000  -195.077   1.418586E+03
  1220.000  -199.843   1.420945E+03
  1220.000  -204.609   1.423304E+03
  1220.000  -209.374   1.425662E+03
  1220.000  -214.140   1.428020E+03
  1220.000  -218.906   1.430379E+03
  1220.000  -228.437   1.435096E+03
  1220.000  -237.968   1.439813E+03
  1220.000  -247.499   1.444529E+03
  1220.000  -257.031   1.449247E+03
  1220.000  -266.562   1.453963E+03
  1220.000  -276.093   1.458680E+03
  1220.000  -285.625   1.463397E+03
  1220.000  -290.390   1.465756E+03
  1220.000  -295.156   1.468114E+03
  1220.000  -299.922   1.470473E+03
  1220.000  -304.687   1.472831E+03
  1220.000  -314.218   1.477548E+03
  1220.000  -323.750   1.482265E+03
  1220.000  -333.281   1.486982E+03
  1220.000  -342.812   1.491698E+03
  1220.000  -352.344   1.496416E+03
  1220.000  -361.875   1.501132E+03
  1220.000  -371.406   1.505849E+03
  1220.000  -380.937   1.510566E+03
  1220.000  -390.469   1.515283E+03
  1220.000  -400.000   1.520000E+03
  1225.000     0.298   0.000000E+00
  1225.000    -0.597   2.196182E+01
  1225.000    -1.132   3.265048E+01
  1225.000    -1.608   4.199515E+01
  1225.000    -2.085   5.120415E+01
  1225.000    -2.561   6.023846E+01
  1225.000    -3.038   6.913569E+01
  1225.000    -3.720   8.159795E+01
  1225.000    -3.991   8.832729E+01
  1225.000    -4.944   1.118382E+02
  1225.000    -5.421   1.235057E+02
  1225.000    -5.897   1.350840E+02
  1225.000    -6.374   1.466216E+02
  1225.000    -7.327   1.694777E+02
  1225.000    -8.280   1.920738E+02
  1225.000    -9.233   2.144099E+02
  1225.000   -10.186   2.364862E+02
  1225.000   -11.139   2.583027E+02
  1225.000   -12.092   2.798596E+02
  1225.000   -13.045   3.011570E+02
  1225.000   -13.998   3.221952E+02
  1225.000   -15.905   3.635151E+02
  1225.000   -17.811   4.037769E+02
  1225.000   -19.717   4.430030E+02
  1225.000   -21.623   4.811940E+02
  1225.000   -23.529   5.183503E+02
  1225.000   -25.435   5.544727E+02
  1225.000   -27.342   5.895807E+02
  1225.000   -29.248   6.236398E+02
  1225.000   -31.154   6.565760E+02
  1225.000   -32.144   6.733375E+02
  1225.000   -34.966   6.972282E+02
  1225.000   -37.826   7.211147E+02
  1225.000   -40.685   7.449295E+02
  1225.000   -43.544   7.686556E+02
  1225.000   -46.403   7.920189E+02
  1225.000   -49.263   8.150387E+02
  1225.000   -52.122   8.376854E+02
  1225.000   -54.981   8.600269E+02
  1225.000   -57.841   8.820736E+02
  1225.000   -60.700   9.038565E+02
  1225.000   -63.559   9.254271E+02
  1225.000   -66.418   9.467892E+02
  1225.000   -71.184   9.819721E+02
  1225.000   -75.949   1.016756E+03
  1225.000   -80.715   1.051309E+03
  1225.000   -85.480   1.085693E+03
  1225.000   -90.246   1.120054E+03
  1225.000   -95.011   1.154511E+03
  1225.000   -99.777   1.189146E+03
  1225.000  -104.542   1.224070E+03
  1225.000  -109.307   1.259364E+03
  1225.000  -114.073   1.295082E+03
  1225.000  -117.363   1.320000E+03
  1225.000  -123.604   1.332482E+03
  1225.000  -128.369   1.342012E+03
  1225.000  -133.135   1.351544E+03
  1225.000  -137.900   1.361074E+03
  1225.000  -142.666   1.370606E+03
  1225.000  -147.431   1.380136E+03
  1225.000  -152.196   1.389666E+03
  1225.000  -156.962   1.399198E+03
  1225.000  -161.727   1.402158E+03
  1225.000  -166.493   1.404515E+03
  1225.000  -171.258   1.406872E+03
  1225.000  -176.024   1.409229E+03
  1225.000  -180.789   1.411586E+03
  1225.000  -185.555   1.413943E+03
  1225.000  -190.320   1.416299E+03
  1225.000  -195.086   1.418657E+03
  1225.000  -199.851   1.421013E+03
  1225.000  -204.616   1.423370E+03
  1225.000  -209.382   1.425727E+03
  1225.000  -214.147   1.428083E+03
  1225.000  -218.913   1.430441E+03
  1225.000  -228.444   1.435154E+03
  1225.000  -237.975   1.439868E+03
  1225.000  -247.506   1.444582E+03
  1225.000  -257.036   1.449295E+03
  1225.000  -266.567   1.454009E+03
  1225.000  -276.098   1.458722E+03
  1225.000  -285.629   1.463436E+03
  1225.000  -290.395   1.465793E+03
  1225.000  -295.160   1.468150E+03
  1225.000  -299.926   1.470507E+03
  1225.000  -304.691   1.472863E+03
  1225.000  -314.222   1.477577E+03
  1225.000  -323.753   1.482291E+03
  1225.000  -333.284   1.487005E+03
  1225.000  -342.815   1.491718E+03
  1225.000  -352.345   1.496431E+03
  1225.000  -361.876   1.501145E+03
  1225.000  -371.407   1.505859E+03
  1225.000  -380.938   1.510573E+03
  1225.000  -390.469   1.515286E+03
  1225.000  -400.000   1.520000E+03
  1230.000     0.260   0.000000E+00
  1230.000    -0.610   2.150089E+01
  1230.000    -1.170   3.276371E+01
  1230.000    -1.646   4.216541E+01
  1230.000    -2.123   5.142969E+01
  1230.000    -2.599   6.051787E+01
  1230.000    -3.076   6.946809E+01
  1230.000    -3.552   7.823156E+01
  1230.000    -3.903   8.460772E+01
  1230.000    -4.982   1.112842E+02
  1230.000    -5.458   1.229493E+02
  1230.000    -5.935   1.345735E+02
  1230.000    -6.411   1.461081E+02
  1230.000    -7.364   1.690057E+02
  1230.000    -8.317   1.916422E+02
  1230.000    -9.270   2.140180E+02
  1230.000   -10.223   2.361330E+02
  1230.000   -11.176   2.579873E+02
  1230.000   -12.129   2.795811E+02
  1230.000   -13.082   3.009144E+02
  1230.000   -14.035   3.219872E+02
  1230.000   -15.941   3.633517E+02
  1230.000   -17.847   4.036749E+02
  1230.000   -19.753   4.429573E+02
  1230.000   -21.659   4.811992E+02
  1230.000   -23.565   5.184012E+02
  1230.000   -25.471   5.545634E+02
  1230.000   -27.377   5.896862E+02
  1230.000   -29.283   6.237692E+02
  1230.000   -31.189   6.568114E+02
  1230.000   -32.215   6.741731E+02
  1230.000   -35.001   6.977526E+02
  1230.000   -37.860   7.216309E+02
  1230.000   -40.719   7.454482E+02
  1230.000   -43.578   7.691772E+02
  1230.000   -46.437   7.925424E+02
  1230.000   -49.296   8.155494E+02
  1230.000   -52.155   8.382039E+02
  1230.000   -55.014   8.605410E+02
  1230.000   -57.873   8.825763E+02
  1230.000   -60.732   9.043702E+02
  1230.000   -63.591   9.259522E+02
  1230.000   -66.450   9.473268E+02
  1230.000   -71.215   9.825269E+02
  1230.000   -75.980   1.017342E+03
  1230.000   -80.745   1.051928E+03
  1230.000   -85.510   1.086359E+03
  1230.000   -90.275   1.120783E+03
  1230.000   -95.040   1.155318E+03
  1230.000   -99.805   1.190042E+03
  1230.000  -104.570   1.225072E+03
  1230.000  -109.335   1.260507E+03
  1230.000  -114.100   1.296381E+03
  1230.000  -117.206   1.320000E+03
  1230.000  -123.630   1.332848E+03
  1230.000  -128.395   1.342378E+03
  1230.000  -133.160   1.351908E+03
  1230.000  -137.925   1.361438E+03
  1230.000  -142.690   1.370968E+03
  1230.000  -147.455   1.380498E+03
  1230.000  -152.220   1.390028E+03
  1230.000  -156.985   1.399558E+03
  1230.000  -161.750   1.402246E+03
  1230.000  -166.515   1.404601E+03
  1230.000  -171.280   1.406956E+03
  1230.000  -176.045   1.409311E+03
  1230.000  -180.810   1.411666E+03
  1230.000  -185.575   1.414021E+03
  1230.000  -190.340   1.416376E+03
  1230.000  -195.105   1.418731E+03
  1230.000  -199.870   1.421087E+03
  1230.000  -204.635   1.423442E+03
  1230.000  -209.400   1.425797E+03
  1230.000  -214.165   1.428152E+03
  1230.000  -218.930   1.430507E+03
  1230.000  -228.460   1.435217E+03
  1230.000  -237.990   1.439927E+03
  1230.000  -247.520   1.444637E+03
  1230.000  -257.050   1.449348E+03
  1230.000  -266.580   1.454058E+03
  1230.000  -276.110   1.458768E+03
  1230.000  -285.640   1.463478E+03
  1230.000  -290.405   1.465833E+03
  1230.000  -295.170   1.468188E+03
  1230.000  -299.935   1.470543E+03
  1230.000  -304.700   1.472898E+03
  1230.000  -314.230   1.477609E+03
  1230.000  -323.760   1.482319E+03
  1230.000  -333.290   1.487029E+03
  1230.000  -342.820   1.491739E+03
  1230.000  -352.350   1.496449E+03
  1230.000  -361.880   1.501159E+03
  1230.000  -371.410   1.505870E+03
  1230.000  -380.940   1.510580E+03
  1230.000  -390.470   1.515290E+03
  1230.000  -400.000   1.520000E+03
  1235.000     0.226   0.000000E+00
  1235.000    -0.622   2.108336E+01
  1235.000    -1.203   3.283504E+01
  1235.000    -1.680   4.230700E+01
  1235.000    -2.156   5.160136E+01
  1235.000    -2.633   6.075753E+01
  1235.000    -3.109   6.973719E+01
  1235.000    -3.586   7.857834E+01
  1235.000    -4.086   8.768548E+01
  1235.000    -5.015   1.106683E+02
  1235.000    -5.492   1.223763E+02
  1235.000    -5.968   1.339945E+02
  1235.000    -6.444   1.455476E+02
  1235.000    -7.397   1.684826E+02
  1235.000    -8.350   1.911567E+02
  1235.000    -9.303   2.135700E+02
  1235.000   -10.256   2.357223E+02
  1235.000   -11.209   2.576135E+02
  1235.000   -12.162   2.792435E+02
  1235.000   -13.115   3.006121E+02
  1235.000   -14.068   3.217193E+02
  1235.000   -15.974   3.631493E+02
  1235.000   -17.879   4.035120E+02
  1235.000   -19.785   4.428497E+02
  1235.000   -21.691   4.811417E+02
  1235.000   -23.597   5.183885E+02
  1235.000   -25.503   5.545911E+02
  1235.000   -27.409   5.897507E+02
  1235.000   -29.314   6.238511E+02
  1235.000   -31.220   6.569297E+02
  1235.000   -32.286   6.749796E+02
  1235.000   -35.032   6.982234E+02
  1235.000   -37.891   7.221029E+02
  1235.000   -40.750   7.459218E+02
  1235.000   -43.608   7.696452E+02
  1235.000   -46.467   7.929995E+02
  1235.000   -49.326   8.159903E+02
  1235.000   -52.185   8.386527E+02
  1235.000   -55.043   8.609805E+02
  1235.000   -57.902   8.830214E+02
  1235.000   -60.761   9.048228E+02
  1235.000   -63.620   9.264136E+02
  1235.000   -66.478   9.477908E+02
  1235.000   -71.243   9.830106E+02
  1235.000   -76.008   1.017855E+03
  1235.000   -80.772   1.052470E+03
  1235.000   -85.537   1.086948E+03
  1235.000   -90.301   1.121424E+03
  1235.000   -95.066   1.156047E+03
  1235.000   -99.831   1.190877E+03
  1235.000  -104.595   1.226014E+03
  1235.000  -109.360   1.261609E+03
  1235.000  -114.124   1.297648E+03
  1235.000  -117.049   1.320000E+03
  1235.000  -123.653   1.333208E+03
  1235.000  -128.418   1.342738E+03
  1235.000  -133.183   1.352268E+03
  1235.000  -137.947   1.361796E+03
  1235.000  -142.712   1.371326E+03
  1235.000  -147.476   1.380854E+03
  1235.000  -152.241   1.390384E+03
  1235.000  -157.006   1.399914E+03
  1235.000  -161.770   1.402332E+03
  1235.000  -166.535   1.404685E+03
  1235.000  -171.299   1.407038E+03
  1235.000  -176.064   1.409392E+03
  1235.000  -180.829   1.411746E+03
  1235.000  -185.593   1.414099E+03
  1235.000  -190.358   1.416452E+03
  1235.000  -195.122   1.418805E+03
  1235.000  -199.887   1.421159E+03
  1235.000  -204.652   1.423512E+03
  1235.000  -209.416   1.425865E+03
  1235.000  -214.181   1.428219E+03
  1235.000  -218.945   1.430572E+03
  1235.000  -228.475   1.435279E+03
  1235.000  -238.004   1.439986E+03
  1235.000  -247.533   1.444692E+03
  1235.000  -257.062   1.449399E+03
  1235.000  -266.591   1.454106E+03
  1235.000  -276.121   1.458813E+03
  1235.000  -285.650   1.463519E+03
  1235.000  -290.414   1.465873E+03
  1235.000  -295.179   1.468226E+03
  1235.000  -299.944   1.470580E+03
  1235.000  -304.708   1.472933E+03
  1235.000  -314.237   1.477639E+03
  1235.000  -323.766   1.482346E+03
  1235.000  -333.296   1.487053E+03
  1235.000  -342.825   1.491760E+03
  1235.000  -352.354   1.496466E+03
  1235.000  -361.883   1.501173E+03
  1235.000  -371.412   1.505880E+03
  1235.000  -380.942   1.510587E+03
  1235.000  -390.471   1.515293E+03
  1235.000  -400.000   1.520000E+03
  1240.000     0.205   0.000000E+00
  1240.000    -0.635   2.090543E+01
  1240.000    -1.224   3.284211E+01
  1240.000    -1.701   4.233658E+01
  1240.000    -2.177   5.165860E+01
  1240.000    -2.654   6.084687E+01
  1240.000    -3.130   6.986253E+01
  1240.000    -3.606   7.872447E+01
  1240.000    -4.269   9.082378E+01
  1240.000    -5.036   1.098042E+02
  1240.000    -5.512   1.215038E+02
  1240.000    -5.989   1.331641E+02
  1240.000    -6.465   1.447360E+02
  1240.000    -7.418   1.677113E+02
  1240.000    -8.371   1.904281E+02
  1240.000    -9.324   2.128852E+02
  1240.000   -10.277   2.350815E+02
  1240.000   -11.229   2.569934E+02
  1240.000   -12.182   2.786662E+02
  1240.000   -13.135   3.000764E+02
  1240.000   -14.088   3.212236E+02
  1240.000   -15.994   3.627278E+02
  1240.000   -17.900   4.031781E+02
  1240.000   -19.805   4.425539E+02
  1240.000   -21.711   4.808974E+02
  1240.000   -23.617   5.181890E+02
  1240.000   -25.522   5.544116E+02
  1240.000   -27.428   5.896053E+02
  1240.000   -29.334   6.237531E+02
  1240.000   -31.240   6.568577E+02
  1240.000   -32.357   6.757776E+02
  1240.000   -35.051   6.985790E+02
  1240.000   -37.910   7.224549E+02
  1240.000   -40.768   7.462630E+02
  1240.000   -43.627   7.699883E+02
  1240.000   -46.486   7.933236E+02
  1240.000   -49.344   8.162963E+02
  1240.000   -52.203   8.389640E+02
  1240.000   -55.061   8.612952E+02
  1240.000   -57.920   8.833412E+02
  1240.000   -60.779   9.051490E+02
  1240.000   -63.637   9.267393E+02
  1240.000   -66.496   9.481325E+02
  1240.000   -71.260   9.833540E+02
  1240.000   -76.025   1.018225E+03
  1240.000   -80.789   1.052873E+03
  1240.000   -85.553   1.087388E+03
  1240.000   -90.318   1.121928E+03
  1240.000   -95.082   1.156626E+03
  1240.000   -99.846   1.191548E+03
  1240.000  -104.611   1.226831E+03
  1240.000  -109.375   1.262590E+03
  1240.000  -114.139   1.298838E+03
  1240.000  -116.892   1.320000E+03
  1240.000  -123.668   1.333552E+03
  1240.000  -128.432   1.343080E+03
  1240.000  -133.197   1.352610E+03
  1240.000  -137.961   1.362138E+03
  1240.000  -142.725   1.371666E+03
  1240.000  -147.490   1.381196E+03
  1240.000  -152.254   1.390724E+03
  1240.000  -157.018   1.400062E+03
  1240.000  -161.783   1.402414E+03
  1240.000  -166.547   1.404766E+03
  1240.000  -171.311   1.407117E+03
  1240.000  -176.076   1.409469E+03
  1240.000  -180.840   1.411821E+03
  1240.000  -185.604   1.414172E+03
  1240.000  -190.369   1.416525E+03
  1240.000  -195.133   1.418876E+03
  1240.000  -199.898   1.421228E+03
  1240.000  -204.662   1.423580E+03
  1240.000  -209.426   1.425931E+03
  1240.000  -214.191   1.428283E+03
  1240.000  -218.955   1.430635E+03
  1240.000  -228.484   1.435338E+03
  1240.000  -238.012   1.440041E+03
  1240.000  -247.541   1.444745E+03
  1240.000  -257.070   1.449449E+03
  1240.000  -266.598   1.454152E+03
  1240.000  -276.127   1.458855E+03
  1240.000  -285.656   1.463559E+03
  1240.000  -290.420   1.465910E+03
  1240.000  -295.184   1.468262E+03
  1240.000  -299.949   1.470614E+03
  1240.000  -304.713   1.472966E+03
  1240.000  -314.242   1.477669E+03
  1240.000  -323.770   1.482372E+03
  1240.000  -333.299   1.487076E+03
  1240.000  -342.828   1.491779E+03
  1240.000  -352.357   1.496483E+03
  1240.000  -361.885   1.501186E+03
  1240.000  -371.414   1.505890E+03
  1240.000  -380.943   1.510593E+03
  1240.000  -390.471   1.515296E+03
  1240.000  -400.000   1.520000E+03
  1245.000     0.156   0.000000E+00
  1245.000    -0.648   2.016985E+01
  1245.000    -1.273   3.293787E+01
  1245.000    -1.750   4.250187E+01
  1245.000    -2.226   5.189245E+01
  1245.000    -2.702   6.112913E+01
  1245.000    -3.179   7.023036E+01
  1245.000    -3.655   7.915759E+01
  1245.000    -4.451   9.375165E+01
  1245.000    -5.084   1.094626E+02
  1245.000    -5.561   1.212287E+02
  1245.000    -6.037   1.329050E+02
  1245.000    -6.513   1.445161E+02
  1245.000    -7.466   1.675658E+02
  1245.000    -8.419   1.903515E+02
  1245.000    -9.372   2.128721E+02
  1245.000   -10.324   2.351034E+02
  1245.000   -11.277   2.570915E+02
  1245.000   -12.230   2.788126E+02
  1245.000   -13.183   3.002663E+02
  1245.000   -14.135   3.214304E+02
  1245.000   -16.041   3.630003E+02
  1245.000   -17.946   4.034805E+02
  1245.000   -19.852   4.429157E+02
  1245.000   -21.757   4.812667E+02
  1245.000   -23.663   5.185766E+02
  1245.000   -25.568   5.548094E+02
  1245.000   -27.474   5.900063E+02
  1245.000   -29.379   6.241342E+02
  1245.000   -31.285   6.572337E+02
  1245.000   -32.427   6.765682E+02
  1245.000   -35.096   6.991435E+02
  1245.000   -37.954   7.229918E+02
  1245.000   -40.812   7.467792E+02
  1245.000   -43.671   7.704858E+02
  1245.000   -46.529   7.938007E+02
  1245.000   -49.387   8.167693E+02
  1245.000   -52.245   8.394267E+02
  1245.000   -55.104   8.617586E+02
  1245.000   -57.962   8.838003E+02
  1245.000   -60.820   9.056048E+02
  1245.000   -63.678   9.271957E+02
  1245.000   -66.537   9.485860E+02
  1245.000   -71.300   9.838009E+02
  1245.000   -76.064   1.018686E+03
  1245.000   -80.828   1.053361E+03
  1245.000   -85.592   1.087911E+03
  1245.000   -90.355   1.122491E+03
  1245.000   -95.119   1.157249E+03
  1245.000   -99.883   1.192272E+03
  1245.000  -104.647   1.227691E+03
  1245.000  -109.411   1.263647E+03
  1245.000  -114.174   1.300168E+03
  1245.000  -116.734   1.320000E+03
  1245.000  -123.702   1.333936E+03
  1245.000  -128.466   1.343464E+03
  1245.000  -133.229   1.352990E+03
  1245.000  -137.993   1.362518E+03
  1245.000  -142.757   1.372046E+03
  1245.000  -147.521   1.381574E+03
  1245.000  -152.284   1.391100E+03
  1245.000  -157.048   1.400155E+03
  1245.000  -161.812   1.402505E+03
  1245.000  -166.576   1.404855E+03
  1245.000  -171.339   1.407204E+03
  1245.000  -176.103   1.409554E+03
  1245.000  -180.867   1.411904E+03
  1245.000  -185.631   1.414255E+03
  1245.000  -190.394   1.416604E+03
  1245.000  -195.158   1.418954E+03
  1245.000  -199.922   1.421304E+03
  1245.000  -204.686   1.423654E+03
  1245.000  -209.450   1.426004E+03
  1245.000  -214.213   1.428354E+03
  1245.000  -218.977   1.430704E+03
  1245.000  -228.505   1.435404E+03
  1245.000  -238.032   1.440103E+03
  1245.000  -247.560   1.444803E+03
  1245.000  -257.087   1.449503E+03
  1245.000  -266.615   1.454203E+03
  1245.000  -276.142   1.458902E+03
  1245.000  -285.670   1.463602E+03
  1245.000  -290.433   1.465952E+03
  1245.000  -295.197   1.468302E+03
  1245.000  -299.961   1.470652E+03
  1245.000  -304.725   1.473002E+03
  1245.000  -314.252   1.477702E+03
  1245.000  -323.780   1.482402E+03
  1245.000  -333.307   1.487101E+03
  1245.000  -342.835   1.491801E+03
  1245.000  -352.362   1.496501E+03
  1245.000  -361.890   1.501201E+03
  1245.000  -371.417   1.505900E+03
  1245.000  -380.945   1.510600E+03
  1245.000  -390.472   1.515300E+03
  1245.000  -400.000   1.520000E+03
  1250.000     0.080   0.000000E+00
  1250.000    -0.660   1.890526E+01
  1250.000    -1.349   3.320663E+01
  1250.000    -1.825   4.288451E+01
  1250.000    -2.301   5.239845E+01
  1250.000    -2.778   6.176870E+01
  1250.000    -3.254   7.095650E+01
  1250.000    -3.730   7.998221E+01
  1250.000    -4.634   9.668992E+01
  1250.000    -5.159   1.097926E+02
  1250.000    -5.635   1.216121E+02
  1250.000    -6.112   1.333779E+02
  1250.000    -6.588   1.450492E+02
  1250.000    -7.541   1.682068E+02
  1250.000    -8.493   1.910610E+02
  1250.000    -9.446   2.136606E+02
  1250.000   -10.398   2.359588E+02
  1250.000   -11.351   2.580033E+02
  1250.000   -12.303   2.797488E+02
  1250.000   -13.256   3.012415E+02
  1250.000   -14.209   3.224591E+02
  1250.000   -16.114   3.640486E+02
  1250.000   -18.019   4.045500E+02
  1250.000   -19.924   4.439705E+02
  1250.000   -21.829   4.823155E+02
  1250.000   -23.734   5.195889E+02
  1250.000   -25.639   5.557943E+02
  1250.000   -27.545   5.909532E+02
  1250.000   -29.450   6.250331E+02
  1250.000   -31.355   6.580597E+02
  1250.000   -32.498   6.773763E+02
  1250.000   -35.165   6.998812E+02
  1250.000   -38.023   7.236881E+02
  1250.000   -40.881   7.474557E+02
  1250.000   -43.738   7.711310E+02
  1250.000   -46.596   7.944334E+02
  1250.000   -49.454   8.173964E+02
  1250.000   -52.311   8.400291E+02
  1250.000   -55.169   8.623413E+02
  1250.000   -58.027   8.843879E+02
  1250.000   -60.885   9.061851E+02
  1250.000   -63.742   9.277620E+02
  1250.000   -66.600   9.491364E+02
  1250.000   -71.363   9.843556E+02
  1250.000   -76.126   1.019243E+03
  1250.000   -80.889   1.053920E+03
  1250.000   -85.651   1.088488E+03
  1250.000   -90.414   1.123109E+03
  1250.000   -95.177   1.157899E+03
  1250.000   -99.940   1.192990E+03
  1250.000  -104.703   1.228526E+03
  1250.000  -109.466   1.264664E+03
  1250.000  -116.577   1.320000E+03
  1250.000  -118.991   1.324828E+03
  1250.000  -123.754   1.334354E+03
  1250.000  -128.517   1.343880E+03
  1250.000  -133.280   1.353406E+03
  1250.000  -138.043   1.362932E+03
  1250.000  -142.806   1.372458E+03
  1250.000  -147.569   1.381984E+03
  1250.000  -152.331   1.391508E+03
  1250.000  -157.094   1.400255E+03
  1250.000  -161.857   1.402603E+03
  1250.000  -166.620   1.404951E+03
  1250.000  -171.383   1.407299E+03
  1250.000  -176.146   1.409647E+03
  1250.000  -180.909   1.411995E+03
  1250.000  -185.671   1.414342E+03
  1250.000  -190.434   1.416690E+03
  1250.000  -195.197   1.419038E+03
  1250.000  -199.960   1.421386E+03
  1250.000  -204.723   1.423734E+03
  1250.000  -209.486   1.426082E+03
  1250.000  -214.249   1.428431E+03
  1250.000  -219.011   1.430778E+03
  1250.000  -228.537   1.435474E+03
  1250.000  -238.063   1.440170E+03
  1250.000  -247.589   1.444866E+03
  1250.000  -257.114   1.449562E+03
  1250.000  -266.640   1.454258E+03
  1250.000  -276.166   1.458954E+03
  1250.000  -285.691   1.463649E+03
  1250.000  -290.454   1.465997E+03
  1250.000  -295.217   1.468345E+03
  1250.000  -299.980   1.470693E+03
  1250.000  -304.743   1.473041E+03
  1250.000  -314.269   1.477737E+03
  1250.000  -323.794   1.482433E+03
  1250.000  -333.320   1.487129E+03
  1250.000  -342.846   1.491825E+03
  1250.000  -352.371   1.496520E+03
  1250.000  -361.897   1.501216E+03
  1250.000  -371.423   1.505912E+03
  1250.000  -380.949   1.510608E+03
  1250.000  -390.474   1.515304E+03
  1250.000  -400.000   1.520000E+03
  1255.000     0.058   0.000000E+00
  1255.000    -0.673   1.878692E+01
  1255.000    -1.371   3.333645E+01
  1255.000    -1.847   4.307071E+01
  1255.000    -2.323   5.264405E+01
  1255.000    -2.800   6.207724E+01
  1255.000    -3.276   7.133211E+01
  1255.000    -3.752   8.042991E+01
  1255.000    -4.228   8.932386E+01
  1255.000    -4.817   1.001901E+02
  1255.000    -5.657   1.212512E+02
  1255.000    -6.133   1.330818E+02
  1255.000    -6.610   1.448576E+02
  1255.000    -7.562   1.681042E+02
  1255.000    -8.515   1.910716E+02
  1255.000    -9.467   2.137185E+02
  1255.000   -10.420   2.360981E+02
  1255.000   -11.372   2.581681E+02
  1255.000   -12.325   2.799788E+02
  1255.000   -13.277   3.014880E+02
  1255.000   -14.230   3.227442E+02
  1255.000   -16.135   3.643315E+02
  1255.000   -18.040   4.048328E+02
  1255.000   -19.945   4.442514E+02
  1255.000   -21.850   4.825902E+02
  1255.000   -23.755   5.198510E+02
  1255.000   -25.660   5.560335E+02
  1255.000   -27.565   5.911341E+02
  1255.000   -29.470   6.251449E+02
  1255.000   -31.375   6.580490E+02
  1255.000   -32.569   6.781373E+02
  1255.000   -35.185   7.001321E+02
  1255.000   -38.043   7.238912E+02
  1255.000   -40.900   7.476839E+02
  1255.000   -43.758   7.713423E+02
  1255.000   -46.615   7.946189E+02
  1255.000   -49.473   8.175842E+02
  1255.000   -52.331   8.402075E+02
  1255.000   -55.188   8.625144E+02
  1255.000   -58.046   8.845636E+02
  1255.000   -60.903   9.063484E+02
  1255.000   -63.761   9.279343E+02
  1255.000   -66.618   9.492964E+02
  1255.000   -71.381   9.845120E+02
  1255.000   -76.144   1.019403E+03
  1255.000   -80.906   1.054075E+03
  1255.000   -85.669   1.088666E+03
  1255.000   -90.431   1.123289E+03
  1255.000   -95.194   1.158098E+03
  1255.000   -99.957   1.193217E+03
  1255.000  -104.719   1.228816E+03
  1255.000  -109.482   1.265127E+03
  1255.000  -116.420   1.320000E+03
  1255.000  -119.007   1.325174E+03
  1255.000  -123.769   1.334698E+03
  1255.000  -128.532   1.344224E+03
  1255.000  -133.295   1.353750E+03
  1255.000  -138.057   1.363274E+03
  1255.000  -142.820   1.372800E+03
  1255.000  -147.582   1.382324E+03
  1255.000  -152.345   1.391850E+03
  1255.000  -157.108   1.400339E+03
  1255.000  -161.870   1.402685E+03
  1255.000  -166.633   1.405031E+03
  1255.000  -171.395   1.407377E+03
  1255.000  -176.158   1.409724E+03
  1255.000  -180.921   1.412070E+03
  1255.000  -185.683   1.414416E+03
  1255.000  -190.446   1.416763E+03
  1255.000  -195.208   1.419109E+03
  1255.000  -199.971   1.421455E+03
  1255.000  -204.734   1.423802E+03
  1255.000  -209.496   1.426148E+03
  1255.000  -214.259   1.428494E+03
  1255.000  -219.021   1.430840E+03
  1255.000  -228.547   1.435533E+03
  1255.000  -238.072   1.440226E+03
  1255.000  -247.597   1.444918E+03
  1255.000  -257.122   1.449611E+03
  1255.000  -266.647   1.454303E+03
  1255.000  -276.173   1.458996E+03
  1255.000  -285.698   1.463689E+03
  1255.000  -290.460   1.466035E+03
  1255.000  -295.223   1.468381E+03
  1255.000  -299.986   1.470728E+03
  1255.000  -304.748   1.473074E+03
  1255.000  -314.273   1.477766E+03
  1255.000  -323.798   1.482459E+03
  1255.000  -333.324   1.487152E+03
  1255.000  -342.849   1.491844E+03
  1255.000  -352.374   1.496537E+03
  1255.000  -361.899   1.501229E+03
  1255.000  -371.424   1.505922E+03
  1255.000  -380.950   1.510615E+03
  1255.000  -390.475   1.515307E+03
  1255.000  -400.000   1.520000E+03
