 Iteration #:           4
   Depth    K_x     K_t     K_y
   17.80    4.06    0.00    4.06
   19.66    4.03    0.00    4.03
   21.56    4.02    0.00    4.02
   23.46    4.01    0.00    4.01
   25.36    4.01    0.00    4.01
   27.25    4.03    0.00    4.03
   29.15    4.05    0.00    4.05
   31.05    4.08    0.00    4.08
   32.94    4.12    0.00    4.12
   34.84    4.17    0.00    4.17
   36.74    4.22    0.00    4.22
   39.58    4.28    0.00    4.28
   42.43    4.32    0.00    4.32
   45.27    4.41    0.00    4.41
   48.12    4.49    0.00    4.49
   50.96    4.56    0.00    4.56
   53.81    4.62    0.00    4.62
   56.65    4.66    0.00    4.66
   59.50    4.69    0.00    4.69
   62.34    4.70    0.00    4.70
   65.19    4.70    0.00    4.70
   68.04    4.67    0.00    4.67
   72.78    4.61    0.00    4.61
   77.52    4.53    0.00    4.53
   82.26    4.42    0.00    4.42
   17.24    4.07    0.00    4.07
   19.71    4.03    0.00    4.03
   21.61    4.02    0.00    4.02
   23.50    4.01    0.00    4.01
   25.40    4.01    0.00    4.01
   27.30    4.03    0.00    4.03
   29.19    4.05    0.00    4.05
   31.09    4.08    0.00    4.08
   32.99    4.12    0.00    4.12
   34.88    4.17    0.00    4.17
   36.78    4.22    0.00    4.22
   39.62    4.28    0.00    4.28
   42.47    4.33    0.00    4.33
   45.31    4.41    0.00    4.41
   48.16    4.49    0.00    4.49
   51.01    4.56    0.00    4.56
   53.85    4.62    0.00    4.62
   56.70    4.66    0.00    4.66
   59.54    4.69    0.00    4.69
   62.39    4.70    0.00    4.70
   65.23    4.69    0.00    4.69
   68.08    4.66    0.00    4.66
   72.82    4.60    0.00    4.60
   77.56    4.52    0.00    4.52
   82.30    4.41    0.00    4.41
   16.98    4.08    0.00    4.08
   19.66    4.03    0.00    4.03
   21.56    4.02    0.00    4.02
   23.46    4.01    0.00    4.01
   25.35    4.01    0.00    4.01
   27.25    4.03    0.00    4.03
   29.15    4.05    0.00    4.05
   31.04    4.08    0.00    4.08
   32.94    4.12    0.00    4.12
   34.84    4.17    0.00    4.17
   36.73    4.22    0.00    4.22
   39.58    4.28    0.00    4.28
   42.42    4.33    0.00    4.33
   45.27    4.41    0.00    4.41
   48.12    4.49    0.00    4.49
   50.96    4.56    0.00    4.56
   53.81    4.62    0.00    4.62
   56.65    4.66    0.00    4.66
   59.50    4.69    0.00    4.69
   62.34    4.70    0.00    4.70
   65.19    4.69    0.00    4.69
   68.03    4.66    0.00    4.66
   72.78    4.60    0.00    4.60
   77.52    4.51    0.00    4.51
   82.26    4.40    0.00    4.40
   18.04    4.08    0.00    4.08
   19.93    4.03    0.00    4.03
   21.83    4.02    0.00    4.02
   23.72    4.01    0.00    4.01
   25.62    4.01    0.00    4.01
   27.51    4.03    0.00    4.03
   29.41    4.05    0.00    4.05
   31.30    4.08    0.00    4.08
   33.20    4.12    0.00    4.12
   35.10    4.17    0.00    4.17
   36.99    4.22    0.00    4.22
   39.84    4.28    0.00    4.28
   42.68    4.33    0.00    4.33
   45.52    4.42    0.00    4.42
   48.37    4.49    0.00    4.49
   51.21    4.56    0.00    4.56
   54.05    4.62    0.00    4.62
   56.90    4.66    0.00    4.66
   59.74    4.69    0.00    4.69
   62.58    4.69    0.00    4.69
   65.43    4.69    0.00    4.69
   68.27    4.66    0.00    4.66
   73.01    4.58    0.00    4.58
   77.75    4.49    0.00    4.49
   82.49    4.38    0.00    4.38
   16.34    4.11    0.00    4.11
   18.14    4.07    0.00    4.07
   20.03    4.04    0.00    4.04
   21.93    4.02    0.00    4.02
   23.82    4.01    0.00    4.01
   25.72    4.01    0.00    4.01
   27.61    4.03    0.00    4.03
   29.51    4.05    0.00    4.05
   31.40    4.09    0.00    4.09
   33.30    4.13    0.00    4.13
   35.19    4.17    0.00    4.17
   37.09    4.23    0.00    4.23
   39.93    4.27    0.00    4.27
   42.77    4.34    0.00    4.34
   45.62    4.43    0.00    4.43
   48.46    4.50    0.00    4.50
   51.30    4.57    0.00    4.57
   54.14    4.62    0.00    4.62
   56.99    4.66    0.00    4.66
   59.83    4.69    0.00    4.69
   62.67    4.69    0.00    4.69
   65.51    4.68    0.00    4.68
   68.36    4.64    0.00    4.64
   73.09    4.57    0.00    4.57
   77.83    4.46    0.00    4.46
   84.24    4.34    0.00    4.34
   16.02    4.13    0.00    4.13
   18.15    4.08    0.00    4.08
   20.05    4.04    0.00    4.04
   21.94    4.02    0.00    4.02
   23.84    4.01    0.00    4.01
   25.73    4.01    0.00    4.01
   27.63    4.03    0.00    4.03
   29.52    4.05    0.00    4.05
   31.42    4.09    0.00    4.09
   33.31    4.13    0.00    4.13
   35.21    4.17    0.00    4.17
   37.10    4.21    0.00    4.21
   39.95    4.25    0.00    4.25
   42.79    4.34    0.00    4.34
   45.63    4.43    0.00    4.43
   48.47    4.51    0.00    4.51
   51.32    4.58    0.00    4.58
   54.16    4.63    0.00    4.63
   57.00    4.67    0.00    4.67
   59.84    4.69    0.00    4.69
   62.69    4.69    0.00    4.69
   65.53    4.68    0.00    4.68
   68.37    4.64    0.00    4.64
   73.11    4.56    0.00    4.56
   77.85    4.43    0.00    4.43
   16.43    4.13    0.00    4.13
   18.32    4.08    0.00    4.08
   20.22    4.05    0.00    4.05
   22.11    4.02    0.00    4.02
   24.01    4.02    0.00    4.02
   25.90    4.01    0.00    4.01
   27.79    4.03    0.00    4.03
   29.69    4.05    0.00    4.05
   31.58    4.09    0.00    4.09
   33.48    4.13    0.00    4.13
   35.37    4.17    0.00    4.17
   37.27    4.21    0.00    4.21
   40.11    4.25    0.00    4.25
   42.95    4.35    0.00    4.35
   45.79    4.44    0.00    4.44
   48.63    4.51    0.00    4.51
   51.47    4.58    0.00    4.58
   54.31    4.64    0.00    4.64
   57.15    4.67    0.00    4.67
   59.99    4.69    0.00    4.69
   62.84    4.69    0.00    4.69
   65.68    4.67    0.00    4.67
   68.52    4.63    0.00    4.63
   73.25    4.54    0.00    4.54
   77.99    4.40    0.00    4.40
   15.38    4.17    0.00    4.17
   16.58    4.13    0.00    4.13
   18.47    4.08    0.00    4.08
   20.36    4.05    0.00    4.05
   22.26    4.02    0.00    4.02
   24.15    4.02    0.00    4.02
   26.04    4.02    0.00    4.02
   27.94    4.03    0.00    4.03
   29.83    4.06    0.00    4.06
   31.72    4.09    0.00    4.09
   33.62    4.13    0.00    4.13
   35.51    4.18    0.00    4.18
   37.41    4.22    0.00    4.22
   40.24    4.26    0.00    4.26
   43.09    4.36    0.00    4.36
   45.92    4.45    0.00    4.45
   48.77    4.52    0.00    4.52
   51.61    4.59    0.00    4.59
   54.45    4.64    0.00    4.64
   57.29    4.67    0.00    4.67
   60.13    4.69    0.00    4.69
   62.97    4.68    0.00    4.68
   65.81    4.66    0.00    4.66
   68.65    4.61    0.00    4.61
   73.38    4.51    0.00    4.51
   78.11    4.38    0.00    4.38
   15.65    4.18    0.00    4.18
   16.60    4.14    0.00    4.14
   18.50    4.09    0.00    4.09
   20.39    4.05    0.00    4.05
   22.28    4.03    0.00    4.03
   24.18    4.02    0.00    4.02
   26.07    4.02    0.00    4.02
   27.96    4.04    0.00    4.04
   29.86    4.06    0.00    4.06
   31.75    4.09    0.00    4.09
   33.64    4.14    0.00    4.14
   35.53    4.19    0.00    4.19
   37.43    4.22    0.00    4.22
   40.27    4.26    0.00    4.26
   43.11    4.36    0.00    4.36
   45.95    4.46    0.00    4.46
   48.79    4.53    0.00    4.53
   51.63    4.60    0.00    4.60
   54.47    4.64    0.00    4.64
   57.31    4.67    0.00    4.67
   60.15    4.68    0.00    4.68
   62.99    4.67    0.00    4.67
   65.83    4.65    0.00    4.65
   68.67    4.59    0.00    4.59
   73.40    4.49    0.00    4.49
   78.14    4.36    0.00    4.36
   14.77    4.21    0.00    4.21
   15.72    4.18    0.00    4.18
   16.67    4.14    0.00    4.14
   18.56    4.09    0.00    4.09
   20.45    4.06    0.00    4.06
   22.35    4.03    0.00    4.03
   24.24    4.02    0.00    4.02
   26.13    4.02    0.00    4.02
   28.03    4.04    0.00    4.04
   29.92    4.06    0.00    4.06
   31.81    4.09    0.00    4.09
   33.70    4.14    0.00    4.14
   35.60    4.19    0.00    4.19
   37.49    4.22    0.00    4.22
   40.33    4.27    0.00    4.27
   43.17    4.37    0.00    4.37
   46.01    4.46    0.00    4.46
   48.85    4.54    0.00    4.54
   51.69    4.60    0.00    4.60
   54.53    4.65    0.00    4.65
   57.37    4.67    0.00    4.67
   60.21    4.68    0.00    4.68
   63.05    4.67    0.00    4.67
   65.89    4.64    0.00    4.64
   68.73    4.58    0.00    4.58
   73.46    4.47    0.00    4.47
   79.97    4.32    0.00    4.32
   14.47    4.23    0.00    4.23
   15.60    4.19    0.00    4.19
   16.54    4.15    0.00    4.15
   18.44    4.09    0.00    4.09
   20.33    4.06    0.00    4.06
   22.23    4.03    0.00    4.03
   24.12    4.02    0.00    4.02
   26.01    4.02    0.00    4.02
   27.91    4.04    0.00    4.04
   29.80    4.06    0.00    4.06
   31.69    4.09    0.00    4.09
   33.59    4.14    0.00    4.14
   35.48    4.19    0.00    4.19
   37.37    4.23    0.00    4.23
   40.21    4.27    0.00    4.27
   43.05    4.37    0.00    4.37
   45.90    4.47    0.00    4.47
   48.73    4.54    0.00    4.54
   51.58    4.60    0.00    4.60
   54.42    4.65    0.00    4.65
   57.26    4.67    0.00    4.67
   60.10    4.68    0.00    4.68
   62.94    4.66    0.00    4.66
   65.78    4.63    0.00    4.63
   68.62    4.57    0.00    4.57
   73.35    4.42    0.00    4.42
   14.74    4.24    0.00    4.24
   15.69    4.20    0.00    4.20
   16.63    4.15    0.00    4.15
   18.53    4.10    0.00    4.10
   20.42    4.06    0.00    4.06
   22.31    4.03    0.00    4.03
   24.21    4.02    0.00    4.02
   26.10    4.02    0.00    4.02
   27.99    4.03    0.00    4.03
   29.89    4.06    0.00    4.06
   31.78    4.09    0.00    4.09
   33.67    4.14    0.00    4.14
   35.56    4.19    0.00    4.19
   37.46    4.23    0.00    4.23
   40.30    4.27    0.00    4.27
   43.14    4.38    0.00    4.38
   45.98    4.47    0.00    4.47
   48.82    4.55    0.00    4.55
   51.66    4.61    0.00    4.61
   54.50    4.65    0.00    4.65
   57.34    4.67    0.00    4.67
   60.18    4.68    0.00    4.68
   63.02    4.66    0.00    4.66
   65.86    4.62    0.00    4.62
   68.70    4.55    0.00    4.55
   73.43    4.40    0.00    4.40
   13.85    4.27    0.00    4.27
   14.79    4.24    0.00    4.24
   15.74    4.21    0.00    4.21
   16.68    4.16    0.00    4.16
   18.58    4.11    0.00    4.11
   20.47    4.07    0.00    4.07
   22.36    4.03    0.00    4.03
   24.26    4.02    0.00    4.02
   26.15    4.02    0.00    4.02
   28.04    4.04    0.00    4.04
   29.93    4.06    0.00    4.06
   31.83    4.09    0.00    4.09
   33.72    4.14    0.00    4.14
   35.61    4.19    0.00    4.19
   37.51    4.23    0.00    4.23
   40.34    4.28    0.00    4.28
   43.19    4.38    0.00    4.38
   46.02    4.47    0.00    4.47
   48.86    4.55    0.00    4.55
   51.70    4.61    0.00    4.61
   54.54    4.65    0.00    4.65
   57.38    4.67    0.00    4.67
   60.22    4.67    0.00    4.67
   63.06    4.65    0.00    4.65
   65.90    4.61    0.00    4.61
   68.74    4.53    0.00    4.53
   73.47    4.38    0.00    4.38
   14.03    4.28    0.00    4.28
   14.98    4.25    0.00    4.25
   15.93    4.22    0.00    4.22
   16.87    4.17    0.00    4.17
   18.76    4.11    0.00    4.11
   20.66    4.07    0.00    4.07
   22.55    4.03    0.00    4.03
   24.44    4.02    0.00    4.02
   26.33    4.02    0.00    4.02
   28.22    4.04    0.00    4.04
   30.12    4.06    0.00    4.06
   32.01    4.09    0.00    4.09
   33.90    4.14    0.00    4.14
   35.79    4.19    0.00    4.19
   37.68    4.24    0.00    4.24
   40.52    4.29    0.00    4.29
   43.36    4.39    0.00    4.39
   46.20    4.47    0.00    4.47
   49.04    4.55    0.00    4.55
   51.87    4.61    0.00    4.61
   54.71    4.65    0.00    4.65
   57.55    4.67    0.00    4.67
   60.39    4.67    0.00    4.67
   63.23    4.64    0.00    4.64
   66.06    4.59    0.00    4.59
   68.90    4.50    0.00    4.50
   73.63    4.36    0.00    4.36
   13.25    4.33    0.00    4.33
   14.09    4.29    0.00    4.29
   15.03    4.26    0.00    4.26
   15.98    4.22    0.00    4.22
   16.93    4.17    0.00    4.17
   18.82    4.11    0.00    4.11
   20.71    4.07    0.00    4.07
   22.60    4.03    0.00    4.03
   24.49    4.02    0.00    4.02
   26.39    4.02    0.00    4.02
   28.28    4.04    0.00    4.04
   30.17    4.06    0.00    4.06
   32.06    4.10    0.00    4.10
   33.95    4.15    0.00    4.15
   35.84    4.20    0.00    4.20
   37.73    4.24    0.00    4.24
   40.57    4.30    0.00    4.30
   43.41    4.40    0.00    4.40
   46.25    4.48    0.00    4.48
   49.09    4.56    0.00    4.56
   51.92    4.62    0.00    4.62
   54.76    4.66    0.00    4.66
   57.60    4.67    0.00    4.67
   60.44    4.66    0.00    4.66
   63.27    4.63    0.00    4.63
   66.11    4.57    0.00    4.57
   68.95    4.48    0.00    4.48
   73.68    4.33    0.00    4.33
   12.94    4.35    0.00    4.35
   14.10    4.30    0.00    4.30
   15.05    4.26    0.00    4.26
   15.99    4.22    0.00    4.22
   16.94    4.18    0.00    4.18
   18.83    4.11    0.00    4.11
   20.72    4.07    0.00    4.07
   22.61    4.04    0.00    4.04
   24.50    4.02    0.00    4.02
   26.40    4.02    0.00    4.02
   28.29    4.04    0.00    4.04
   30.18    4.06    0.00    4.06
   32.07    4.10    0.00    4.10
   33.96    4.15    0.00    4.15
   35.85    4.20    0.00    4.20
   37.75    4.25    0.00    4.25
   40.58    4.31    0.00    4.31
   43.42    4.41    0.00    4.41
   46.26    4.49    0.00    4.49
   49.10    4.56    0.00    4.56
   51.93    4.62    0.00    4.62
   54.77    4.66    0.00    4.66
   57.61    4.67    0.00    4.67
   60.45    4.65    0.00    4.65
   63.28    4.62    0.00    4.62
   66.12    4.56    0.00    4.56
   68.96    4.46    0.00    4.46
   75.76    4.30    0.00    4.30
   13.18    4.36    0.00    4.36
   14.13    4.31    0.00    4.31
   15.07    4.27    0.00    4.27
   16.02    4.23    0.00    4.23
   16.96    4.18    0.00    4.18
   18.86    4.12    0.00    4.12
   20.75    4.07    0.00    4.07
   22.64    4.04    0.00    4.04
   24.53    4.03    0.00    4.03
   26.42    4.02    0.00    4.02
   28.32    4.04    0.00    4.04
   30.21    4.06    0.00    4.06
   32.10    4.10    0.00    4.10
   33.99    4.15    0.00    4.15
   35.88    4.20    0.00    4.20
   37.77    4.25    0.00    4.25
   40.61    4.31    0.00    4.31
   43.45    4.41    0.00    4.41
   46.28    4.49    0.00    4.49
   49.12    4.57    0.00    4.57
   51.96    4.62    0.00    4.62
   54.80    4.66    0.00    4.66
   57.63    4.67    0.00    4.67
   60.47    4.65    0.00    4.65
   63.31    4.61    0.00    4.61
   66.14    4.55    0.00    4.55
   68.98    4.43    0.00    4.43
   12.33    4.41    0.00    4.41
   13.21    4.37    0.00    4.37
   14.15    4.32    0.00    4.32
   15.10    4.27    0.00    4.27
   16.05    4.23    0.00    4.23
   16.99    4.19    0.00    4.19
   18.88    4.13    0.00    4.13
   20.77    4.07    0.00    4.07
   22.67    4.04    0.00    4.04
   24.56    4.03    0.00    4.03
   26.45    4.02    0.00    4.02
   28.34    4.04    0.00    4.04
   30.23    4.06    0.00    4.06
   32.12    4.10    0.00    4.10
   34.02    4.15    0.00    4.15
   35.91    4.21    0.00    4.21
   37.80    4.26    0.00    4.26
   40.63    4.31    0.00    4.31
   43.47    4.41    0.00    4.41
   46.31    4.50    0.00    4.50
   49.15    4.57    0.00    4.57
   51.98    4.62    0.00    4.62
   54.82    4.66    0.00    4.66
   57.66    4.67    0.00    4.67
   60.49    4.65    0.00    4.65
   63.33    4.61    0.00    4.61
   66.17    4.54    0.00    4.54
   69.01    4.42    0.00    4.42
   12.03    4.44    0.00    4.44
   13.25    4.38    0.00    4.38
   14.19    4.33    0.00    4.33
   15.14    4.28    0.00    4.28
   16.09    4.24    0.00    4.24
   17.03    4.19    0.00    4.19
   18.92    4.13    0.00    4.13
   20.81    4.07    0.00    4.07
   22.70    4.04    0.00    4.04
   24.60    4.03    0.00    4.03
   26.49    4.02    0.00    4.02
   28.38    4.04    0.00    4.04
   30.27    4.06    0.00    4.06
   32.16    4.10    0.00    4.10
   34.05    4.15    0.00    4.15
   35.94    4.21    0.00    4.21
   37.83    4.26    0.00    4.26
   40.67    4.32    0.00    4.32
   43.51    4.42    0.00    4.42
   46.34    4.50    0.00    4.50
   49.18    4.58    0.00    4.58
   52.02    4.63    0.00    4.63
   54.85    4.66    0.00    4.66
   57.69    4.67    0.00    4.67
   60.53    4.64    0.00    4.64
   63.37    4.60    0.00    4.60
   66.20    4.54    0.00    4.54
   69.04    4.41    0.00    4.41
   12.33    4.44    0.00    4.44
   13.27    4.38    0.00    4.38
   14.22    4.33    0.00    4.33
   15.16    4.29    0.00    4.29
   16.11    4.25    0.00    4.25
   17.05    4.20    0.00    4.20
   18.95    4.13    0.00    4.13
   20.84    4.08    0.00    4.08
   22.73    4.04    0.00    4.04
   24.62    4.03    0.00    4.03
   26.51    4.02    0.00    4.02
   28.40    4.04    0.00    4.04
   30.29    4.06    0.00    4.06
   32.18    4.10    0.00    4.10
   34.07    4.15    0.00    4.15
   35.97    4.21    0.00    4.21
   37.86    4.26    0.00    4.26
   40.69    4.32    0.00    4.32
   43.53    4.42    0.00    4.42
   46.37    4.51    0.00    4.51
   49.20    4.58    0.00    4.58
   52.04    4.63    0.00    4.63
   54.88    4.66    0.00    4.66
   57.71    4.66    0.00    4.66
   60.55    4.64    0.00    4.64
   63.39    4.60    0.00    4.60
   66.22    4.53    0.00    4.53
   69.06    4.40    0.00    4.40
   11.07    4.51    0.00    4.51
   12.35    4.45    0.00    4.45
   13.30    4.39    0.00    4.39
   14.24    4.34    0.00    4.34
   15.19    4.29    0.00    4.29
   16.14    4.25    0.00    4.25
   17.08    4.20    0.00    4.20
   18.97    4.14    0.00    4.14
   20.86    4.08    0.00    4.08
   22.75    4.04    0.00    4.04
   24.64    4.03    0.00    4.03
   26.54    4.02    0.00    4.02
   28.43    4.04    0.00    4.04
   30.32    4.07    0.00    4.07
   32.21    4.10    0.00    4.10
   34.10    4.16    0.00    4.16
   35.99    4.22    0.00    4.22
   37.88    4.27    0.00    4.27
   40.72    4.33    0.00    4.33
   43.55    4.43    0.00    4.43
   46.39    4.51    0.00    4.51
   49.23    4.59    0.00    4.59
   52.06    4.64    0.00    4.64
   54.90    4.66    0.00    4.66
   57.74    4.66    0.00    4.66
   60.57    4.64    0.00    4.64
   63.41    4.59    0.00    4.59
   66.25    4.52    0.00    4.52
   69.08    4.39    0.00    4.39
   11.03    4.53    0.00    4.53
   12.37    4.46    0.00    4.46
   13.32    4.41    0.00    4.41
   14.26    4.35    0.00    4.35
   15.21    4.29    0.00    4.29
   16.16    4.25    0.00    4.25
   17.10    4.20    0.00    4.20
   18.99    4.14    0.00    4.14
   20.88    4.08    0.00    4.08
   22.77    4.04    0.00    4.04
   24.66    4.02    0.00    4.02
   26.55    4.02    0.00    4.02
   28.45    4.04    0.00    4.04
   30.34    4.07    0.00    4.07
   32.23    4.11    0.00    4.11
   34.12    4.16    0.00    4.16
   36.01    4.22    0.00    4.22
   37.90    4.27    0.00    4.27
   40.74    4.33    0.00    4.33
   43.57    4.43    0.00    4.43
   46.41    4.52    0.00    4.52
   49.24    4.59    0.00    4.59
   52.08    4.64    0.00    4.64
   54.92    4.66    0.00    4.66
   57.75    4.66    0.00    4.66
   60.59    4.63    0.00    4.63
   63.43    4.58    0.00    4.58
   66.26    4.51    0.00    4.51
   69.10    4.39    0.00    4.39
   11.44    4.53    0.00    4.53
   12.38    4.46    0.00    4.46
   13.33    4.40    0.00    4.40
   14.27    4.34    0.00    4.34
   15.22    4.29    0.00    4.29
   16.16    4.25    0.00    4.25
   17.11    4.20    0.00    4.20
   19.00    4.13    0.00    4.13
   20.89    4.07    0.00    4.07
   22.78    4.04    0.00    4.04
   24.67    4.02    0.00    4.02
   26.56    4.02    0.00    4.02
   28.45    4.04    0.00    4.04
   30.34    4.07    0.00    4.07
   32.24    4.11    0.00    4.11
   34.13    4.16    0.00    4.16
   36.02    4.22    0.00    4.22
   37.91    4.28    0.00    4.28
   40.74    4.33    0.00    4.33
   43.58    4.43    0.00    4.43
   46.42    4.52    0.00    4.52
   49.25    4.59    0.00    4.59
   52.09    4.64    0.00    4.64
   54.93    4.66    0.00    4.66
   57.76    4.66    0.00    4.66
   60.60    4.62    0.00    4.62
   63.43    4.57    0.00    4.57
   66.27    4.50    0.00    4.50
   69.11    4.38    0.00    4.38
   10.89    4.56    0.00    4.56
   11.44    4.52    0.00    4.52
   12.38    4.45    0.00    4.45
   13.33    4.39    0.00    4.39
   14.28    4.33    0.00    4.33
   15.22    4.29    0.00    4.29
   16.17    4.24    0.00    4.24
   17.11    4.19    0.00    4.19
   19.00    4.13    0.00    4.13
   20.89    4.07    0.00    4.07
   22.78    4.03    0.00    4.03
   24.68    4.02    0.00    4.02
   26.57    4.02    0.00    4.02
   28.46    4.04    0.00    4.04
   30.35    4.07    0.00    4.07
   32.24    4.11    0.00    4.11
   34.13    4.16    0.00    4.16
   36.02    4.22    0.00    4.22
   37.91    4.28    0.00    4.28
   40.75    4.34    0.00    4.34
   43.58    4.44    0.00    4.44
   46.42    4.53    0.00    4.53
   49.26    4.60    0.00    4.60
   52.09    4.64    0.00    4.64
   54.93    4.66    0.00    4.66
   57.76    4.65    0.00    4.65
   60.60    4.62    0.00    4.62
   63.44    4.56    0.00    4.56
   66.27    4.49    0.00    4.49
   69.11    4.37    0.00    4.37
   10.82    4.54    0.00    4.54
   11.51    4.49    0.00    4.49
   12.46    4.44    0.00    4.44
   13.40    4.38    0.00    4.38
   14.35    4.33    0.00    4.33
   15.29    4.27    0.00    4.27
   16.24    4.23    0.00    4.23
   17.18    4.18    0.00    4.18
   19.07    4.12    0.00    4.12
   20.96    4.06    0.00    4.06
   22.85    4.03    0.00    4.03
   24.74    4.02    0.00    4.02
   26.64    4.02    0.00    4.02
   28.52    4.04    0.00    4.04
   30.42    4.07    0.00    4.07
   32.31    4.12    0.00    4.12
   34.20    4.17    0.00    4.17
   36.09    4.23    0.00    4.23
   37.98    4.28    0.00    4.28
   40.81    4.34    0.00    4.34
   43.65    4.44    0.00    4.44
   46.48    4.53    0.00    4.53
   49.32    4.60    0.00    4.60
   52.16    4.64    0.00    4.64
   54.99    4.66    0.00    4.66
   57.83    4.65    0.00    4.65
   60.66    4.61    0.00    4.61
   63.50    4.55    0.00    4.55
   66.33    4.48    0.00    4.48
   69.17    4.36    0.00    4.36
   10.75    4.52    0.00    4.52
   11.57    4.47    0.00    4.47
   12.52    4.42    0.00    4.42
   13.46    4.36    0.00    4.36
   14.41    4.31    0.00    4.31
   15.35    4.26    0.00    4.26
   16.30    4.22    0.00    4.22
   17.24    4.17    0.00    4.17
   19.13    4.11    0.00    4.11
   21.02    4.06    0.00    4.06
   22.91    4.03    0.00    4.03
   24.80    4.02    0.00    4.02
   26.69    4.02    0.00    4.02
   28.58    4.04    0.00    4.04
   30.47    4.07    0.00    4.07
   32.36    4.12    0.00    4.12
   34.26    4.17    0.00    4.17
   36.15    4.23    0.00    4.23
   38.03    4.29    0.00    4.29
   40.87    4.35    0.00    4.35
   43.70    4.45    0.00    4.45
   46.54    4.54    0.00    4.54
   49.38    4.60    0.00    4.60
   52.21    4.65    0.00    4.65
   55.05    4.66    0.00    4.66
   57.88    4.65    0.00    4.65
   60.72    4.61    0.00    4.61
   63.55    4.55    0.00    4.55
   66.39    4.47    0.00    4.47
   69.22    4.36    0.00    4.36
   10.68    4.50    0.00    4.50
   11.65    4.45    0.00    4.45
   12.59    4.40    0.00    4.40
   13.54    4.35    0.00    4.35
   14.48    4.30    0.00    4.30
   15.43    4.25    0.00    4.25
   16.37    4.20    0.00    4.20
   17.32    4.16    0.00    4.16
   19.21    4.10    0.00    4.10
   21.10    4.05    0.00    4.05
   22.99    4.03    0.00    4.03
   24.88    4.02    0.00    4.02
   26.77    4.02    0.00    4.02
   28.66    4.04    0.00    4.04
   30.55    4.08    0.00    4.08
   32.44    4.13    0.00    4.13
   34.33    4.18    0.00    4.18
   36.22    4.24    0.00    4.24
   38.11    4.29    0.00    4.29
   40.94    4.36    0.00    4.36
   43.77    4.46    0.00    4.46
   46.61    4.55    0.00    4.55
   49.45    4.61    0.00    4.61
   52.28    4.65    0.00    4.65
   55.11    4.66    0.00    4.66
   57.95    4.64    0.00    4.64
   60.78    4.60    0.00    4.60
   63.62    4.55    0.00    4.55
   66.45    4.46    0.00    4.46
   69.29    4.34    0.00    4.34
   10.61    4.48    0.00    4.48
   11.68    4.43    0.00    4.43
   12.62    4.38    0.00    4.38
   13.57    4.33    0.00    4.33
   14.52    4.28    0.00    4.28
   15.46    4.23    0.00    4.23
   16.40    4.19    0.00    4.19
   17.35    4.15    0.00    4.15
   19.24    4.09    0.00    4.09
   21.13    4.05    0.00    4.05
   23.02    4.02    0.00    4.02
   24.91    4.02    0.00    4.02
   26.80    4.02    0.00    4.02
   28.69    4.04    0.00    4.04
   30.58    4.09    0.00    4.09
   32.47    4.14    0.00    4.14
   34.36    4.19    0.00    4.19
   36.25    4.24    0.00    4.24
   38.13    4.30    0.00    4.30
   40.97    4.36    0.00    4.36
   43.80    4.46    0.00    4.46
   46.64    4.55    0.00    4.55
   49.47    4.61    0.00    4.61
   52.31    4.65    0.00    4.65
   55.14    4.66    0.00    4.66
   57.98    4.64    0.00    4.64
   60.81    4.60    0.00    4.60
   63.65    4.54    0.00    4.54
   66.48    4.45    0.00    4.45
   69.31    4.33    0.00    4.33
   10.54    4.46    0.00    4.46
   11.68    4.41    0.00    4.41
   12.62    4.36    0.00    4.36
   13.57    4.31    0.00    4.31
   14.51    4.26    0.00    4.26
   15.46    4.22    0.00    4.22
   16.40    4.19    0.00    4.19
   17.34    4.14    0.00    4.14
   19.23    4.09    0.00    4.09
   21.12    4.04    0.00    4.04
   23.01    4.02    0.00    4.02
   24.90    4.01    0.00    4.01
   26.79    4.02    0.00    4.02
   28.68    4.05    0.00    4.05
   30.57    4.09    0.00    4.09
   32.46    4.14    0.00    4.14
   34.35    4.19    0.00    4.19
   36.24    4.25    0.00    4.25
   38.13    4.30    0.00    4.30
   40.97    4.37    0.00    4.37
   43.80    4.47    0.00    4.47
   46.63    4.55    0.00    4.55
   49.47    4.61    0.00    4.61
   52.30    4.65    0.00    4.65
   55.14    4.66    0.00    4.66
   57.97    4.64    0.00    4.64
   60.81    4.59    0.00    4.59
   63.64    4.53    0.00    4.53
   66.48    4.43    0.00    4.43
   69.31    4.33    0.00    4.33
   10.47    4.45    0.00    4.45
   11.55    4.39    0.00    4.39
   12.49    4.34    0.00    4.34
   13.44    4.30    0.00    4.30
   14.38    4.25    0.00    4.25
   15.33    4.21    0.00    4.21
   16.27    4.18    0.00    4.18
   17.22    4.14    0.00    4.14
   19.11    4.08    0.00    4.08
   21.00    4.04    0.00    4.04
   22.89    4.02    0.00    4.02
   24.78    4.01    0.00    4.01
   26.67    4.03    0.00    4.03
   28.56    4.05    0.00    4.05
   30.45    4.09    0.00    4.09
   32.34    4.14    0.00    4.14
   34.23    4.19    0.00    4.19
   36.12    4.25    0.00    4.25
   38.01    4.31    0.00    4.31
   40.85    4.37    0.00    4.37
   43.68    4.47    0.00    4.47
   46.52    4.55    0.00    4.55
   49.35    4.61    0.00    4.61
   52.19    4.65    0.00    4.65
   55.02    4.66    0.00    4.66
   57.86    4.64    0.00    4.64
   60.70    4.59    0.00    4.59
   63.53    4.52    0.00    4.52
   66.37    4.43    0.00    4.43
   69.20    4.32    0.00    4.32
   10.39    4.46    0.00    4.46
   11.54    4.39    0.00    4.39
   12.49    4.34    0.00    4.34
   13.44    4.29    0.00    4.29
   14.38    4.25    0.00    4.25
   15.32    4.21    0.00    4.21
   16.27    4.18    0.00    4.18
   17.21    4.14    0.00    4.14
   19.11    4.08    0.00    4.08
   21.00    4.03    0.00    4.03
   22.89    4.02    0.00    4.02
   24.78    4.01    0.00    4.01
   26.67    4.03    0.00    4.03
   28.56    4.05    0.00    4.05
   30.45    4.09    0.00    4.09
   32.34    4.14    0.00    4.14
   34.23    4.19    0.00    4.19
   36.12    4.25    0.00    4.25
   38.01    4.31    0.00    4.31
   40.84    4.37    0.00    4.37
   43.68    4.47    0.00    4.47
   46.52    4.55    0.00    4.55
   49.35    4.61    0.00    4.61
   52.19    4.65    0.00    4.65
   55.02    4.65    0.00    4.65
   57.86    4.64    0.00    4.64
   60.69    4.59    0.00    4.59
   63.53    4.52    0.00    4.52
   66.36    4.43    0.00    4.43
   69.20    4.32    0.00    4.32
   10.95    4.45    0.00    4.45
   11.89    4.39    0.00    4.39
   12.84    4.34    0.00    4.34
   13.78    4.29    0.00    4.29
   14.72    4.24    0.00    4.24
   15.67    4.21    0.00    4.21
   16.61    4.17    0.00    4.17
   17.56    4.13    0.00    4.13
   19.45    4.08    0.00    4.08
   21.33    4.03    0.00    4.03
   23.22    4.02    0.00    4.02
   25.11    4.01    0.00    4.01
   27.00    4.03    0.00    4.03
   28.89    4.05    0.00    4.05
   30.78    4.09    0.00    4.09
   32.66    4.14    0.00    4.14
   34.55    4.19    0.00    4.19
   36.44    4.26    0.00    4.26
   38.33    4.32    0.00    4.32
   41.16    4.38    0.00    4.38
   44.00    4.47    0.00    4.47
   46.83    4.55    0.00    4.55
   49.66    4.61    0.00    4.61
   52.50    4.64    0.00    4.64
   55.33    4.65    0.00    4.65
   58.16    4.63    0.00    4.63
   60.99    4.59    0.00    4.59
   63.83    4.52    0.00    4.52
   66.66    4.42    0.00    4.42
   69.49    4.31    0.00    4.31
   10.28    4.48    0.00    4.48
   11.02    4.42    0.00    4.42
   11.97    4.37    0.00    4.37
   12.91    4.32    0.00    4.32
   13.86    4.28    0.00    4.28
   14.80    4.24    0.00    4.24
   15.74    4.20    0.00    4.20
   16.69    4.16    0.00    4.16
   17.63    4.12    0.00    4.12
   19.52    4.07    0.00    4.07
   21.41    4.03    0.00    4.03
   23.30    4.02    0.00    4.02
   25.19    4.01    0.00    4.01
   27.07    4.03    0.00    4.03
   28.96    4.06    0.00    4.06
   30.85    4.10    0.00    4.10
   32.74    4.15    0.00    4.15
   34.63    4.20    0.00    4.20
   36.52    4.26    0.00    4.26
   38.40    4.32    0.00    4.32
   41.24    4.38    0.00    4.38
   44.07    4.48    0.00    4.48
   46.90    4.56    0.00    4.56
   49.73    4.61    0.00    4.61
   52.56    4.65    0.00    4.65
   55.40    4.65    0.00    4.65
   58.23    4.63    0.00    4.63
   61.06    4.58    0.00    4.58
   63.89    4.51    0.00    4.51
   66.73    4.41    0.00    4.41
   69.56    4.31    0.00    4.31
   10.22    4.49    0.00    4.49
   11.01    4.43    0.00    4.43
   11.95    4.38    0.00    4.38
   12.90    4.33    0.00    4.33
   13.84    4.28    0.00    4.28
   14.79    4.24    0.00    4.24
   15.73    4.20    0.00    4.20
   16.67    4.17    0.00    4.17
   17.62    4.12    0.00    4.12
   19.51    4.07    0.00    4.07
   21.39    4.03    0.00    4.03
   23.28    4.02    0.00    4.02
   25.17    4.01    0.00    4.01
   27.06    4.03    0.00    4.03
   28.95    4.06    0.00    4.06
   30.84    4.10    0.00    4.10
   32.73    4.15    0.00    4.15
   34.61    4.21    0.00    4.21
   36.50    4.26    0.00    4.26
   38.39    4.32    0.00    4.32
   41.22    4.38    0.00    4.38
   44.05    4.48    0.00    4.48
   46.89    4.56    0.00    4.56
   49.72    4.61    0.00    4.61
   52.55    4.65    0.00    4.65
   55.38    4.65    0.00    4.65
   58.22    4.63    0.00    4.63
   61.05    4.58    0.00    4.58
   63.88    4.51    0.00    4.51
   66.71    4.41    0.00    4.41
   69.55    4.31    0.00    4.31
   10.16    4.51    0.00    4.51
   11.01    4.45    0.00    4.45
   11.96    4.39    0.00    4.39
   12.90    4.34    0.00    4.34
   13.85    4.30    0.00    4.30
   14.79    4.25    0.00    4.25
   15.73    4.21    0.00    4.21
   16.68    4.17    0.00    4.17
   17.62    4.12    0.00    4.12
   19.51    4.07    0.00    4.07
   21.40    4.03    0.00    4.03
   23.29    4.02    0.00    4.02
   25.17    4.01    0.00    4.01
   27.06    4.03    0.00    4.03
   28.95    4.06    0.00    4.06
   30.84    4.10    0.00    4.10
   32.73    4.15    0.00    4.15
   34.62    4.21    0.00    4.21
   36.50    4.26    0.00    4.26
   38.39    4.32    0.00    4.32
   41.23    4.38    0.00    4.38
   44.06    4.48    0.00    4.48
   46.89    4.56    0.00    4.56
   49.72    4.61    0.00    4.61
   52.55    4.65    0.00    4.65
   55.39    4.65    0.00    4.65
   58.22    4.63    0.00    4.63
   61.05    4.58    0.00    4.58
   63.88    4.51    0.00    4.51
   66.72    4.41    0.00    4.41
   69.55    4.31    0.00    4.31
   10.10    4.52    0.00    4.52
   11.04    4.45    0.00    4.45
   11.98    4.39    0.00    4.39
   12.93    4.34    0.00    4.34
   13.87    4.30    0.00    4.30
   14.82    4.26    0.00    4.26
   15.76    4.21    0.00    4.21
   16.70    4.17    0.00    4.17
   17.65    4.12    0.00    4.12
   19.54    4.07    0.00    4.07
   21.42    4.03    0.00    4.03
   23.31    4.02    0.00    4.02
   25.20    4.01    0.00    4.01
   27.09    4.03    0.00    4.03
   28.98    4.06    0.00    4.06
   30.86    4.10    0.00    4.10
   32.75    4.15    0.00    4.15
   34.64    4.21    0.00    4.21
   36.53    4.27    0.00    4.27
   38.42    4.32    0.00    4.32
   41.25    4.38    0.00    4.38
   44.08    4.48    0.00    4.48
   46.91    4.56    0.00    4.56
   49.75    4.61    0.00    4.61
   52.58    4.65    0.00    4.65
   55.41    4.65    0.00    4.65
   58.24    4.63    0.00    4.63
   61.08    4.58    0.00    4.58
   63.91    4.51    0.00    4.51
   66.74    4.41    0.00    4.41
   69.57    4.31    0.00    4.31
   10.04    4.52    0.00    4.52
   11.05    4.45    0.00    4.45
   11.99    4.39    0.00    4.39
   12.94    4.34    0.00    4.34
   13.88    4.30    0.00    4.30
   14.83    4.26    0.00    4.26
   15.77    4.21    0.00    4.21
   16.71    4.17    0.00    4.17
   17.66    4.12    0.00    4.12
   19.55    4.07    0.00    4.07
   21.43    4.03    0.00    4.03
   23.32    4.02    0.00    4.02
   25.21    4.01    0.00    4.01
   27.10    4.03    0.00    4.03
   28.99    4.06    0.00    4.06
   30.88    4.10    0.00    4.10
   32.76    4.15    0.00    4.15
   34.65    4.21    0.00    4.21
   36.54    4.27    0.00    4.27
   38.43    4.32    0.00    4.32
   41.26    4.38    0.00    4.38
   44.09    4.48    0.00    4.48
   46.92    4.56    0.00    4.56
   49.76    4.61    0.00    4.61
   52.59    4.65    0.00    4.65
   55.42    4.65    0.00    4.65
   58.25    4.63    0.00    4.63
   61.09    4.58    0.00    4.58
   63.92    4.51    0.00    4.51
   66.75    4.41    0.00    4.41
   69.58    4.31    0.00    4.31
    9.98    4.52    0.00    4.52
   11.06    4.45    0.00    4.45
   12.00    4.39    0.00    4.39
   12.95    4.34    0.00    4.34
   13.89    4.30    0.00    4.30
   14.84    4.26    0.00    4.26
   15.78    4.22    0.00    4.22
   16.72    4.17    0.00    4.17
   17.67    4.12    0.00    4.12
   19.56    4.07    0.00    4.07
   21.45    4.03    0.00    4.03
   23.33    4.02    0.00    4.02
   25.22    4.01    0.00    4.01
   27.11    4.03    0.00    4.03
   29.00    4.06    0.00    4.06
   30.89    4.10    0.00    4.10
   32.77    4.15    0.00    4.15
   34.66    4.21    0.00    4.21
   36.55    4.27    0.00    4.27
   38.44    4.32    0.00    4.32
   41.27    4.38    0.00    4.38
   44.10    4.48    0.00    4.48
   46.93    4.56    0.00    4.56
   49.77    4.61    0.00    4.61
   52.60    4.65    0.00    4.65
   55.43    4.65    0.00    4.65
   58.26    4.63    0.00    4.63
   61.09    4.58    0.00    4.58
   63.93    4.51    0.00    4.51
   66.76    4.41    0.00    4.41
   69.59    4.31    0.00    4.31
   10.07    4.52    0.00    4.52
   11.02    4.45    0.00    4.45
   11.97    4.39    0.00    4.39
   12.91    4.34    0.00    4.34
   13.86    4.30    0.00    4.30
   14.80    4.26    0.00    4.26
   15.74    4.22    0.00    4.22
   16.69    4.17    0.00    4.17
   17.63    4.12    0.00    4.12
   19.52    4.07    0.00    4.07
   21.41    4.03    0.00    4.03
   23.30    4.02    0.00    4.02
   25.18    4.01    0.00    4.01
   27.07    4.03    0.00    4.03
   28.96    4.06    0.00    4.06
   30.85    4.10    0.00    4.10
   32.74    4.15    0.00    4.15
   34.63    4.21    0.00    4.21
   36.51    4.27    0.00    4.27
   38.40    4.32    0.00    4.32
   41.23    4.38    0.00    4.38
   44.07    4.48    0.00    4.48
   46.90    4.56    0.00    4.56
   49.73    4.61    0.00    4.61
   52.56    4.65    0.00    4.65
   55.40    4.65    0.00    4.65
   58.23    4.63    0.00    4.63
   61.06    4.58    0.00    4.58
   63.89    4.51    0.00    4.51
   66.73    4.42    0.00    4.42
   69.56    4.32    0.00    4.32
   10.17    4.52    0.00    4.52
   11.08    4.45    0.00    4.45
   12.02    4.39    0.00    4.39
   12.96    4.34    0.00    4.34
   13.91    4.30    0.00    4.30
   14.85    4.26    0.00    4.26
   15.80    4.21    0.00    4.21
   16.74    4.17    0.00    4.17
   17.68    4.12    0.00    4.12
   19.57    4.07    0.00    4.07
   21.46    4.03    0.00    4.03
   23.35    4.02    0.00    4.02
   25.24    4.01    0.00    4.01
   27.12    4.03    0.00    4.03
   29.01    4.06    0.00    4.06
   30.90    4.10    0.00    4.10
   32.79    4.15    0.00    4.15
   34.68    4.20    0.00    4.20
   36.56    4.27    0.00    4.27
   38.45    4.32    0.00    4.32
   41.28    4.38    0.00    4.38
   44.12    4.48    0.00    4.48
   46.95    4.56    0.00    4.56
   49.78    4.61    0.00    4.61
   52.61    4.65    0.00    4.65
   55.44    4.65    0.00    4.65
   58.27    4.63    0.00    4.63
   61.11    4.58    0.00    4.58
   63.94    4.51    0.00    4.51
   66.77    4.43    0.00    4.43
   69.60    4.32    0.00    4.32
   10.26    4.51    0.00    4.51
   11.06    4.45    0.00    4.45
   12.01    4.39    0.00    4.39
   12.95    4.34    0.00    4.34
   13.89    4.30    0.00    4.30
   14.84    4.24    0.00    4.24
   15.78    4.20    0.00    4.20
   16.73    4.17    0.00    4.17
   17.67    4.12    0.00    4.12
   19.56    4.07    0.00    4.07
   21.45    4.03    0.00    4.03
   23.34    4.02    0.00    4.02
   25.22    4.01    0.00    4.01
   27.11    4.03    0.00    4.03
   29.00    4.06    0.00    4.06
   30.89    4.10    0.00    4.10
   32.78    4.15    0.00    4.15
   34.66    4.21    0.00    4.21
   36.55    4.27    0.00    4.27
   38.44    4.32    0.00    4.32
   41.27    4.38    0.00    4.38
   44.10    4.48    0.00    4.48
   46.94    4.56    0.00    4.56
   49.77    4.61    0.00    4.61
   52.60    4.65    0.00    4.65
   55.43    4.65    0.00    4.65
   58.26    4.63    0.00    4.63
   61.10    4.58    0.00    4.58
   63.93    4.52    0.00    4.52
   66.76    4.43    0.00    4.43
   69.59    4.32    0.00    4.32
   10.35    4.49    0.00    4.49
   10.94    4.45    0.00    4.45
   11.88    4.39    0.00    4.39
   12.82    4.34    0.00    4.34
   13.77    4.29    0.00    4.29
   14.71    4.24    0.00    4.24
   15.66    4.20    0.00    4.20
   16.60    4.16    0.00    4.16
   17.55    4.12    0.00    4.12
   19.43    4.07    0.00    4.07
   21.32    4.03    0.00    4.03
   23.21    4.02    0.00    4.02
   25.10    4.01    0.00    4.01
   26.99    4.03    0.00    4.03
   28.88    4.06    0.00    4.06
   30.77    4.10    0.00    4.10
   32.66    4.15    0.00    4.15
   34.54    4.21    0.00    4.21
   36.43    4.27    0.00    4.27
   38.32    4.32    0.00    4.32
   41.15    4.38    0.00    4.38
   43.99    4.48    0.00    4.48
   46.82    4.56    0.00    4.56
   49.65    4.61    0.00    4.61
   52.49    4.65    0.00    4.65
   55.32    4.65    0.00    4.65
   58.15    4.63    0.00    4.63
   60.98    4.59    0.00    4.59
   63.82    4.52    0.00    4.52
   66.65    4.43    0.00    4.43
   69.48    4.32    0.00    4.32
   10.45    4.48    0.00    4.48
   10.92    4.44    0.00    4.44
   11.87    4.39    0.00    4.39
   12.81    4.34    0.00    4.34
   13.75    4.29    0.00    4.29
   14.70    4.24    0.00    4.24
   15.64    4.20    0.00    4.20
   16.59    4.16    0.00    4.16
   17.53    4.12    0.00    4.12
   19.42    4.07    0.00    4.07
   21.31    4.03    0.00    4.03
   23.20    4.02    0.00    4.02
   25.09    4.01    0.00    4.01
   26.98    4.03    0.00    4.03
   28.86    4.06    0.00    4.06
   30.75    4.10    0.00    4.10
   32.64    4.15    0.00    4.15
   34.53    4.20    0.00    4.20
   36.42    4.26    0.00    4.26
   38.31    4.32    0.00    4.32
   41.14    4.38    0.00    4.38
   43.97    4.47    0.00    4.47
   46.81    4.55    0.00    4.55
   49.64    4.61    0.00    4.61
   52.47    4.65    0.00    4.65
   55.31    4.65    0.00    4.65
   58.14    4.63    0.00    4.63
   60.97    4.59    0.00    4.59
   63.80    4.52    0.00    4.52
   66.64    4.43    0.00    4.43
   69.47    4.33    0.00    4.33
   10.54    4.47    0.00    4.47
   10.54    4.43    0.00    4.43
   11.68    4.38    0.00    4.38
   12.62    4.33    0.00    4.33
   13.57    4.28    0.00    4.28
   14.51    4.24    0.00    4.24
   15.46    4.20    0.00    4.20
   16.40    4.17    0.00    4.17
   17.35    4.13    0.00    4.13
   19.24    4.07    0.00    4.07
   21.13    4.04    0.00    4.04
   23.02    4.02    0.00    4.02
   24.91    4.01    0.00    4.01
   26.80    4.03    0.00    4.03
   28.68    4.06    0.00    4.06
   30.57    4.10    0.00    4.10
   32.46    4.14    0.00    4.14
   34.35    4.20    0.00    4.20
   36.24    4.26    0.00    4.26
   38.13    4.31    0.00    4.31
   40.97    4.37    0.00    4.37
   43.80    4.47    0.00    4.47
   46.64    4.55    0.00    4.55
   49.47    4.61    0.00    4.61
   52.31    4.64    0.00    4.64
   55.14    4.65    0.00    4.65
   57.98    4.64    0.00    4.64
   60.81    4.59    0.00    4.59
   63.64    4.53    0.00    4.53
   66.48    4.44    0.00    4.44
   69.31    4.33    0.00    4.33
   10.63    4.45    0.00    4.45
   11.31    4.40    0.00    4.40
   12.25    4.35    0.00    4.35
   13.20    4.30    0.00    4.30
   14.14    4.26    0.00    4.26
   15.09    4.21    0.00    4.21
   16.04    4.18    0.00    4.18
   16.98    4.14    0.00    4.14
   18.87    4.08    0.00    4.08
   20.77    4.04    0.00    4.04
   22.66    4.02    0.00    4.02
   24.55    4.01    0.00    4.01
   26.44    4.02    0.00    4.02
   28.33    4.05    0.00    4.05
   30.22    4.09    0.00    4.09
   32.11    4.14    0.00    4.14
   34.01    4.19    0.00    4.19
   35.90    4.25    0.00    4.25
   37.79    4.31    0.00    4.31
   40.62    4.37    0.00    4.37
   43.46    4.46    0.00    4.46
   46.30    4.54    0.00    4.54
   49.14    4.61    0.00    4.61
   51.97    4.64    0.00    4.64
   54.81    4.66    0.00    4.66
   57.65    4.64    0.00    4.64
   60.48    4.60    0.00    4.60
   63.32    4.53    0.00    4.53
   66.16    4.44    0.00    4.44
   69.00    4.34    0.00    4.34
   10.73    4.46    0.00    4.46
   11.81    4.40    0.00    4.40
   12.76    4.35    0.00    4.35
   13.70    4.30    0.00    4.30
   14.65    4.26    0.00    4.26
   15.59    4.22    0.00    4.22
   16.54    4.18    0.00    4.18
   17.48    4.14    0.00    4.14
   19.37    4.08    0.00    4.08
   21.26    4.04    0.00    4.04
   23.15    4.02    0.00    4.02
   25.04    4.01    0.00    4.01
   26.93    4.02    0.00    4.02
   28.82    4.05    0.00    4.05
   30.70    4.09    0.00    4.09
   32.59    4.13    0.00    4.13
   34.48    4.18    0.00    4.18
   36.37    4.24    0.00    4.24
   38.26    4.30    0.00    4.30
   41.09    4.36    0.00    4.36
   43.93    4.46    0.00    4.46
   46.76    4.54    0.00    4.54
   49.59    4.60    0.00    4.60
   52.43    4.64    0.00    4.64
   55.26    4.66    0.00    4.66
   58.09    4.64    0.00    4.64
   60.93    4.60    0.00    4.60
   63.76    4.54    0.00    4.54
   66.59    4.45    0.00    4.45
   69.43    4.34    0.00    4.34
   10.82    4.44    0.00    4.44
   12.07    4.37    0.00    4.37
   13.01    4.33    0.00    4.33
   13.96    4.29    0.00    4.29
   14.90    4.25    0.00    4.25
   15.84    4.20    0.00    4.20
   16.79    4.16    0.00    4.16
   17.73    4.13    0.00    4.13
   19.62    4.08    0.00    4.08
   21.51    4.04    0.00    4.04
   23.39    4.02    0.00    4.02
   25.28    4.01    0.00    4.01
   27.17    4.03    0.00    4.03
   29.06    4.06    0.00    4.06
   30.95    4.09    0.00    4.09
   32.83    4.14    0.00    4.14
   34.72    4.19    0.00    4.19
   36.61    4.26    0.00    4.26
   38.50    4.31    0.00    4.31
   41.33    4.37    0.00    4.37
   44.16    4.47    0.00    4.47
   46.99    4.55    0.00    4.55
   49.82    4.61    0.00    4.61
   52.65    4.65    0.00    4.65
   55.49    4.66    0.00    4.66
   58.32    4.64    0.00    4.64
   61.15    4.60    0.00    4.60
   63.98    4.53    0.00    4.53
   66.81    4.44    0.00    4.44
   69.64    4.33    0.00    4.33
   10.92    4.44    0.00    4.44
   12.10    4.38    0.00    4.38
   13.04    4.33    0.00    4.33
   13.98    4.28    0.00    4.28
   14.93    4.24    0.00    4.24
   15.87    4.21    0.00    4.21
   16.82    4.17    0.00    4.17
   17.76    4.13    0.00    4.13
   19.65    4.07    0.00    4.07
   21.54    4.04    0.00    4.04
   23.42    4.02    0.00    4.02
   25.31    4.01    0.00    4.01
   27.20    4.03    0.00    4.03
   29.09    4.06    0.00    4.06
   30.97    4.09    0.00    4.09
   32.86    4.14    0.00    4.14
   34.75    4.20    0.00    4.20
   36.64    4.26    0.00    4.26
   38.52    4.31    0.00    4.31
   41.35    4.37    0.00    4.37
   44.19    4.47    0.00    4.47
   47.02    4.55    0.00    4.55
   49.85    4.61    0.00    4.61
   52.68    4.65    0.00    4.65
   55.51    4.66    0.00    4.66
   58.34    4.64    0.00    4.64
   61.17    4.60    0.00    4.60
   64.01    4.53    0.00    4.53
   66.84    4.44    0.00    4.44
   69.67    4.33    0.00    4.33
   11.01    4.46    0.00    4.46
   12.06    4.40    0.00    4.40
   13.00    4.35    0.00    4.35
   13.95    4.30    0.00    4.30
   14.89    4.26    0.00    4.26
   15.83    4.22    0.00    4.22
   16.78    4.18    0.00    4.18
   17.72    4.13    0.00    4.13
   19.61    4.08    0.00    4.08
   21.50    4.04    0.00    4.04
   23.38    4.02    0.00    4.02
   25.27    4.01    0.00    4.01
   27.16    4.03    0.00    4.03
   29.05    4.05    0.00    4.05
   30.93    4.09    0.00    4.09
   32.82    4.14    0.00    4.14
   34.71    4.19    0.00    4.19
   36.60    4.26    0.00    4.26
   38.49    4.31    0.00    4.31
   41.32    4.37    0.00    4.37
   44.15    4.47    0.00    4.47
   46.98    4.55    0.00    4.55
   49.81    4.61    0.00    4.61
   52.65    4.65    0.00    4.65
   55.48    4.66    0.00    4.66
   58.31    4.64    0.00    4.64
   61.14    4.60    0.00    4.60
   63.97    4.53    0.00    4.53
   66.80    4.44    0.00    4.44
   69.64    4.33    0.00    4.33
   11.10    4.47    0.00    4.47
   12.09    4.41    0.00    4.41
   13.03    4.36    0.00    4.36
   13.97    4.31    0.00    4.31
   14.92    4.26    0.00    4.26
   15.86    4.22    0.00    4.22
   16.80    4.19    0.00    4.19
   17.75    4.15    0.00    4.15
   19.64    4.08    0.00    4.08
   21.52    4.05    0.00    4.05
   23.41    4.02    0.00    4.02
   25.30    4.01    0.00    4.01
   27.19    4.03    0.00    4.03
   29.07    4.05    0.00    4.05
   30.96    4.09    0.00    4.09
   32.85    4.14    0.00    4.14
   34.74    4.19    0.00    4.19
   36.62    4.25    0.00    4.25
   38.51    4.30    0.00    4.30
   41.34    4.36    0.00    4.36
   44.17    4.46    0.00    4.46
   47.01    4.55    0.00    4.55
   49.84    4.61    0.00    4.61
   52.67    4.65    0.00    4.65
   55.50    4.66    0.00    4.66
   58.33    4.64    0.00    4.64
   61.16    4.61    0.00    4.61
   63.99    4.54    0.00    4.54
   66.83    4.46    0.00    4.46
   69.66    4.35    0.00    4.35
   11.18    4.48    0.00    4.48
   12.09    4.42    0.00    4.42
   13.04    4.37    0.00    4.37
   13.98    4.32    0.00    4.32
   14.92    4.27    0.00    4.27
   15.87    4.23    0.00    4.23
   16.81    4.20    0.00    4.20
   17.75    4.15    0.00    4.15
   19.64    4.09    0.00    4.09
   21.53    4.05    0.00    4.05
   23.42    4.02    0.00    4.02
   25.30    4.01    0.00    4.01
   27.19    4.03    0.00    4.03
   29.08    4.05    0.00    4.05
   30.97    4.09    0.00    4.09
   32.85    4.14    0.00    4.14
   34.74    4.19    0.00    4.19
   36.63    4.25    0.00    4.25
   38.52    4.30    0.00    4.30
   41.35    4.36    0.00    4.36
   44.18    4.46    0.00    4.46
   47.01    4.55    0.00    4.55
   49.84    4.61    0.00    4.61
   52.67    4.65    0.00    4.65
   55.51    4.66    0.00    4.66
   58.34    4.65    0.00    4.65
   61.17    4.61    0.00    4.61
   64.00    4.55    0.00    4.55
   66.83    4.47    0.00    4.47
   69.66    4.36    0.00    4.36
   11.46    4.49    0.00    4.49
   11.46    4.45    0.00    4.45
   12.65    4.39    0.00    4.39
   13.60    4.33    0.00    4.33
   14.54    4.28    0.00    4.28
   15.49    4.24    0.00    4.24
   16.43    4.21    0.00    4.21
   17.38    4.15    0.00    4.15
   19.27    4.09    0.00    4.09
   21.16    4.05    0.00    4.05
   23.05    4.02    0.00    4.02
   24.93    4.02    0.00    4.02
   26.82    4.03    0.00    4.03
   28.71    4.05    0.00    4.05
   30.60    4.08    0.00    4.08
   32.49    4.13    0.00    4.13
   34.38    4.19    0.00    4.19
   36.27    4.24    0.00    4.24
   38.16    4.30    0.00    4.30
   40.99    4.36    0.00    4.36
   43.83    4.45    0.00    4.45
   46.66    4.54    0.00    4.54
   49.50    4.60    0.00    4.60
   52.33    4.64    0.00    4.64
   55.17    4.66    0.00    4.66
   58.00    4.65    0.00    4.65
   60.84    4.61    0.00    4.61
   63.67    4.55    0.00    4.55
   66.50    4.48    0.00    4.48
   69.34    4.37    0.00    4.37
   11.70    4.46    0.00    4.46
   12.65    4.40    0.00    4.40
   13.60    4.35    0.00    4.35
   14.54    4.30    0.00    4.30
   15.49    4.26    0.00    4.26
   16.43    4.21    0.00    4.21
   17.38    4.16    0.00    4.16
   19.27    4.10    0.00    4.10
   21.16    4.06    0.00    4.06
   23.05    4.03    0.00    4.03
   24.94    4.02    0.00    4.02
   26.83    4.02    0.00    4.02
   28.71    4.04    0.00    4.04
   30.61    4.08    0.00    4.08
   32.49    4.12    0.00    4.12
   34.38    4.18    0.00    4.18
   36.27    4.23    0.00    4.23
   38.16    4.28    0.00    4.28
   41.00    4.34    0.00    4.34
   43.83    4.44    0.00    4.44
   46.66    4.53    0.00    4.53
   49.50    4.60    0.00    4.60
   52.33    4.64    0.00    4.64
   55.17    4.66    0.00    4.66
   58.00    4.65    0.00    4.65
   60.84    4.62    0.00    4.62
   63.67    4.57    0.00    4.57
   66.50    4.50    0.00    4.50
   69.34    4.38    0.00    4.38
   11.94    4.45    0.00    4.45
   12.57    4.40    0.00    4.40
   13.51    4.35    0.00    4.35
   14.46    4.30    0.00    4.30
   15.40    4.26    0.00    4.26
   16.34    4.21    0.00    4.21
   17.29    4.16    0.00    4.16
   19.18    4.11    0.00    4.11
   21.07    4.06    0.00    4.06
   22.96    4.03    0.00    4.03
   24.85    4.02    0.00    4.02
   26.74    4.02    0.00    4.02
   28.63    4.04    0.00    4.04
   30.52    4.07    0.00    4.07
   32.41    4.12    0.00    4.12
   34.30    4.17    0.00    4.17
   36.19    4.23    0.00    4.23
   38.08    4.28    0.00    4.28
   40.91    4.34    0.00    4.34
   43.75    4.44    0.00    4.44
   46.58    4.53    0.00    4.53
   49.42    4.59    0.00    4.59
   52.25    4.64    0.00    4.64
   55.09    4.66    0.00    4.66
   57.92    4.66    0.00    4.66
   60.76    4.63    0.00    4.63
   63.59    4.58    0.00    4.58
   66.43    4.51    0.00    4.51
   69.26    4.39    0.00    4.39
   12.17    4.43    0.00    4.43
   12.17    4.41    0.00    4.41
   13.50    4.35    0.00    4.35
   14.45    4.30    0.00    4.30
   15.39    4.26    0.00    4.26
   16.34    4.21    0.00    4.21
   17.28    4.16    0.00    4.16
   19.17    4.11    0.00    4.11
   21.06    4.06    0.00    4.06
   22.95    4.03    0.00    4.03
   24.84    4.02    0.00    4.02
   26.73    4.02    0.00    4.02
   28.62    4.04    0.00    4.04
   30.51    4.07    0.00    4.07
   32.40    4.12    0.00    4.12
   34.29    4.17    0.00    4.17
   36.18    4.22    0.00    4.22
   38.07    4.28    0.00    4.28
   40.91    4.33    0.00    4.33
   43.74    4.43    0.00    4.43
   46.58    4.52    0.00    4.52
   49.41    4.59    0.00    4.59
   52.25    4.64    0.00    4.64
   55.08    4.66    0.00    4.66
   57.92    4.66    0.00    4.66
   60.75    4.64    0.00    4.64
   63.59    4.59    0.00    4.59
   66.42    4.52    0.00    4.52
   69.26    4.40    0.00    4.40
   12.41    4.41    0.00    4.41
   13.45    4.35    0.00    4.35
   14.39    4.29    0.00    4.29
   15.34    4.24    0.00    4.24
   16.28    4.20    0.00    4.20
   17.23    4.16    0.00    4.16
   19.12    4.11    0.00    4.11
   21.01    4.06    0.00    4.06
   22.90    4.03    0.00    4.03
   24.79    4.02    0.00    4.02
   26.68    4.02    0.00    4.02
   28.57    4.04    0.00    4.04
   30.46    4.07    0.00    4.07
   32.35    4.12    0.00    4.12
   34.24    4.17    0.00    4.17
   36.13    4.22    0.00    4.22
   38.02    4.28    0.00    4.28
   40.86    4.33    0.00    4.33
   43.69    4.43    0.00    4.43
   46.53    4.52    0.00    4.52
   49.36    4.59    0.00    4.59
   52.20    4.64    0.00    4.64
   55.03    4.66    0.00    4.66
   57.87    4.66    0.00    4.66
   60.70    4.64    0.00    4.64
   63.54    4.59    0.00    4.59
   66.38    4.53    0.00    4.53
   69.21    4.41    0.00    4.41
   12.65    4.38    0.00    4.38
   13.41    4.33    0.00    4.33
   14.36    4.28    0.00    4.28
   15.30    4.24    0.00    4.24
   16.25    4.20    0.00    4.20
   17.19    4.16    0.00    4.16
   19.08    4.10    0.00    4.10
   20.97    4.06    0.00    4.06
   22.86    4.03    0.00    4.03
   24.75    4.02    0.00    4.02
   26.64    4.02    0.00    4.02
   28.53    4.04    0.00    4.04
   30.42    4.07    0.00    4.07
   32.31    4.12    0.00    4.12
   34.20    4.16    0.00    4.16
   36.09    4.22    0.00    4.22
   37.99    4.28    0.00    4.28
   40.82    4.33    0.00    4.33
   43.66    4.43    0.00    4.43
   46.49    4.51    0.00    4.51
   49.33    4.58    0.00    4.58
   52.16    4.63    0.00    4.63
   55.00    4.66    0.00    4.66
   57.84    4.66    0.00    4.66
   60.67    4.64    0.00    4.64
   63.51    4.60    0.00    4.60
   66.34    4.54    0.00    4.54
   69.18    4.42    0.00    4.42
   12.98    4.36    0.00    4.36
   12.98    4.33    0.00    4.33
   14.18    4.28    0.00    4.28
   15.12    4.24    0.00    4.24
   16.07    4.20    0.00    4.20
   17.01    4.16    0.00    4.16
   18.90    4.10    0.00    4.10
   20.79    4.06    0.00    4.06
   22.69    4.03    0.00    4.03
   24.58    4.02    0.00    4.02
   26.47    4.02    0.00    4.02
   28.36    4.04    0.00    4.04
   30.25    4.07    0.00    4.07
   32.14    4.11    0.00    4.11
   34.03    4.16    0.00    4.16
   35.92    4.22    0.00    4.22
   37.82    4.27    0.00    4.27
   40.65    4.33    0.00    4.33
   43.49    4.43    0.00    4.43
   46.33    4.51    0.00    4.51
   49.16    4.58    0.00    4.58
   52.00    4.63    0.00    4.63
   54.84    4.66    0.00    4.66
   57.67    4.67    0.00    4.67
   60.51    4.65    0.00    4.65
   63.35    4.61    0.00    4.61
   66.19    4.55    0.00    4.55
   69.02    4.43    0.00    4.43
   13.11    4.33    0.00    4.33
   14.02    4.28    0.00    4.28
   14.96    4.24    0.00    4.24
   15.91    4.20    0.00    4.20
   16.85    4.16    0.00    4.16
   18.75    4.10    0.00    4.10
   20.64    4.06    0.00    4.06
   22.53    4.03    0.00    4.03
   24.42    4.02    0.00    4.02
   26.31    4.02    0.00    4.02
   28.21    4.04    0.00    4.04
   30.10    4.07    0.00    4.07
   31.99    4.11    0.00    4.11
   33.88    4.16    0.00    4.16
   35.77    4.22    0.00    4.22
   37.67    4.27    0.00    4.27
   40.51    4.32    0.00    4.32
   43.34    4.42    0.00    4.42
   46.18    4.50    0.00    4.50
   49.02    4.58    0.00    4.58
   51.86    4.63    0.00    4.63
   54.70    4.66    0.00    4.66
   57.53    4.67    0.00    4.67
   60.37    4.65    0.00    4.65
   63.21    4.62    0.00    4.62
   66.05    4.56    0.00    4.56
   68.89    4.46    0.00    4.46
   73.62    4.33    0.00    4.33
   13.33    4.32    0.00    4.32
   13.90    4.28    0.00    4.28
   14.85    4.24    0.00    4.24
   15.79    4.20    0.00    4.20
   16.74    4.16    0.00    4.16
   18.63    4.10    0.00    4.10
   20.52    4.06    0.00    4.06
   22.42    4.03    0.00    4.03
   24.31    4.02    0.00    4.02
   26.20    4.02    0.00    4.02
   28.09    4.04    0.00    4.04
   29.99    4.07    0.00    4.07
   31.88    4.10    0.00    4.10
   33.77    4.15    0.00    4.15
   35.66    4.21    0.00    4.21
   37.56    4.26    0.00    4.26
   40.40    4.32    0.00    4.32
   43.24    4.41    0.00    4.41
   46.08    4.49    0.00    4.49
   48.91    4.57    0.00    4.57
   51.75    4.62    0.00    4.62
   54.59    4.66    0.00    4.66
   57.43    4.67    0.00    4.67
   60.27    4.66    0.00    4.66
   63.11    4.63    0.00    4.63
   65.95    4.57    0.00    4.57
   68.79    4.48    0.00    4.48
   73.52    4.35    0.00    4.35
   13.63    4.30    0.00    4.30
   13.63    4.28    0.00    4.28
   14.82    4.23    0.00    4.23
   15.76    4.20    0.00    4.20
   16.71    4.15    0.00    4.15
   18.60    4.10    0.00    4.10
   20.50    4.06    0.00    4.06
   22.39    4.03    0.00    4.03
   24.28    4.01    0.00    4.01
   26.17    4.02    0.00    4.02
   28.07    4.04    0.00    4.04
   29.96    4.07    0.00    4.07
   31.85    4.10    0.00    4.10
   33.74    4.15    0.00    4.15
   35.64    4.21    0.00    4.21
   37.53    4.25    0.00    4.25
   40.37    4.31    0.00    4.31
   43.21    4.41    0.00    4.41
   46.05    4.49    0.00    4.49
   48.89    4.56    0.00    4.56
   51.73    4.62    0.00    4.62
   54.56    4.66    0.00    4.66
   57.40    4.67    0.00    4.67
   60.24    4.66    0.00    4.66
   63.08    4.63    0.00    4.63
   65.92    4.58    0.00    4.58
   68.76    4.49    0.00    4.49
   73.49    4.36    0.00    4.36
   13.79    4.27    0.00    4.27
   14.73    4.22    0.00    4.22
   15.68    4.19    0.00    4.19
   16.63    4.15    0.00    4.15
   18.52    4.09    0.00    4.09
   20.41    4.05    0.00    4.05
   22.31    4.02    0.00    4.02
   24.20    4.01    0.00    4.01
   26.09    4.02    0.00    4.02
   27.99    4.04    0.00    4.04
   29.88    4.07    0.00    4.07
   31.77    4.10    0.00    4.10
   33.67    4.15    0.00    4.15
   35.56    4.21    0.00    4.21
   37.45    4.25    0.00    4.25
   40.29    4.31    0.00    4.31
   43.13    4.40    0.00    4.40
   45.97    4.49    0.00    4.49
   48.81    4.56    0.00    4.56
   51.65    4.62    0.00    4.62
   54.49    4.66    0.00    4.66
   57.33    4.67    0.00    4.67
   60.17    4.66    0.00    4.66
   63.01    4.63    0.00    4.63
   65.85    4.58    0.00    4.58
   68.69    4.50    0.00    4.50
   73.42    4.37    0.00    4.37
   14.05    4.25    0.00    4.25
   14.72    4.22    0.00    4.22
   15.66    4.19    0.00    4.19
   16.61    4.14    0.00    4.14
   18.50    4.09    0.00    4.09
   20.40    4.05    0.00    4.05
   22.29    4.02    0.00    4.02
   24.18    4.01    0.00    4.01
   26.08    4.02    0.00    4.02
   27.97    4.04    0.00    4.04
   29.86    4.06    0.00    4.06
   31.76    4.10    0.00    4.10
   33.65    4.15    0.00    4.15
   35.54    4.21    0.00    4.21
   37.44    4.25    0.00    4.25
   40.28    4.30    0.00    4.30
   43.12    4.39    0.00    4.39
   45.96    4.48    0.00    4.48
   48.80    4.56    0.00    4.56
   51.63    4.62    0.00    4.62
   54.48    4.66    0.00    4.66
   57.31    4.67    0.00    4.67
   60.16    4.66    0.00    4.66
   62.99    4.64    0.00    4.64
   65.83    4.59    0.00    4.59
   68.67    4.51    0.00    4.51
   73.41    4.38    0.00    4.38
   14.30    4.23    0.00    4.23
   14.30    4.21    0.00    4.21
   15.56    4.18    0.00    4.18
   16.51    4.14    0.00    4.14
   18.40    4.08    0.00    4.08
   20.30    4.05    0.00    4.05
   22.19    4.02    0.00    4.02
   24.09    4.01    0.00    4.01
   25.98    4.02    0.00    4.02
   27.87    4.04    0.00    4.04
   29.77    4.06    0.00    4.06
   31.66    4.10    0.00    4.10
   33.55    4.15    0.00    4.15
   35.45    4.21    0.00    4.21
   37.34    4.25    0.00    4.25
   40.18    4.30    0.00    4.30
   43.02    4.39    0.00    4.39
   45.86    4.48    0.00    4.48
   48.70    4.56    0.00    4.56
   51.55    4.62    0.00    4.62
   54.39    4.65    0.00    4.65
   57.23    4.67    0.00    4.67
   60.07    4.67    0.00    4.67
   62.91    4.64    0.00    4.64
   65.75    4.60    0.00    4.60
   68.59    4.52    0.00    4.52
   73.32    4.39    0.00    4.39
   14.51    4.21    0.00    4.21
   15.39    4.17    0.00    4.17
   16.34    4.13    0.00    4.13
   18.23    4.08    0.00    4.08
   20.13    4.04    0.00    4.04
   22.02    4.02    0.00    4.02
   23.92    4.01    0.00    4.01
   25.81    4.02    0.00    4.02
   27.71    4.04    0.00    4.04
   29.60    4.06    0.00    4.06
   31.50    4.10    0.00    4.10
   33.39    4.15    0.00    4.15
   35.29    4.20    0.00    4.20
   37.18    4.24    0.00    4.24
   40.02    4.29    0.00    4.29
   42.87    4.39    0.00    4.39
   45.71    4.48    0.00    4.48
   48.55    4.55    0.00    4.55
   51.39    4.61    0.00    4.61
   54.23    4.65    0.00    4.65
   57.08    4.67    0.00    4.67
   59.92    4.67    0.00    4.67
   62.76    4.65    0.00    4.65
   65.60    4.61    0.00    4.61
   68.44    4.54    0.00    4.54
   73.18    4.40    0.00    4.40
   14.77    4.20    0.00    4.20
   15.40    4.17    0.00    4.17
   16.35    4.13    0.00    4.13
   18.25    4.07    0.00    4.07
   20.14    4.04    0.00    4.04
   22.04    4.02    0.00    4.02
   23.93    4.01    0.00    4.01
   25.82    4.02    0.00    4.02
   27.72    4.04    0.00    4.04
   29.61    4.06    0.00    4.06
   31.51    4.10    0.00    4.10
   33.40    4.14    0.00    4.14
   35.30    4.19    0.00    4.19
   37.19    4.24    0.00    4.24
   40.03    4.29    0.00    4.29
   42.88    4.39    0.00    4.39
   45.72    4.47    0.00    4.47
   48.56    4.54    0.00    4.54
   51.40    4.61    0.00    4.61
   54.24    4.65    0.00    4.65
   57.08    4.67    0.00    4.67
   59.93    4.67    0.00    4.67
   62.77    4.65    0.00    4.65
   65.61    4.62    0.00    4.62
   68.45    4.54    0.00    4.54
   73.19    4.41    0.00    4.41
   15.07    4.18    0.00    4.18
   15.07    4.16    0.00    4.16
   16.20    4.12    0.00    4.12
   18.10    4.07    0.00    4.07
   20.00    4.04    0.00    4.04
   21.89    4.02    0.00    4.02
   23.79    4.01    0.00    4.01
   25.68    4.02    0.00    4.02
   27.58    4.03    0.00    4.03
   29.47    4.06    0.00    4.06
   31.37    4.10    0.00    4.10
   33.26    4.15    0.00    4.15
   35.16    4.20    0.00    4.20
   37.05    4.24    0.00    4.24
   39.90    4.29    0.00    4.29
   42.74    4.38    0.00    4.38
   45.58    4.47    0.00    4.47
   48.42    4.54    0.00    4.54
   51.27    4.61    0.00    4.61
   54.11    4.65    0.00    4.65
   56.95    4.67    0.00    4.67
   59.80    4.67    0.00    4.67
   62.64    4.66    0.00    4.66
   65.48    4.62    0.00    4.62
   68.33    4.55    0.00    4.55
   73.06    4.42    0.00    4.42
   15.32    4.15    0.00    4.15
   16.35    4.11    0.00    4.11
   18.24    4.06    0.00    4.06
   20.14    4.03    0.00    4.03
   22.03    4.01    0.00    4.01
   23.93    4.01    0.00    4.01
   25.82    4.01    0.00    4.01
   27.71    4.03    0.00    4.03
   29.61    4.06    0.00    4.06
   31.50    4.10    0.00    4.10
   33.40    4.15    0.00    4.15
   35.29    4.20    0.00    4.20
   37.19    4.24    0.00    4.24
   40.03    4.29    0.00    4.29
   42.87    4.38    0.00    4.38
   45.71    4.47    0.00    4.47
   48.55    4.54    0.00    4.54
   51.40    4.61    0.00    4.61
   54.24    4.65    0.00    4.65
   57.08    4.67    0.00    4.67
   59.92    4.68    0.00    4.68
   62.76    4.66    0.00    4.66
   65.61    4.63    0.00    4.63
   68.45    4.56    0.00    4.56
   73.18    4.43    0.00    4.43
   15.73    4.14    0.00    4.14
   16.21    4.10    0.00    4.10
   18.11    4.06    0.00    4.06
   20.00    4.03    0.00    4.03
   21.90    4.01    0.00    4.01
   23.79    4.01    0.00    4.01
   25.69    4.02    0.00    4.02
   27.59    4.03    0.00    4.03
   29.48    4.07    0.00    4.07
   31.38    4.11    0.00    4.11
   33.27    4.15    0.00    4.15
   35.17    4.20    0.00    4.20
   37.06    4.25    0.00    4.25
   39.90    4.29    0.00    4.29
   42.75    4.38    0.00    4.38
   45.59    4.47    0.00    4.47
   48.43    4.54    0.00    4.54
   51.27    4.61    0.00    4.61
   54.12    4.65    0.00    4.65
   56.96    4.67    0.00    4.67
   59.80    4.68    0.00    4.68
   62.65    4.66    0.00    4.66
   65.49    4.63    0.00    4.63
   68.33    4.57    0.00    4.57
   73.07    4.43    0.00    4.43
   16.14    4.12    0.00    4.12
   16.14    4.09    0.00    4.09
   18.14    4.06    0.00    4.06
   20.03    4.03    0.00    4.03
   21.93    4.00    0.00    4.00
   23.82    4.00    0.00    4.00
   25.72    4.01    0.00    4.01
   27.61    4.04    0.00    4.04
   29.51    4.07    0.00    4.07
   31.40    4.11    0.00    4.11
   33.30    4.15    0.00    4.15
   35.19    4.20    0.00    4.20
   37.09    4.24    0.00    4.24
   39.93    4.29    0.00    4.29
   42.77    4.38    0.00    4.38
   45.62    4.47    0.00    4.47
   48.46    4.54    0.00    4.54
   51.30    4.60    0.00    4.60
   54.14    4.64    0.00    4.64
   56.99    4.67    0.00    4.67
   59.83    4.68    0.00    4.68
   62.67    4.67    0.00    4.67
   65.52    4.64    0.00    4.64
   68.36    4.58    0.00    4.58
   73.09    4.46    0.00    4.46
   77.83    4.35    0.00    4.35
   16.56    4.08    0.00    4.08
   17.84    4.05    0.00    4.05
   19.73    4.02    0.00    4.02
   21.63    4.00    0.00    4.00
   23.52    4.00    0.00    4.00
   25.42    4.02    0.00    4.02
   27.32    4.04    0.00    4.04
   29.21    4.07    0.00    4.07
   31.11    4.11    0.00    4.11
   33.01    4.15    0.00    4.15
   34.91    4.20    0.00    4.20
   36.80    4.25    0.00    4.25
   39.65    4.32    0.00    4.32
   42.49    4.38    0.00    4.38
   45.34    4.46    0.00    4.46
   48.18    4.54    0.00    4.54
   51.03    4.60    0.00    4.60
   53.87    4.64    0.00    4.64
   56.72    4.67    0.00    4.67
   59.56    4.68    0.00    4.68
   62.41    4.67    0.00    4.67
   65.25    4.64    0.00    4.64
   68.09    4.58    0.00    4.58
   72.84    4.47    0.00    4.47
   77.58    4.36    0.00    4.36
   16.97    4.06    0.00    4.06
   17.96    4.04    0.00    4.04
   19.86    4.01    0.00    4.01
   21.75    4.00    0.00    4.00
   23.65    4.00    0.00    4.00
   25.55    4.01    0.00    4.01
   27.44    4.04    0.00    4.04
   29.34    4.07    0.00    4.07
   31.23    4.11    0.00    4.11
   33.13    4.15    0.00    4.15
   35.03    4.20    0.00    4.20
   36.92    4.26    0.00    4.26
   39.77    4.33    0.00    4.33
   42.61    4.38    0.00    4.38
   45.45    4.46    0.00    4.46
   48.30    4.54    0.00    4.54
   51.14    4.60    0.00    4.60
   53.98    4.64    0.00    4.64
   56.83    4.67    0.00    4.67
   59.67    4.68    0.00    4.68
   62.52    4.67    0.00    4.67
   65.36    4.65    0.00    4.65
   68.20    4.60    0.00    4.60
   72.94    4.49    0.00    4.49
   77.69    4.37    0.00    4.37
   17.38    4.05    0.00    4.05
   17.38    4.04    0.00    4.04
   19.51    4.01    0.00    4.01
   21.41    4.00    0.00    4.00
   23.30    4.00    0.00    4.00
   25.20    4.02    0.00    4.02
   27.10    4.04    0.00    4.04
   29.00    4.07    0.00    4.07
   30.89    4.11    0.00    4.11
   32.79    4.15    0.00    4.15
   34.69    4.20    0.00    4.20
   36.59    4.27    0.00    4.27
   39.44    4.33    0.00    4.33
   42.28    4.38    0.00    4.38
   45.13    4.46    0.00    4.46
   47.98    4.54    0.00    4.54
   50.82    4.59    0.00    4.59
   53.67    4.64    0.00    4.64
   56.52    4.67    0.00    4.67
   59.36    4.68    0.00    4.68
   62.21    4.67    0.00    4.67
   65.05    4.65    0.00    4.65
   67.90    4.60    0.00    4.60
   72.64    4.50    0.00    4.50
   77.39    4.38    0.00    4.38
   17.63    4.03    0.00    4.03
   19.30    4.01    0.00    4.01
   21.20    4.00    0.00    4.00
   23.10    4.00    0.00    4.00
   25.00    4.02    0.00    4.02
   26.90    4.04    0.00    4.04
   28.80    4.07    0.00    4.07
   30.70    4.10    0.00    4.10
   32.59    4.15    0.00    4.15
   34.49    4.20    0.00    4.20
   36.39    4.26    0.00    4.26
   39.24    4.33    0.00    4.33
   42.09    4.37    0.00    4.37
   44.94    4.46    0.00    4.46
   47.78    4.53    0.00    4.53
   50.63    4.59    0.00    4.59
   53.48    4.63    0.00    4.63
   56.33    4.67    0.00    4.67
   59.18    4.68    0.00    4.68
   62.02    4.68    0.00    4.68
   64.87    4.65    0.00    4.65
   67.72    4.61    0.00    4.61
   72.47    4.51    0.00    4.51
   77.21    4.39    0.00    4.39
   18.39    4.02    0.00    4.02
   18.39    4.01    0.00    4.01
   21.15    4.00    0.00    4.00
   23.05    4.00    0.00    4.00
   24.95    4.02    0.00    4.02
   26.85    4.04    0.00    4.04
   28.75    4.07    0.00    4.07
   30.65    4.10    0.00    4.10
   32.55    4.15    0.00    4.15
   34.45    4.20    0.00    4.20
   36.34    4.26    0.00    4.26
   39.19    4.33    0.00    4.33
   42.04    4.37    0.00    4.37
   44.89    4.46    0.00    4.46
   47.74    4.53    0.00    4.53
   50.59    4.59    0.00    4.59
   53.44    4.63    0.00    4.63
   56.28    4.67    0.00    4.67
   59.13    4.68    0.00    4.68
   61.98    4.68    0.00    4.68
   64.83    4.66    0.00    4.66
   67.68    4.62    0.00    4.62
   72.43    4.52    0.00    4.52
   77.17    4.40    0.00    4.40
   19.14    4.00    0.00    4.00
   21.12    3.99    0.00    3.99
   23.02    4.00    0.00    4.00
   24.92    4.02    0.00    4.02
   26.82    4.04    0.00    4.04
   28.72    4.07    0.00    4.07
   30.62    4.11    0.00    4.11
   32.52    4.16    0.00    4.16
   34.42    4.21    0.00    4.21
   36.32    4.27    0.00    4.27
   39.16    4.32    0.00    4.32
   42.01    4.36    0.00    4.36
   44.86    4.45    0.00    4.45
   47.71    4.53    0.00    4.53
   50.56    4.58    0.00    4.58
   53.41    4.63    0.00    4.63
   56.26    4.67    0.00    4.67
   59.11    4.68    0.00    4.68
   61.95    4.68    0.00    4.68
   64.80    4.66    0.00    4.66
   67.65    4.63    0.00    4.63
   72.40    4.53    0.00    4.53
   77.15    4.41    0.00    4.41
   19.45    3.99    0.00    3.99
   20.94    3.99    0.00    3.99
   22.84    4.00    0.00    4.00
   24.74    4.02    0.00    4.02
   26.64    4.04    0.00    4.04
   28.54    4.07    0.00    4.07
   30.44    4.11    0.00    4.11
   32.34    4.16    0.00    4.16
   34.24    4.20    0.00    4.20
   36.14    4.27    0.00    4.27
   38.99    4.32    0.00    4.32
   41.84    4.36    0.00    4.36
   44.69    4.45    0.00    4.45
   47.54    4.52    0.00    4.52
   50.39    4.58    0.00    4.58
   53.24    4.63    0.00    4.63
   56.09    4.66    0.00    4.66
   58.94    4.68    0.00    4.68
   61.79    4.68    0.00    4.68
   64.64    4.67    0.00    4.67
   67.49    4.63    0.00    4.63
   72.24    4.54    0.00    4.54
   76.99    4.42    0.00    4.42
   19.97    3.99    0.00    3.99
   19.97    3.99    0.00    3.99
   22.74    4.00    0.00    4.00
   24.64    4.02    0.00    4.02
   26.55    4.04    0.00    4.04
   28.45    4.07    0.00    4.07
   30.35    4.11    0.00    4.11
   32.25    4.15    0.00    4.15
   34.15    4.20    0.00    4.20
   36.05    4.27    0.00    4.27
   38.90    4.32    0.00    4.32
   41.75    4.36    0.00    4.36
   44.60    4.44    0.00    4.44
   47.45    4.51    0.00    4.51
   50.30    4.58    0.00    4.58
   53.15    4.63    0.00    4.63
   56.00    4.66    0.00    4.66
   58.85    4.68    0.00    4.68
   61.70    4.69    0.00    4.69
   64.56    4.67    0.00    4.67
   67.41    4.63    0.00    4.63
   72.16    4.55    0.00    4.55
   76.91    4.43    0.00    4.43
  371.49    5.59    0.00    5.59
  381.00    5.63    0.00    5.63
   20.49    3.99    0.00    3.99
   22.61    4.00    0.00    4.00
   24.51    4.02    0.00    4.02
   26.41    4.04    0.00    4.04
   28.31    4.07    0.00    4.07
   30.21    4.11    0.00    4.11
   32.11    4.15    0.00    4.15
   34.01    4.20    0.00    4.20
   35.91    4.27    0.00    4.27
   38.77    4.32    0.00    4.32
   41.62    4.36    0.00    4.36
   44.47    4.44    0.00    4.44
   47.32    4.51    0.00    4.51
   50.17    4.58    0.00    4.58
   53.03    4.63    0.00    4.63
   55.88    4.66    0.00    4.66
   58.73    4.68    0.00    4.68
   61.58    4.69    0.00    4.69
   64.43    4.68    0.00    4.68
   67.28    4.64    0.00    4.64
   72.04    4.56    0.00    4.56
   76.79    4.44    0.00    4.44
  361.98    5.56    0.00    5.56
  371.48    5.59    0.00    5.59
  380.99    5.63    0.00    5.63
   21.01    3.98    0.00    3.98
   22.55    4.00    0.00    4.00
   24.45    4.02    0.00    4.02
   26.35    4.04    0.00    4.04
   28.26    4.07    0.00    4.07
   30.16    4.11    0.00    4.11
   32.06    4.15    0.00    4.15
   33.96    4.20    0.00    4.20
   35.86    4.27    0.00    4.27
   38.71    4.32    0.00    4.32
   41.57    4.36    0.00    4.36
   44.42    4.44    0.00    4.44
   47.27    4.51    0.00    4.51
   50.12    4.58    0.00    4.58
   52.98    4.62    0.00    4.62
   55.83    4.66    0.00    4.66
   58.68    4.68    0.00    4.68
   61.53    4.69    0.00    4.69
   64.38    4.68    0.00    4.68
   67.24    4.65    0.00    4.65
   71.99    4.58    0.00    4.58
   76.74    4.48    0.00    4.48
   81.50    4.37    0.00    4.37
  342.95    5.51    0.00    5.51
  352.46    5.53    0.00    5.53
  361.97    5.56    0.00    5.56
  371.48    5.59    0.00    5.59
  380.99    5.63    0.00    5.63
   20.55    3.98    0.00    3.98
   21.85    3.99    0.00    3.99
   24.35    4.01    0.00    4.01
   26.25    4.04    0.00    4.04
   28.15    4.07    0.00    4.07
   30.05    4.11    0.00    4.11
   31.96    4.15    0.00    4.15
   33.86    4.20    0.00    4.20
   35.76    4.26    0.00    4.26
   38.62    4.32    0.00    4.32
   41.47    4.36    0.00    4.36
   44.32    4.44    0.00    4.44
   47.17    4.51    0.00    4.51
   50.03    4.57    0.00    4.57
   52.88    4.62    0.00    4.62
   55.73    4.66    0.00    4.66
   58.59    4.68    0.00    4.68
   61.44    4.69    0.00    4.69
   64.29    4.68    0.00    4.68
   67.14    4.65    0.00    4.65
   71.90    4.59    0.00    4.59
   76.66    4.49    0.00    4.49
   81.41    4.38    0.00    4.38
  333.43    5.48    0.00    5.48
  342.94    5.51    0.00    5.51
  352.45    5.53    0.00    5.53
  361.96    5.56    0.00    5.56
  371.47    5.59    0.00    5.59
  380.98    5.63    0.00    5.63
   22.50    3.99    0.00    3.99
   24.18    4.01    0.00    4.01
   26.09    4.04    0.00    4.04
   27.99    4.08    0.00    4.08
   29.89    4.11    0.00    4.11
   31.80    4.15    0.00    4.15
   33.70    4.20    0.00    4.20
   35.60    4.26    0.00    4.26
   38.46    4.32    0.00    4.32
   41.31    4.35    0.00    4.35
   44.16    4.43    0.00    4.43
   47.02    4.51    0.00    4.51
   49.87    4.57    0.00    4.57
   52.73    4.62    0.00    4.62
   55.58    4.65    0.00    4.65
   58.44    4.68    0.00    4.68
   61.29    4.69    0.00    4.69
   64.14    4.69    0.00    4.69
   67.00    4.66    0.00    4.66
   71.76    4.60    0.00    4.60
   76.51    4.50    0.00    4.50
   81.27    4.39    0.00    4.39
  323.89    5.44    0.00    5.44
  333.40    5.48    0.00    5.48
  342.91    5.51    0.00    5.51
  352.43    5.53    0.00    5.53
  361.94    5.56    0.00    5.56
  371.46    5.59    0.00    5.59
  380.97    5.63    0.00    5.63
   23.16    3.99    0.00    3.99
   23.16    4.01    0.00    4.01
   25.94    4.04    0.00    4.04
   27.84    4.08    0.00    4.08
   29.75    4.11    0.00    4.11
   31.65    4.15    0.00    4.15
   33.55    4.20    0.00    4.20
   35.46    4.26    0.00    4.26
   38.31    4.31    0.00    4.31
   41.17    4.35    0.00    4.35
   44.02    4.43    0.00    4.43
   46.88    4.50    0.00    4.50
   49.73    4.56    0.00    4.56
   52.59    4.61    0.00    4.61
   55.45    4.65    0.00    4.65
   58.30    4.68    0.00    4.68
   61.16    4.69    0.00    4.69
   64.01    4.69    0.00    4.69
   66.87    4.67    0.00    4.67
   71.63    4.61    0.00    4.61
   76.39    4.52    0.00    4.52
   81.14    4.41    0.00    4.41
  304.82    5.37    0.00    5.37
  314.34    5.41    0.00    5.41
  323.86    5.44    0.00    5.44
  333.37    5.48    0.00    5.48
  342.89    5.51    0.00    5.51
  352.41    5.53    0.00    5.53
  361.93    5.56    0.00    5.56
  371.45    5.59    0.00    5.59
  380.96    5.63    0.00    5.63
   23.81    4.01    0.00    4.01
   25.87    4.05    0.00    4.05
   27.78    4.08    0.00    4.08
   29.68    4.11    0.00    4.11
   31.59    4.15    0.00    4.15
   33.49    4.20    0.00    4.20
   35.39    4.26    0.00    4.26
   38.25    4.31    0.00    4.31
   41.10    4.35    0.00    4.35
   43.96    4.43    0.00    4.43
   46.82    4.50    0.00    4.50
   49.67    4.56    0.00    4.56
   52.53    4.61    0.00    4.61
   55.38    4.65    0.00    4.65
   58.24    4.68    0.00    4.68
   61.10    4.69    0.00    4.69
   63.95    4.69    0.00    4.69
   66.81    4.67    0.00    4.67
   71.57    4.62    0.00    4.62
   76.33    4.54    0.00    4.54
   81.09    4.42    0.00    4.42
  290.52    5.31    0.00    5.31
  295.28    5.33    0.00    5.33
  300.04    5.35    0.00    5.35
  304.80    5.37    0.00    5.37
  314.32    5.41    0.00    5.41
  323.84    5.44    0.00    5.44
  333.36    5.48    0.00    5.48
  342.88    5.51    0.00    5.51
  352.40    5.53    0.00    5.53
  361.92    5.56    0.00    5.56
  371.44    5.59    0.00    5.59
  380.96    5.63    0.00    5.63
   24.47    4.02    0.00    4.02
   25.83    4.05    0.00    4.05
   27.73    4.08    0.00    4.08
   29.64    4.11    0.00    4.11
   31.54    4.16    0.00    4.16
   33.44    4.20    0.00    4.20
   35.35    4.25    0.00    4.25
   38.20    4.31    0.00    4.31
   41.06    4.35    0.00    4.35
   43.92    4.42    0.00    4.42
   46.77    4.49    0.00    4.49
   49.63    4.55    0.00    4.55
   52.48    4.61    0.00    4.61
   55.34    4.65    0.00    4.65
   58.20    4.68    0.00    4.68
   61.05    4.69    0.00    4.69
   63.91    4.70    0.00    4.70
   66.77    4.68    0.00    4.68
   71.53    4.64    0.00    4.64
   76.29    4.55    0.00    4.55
   81.05    4.44    0.00    4.44
  276.23    5.25    0.00    5.25
  285.75    5.29    0.00    5.29
  290.51    5.31    0.00    5.31
  295.27    5.33    0.00    5.33
  300.03    5.35    0.00    5.35
  304.79    5.37    0.00    5.37
  314.31    5.41    0.00    5.41
  323.83    5.44    0.00    5.44
  333.35    5.48    0.00    5.48
  342.87    5.51    0.00    5.51
  352.39    5.53    0.00    5.53
  361.92    5.56    0.00    5.56
  371.44    5.59    0.00    5.59
  380.96    5.63    0.00    5.63
   25.12    4.03    0.00    4.03
   25.12    4.04    0.00    4.04
   27.70    4.08    0.00    4.08
   29.61    4.12    0.00    4.12
   31.51    4.16    0.00    4.16
   33.41    4.20    0.00    4.20
   35.32    4.25    0.00    4.25
   38.17    4.31    0.00    4.31
   41.03    4.35    0.00    4.35
   43.89    4.42    0.00    4.42
   46.74    4.49    0.00    4.49
   49.60    4.55    0.00    4.55
   52.46    4.61    0.00    4.61
   55.31    4.65    0.00    4.65
   58.17    4.67    0.00    4.67
   61.03    4.69    0.00    4.69
   63.88    4.70    0.00    4.70
   66.74    4.69    0.00    4.69
   71.50    4.64    0.00    4.64
   76.26    4.57    0.00    4.57
   82.06    4.45    0.00    4.45
  266.70    5.22    0.00    5.22
  276.22    5.25    0.00    5.25
  285.74    5.29    0.00    5.29
  290.50    5.31    0.00    5.31
  295.26    5.33    0.00    5.33
  300.02    5.35    0.00    5.35
  304.78    5.37    0.00    5.37
  314.31    5.41    0.00    5.41
  323.83    5.44    0.00    5.44
  333.35    5.48    0.00    5.48
  342.87    5.51    0.00    5.51
  352.39    5.53    0.00    5.53
  361.91    5.56    0.00    5.56
  371.44    5.59    0.00    5.59
  380.96    5.63    0.00    5.63
   25.65    4.04    0.00    4.04
   27.63    4.08    0.00    4.08
   29.54    4.12    0.00    4.12
   31.44    4.16    0.00    4.16
   33.35    4.20    0.00    4.20
   35.25    4.25    0.00    4.25
   38.11    4.31    0.00    4.31
   40.97    4.34    0.00    4.34
   43.82    4.42    0.00    4.42
   46.68    4.49    0.00    4.49
   49.54    4.55    0.00    4.55
   52.39    4.60    0.00    4.60
   55.25    4.64    0.00    4.64
   58.11    4.67    0.00    4.67
   60.96    4.69    0.00    4.69
   63.82    4.70    0.00    4.70
   66.68    4.69    0.00    4.69
   71.44    4.66    0.00    4.66
   76.21    4.58    0.00    4.58
   80.96    4.47    0.00    4.47
   85.72    4.39    0.00    4.39
  257.15    5.17    0.00    5.17
  266.67    5.21    0.00    5.21
  276.19    5.25    0.00    5.25
  285.72    5.29    0.00    5.29
  290.48    5.31    0.00    5.31
  295.24    5.33    0.00    5.33
  300.00    5.35    0.00    5.35
  304.76    5.37    0.00    5.37
  314.29    5.41    0.00    5.41
  323.81    5.44    0.00    5.44
  333.34    5.48    0.00    5.48
  342.86    5.51    0.00    5.51
  352.38    5.53    0.00    5.53
  361.91    5.56    0.00    5.56
  371.43    5.59    0.00    5.59
  380.95    5.63    0.00    5.63
   26.30    4.05    0.00    4.05
   27.57    4.08    0.00    4.08
   29.48    4.12    0.00    4.12
   31.38    4.16    0.00    4.16
   33.29    4.20    0.00    4.20
   35.19    4.25    0.00    4.25
   38.05    4.30    0.00    4.30
   40.91    4.34    0.00    4.34
   43.77    4.41    0.00    4.41
   46.62    4.48    0.00    4.48
   49.48    4.54    0.00    4.54
   52.34    4.60    0.00    4.60
   55.20    4.64    0.00    4.64
   58.05    4.67    0.00    4.67
   60.91    4.69    0.00    4.69
   63.77    4.70    0.00    4.70
   66.61    4.70    0.00    4.70
   71.41    4.67    0.00    4.67
   76.15    4.60    0.00    4.60
   80.91    4.52    0.00    4.52
   85.67    4.42    0.00    4.42
  238.07    5.09    0.00    5.09
  247.60    5.13    0.00    5.13
  257.12    5.17    0.00    5.17
  266.65    5.21    0.00    5.21
  276.18    5.25    0.00    5.25
  285.70    5.29    0.00    5.29
  290.46    5.31    0.00    5.31
  295.23    5.33    0.00    5.33
  299.99    5.35    0.00    5.35
  304.75    5.37    0.00    5.37
  314.27    5.41    0.00    5.41
  323.80    5.44    0.00    5.44
  333.32    5.48    0.00    5.48
  342.85    5.51    0.00    5.51
  352.38    5.53    0.00    5.53
  361.90    5.56    0.00    5.56
  371.43    5.59    0.00    5.59
  380.95    5.63    0.00    5.63
   26.85    4.06    0.00    4.06
   26.85    4.08    0.00    4.08
   29.41    4.12    0.00    4.12
   31.32    4.16    0.00    4.16
   33.22    4.20    0.00    4.20
   35.13    4.25    0.00    4.25
   37.99    4.30    0.00    4.30
   40.84    4.34    0.00    4.34
   43.70    4.41    0.00    4.41
   46.56    4.47    0.00    4.47
   49.42    4.53    0.00    4.53
   52.28    4.59    0.00    4.59
   55.13    4.63    0.00    4.63
   57.99    4.67    0.00    4.67
   61.69    4.69    0.00    4.69
   63.73    4.70    0.00    4.70
   66.57    4.70    0.00    4.70
   71.33    4.67    0.00    4.67
   76.09    4.62    0.00    4.62
   80.86    4.55    0.00    4.55
   85.62    4.44    0.00    4.44
  228.52    5.05    0.00    5.05
  238.05    5.09    0.00    5.09
  247.57    5.13    0.00    5.13
  257.10    5.17    0.00    5.17
  266.63    5.21    0.00    5.21
  276.15    5.25    0.00    5.25
  285.68    5.29    0.00    5.29
  290.44    5.31    0.00    5.31
  295.21    5.33    0.00    5.33
  299.97    5.35    0.00    5.35
  304.73    5.37    0.00    5.37
  314.26    5.41    0.00    5.41
  323.79    5.44    0.00    5.44
  333.31    5.48    0.00    5.48
  342.84    5.51    0.00    5.51
  352.37    5.53    0.00    5.53
  361.89    5.56    0.00    5.56
  371.42    5.59    0.00    5.59
  380.95    5.63    0.00    5.63
   26.75    4.08    0.00    4.08
   29.31    4.12    0.00    4.12
   31.21    4.16    0.00    4.16
   33.12    4.20    0.00    4.20
   35.02    4.25    0.00    4.25
   37.88    4.30    0.00    4.30
   40.74    4.33    0.00    4.33
   43.60    4.40    0.00    4.40
   46.46    4.47    0.00    4.47
   49.32    4.53    0.00    4.53
   52.18    4.59    0.00    4.59
   55.02    4.63    0.00    4.63
   57.92    4.67    0.00    4.67
   60.75    4.68    0.00    4.68
   63.61    4.70    0.00    4.70
   66.47    4.70    0.00    4.70
   71.24    4.69    0.00    4.69
   76.00    4.64    0.00    4.64
   80.77    4.58    0.00    4.58
   85.53    4.49    0.00    4.49
   90.29    4.41    0.00    4.41
  214.18    4.97    0.00    4.97
  218.94    5.00    0.00    5.00
  228.47    5.05    0.00    5.05
  238.00    5.09    0.00    5.09
  247.53    5.13    0.00    5.13
  257.06    5.17    0.00    5.17
  266.59    5.21    0.00    5.21
  276.12    5.25    0.00    5.25
  285.65    5.29    0.00    5.29
  290.41    5.31    0.00    5.31
  295.18    5.33    0.00    5.33
  299.94    5.35    0.00    5.35
  304.71    5.37    0.00    5.37
  314.24    5.41    0.00    5.41
  323.76    5.44    0.00    5.44
  333.29    5.48    0.00    5.48
  342.82    5.51    0.00    5.51
  352.35    5.53    0.00    5.53
  361.88    5.56    0.00    5.56
  371.41    5.59    0.00    5.59
  380.94    5.63    0.00    5.63
   26.65    4.07    0.00    4.07
   29.26    4.11    0.00    4.11
   31.17    4.15    0.00    4.15
   33.08    4.19    0.00    4.19
   34.98    4.24    0.00    4.24
   37.84    4.29    0.00    4.29
   40.70    4.33    0.00    4.33
   43.56    4.40    0.00    4.40
   46.42    4.46    0.00    4.46
   49.32    4.53    0.00    4.53
   52.14    4.58    0.00    4.58
   54.99    4.62    0.00    4.62
   57.85    4.65    0.00    4.65
   60.71    4.68    0.00    4.68
   63.57    4.70    0.00    4.70
   66.43    4.71    0.00    4.71
   71.20    4.70    0.00    4.70
   75.96    4.66    0.00    4.66
   80.73    4.60    0.00    4.60
   85.49    4.53    0.00    4.53
   90.26    4.44    0.00    4.44
  199.86    4.90    0.00    4.90
  204.62    4.93    0.00    4.93
  209.39    4.95    0.00    4.95
  214.16    4.97    0.00    4.97
  218.92    5.00    0.00    5.00
  228.45    5.05    0.00    5.05
  237.98    5.09    0.00    5.09
  247.51    5.13    0.00    5.13
  257.04    5.17    0.00    5.17
  266.57    5.21    0.00    5.21
  276.10    5.25    0.00    5.25
  285.63    5.29    0.00    5.29
  290.40    5.31    0.00    5.31
  295.16    5.33    0.00    5.33
  299.93    5.35    0.00    5.35
  304.69    5.37    0.00    5.37
  314.23    5.41    0.00    5.41
  323.76    5.44    0.00    5.44
  333.29    5.48    0.00    5.48
  342.82    5.51    0.00    5.51
  352.35    5.53    0.00    5.53
  361.88    5.56    0.00    5.56
  371.41    5.59    0.00    5.59
  380.94    5.63    0.00    5.63
   26.54    4.07    0.00    4.07
   29.35    4.11    0.00    4.11
   31.25    4.15    0.00    4.15
   33.16    4.19    0.00    4.19
   35.07    4.24    0.00    4.24
   37.92    4.29    0.00    4.29
   40.78    4.33    0.00    4.33
   43.64    4.40    0.00    4.40
   46.70    4.46    0.00    4.46
   49.36    4.52    0.00    4.52
   52.22    4.57    0.00    4.57
   55.08    4.61    0.00    4.61
   57.94    4.65    0.00    4.65
   60.79    4.68    0.00    4.68
   63.65    4.70    0.00    4.70
   66.51    4.71    0.00    4.71
   71.27    4.70    0.00    4.70
   76.04    4.67    0.00    4.67
   80.80    4.62    0.00    4.62
   85.57    4.56    0.00    4.56
   90.33    4.46    0.00    4.46
  185.61    4.83    0.00    4.83
  190.38    4.86    0.00    4.86
  195.14    4.88    0.00    4.88
  199.91    4.90    0.00    4.90
  204.67    4.93    0.00    4.93
  209.43    4.95    0.00    4.95
  214.20    4.97    0.00    4.97
  218.96    5.00    0.00    5.00
  228.49    5.05    0.00    5.05
  238.02    5.09    0.00    5.09
  247.55    5.13    0.00    5.13
  257.08    5.17    0.00    5.17
  266.60    5.21    0.00    5.21
  276.13    5.25    0.00    5.25
  285.66    5.29    0.00    5.29
  290.43    5.31    0.00    5.31
  295.19    5.33    0.00    5.33
  299.95    5.35    0.00    5.35
  304.72    5.37    0.00    5.37
  314.25    5.41    0.00    5.41
  323.77    5.44    0.00    5.44
  333.30    5.48    0.00    5.48
  342.83    5.51    0.00    5.51
  352.36    5.53    0.00    5.53
  361.89    5.56    0.00    5.56
  371.42    5.59    0.00    5.59
  380.94    5.63    0.00    5.63
   26.44    4.06    0.00    4.06
   29.26    4.11    0.00    4.11
   31.16    4.15    0.00    4.15
   33.07    4.19    0.00    4.19
   34.98    4.24    0.00    4.24
   37.84    4.29    0.00    4.29
   39.71    4.34    0.00    4.34
   43.59    4.40    0.00    4.40
   46.41    4.45    0.00    4.45
   49.27    4.51    0.00    4.51
   52.13    4.57    0.00    4.57
   54.99    4.61    0.00    4.61
   57.85    4.65    0.00    4.65
   60.71    4.68    0.00    4.68
   63.57    4.70    0.00    4.70
   66.43    4.71    0.00    4.71
   71.19    4.71    0.00    4.71
   75.96    4.69    0.00    4.69
   80.72    4.64    0.00    4.64
   85.49    4.58    0.00    4.58
   90.25    4.51    0.00    4.51
   95.02    4.43    0.00    4.43
  171.26    4.76    0.00    4.76
  176.03    4.79    0.00    4.79
  180.79    4.81    0.00    4.81
  185.56    4.83    0.00    4.83
  190.32    4.86    0.00    4.86
  195.09    4.88    0.00    4.88
  199.86    4.90    0.00    4.90
  204.62    4.93    0.00    4.93
  209.39    4.95    0.00    4.95
  214.15    4.97    0.00    4.97
  218.92    5.00    0.00    5.00
  228.45    5.05    0.00    5.05
  237.98    5.09    0.00    5.09
  247.51    5.13    0.00    5.13
  257.04    5.17    0.00    5.17
  266.57    5.21    0.00    5.21
  276.10    5.25    0.00    5.25
  285.63    5.29    0.00    5.29
  290.40    5.31    0.00    5.31
  295.16    5.33    0.00    5.33
  299.93    5.35    0.00    5.35
  304.69    5.37    0.00    5.37
  314.22    5.41    0.00    5.41
  323.75    5.44    0.00    5.44
  333.29    5.48    0.00    5.48
  342.82    5.51    0.00    5.51
  352.35    5.53    0.00    5.53
  361.88    5.56    0.00    5.56
  371.41    5.59    0.00    5.59
  380.94    5.63    0.00    5.63
   26.34    4.06    0.00    4.06
   28.92    4.10    0.00    4.10
   30.83    4.14    0.00    4.14
   32.74    4.18    0.00    4.18
   34.64    4.23    0.00    4.23
   37.65    4.30    0.00    4.30
   39.27    4.36    0.00    4.36
   43.23    4.39    0.00    4.39
   46.09    4.45    0.00    4.45
   48.95    4.51    0.00    4.51
   51.82    4.56    0.00    4.56
   54.68    4.61    0.00    4.61
   57.54    4.65    0.00    4.65
   60.40    4.67    0.00    4.67
   63.26    4.70    0.00    4.70
   66.13    4.71    0.00    4.71
   70.89    4.72    0.00    4.72
   75.67    4.70    0.00    4.70
   80.44    4.67    0.00    4.67
   85.20    4.61    0.00    4.61
   89.97    4.55    0.00    4.55
   94.74    4.47    0.00    4.47
  158.12    4.69    0.00    4.69
  161.52    4.71    0.00    4.71
  166.29    4.74    0.00    4.74
  171.06    4.76    0.00    4.76
  175.83    4.78    0.00    4.78
  180.60    4.81    0.00    4.81
  185.37    4.83    0.00    4.83
  190.14    4.85    0.00    4.85
  194.91    4.88    0.00    4.88
  199.68    4.90    0.00    4.90
  204.44    4.92    0.00    4.92
  209.22    4.95    0.00    4.95
  213.98    4.97    0.00    4.97
  218.75    5.00    0.00    5.00
  228.29    5.05    0.00    5.05
  237.83    5.09    0.00    5.09
  247.37    5.13    0.00    5.13
  256.91    5.17    0.00    5.17
  266.45    5.21    0.00    5.21
  275.99    5.25    0.00    5.25
  285.53    5.29    0.00    5.29
  290.30    5.31    0.00    5.31
  295.07    5.33    0.00    5.33
  299.84    5.35    0.00    5.35
  304.61    5.37    0.00    5.37
  314.15    5.41    0.00    5.41
  323.69    5.44    0.00    5.44
  333.23    5.48    0.00    5.48
  342.76    5.50    0.00    5.50
  352.30    5.53    0.00    5.53
  361.84    5.56    0.00    5.56
  371.38    5.59    0.00    5.59
  380.92    5.63    0.00    5.63
   27.92    4.06    0.00    4.06
   28.91    4.09    0.00    4.09
   30.80    4.12    0.00    4.12
   31.85    4.16    0.00    4.16
   40.33    4.35    0.00    4.35
   43.20    4.39    0.00    4.39
   46.06    4.45    0.00    4.45
   48.92    4.51    0.00    4.51
   51.78    4.56    0.00    4.56
   54.64    4.60    0.00    4.60
   57.51    4.64    0.00    4.64
   60.37    4.67    0.00    4.67
   63.23    4.70    0.00    4.70
   66.09    4.72    0.00    4.72
   70.86    4.73    0.00    4.73
   75.63    4.72    0.00    4.72
   80.40    4.68    0.00    4.68
   85.17    4.64    0.00    4.64
   89.94    4.58    0.00    4.58
   94.71    4.51    0.00    4.51
   99.48    4.45    0.00    4.45
  158.28    4.69    0.00    4.69
  161.49    4.71    0.00    4.71
  166.26    4.74    0.00    4.74
  171.03    4.76    0.00    4.76
  175.80    4.78    0.00    4.78
  180.57    4.81    0.00    4.81
  185.34    4.83    0.00    4.83
  190.12    4.85    0.00    4.85
  194.88    4.88    0.00    4.88
  199.66    4.90    0.00    4.90
  204.43    4.92    0.00    4.92
  209.19    4.95    0.00    4.95
  213.97    4.97    0.00    4.97
  218.74    5.00    0.00    5.00
  228.28    5.05    0.00    5.05
  237.82    5.09    0.00    5.09
  247.36    5.13    0.00    5.13
  256.90    5.17    0.00    5.17
  266.44    5.21    0.00    5.21
  275.98    5.25    0.00    5.25
  285.52    5.29    0.00    5.29
  290.29    5.31    0.00    5.31
  295.06    5.33    0.00    5.33
  299.83    5.35    0.00    5.35
  304.60    5.37    0.00    5.37
  314.14    5.41    0.00    5.41
  323.68    5.44    0.00    5.44
  333.22    5.48    0.00    5.48
  342.76    5.50    0.00    5.50
  352.30    5.53    0.00    5.53
  361.84    5.56    0.00    5.56
  371.38    5.59    0.00    5.59
  380.92    5.63    0.00    5.63
   25.18    4.03    0.00    4.03
   38.16    4.34    0.00    4.34
   40.44    4.34    0.00    4.34
   43.30    4.40    0.00    4.40
   46.16    4.45    0.00    4.45
   49.03    4.51    0.00    4.51
   51.89    4.56    0.00    4.56
   54.75    4.60    0.00    4.60
   57.61    4.64    0.00    4.64
   60.47    4.67    0.00    4.67
   63.33    4.70    0.00    4.70
   66.19    4.72    0.00    4.72
   70.96    4.73    0.00    4.73
   75.73    4.72    0.00    4.72
   80.50    4.70    0.00    4.70
   85.27    4.66    0.00    4.66
   90.04    4.61    0.00    4.61
   94.81    4.54    0.00    4.54
   99.57    4.47    0.00    4.47
  158.43    4.69    0.00    4.69
  161.57    4.71    0.00    4.71
  166.34    4.74    0.00    4.74
  171.10    4.76    0.00    4.76
  175.87    4.78    0.00    4.78
  180.64    4.81    0.00    4.81
  185.41    4.83    0.00    4.83
  190.18    4.85    0.00    4.85
  194.95    4.88    0.00    4.88
  199.72    4.90    0.00    4.90
  204.49    4.92    0.00    4.92
  209.25    4.95    0.00    4.95
  214.02    4.97    0.00    4.97
  218.79    5.00    0.00    5.00
  228.33    5.05    0.00    5.05
  237.87    5.09    0.00    5.09
  247.40    5.13    0.00    5.13
  256.94    5.17    0.00    5.17
  266.48    5.21    0.00    5.21
  276.01    5.25    0.00    5.25
  285.55    5.29    0.00    5.29
  290.32    5.31    0.00    5.31
  295.09    5.33    0.00    5.33
  299.86    5.35    0.00    5.35
  304.63    5.37    0.00    5.37
  314.16    5.41    0.00    5.41
  323.70    5.44    0.00    5.44
  333.24    5.48    0.00    5.48
  342.78    5.50    0.00    5.50
  352.31    5.53    0.00    5.53
  361.85    5.56    0.00    5.56
  371.39    5.59    0.00    5.59
  380.93    5.63    0.00    5.63
   37.60    4.33    0.00    4.33
   40.36    4.34    0.00    4.34
   43.23    4.39    0.00    4.39
   46.09    4.45    0.00    4.45
   48.95    4.51    0.00    4.51
   51.81    4.55    0.00    4.55
   54.67    4.60    0.00    4.60
   57.53    4.64    0.00    4.64
   60.40    4.67    0.00    4.67
   63.26    4.70    0.00    4.70
   66.12    4.72    0.00    4.72
   70.89    4.73    0.00    4.73
   75.66    4.73    0.00    4.73
   80.43    4.71    0.00    4.71
   85.20    4.68    0.00    4.68
   89.97    4.63    0.00    4.63
   94.74    4.57    0.00    4.57
   99.51    4.51    0.00    4.51
  104.28    4.46    0.00    4.46
  158.58    4.69    0.00    4.69
  161.51    4.71    0.00    4.71
  166.28    4.74    0.00    4.74
  171.05    4.76    0.00    4.76
  175.82    4.78    0.00    4.78
  180.59    4.81    0.00    4.81
  185.36    4.83    0.00    4.83
  190.13    4.85    0.00    4.85
  194.90    4.88    0.00    4.88
  199.67    4.90    0.00    4.90
  204.44    4.92    0.00    4.92
  209.21    4.95    0.00    4.95
  213.98    4.97    0.00    4.97
  218.75    5.00    0.00    5.00
  228.29    5.05    0.00    5.05
  237.83    5.09    0.00    5.09
  247.37    5.13    0.00    5.13
  256.91    5.17    0.00    5.17
  266.45    5.21    0.00    5.21
  275.99    5.25    0.00    5.25
  285.53    5.29    0.00    5.29
  290.30    5.31    0.00    5.31
  295.07    5.33    0.00    5.33
  299.84    5.35    0.00    5.35
  304.61    5.37    0.00    5.37
  314.14    5.41    0.00    5.41
  323.69    5.44    0.00    5.44
  333.22    5.48    0.00    5.48
  342.76    5.50    0.00    5.50
  352.30    5.53    0.00    5.53
  361.84    5.56    0.00    5.56
  371.38    5.59    0.00    5.59
  380.92    5.64    0.00    5.64
   37.05    4.32    0.00    4.32
   40.28    4.33    0.00    4.33
   43.14    4.39    0.00    4.39
   46.00    4.45    0.00    4.45
   48.87    4.50    0.00    4.50
   51.73    4.55    0.00    4.55
   54.59    4.59    0.00    4.59
   57.45    4.63    0.00    4.63
   60.32    4.66    0.00    4.66
   63.18    4.69    0.00    4.69
   66.04    4.72    0.00    4.72
   70.81    4.74    0.00    4.74
   75.58    4.74    0.00    4.74
   80.35    4.72    0.00    4.72
   85.12    4.69    0.00    4.69
   89.89    4.65    0.00    4.65
   94.67    4.60    0.00    4.60
   99.44    4.54    0.00    4.54
  104.21    4.49    0.00    4.49
  158.74    4.69    0.00    4.69
  161.46    4.71    0.00    4.71
  166.23    4.74    0.00    4.74
  171.00    4.76    0.00    4.76
  175.77    4.78    0.00    4.78
  180.54    4.81    0.00    4.81
  185.31    4.83    0.00    4.83
  190.08    4.85    0.00    4.85
  194.85    4.88    0.00    4.88
  199.62    4.90    0.00    4.90
  204.40    4.92    0.00    4.92
  209.17    4.95    0.00    4.95
  213.94    4.97    0.00    4.97
  218.71    5.00    0.00    5.00
  228.25    5.05    0.00    5.05
  237.79    5.09    0.00    5.09
  247.33    5.13    0.00    5.13
  256.88    5.17    0.00    5.17
  266.42    5.21    0.00    5.21
  275.96    5.25    0.00    5.25
  285.50    5.29    0.00    5.29
  290.27    5.31    0.00    5.31
  295.04    5.33    0.00    5.33
  299.81    5.35    0.00    5.35
  304.58    5.37    0.00    5.37
  314.12    5.41    0.00    5.41
  323.67    5.44    0.00    5.44
  333.21    5.48    0.00    5.48
  342.75    5.50    0.00    5.50
  352.29    5.53    0.00    5.53
  361.83    5.56    0.00    5.56
  371.38    5.59    0.00    5.59
  380.92    5.64    0.00    5.64
   36.50    4.31    0.00    4.31
   40.27    4.33    0.00    4.33
   43.13    4.38    0.00    4.38
   45.99    4.44    0.00    4.44
   48.85    4.50    0.00    4.50
   51.72    4.54    0.00    4.54
   54.58    4.59    0.00    4.59
   57.44    4.62    0.00    4.62
   60.30    4.66    0.00    4.66
   63.17    4.69    0.00    4.69
   66.03    4.72    0.00    4.72
   70.80    4.74    0.00    4.74
   75.57    4.75    0.00    4.75
   80.34    4.73    0.00    4.73
   85.11    4.70    0.00    4.70
   89.88    4.67    0.00    4.67
   94.66    4.62    0.00    4.62
   99.43    4.57    0.00    4.57
  104.20    4.52    0.00    4.52
  108.97    4.47    0.00    4.47
  158.89    4.69    0.00    4.69
  161.45    4.71    0.00    4.71
  166.22    4.74    0.00    4.74
  170.99    4.76    0.00    4.76
  175.76    4.78    0.00    4.78
  180.53    4.81    0.00    4.81
  185.30    4.83    0.00    4.83
  190.07    4.85    0.00    4.85
  194.85    4.88    0.00    4.88
  199.62    4.90    0.00    4.90
  204.39    4.92    0.00    4.92
  209.16    4.95    0.00    4.95
  213.93    4.97    0.00    4.97
  218.70    5.00    0.00    5.00
  228.24    5.05    0.00    5.05
  237.79    5.09    0.00    5.09
  247.33    5.13    0.00    5.13
  256.87    5.17    0.00    5.17
  266.41    5.21    0.00    5.21
  275.95    5.25    0.00    5.25
  285.50    5.29    0.00    5.29
  290.27    5.31    0.00    5.31
  295.04    5.33    0.00    5.33
  299.81    5.35    0.00    5.35
  304.58    5.37    0.00    5.37
  314.12    5.41    0.00    5.41
  323.66    5.44    0.00    5.44
  333.21    5.48    0.00    5.48
  342.75    5.50    0.00    5.50
  352.29    5.53    0.00    5.53
  361.83    5.56    0.00    5.56
  371.37    5.59    0.00    5.59
  380.92    5.64    0.00    5.64
   37.51    4.31    0.00    4.31
   40.38    4.32    0.00    4.32
   43.24    4.37    0.00    4.37
   46.10    4.43    0.00    4.43
   48.96    4.49    0.00    4.49
   51.82    4.53    0.00    4.53
   54.68    4.58    0.00    4.58
   57.55    4.62    0.00    4.62
   60.41    4.66    0.00    4.66
   63.27    4.69    0.00    4.69
   66.13    4.71    0.00    4.71
   70.90    4.74    0.00    4.74
   75.67    4.75    0.00    4.75
   80.44    4.74    0.00    4.74
   85.21    4.72    0.00    4.72
   89.98    4.69    0.00    4.69
   94.75    4.64    0.00    4.64
   99.52    4.59    0.00    4.59
  104.29    4.53    0.00    4.53
  109.06    4.48    0.00    4.48
  159.04    4.69    0.00    4.69
  161.52    4.71    0.00    4.71
  166.29    4.74    0.00    4.74
  171.06    4.76    0.00    4.76
  175.83    4.78    0.00    4.78
  180.60    4.81    0.00    4.81
  185.37    4.83    0.00    4.83
  190.14    4.85    0.00    4.85
  194.91    4.88    0.00    4.88
  199.68    4.90    0.00    4.90
  204.45    4.92    0.00    4.92
  209.22    4.95    0.00    4.95
  213.99    4.97    0.00    4.97
  218.76    5.00    0.00    5.00
  228.30    5.05    0.00    5.05
  237.84    5.09    0.00    5.09
  247.37    5.13    0.00    5.13
  256.91    5.17    0.00    5.17
  266.45    5.21    0.00    5.21
  275.99    5.25    0.00    5.25
  285.53    5.29    0.00    5.29
  290.30    5.31    0.00    5.31
  295.07    5.33    0.00    5.33
  299.84    5.35    0.00    5.35
  304.61    5.37    0.00    5.37
  314.15    5.41    0.00    5.41
  323.69    5.44    0.00    5.44
  333.23    5.48    0.00    5.48
  342.76    5.50    0.00    5.50
  352.30    5.53    0.00    5.53
  361.84    5.56    0.00    5.56
  371.38    5.59    0.00    5.59
  380.92    5.64    0.00    5.64
   35.39    4.28    0.00    4.28
   37.41    4.30    0.00    4.30
   40.27    4.31    0.00    4.31
   43.13    4.37    0.00    4.37
   45.99    4.43    0.00    4.43
   48.86    4.48    0.00    4.48
   51.72    4.53    0.00    4.53
   54.58    4.57    0.00    4.57
   57.45    4.62    0.00    4.62
   60.31    4.65    0.00    4.65
   63.17    4.69    0.00    4.69
   66.03    4.71    0.00    4.71
   70.80    4.74    0.00    4.74
   75.57    4.75    0.00    4.75
   80.34    4.75    0.00    4.75
   85.12    4.73    0.00    4.73
   89.89    4.69    0.00    4.69
   94.66    4.66    0.00    4.66
   99.43    4.60    0.00    4.60
  104.20    4.55    0.00    4.55
  108.97    4.49    0.00    4.49
  159.20    4.69    0.00    4.69
  159.20    4.71    0.00    4.71
  166.22    4.74    0.00    4.74
  170.99    4.76    0.00    4.76
  175.76    4.78    0.00    4.78
  180.54    4.81    0.00    4.81
  185.31    4.83    0.00    4.83
  190.08    4.85    0.00    4.85
  194.85    4.88    0.00    4.88
  199.62    4.90    0.00    4.90
  204.39    4.92    0.00    4.92
  209.16    4.95    0.00    4.95
  213.93    4.97    0.00    4.97
  218.70    5.00    0.00    5.00
  228.25    5.05    0.00    5.05
  237.79    5.09    0.00    5.09
  247.33    5.13    0.00    5.13
  256.87    5.17    0.00    5.17
  266.41    5.21    0.00    5.21
  275.95    5.25    0.00    5.25
  285.50    5.29    0.00    5.29
  290.27    5.31    0.00    5.31
  295.04    5.33    0.00    5.33
  299.81    5.35    0.00    5.35
  304.58    5.37    0.00    5.37
  314.12    5.41    0.00    5.41
  323.67    5.44    0.00    5.44
  333.21    5.48    0.00    5.48
  342.75    5.50    0.00    5.50
  352.29    5.53    0.00    5.53
  361.83    5.56    0.00    5.56
  370.55    5.59    0.00    5.59
   34.84    4.27    0.00    4.27
   37.41    4.29    0.00    4.29
   40.27    4.30    0.00    4.30
   43.13    4.36    0.00    4.36
   46.00    4.42    0.00    4.42
   48.86    4.47    0.00    4.47
   51.72    4.52    0.00    4.52
   54.58    4.57    0.00    4.57
   57.45    4.61    0.00    4.61
   60.31    4.65    0.00    4.65
   63.17    4.68    0.00    4.68
   66.03    4.71    0.00    4.71
   70.81    4.74    0.00    4.74
   75.58    4.75    0.00    4.75
   80.35    4.75    0.00    4.75
   85.12    4.73    0.00    4.73
   89.89    4.71    0.00    4.71
   94.66    4.67    0.00    4.67
   99.43    4.62    0.00    4.62
  104.20    4.57    0.00    4.57
  108.97    4.50    0.00    4.50
  159.35    4.70    0.00    4.70
  166.22    4.74    0.00    4.74
  171.00    4.76    0.00    4.76
  175.77    4.78    0.00    4.78
  180.54    4.81    0.00    4.81
  185.31    4.83    0.00    4.83
  190.08    4.85    0.00    4.85
  194.85    4.88    0.00    4.88
  199.62    4.90    0.00    4.90
  204.39    4.92    0.00    4.92
  209.16    4.95    0.00    4.95
  213.93    4.97    0.00    4.97
  218.70    5.00    0.00    5.00
  228.25    5.05    0.00    5.05
  237.79    5.09    0.00    5.09
  247.33    5.13    0.00    5.13
  256.87    5.17    0.00    5.17
  266.41    5.21    0.00    5.21
  275.96    5.25    0.00    5.25
  285.50    5.29    0.00    5.29
  290.27    5.31    0.00    5.31
  295.04    5.33    0.00    5.33
  299.81    5.35    0.00    5.35
  304.58    5.37    0.00    5.37
  314.12    5.41    0.00    5.41
  323.67    5.44    0.00    5.44
  333.21    5.48    0.00    5.48
  342.75    5.50    0.00    5.50
  352.29    5.53    0.00    5.53
  358.70    5.55    0.00    5.55
   34.50    4.25    0.00    4.25
   37.46    4.29    0.00    4.29
   40.32    4.29    0.00    4.29
   43.19    4.35    0.00    4.35
   46.05    4.41    0.00    4.41
   48.91    4.46    0.00    4.46
   51.77    4.52    0.00    4.52
   54.63    4.56    0.00    4.56
   57.50    4.60    0.00    4.60
   60.36    4.64    0.00    4.64
   63.22    4.68    0.00    4.68
   66.08    4.71    0.00    4.71
   70.85    4.75    0.00    4.75
   75.62    4.76    0.00    4.76
   80.39    4.76    0.00    4.76
   85.16    4.74    0.00    4.74
   89.94    4.72    0.00    4.72
   94.70    4.68    0.00    4.68
   99.47    4.63    0.00    4.63
  104.25    4.58    0.00    4.58
  109.02    4.51    0.00    4.51
  159.50    4.70    0.00    4.70
  166.26    4.74    0.00    4.74
  171.03    4.76    0.00    4.76
  175.80    4.78    0.00    4.78
  180.57    4.81    0.00    4.81
  185.34    4.83    0.00    4.83
  190.11    4.85    0.00    4.85
  194.88    4.88    0.00    4.88
  199.65    4.90    0.00    4.90
  204.42    4.92    0.00    4.92
  209.19    4.95    0.00    4.95
  213.96    4.97    0.00    4.97
  218.73    5.00    0.00    5.00
  228.27    5.05    0.00    5.05
  237.81    5.09    0.00    5.09
  247.35    5.13    0.00    5.13
  256.89    5.17    0.00    5.17
  266.43    5.21    0.00    5.21
  275.97    5.25    0.00    5.25
  285.51    5.29    0.00    5.29
  290.29    5.31    0.00    5.31
  295.06    5.33    0.00    5.33
  299.82    5.35    0.00    5.35
  304.60    5.37    0.00    5.37
  314.14    5.41    0.00    5.41
  323.68    5.44    0.00    5.44
  333.22    5.48    0.00    5.48
  342.76    5.50    0.00    5.50
  352.30    5.53    0.00    5.53
   34.22    4.25    0.00    4.25
   37.52    4.28    0.00    4.28
   40.38    4.28    0.00    4.28
   43.24    4.35    0.00    4.35
   46.10    4.40    0.00    4.40
   48.97    4.46    0.00    4.46
   51.83    4.51    0.00    4.51
   54.69    4.56    0.00    4.56
   57.55    4.60    0.00    4.60
   60.41    4.64    0.00    4.64
   63.27    4.67    0.00    4.67
   66.14    4.71    0.00    4.71
   70.91    4.75    0.00    4.75
   75.68    4.76    0.00    4.76
   80.44    4.76    0.00    4.76
   85.22    4.75    0.00    4.75
   89.98    4.73    0.00    4.73
   94.75    4.69    0.00    4.69
   99.52    4.65    0.00    4.65
  104.29    4.59    0.00    4.59
  109.06    4.52    0.00    4.52
  159.66    4.70    0.00    4.70
  166.30    4.74    0.00    4.74
  171.06    4.76    0.00    4.76
  175.84    4.78    0.00    4.78
  180.60    4.81    0.00    4.81
  185.37    4.83    0.00    4.83
  190.14    4.85    0.00    4.85
  194.91    4.88    0.00    4.88
  199.68    4.90    0.00    4.90
  204.45    4.92    0.00    4.92
  209.22    4.95    0.00    4.95
  213.99    4.97    0.00    4.97
  218.76    5.00    0.00    5.00
  228.30    5.05    0.00    5.05
  237.84    5.09    0.00    5.09
  247.38    5.13    0.00    5.13
  256.92    5.17    0.00    5.17
  266.45    5.21    0.00    5.21
  275.99    5.25    0.00    5.25
  285.53    5.29    0.00    5.29
  290.30    5.31    0.00    5.31
  295.07    5.33    0.00    5.33
  299.84    5.35    0.00    5.35
  304.61    5.37    0.00    5.37
  314.15    5.41    0.00    5.41
  323.69    5.44    0.00    5.44
  333.23    5.48    0.00    5.48
   34.02    4.23    0.00    4.23
   37.52    4.27    0.00    4.27
   40.38    4.27    0.00    4.27
   43.24    4.34    0.00    4.34
   46.10    4.40    0.00    4.40
   48.97    4.45    0.00    4.45
   51.83    4.50    0.00    4.50
   54.69    4.55    0.00    4.55
   57.55    4.60    0.00    4.60
   60.41    4.63    0.00    4.63
   63.27    4.67    0.00    4.67
   66.14    4.71    0.00    4.71
   70.91    4.74    0.00    4.74
   75.67    4.76    0.00    4.76
   80.44    4.77    0.00    4.77
   85.21    4.76    0.00    4.76
   89.98    4.74    0.00    4.74
   94.75    4.70    0.00    4.70
   99.52    4.66    0.00    4.66
  104.29    4.61    0.00    4.61
  109.06    4.53    0.00    4.53
  159.81    4.70    0.00    4.70
  166.29    4.74    0.00    4.74
  171.06    4.76    0.00    4.76
  175.83    4.78    0.00    4.78
  180.60    4.81    0.00    4.81
  185.37    4.83    0.00    4.83
  190.14    4.85    0.00    4.85
  194.91    4.88    0.00    4.88
  199.68    4.90    0.00    4.90
  204.45    4.92    0.00    4.92
  209.22    4.95    0.00    4.95
  213.99    4.97    0.00    4.97
  218.76    5.00    0.00    5.00
  228.30    5.05    0.00    5.05
  237.84    5.09    0.00    5.09
  247.38    5.13    0.00    5.13
  256.92    5.17    0.00    5.17
  266.45    5.21    0.00    5.21
  275.99    5.25    0.00    5.25
  285.53    5.29    0.00    5.29
  290.30    5.31    0.00    5.31
  295.07    5.33    0.00    5.33
  299.84    5.35    0.00    5.35
  304.61    5.37    0.00    5.37
  314.15    5.41    0.00    5.41
  323.13    5.44    0.00    5.44
   33.81    4.22    0.00    4.22
   37.61    4.26    0.00    4.26
   40.47    4.26    0.00    4.26
   43.33    4.33    0.00    4.33
   46.19    4.39    0.00    4.39
   49.05    4.44    0.00    4.44
   51.91    4.49    0.00    4.49
   54.77    4.54    0.00    4.54
   57.63    4.59    0.00    4.59
   60.49    4.63    0.00    4.63
   63.35    4.67    0.00    4.67
   66.22    4.70    0.00    4.70
   70.98    4.74    0.00    4.74
   75.75    4.76    0.00    4.76
   80.52    4.77    0.00    4.77
   85.29    4.77    0.00    4.77
   90.06    4.74    0.00    4.74
   94.83    4.71    0.00    4.71
   99.59    4.67    0.00    4.67
  104.36    4.62    0.00    4.62
  109.13    4.55    0.00    4.55
  113.90    4.50    0.00    4.50
  159.96    4.70    0.00    4.70
  166.35    4.74    0.00    4.74
  171.12    4.76    0.00    4.76
  175.89    4.78    0.00    4.78
  180.66    4.81    0.00    4.81
  185.42    4.83    0.00    4.83
  190.19    4.85    0.00    4.85
  194.96    4.88    0.00    4.88
  199.73    4.90    0.00    4.90
  204.50    4.92    0.00    4.92
  209.27    4.95    0.00    4.95
  214.03    4.97    0.00    4.97
  218.80    5.00    0.00    5.00
  228.34    5.05    0.00    5.05
  237.88    5.09    0.00    5.09
  247.41    5.13    0.00    5.13
  256.95    5.17    0.00    5.17
  266.49    5.21    0.00    5.21
  276.02    5.25    0.00    5.25
  285.56    5.29    0.00    5.29
  290.33    5.31    0.00    5.31
  295.10    5.33    0.00    5.33
  299.87    5.35    0.00    5.35
  304.63    5.37    0.00    5.37
  311.27    5.41    0.00    5.41
   34.89    4.22    0.00    4.22
   37.75    4.26    0.00    4.26
   40.61    4.26    0.00    4.26
   43.47    4.32    0.00    4.32
   46.33    4.38    0.00    4.38
   49.19    4.43    0.00    4.43
   52.05    4.49    0.00    4.49
   54.91    4.54    0.00    4.54
   57.77    4.59    0.00    4.59
   60.63    4.63    0.00    4.63
   63.49    4.67    0.00    4.67
   66.35    4.70    0.00    4.70
   71.11    4.74    0.00    4.74
   75.88    4.76    0.00    4.76
   80.65    4.77    0.00    4.77
   85.41    4.77    0.00    4.77
   90.18    4.75    0.00    4.75
   94.95    4.72    0.00    4.72
   99.71    4.69    0.00    4.69
  104.48    4.63    0.00    4.63
  109.25    4.57    0.00    4.57
  114.01    4.51    0.00    4.51
  160.12    4.70    0.00    4.70
  166.44    4.74    0.00    4.74
  171.21    4.76    0.00    4.76
  175.98    4.79    0.00    4.79
  180.74    4.81    0.00    4.81
  185.51    4.83    0.00    4.83
  190.28    4.85    0.00    4.85
  195.04    4.88    0.00    4.88
  199.81    4.90    0.00    4.90
  204.57    4.92    0.00    4.92
  209.34    4.95    0.00    4.95
  214.11    4.97    0.00    4.97
  218.87    5.00    0.00    5.00
  228.41    5.05    0.00    5.05
  237.94    5.09    0.00    5.09
  247.47    5.13    0.00    5.13
  257.01    5.17    0.00    5.17
  266.54    5.21    0.00    5.21
  276.07    5.25    0.00    5.25
  285.61    5.29    0.00    5.29
  290.37    5.31    0.00    5.31
  295.15    5.33    0.00    5.33
  299.90    5.35    0.00    5.35
  304.65    5.37    0.00    5.37
   33.41    4.19    0.00    4.19
   34.96    4.23    0.00    4.23
   37.82    4.25    0.00    4.25
   40.68    4.25    0.00    4.25
   43.54    4.32    0.00    4.32
   46.40    4.37    0.00    4.37
   49.26    4.43    0.00    4.43
   52.12    4.49    0.00    4.49
   54.98    4.53    0.00    4.53
   57.84    4.58    0.00    4.58
   60.70    4.62    0.00    4.62
   63.55    4.66    0.00    4.66
   66.41    4.70    0.00    4.70
   71.18    4.74    0.00    4.74
   75.94    4.76    0.00    4.76
   80.71    4.77    0.00    4.77
   85.48    4.77    0.00    4.77
   90.24    4.76    0.00    4.76
   95.01    4.73    0.00    4.73
   99.77    4.69    0.00    4.69
  104.54    4.64    0.00    4.64
  109.30    4.58    0.00    4.58
  114.07    4.53    0.00    4.53
  160.27    4.70    0.00    4.70
  166.49    4.74    0.00    4.74
  171.25    4.76    0.00    4.76
  176.02    4.79    0.00    4.79
  180.79    4.81    0.00    4.81
  185.55    4.83    0.00    4.83
  190.32    4.86    0.00    4.86
  195.08    4.88    0.00    4.88
  199.85    4.90    0.00    4.90
  204.61    4.92    0.00    4.92
  209.38    4.95    0.00    4.95
  214.15    4.97    0.00    4.97
  218.91    5.00    0.00    5.00
  228.44    5.05    0.00    5.05
  237.97    5.09    0.00    5.09
  247.50    5.13    0.00    5.13
  257.04    5.17    0.00    5.17
  266.57    5.21    0.00    5.21
  276.10    5.25    0.00    5.25
  285.63    5.29    0.00    5.29
  290.39    5.31    0.00    5.31
   33.20    4.19    0.00    4.19
   34.96    4.22    0.00    4.22
   37.82    4.24    0.00    4.24
   40.68    4.24    0.00    4.24
   43.54    4.31    0.00    4.31
   46.40    4.37    0.00    4.37
   49.26    4.43    0.00    4.43
   52.12    4.48    0.00    4.48
   54.98    4.53    0.00    4.53
   57.84    4.57    0.00    4.57
   60.70    4.62    0.00    4.62
   63.55    4.66    0.00    4.66
   66.41    4.70    0.00    4.70
   71.18    4.74    0.00    4.74
   75.94    4.76    0.00    4.76
   80.71    4.78    0.00    4.78
   85.47    4.78    0.00    4.78
   90.24    4.77    0.00    4.77
   95.01    4.74    0.00    4.74
   99.77    4.70    0.00    4.70
  104.54    4.65    0.00    4.65
  109.30    4.60    0.00    4.60
  114.07    4.54    0.00    4.54
  160.42    4.71    0.00    4.71
  166.49    4.74    0.00    4.74
  171.25    4.76    0.00    4.76
  176.02    4.79    0.00    4.79
  180.79    4.81    0.00    4.81
  185.55    4.83    0.00    4.83
  190.32    4.86    0.00    4.86
  195.08    4.88    0.00    4.88
  199.85    4.90    0.00    4.90
  204.61    4.93    0.00    4.93
  209.38    4.95    0.00    4.95
  214.15    4.97    0.00    4.97
  218.91    5.00    0.00    5.00
  228.44    5.05    0.00    5.05
  237.97    5.09    0.00    5.09
  247.50    5.13    0.00    5.13
  257.03    5.17    0.00    5.17
  266.56    5.21    0.00    5.21
  275.71    5.25    0.00    5.25
   33.00    4.18    0.00    4.18
   35.01    4.22    0.00    4.22
   37.87    4.24    0.00    4.24
   40.72    4.24    0.00    4.24
   43.58    4.30    0.00    4.30
   46.44    4.36    0.00    4.36
   49.30    4.42    0.00    4.42
   52.16    4.48    0.00    4.48
   55.02    4.53    0.00    4.53
   57.88    4.57    0.00    4.57
   60.74    4.62    0.00    4.62
   63.59    4.66    0.00    4.66
   66.45    4.70    0.00    4.70
   71.22    4.74    0.00    4.74
   75.98    4.77    0.00    4.77
   80.75    4.78    0.00    4.78
   85.51    4.79    0.00    4.79
   90.28    4.77    0.00    4.77
   95.04    4.74    0.00    4.74
   99.81    4.71    0.00    4.71
  104.57    4.66    0.00    4.66
  109.34    4.61    0.00    4.61
  114.10    4.54    0.00    4.54
  160.58    4.71    0.00    4.71
  166.52    4.74    0.00    4.74
  171.28    4.76    0.00    4.76
  176.05    4.79    0.00    4.79
  180.81    4.81    0.00    4.81
  185.58    4.83    0.00    4.83
  190.34    4.86    0.00    4.86
  195.11    4.88    0.00    4.88
  199.87    4.90    0.00    4.90
  204.64    4.93    0.00    4.93
  209.40    4.95    0.00    4.95
  214.17    4.97    0.00    4.97
  218.93    5.00    0.00    5.00
  228.46    5.05    0.00    5.05
  237.99    5.09    0.00    5.09
  247.52    5.13    0.00    5.13
  257.05    5.17    0.00    5.17
  263.85    5.21    0.00    5.21
   32.80    4.17    0.00    4.17
   35.05    4.21    0.00    4.21
   37.91    4.24    0.00    4.24
   40.77    4.23    0.00    4.23
   43.63    4.29    0.00    4.29
   46.49    4.35    0.00    4.35
   49.34    4.41    0.00    4.41
   52.20    4.47    0.00    4.47
   55.06    4.52    0.00    4.52
   57.92    4.57    0.00    4.57
   60.78    4.61    0.00    4.61
   63.64    4.65    0.00    4.65
   66.50    4.69    0.00    4.69
   71.26    4.74    0.00    4.74
   76.03    4.77    0.00    4.77
   80.79    4.78    0.00    4.78
   85.55    4.79    0.00    4.79
   90.32    4.77    0.00    4.77
   95.08    4.75    0.00    4.75
   99.85    4.72    0.00    4.72
  104.61    4.67    0.00    4.67
  109.38    4.61    0.00    4.61
  114.14    4.55    0.00    4.55
  160.73    4.71    0.00    4.71
  166.55    4.74    0.00    4.74
  171.31    4.76    0.00    4.76
  176.08    4.79    0.00    4.79
  180.84    4.81    0.00    4.81
  185.60    4.83    0.00    4.83
  190.37    4.86    0.00    4.86
  195.13    4.88    0.00    4.88
  199.90    4.90    0.00    4.90
  204.66    4.93    0.00    4.93
  209.43    4.95    0.00    4.95
  214.19    4.97    0.00    4.97
  218.96    5.00    0.00    5.00
  228.48    5.05    0.00    5.05
  238.01    5.09    0.00    5.09
  247.54    5.13    0.00    5.13
  257.06    5.17    0.00    5.17
   32.59    4.16    0.00    4.16
   35.06    4.21    0.00    4.21
   37.92    4.23    0.00    4.23
   40.78    4.22    0.00    4.22
   43.63    4.29    0.00    4.29
   46.49    4.35    0.00    4.35
   49.35    4.41    0.00    4.41
   52.21    4.46    0.00    4.46
   55.07    4.52    0.00    4.52
   57.93    4.56    0.00    4.56
   60.78    4.60    0.00    4.60
   63.64    4.64    0.00    4.64
   66.50    4.69    0.00    4.69
   71.27    4.74    0.00    4.74
   76.03    4.77    0.00    4.77
   80.80    4.79    0.00    4.79
   85.56    4.79    0.00    4.79
   90.32    4.77    0.00    4.77
   95.09    4.75    0.00    4.75
   99.85    4.72    0.00    4.72
  104.62    4.67    0.00    4.67
  109.38    4.62    0.00    4.62
  114.14    4.57    0.00    4.57
  118.91    4.52    0.00    4.52
  160.88    4.71    0.00    4.71
  166.55    4.74    0.00    4.74
  171.32    4.76    0.00    4.76
  176.08    4.79    0.00    4.79
  180.84    4.81    0.00    4.81
  185.61    4.83    0.00    4.83
  190.37    4.86    0.00    4.86
  195.14    4.88    0.00    4.88
  199.90    4.90    0.00    4.90
  204.67    4.93    0.00    4.93
  209.43    4.95    0.00    4.95
  214.19    4.97    0.00    4.97
  218.96    5.00    0.00    5.00
  228.49    5.05    0.00    5.05
  238.02    5.09    0.00    5.09
   32.39    4.15    0.00    4.15
   35.07    4.20    0.00    4.20
   37.93    4.22    0.00    4.22
   40.78    4.22    0.00    4.22
   43.64    4.28    0.00    4.28
   46.50    4.34    0.00    4.34
   49.36    4.40    0.00    4.40
   52.22    4.46    0.00    4.46
   55.08    4.51    0.00    4.51
   57.94    4.56    0.00    4.56
   60.80    4.60    0.00    4.60
   63.65    4.64    0.00    4.64
   66.51    4.69    0.00    4.69
   71.28    4.73    0.00    4.73
   76.04    4.77    0.00    4.77
   80.80    4.79    0.00    4.79
   85.57    4.79    0.00    4.79
   90.33    4.78    0.00    4.78
   95.10    4.76    0.00    4.76
   99.86    4.73    0.00    4.73
  104.62    4.69    0.00    4.69
  109.39    4.64    0.00    4.64
  114.15    4.58    0.00    4.58
  118.92    4.53    0.00    4.53
  161.04    4.71    0.00    4.71
  166.56    4.74    0.00    4.74
  171.32    4.76    0.00    4.76
  176.09    4.79    0.00    4.79
  180.85    4.81    0.00    4.81
  185.62    4.83    0.00    4.83
  190.38    4.86    0.00    4.86
  195.14    4.88    0.00    4.88
  199.91    4.90    0.00    4.90
  204.67    4.93    0.00    4.93
  209.44    4.95    0.00    4.95
  214.20    4.97    0.00    4.97
  218.96    5.00    0.00    5.00
  228.29    5.05    0.00    5.05
   33.20    4.15    0.00    4.15
   35.11    4.20    0.00    4.20
   37.97    4.22    0.00    4.22
   40.82    4.21    0.00    4.21
   43.68    4.28    0.00    4.28
   46.54    4.33    0.00    4.33
   49.40    4.39    0.00    4.39
   52.26    4.45    0.00    4.45
   55.12    4.50    0.00    4.50
   57.97    4.55    0.00    4.55
   60.83    4.60    0.00    4.60
   63.69    4.64    0.00    4.64
   66.55    4.69    0.00    4.69
   71.31    4.73    0.00    4.73
   76.08    4.77    0.00    4.77
   80.84    4.79    0.00    4.79
   85.60    4.79    0.00    4.79
   90.37    4.78    0.00    4.78
   95.13    4.77    0.00    4.77
   99.89    4.74    0.00    4.74
  104.66    4.69    0.00    4.69
  109.42    4.64    0.00    4.64
  114.18    4.59    0.00    4.59
  118.95    4.54    0.00    4.54
  161.19    4.71    0.00    4.71
  166.58    4.74    0.00    4.74
  171.35    4.76    0.00    4.76
  176.11    4.79    0.00    4.79
  180.87    4.81    0.00    4.81
  185.64    4.83    0.00    4.83
  190.40    4.86    0.00    4.86
  195.16    4.88    0.00    4.88
  199.93    4.90    0.00    4.90
  204.69    4.93    0.00    4.93
  209.46    4.95    0.00    4.95
  214.22    4.97    0.00    4.97
  218.98    5.00    0.00    5.00
   31.99    4.13    0.00    4.13
   33.24    4.16    0.00    4.16
   35.15    4.20    0.00    4.20
   38.00    4.21    0.00    4.21
   40.86    4.20    0.00    4.20
   43.72    4.27    0.00    4.27
   46.58    4.33    0.00    4.33
   49.43    4.39    0.00    4.39
   52.29    4.45    0.00    4.45
   55.15    4.50    0.00    4.50
   58.01    4.55    0.00    4.55
   60.87    4.60    0.00    4.60
   63.72    4.64    0.00    4.64
   66.58    4.68    0.00    4.68
   71.34    4.73    0.00    4.73
   76.11    4.77    0.00    4.77
   80.87    4.79    0.00    4.79
   85.63    4.80    0.00    4.80
   90.40    4.79    0.00    4.79
   95.16    4.77    0.00    4.77
   99.92    4.74    0.00    4.74
  104.69    4.70    0.00    4.70
  109.45    4.65    0.00    4.65
  114.21    4.60    0.00    4.60
  118.98    4.55    0.00    4.55
  161.34    4.71    0.00    4.71
  166.61    4.74    0.00    4.74
  171.37    4.76    0.00    4.76
  176.13    4.79    0.00    4.79
  180.90    4.81    0.00    4.81
  185.66    4.83    0.00    4.83
  190.42    4.86    0.00    4.86
  195.19    4.88    0.00    4.88
  199.96    4.90    0.00    4.90
  204.71    4.93    0.00    4.93
  209.47    4.95    0.00    4.95
   31.78    4.13    0.00    4.13
   33.28    4.16    0.00    4.16
   35.18    4.19    0.00    4.19
   38.04    4.21    0.00    4.21
   40.90    4.20    0.00    4.20
   43.75    4.26    0.00    4.26
   46.61    4.32    0.00    4.32
   49.47    4.38    0.00    4.38
   52.33    4.44    0.00    4.44
   55.19    4.49    0.00    4.49
   58.04    4.55    0.00    4.55
   60.90    4.59    0.00    4.59
   63.76    4.63    0.00    4.63
   66.61    4.68    0.00    4.68
   71.38    4.73    0.00    4.73
   76.14    4.77    0.00    4.77
   80.90    4.79    0.00    4.79
   85.67    4.80    0.00    4.80
   90.43    4.79    0.00    4.79
   95.19    4.77    0.00    4.77
   99.95    4.75    0.00    4.75
  104.72    4.70    0.00    4.70
  109.48    4.65    0.00    4.65
  114.24    4.60    0.00    4.60
  119.00    4.55    0.00    4.55
  161.50    4.71    0.00    4.71
  166.63    4.74    0.00    4.74
  171.39    4.76    0.00    4.76
  176.16    4.79    0.00    4.79
  180.92    4.81    0.00    4.81
  185.68    4.83    0.00    4.83
  190.45    4.86    0.00    4.86
  195.20    4.88    0.00    4.88
   31.58    4.13    0.00    4.13
   33.31    4.15    0.00    4.15
   35.22    4.19    0.00    4.19
   38.07    4.20    0.00    4.20
   40.93    4.19    0.00    4.19
   43.79    4.26    0.00    4.26
   46.65    4.32    0.00    4.32
   49.50    4.38    0.00    4.38
   52.36    4.44    0.00    4.44
   55.22    4.49    0.00    4.49
   58.08    4.54    0.00    4.54
   60.93    4.59    0.00    4.59
   63.79    4.63    0.00    4.63
   66.65    4.68    0.00    4.68
   71.41    4.73    0.00    4.73
   76.17    4.77    0.00    4.77
   80.93    4.79    0.00    4.79
   85.69    4.80    0.00    4.80
   90.46    4.79    0.00    4.79
   95.22    4.77    0.00    4.77
   99.98    4.75    0.00    4.75
  104.74    4.70    0.00    4.70
  109.51    4.66    0.00    4.66
  114.27    4.60    0.00    4.60
  119.03    4.55    0.00    4.55
  161.65    4.71    0.00    4.71
  166.65    4.74    0.00    4.74
  171.41    4.76    0.00    4.76
  176.18    4.79    0.00    4.79
  180.94    4.81    0.00    4.81
  185.69    4.83    0.00    4.83
   31.38    4.12    0.00    4.12
   33.32    4.15    0.00    4.15
   35.23    4.18    0.00    4.18
   38.09    4.20    0.00    4.20
   40.94    4.19    0.00    4.19
   43.80    4.25    0.00    4.25
   46.66    4.32    0.00    4.32
   49.52    4.37    0.00    4.37
   52.37    4.43    0.00    4.43
   55.23    4.49    0.00    4.49
   58.09    4.54    0.00    4.54
   60.94    4.58    0.00    4.58
   63.80    4.63    0.00    4.63
   66.66    4.68    0.00    4.68
   71.42    4.73    0.00    4.73
   76.18    4.77    0.00    4.77
   80.94    4.79    0.00    4.79
   85.71    4.80    0.00    4.80
   90.47    4.79    0.00    4.79
   95.23    4.78    0.00    4.78
   99.99    4.75    0.00    4.75
  104.75    4.71    0.00    4.71
  109.52    4.66    0.00    4.66
  114.28    4.60    0.00    4.60
  119.04    4.55    0.00    4.55
  161.81    4.71    0.00    4.71
  166.66    4.74    0.00    4.74
  171.42    4.76    0.00    4.76
   31.25    4.12    0.00    4.12
   33.32    4.14    0.00    4.14
   35.22    4.18    0.00    4.18
   38.08    4.20    0.00    4.20
   40.94    4.19    0.00    4.19
   43.80    4.25    0.00    4.25
   46.65    4.31    0.00    4.31
   49.51    4.37    0.00    4.37
   52.37    4.43    0.00    4.43
   55.23    4.48    0.00    4.48
   58.08    4.53    0.00    4.53
   60.94    4.58    0.00    4.58
   63.80    4.63    0.00    4.63
   66.65    4.68    0.00    4.68
   71.42    4.73    0.00    4.73
   76.18    4.77    0.00    4.77
   80.94    4.79    0.00    4.79
   85.70    4.80    0.00    4.80
   90.47    4.80    0.00    4.80
   95.23    4.78    0.00    4.78
   99.99    4.75    0.00    4.75
  104.75    4.71    0.00    4.71
  109.51    4.66    0.00    4.66
  114.28    4.60    0.00    4.60
  119.04    4.55    0.00    4.55
  161.90    4.71    0.00    4.71
   31.23    4.12    0.00    4.12
   33.33    4.14    0.00    4.14
   35.23    4.18    0.00    4.18
   38.09    4.19    0.00    4.19
   40.95    4.19    0.00    4.19
   43.80    4.25    0.00    4.25
   46.66    4.31    0.00    4.31
   49.52    4.37    0.00    4.37
   52.38    4.43    0.00    4.43
   55.23    4.48    0.00    4.48
   58.09    4.53    0.00    4.53
   60.95    4.58    0.00    4.58
   63.80    4.63    0.00    4.63
   66.66    4.67    0.00    4.67
   71.42    4.73    0.00    4.73
   76.19    4.77    0.00    4.77
   80.95    4.79    0.00    4.79
   85.71    4.80    0.00    4.80
   90.47    4.80    0.00    4.80
   95.23    4.78    0.00    4.78
  100.00    4.76    0.00    4.76
  104.76    4.71    0.00    4.71
  109.52    4.66    0.00    4.66
  114.28    4.60    0.00    4.60
  119.04    4.55    0.00    4.55
   31.22    4.11    0.00    4.11
   33.34    4.14    0.00    4.14
   35.25    4.18    0.00    4.18
   38.10    4.20    0.00    4.20
   40.96    4.18    0.00    4.18
   43.82    4.24    0.00    4.24
   46.67    4.30    0.00    4.30
   49.53    4.36    0.00    4.36
   52.39    4.42    0.00    4.42
   55.25    4.47    0.00    4.47
   58.10    4.53    0.00    4.53
   60.96    4.58    0.00    4.58
   63.82    4.62    0.00    4.62
   66.67    4.67    0.00    4.67
   71.44    4.73    0.00    4.73
   76.20    4.77    0.00    4.77
   80.96    4.79    0.00    4.79
   85.72    4.80    0.00    4.80
   90.48    4.80    0.00    4.80
   95.25    4.78    0.00    4.78
  100.01    4.76    0.00    4.76
  104.77    4.71    0.00    4.71
  109.53    4.66    0.00    4.66
  114.29    4.60    0.00    4.60
  119.05    4.55    0.00    4.55
   31.20    4.11    0.00    4.11
   33.35    4.14    0.00    4.14
   35.26    4.18    0.00    4.18
   38.11    4.19    0.00    4.19
   40.97    4.18    0.00    4.18
   43.83    4.24    0.00    4.24
   46.68    4.30    0.00    4.30
   49.54    4.36    0.00    4.36
   52.40    4.42    0.00    4.42
   55.25    4.47    0.00    4.47
   58.11    4.53    0.00    4.53
   60.97    4.58    0.00    4.58
   63.83    4.62    0.00    4.62
   66.68    4.67    0.00    4.67
   71.44    4.72    0.00    4.72
   76.21    4.76    0.00    4.76
   80.97    4.79    0.00    4.79
   85.73    4.80    0.00    4.80
   90.49    4.80    0.00    4.80
   95.25    4.78    0.00    4.78
  100.01    4.76    0.00    4.76
  104.78    4.71    0.00    4.71
  109.54    4.66    0.00    4.66
  114.30    4.60    0.00    4.60
  119.06    4.54    0.00    4.54
   31.18    4.11    0.00    4.11
   33.36    4.14    0.00    4.14
   35.27    4.17    0.00    4.17
   38.12    4.19    0.00    4.19
   40.98    4.18    0.00    4.18
   43.84    4.23    0.00    4.23
   46.70    4.30    0.00    4.30
   49.55    4.35    0.00    4.35
   52.41    4.42    0.00    4.42
   55.27    4.47    0.00    4.47
   58.12    4.52    0.00    4.52
   60.98    4.58    0.00    4.58
   63.84    4.62    0.00    4.62
   66.69    4.67    0.00    4.67
   71.45    4.72    0.00    4.72
   76.22    4.76    0.00    4.76
   80.98    4.79    0.00    4.79
   85.74    4.80    0.00    4.80
   90.50    4.80    0.00    4.80
   95.26    4.78    0.00    4.78
  100.02    4.76    0.00    4.76
  104.79    4.71    0.00    4.71
  109.55    4.66    0.00    4.66
  114.31    4.60    0.00    4.60
  119.07    4.54    0.00    4.54
   31.17    4.11    0.00    4.11
   33.37    4.14    0.00    4.14
   35.28    4.17    0.00    4.17
   38.13    4.19    0.00    4.19
   40.99    4.17    0.00    4.17
   43.85    4.23    0.00    4.23
   46.70    4.29    0.00    4.29
   49.56    4.35    0.00    4.35
   52.42    4.41    0.00    4.41
   55.27    4.47    0.00    4.47
   58.13    4.52    0.00    4.52
   60.99    4.57    0.00    4.57
   63.84    4.62    0.00    4.62
   66.70    4.67    0.00    4.67
   71.46    4.72    0.00    4.72
   76.22    4.76    0.00    4.76
   80.99    4.79    0.00    4.79
   85.75    4.80    0.00    4.80
   90.51    4.80    0.00    4.80
   95.27    4.79    0.00    4.79
  100.03    4.76    0.00    4.76
  104.79    4.71    0.00    4.71
  109.55    4.66    0.00    4.66
  114.32    4.60    0.00    4.60
  119.08    4.54    0.00    4.54
   31.15    4.11    0.00    4.11
   33.38    4.14    0.00    4.14
   35.29    4.17    0.00    4.17
   38.14    4.18    0.00    4.18
   41.00    4.17    0.00    4.17
   43.86    4.23    0.00    4.23
   46.71    4.29    0.00    4.29
   49.57    4.35    0.00    4.35
   52.43    4.41    0.00    4.41
   55.28    4.46    0.00    4.46
   58.14    4.52    0.00    4.52
   61.00    4.57    0.00    4.57
   63.85    4.62    0.00    4.62
   66.71    4.67    0.00    4.67
   71.47    4.72    0.00    4.72
   76.23    4.76    0.00    4.76
   81.00    4.79    0.00    4.79
   85.76    4.80    0.00    4.80
   90.52    4.80    0.00    4.80
   95.28    4.79    0.00    4.79
  100.04    4.76    0.00    4.76
  104.80    4.71    0.00    4.71
  109.56    4.66    0.00    4.66
  114.32    4.59    0.00    4.59
  119.08    4.53    0.00    4.53
   31.14    4.11    0.00    4.11
   33.39    4.13    0.00    4.13
   35.30    4.17    0.00    4.17
   38.16    4.18    0.00    4.18
   41.01    4.17    0.00    4.17
   43.87    4.23    0.00    4.23
   46.73    4.29    0.00    4.29
   49.58    4.35    0.00    4.35
   52.44    4.41    0.00    4.41
   55.30    4.46    0.00    4.46
   58.15    4.52    0.00    4.52
   61.01    4.57    0.00    4.57
   63.87    4.62    0.00    4.62
   66.72    4.67    0.00    4.67
   71.48    4.72    0.00    4.72
   76.24    4.76    0.00    4.76
   81.00    4.80    0.00    4.80
   85.77    4.81    0.00    4.81
   90.53    4.80    0.00    4.80
   95.29    4.79    0.00    4.79
  100.05    4.76    0.00    4.76
  104.81    4.71    0.00    4.71
  109.57    4.66    0.00    4.66
  114.33    4.59    0.00    4.59
  119.09    4.53    0.00    4.53
   31.12    4.10    0.00    4.10
   33.41    4.13    0.00    4.13
   35.31    4.17    0.00    4.17
   38.17    4.18    0.00    4.18
   41.02    4.16    0.00    4.16
   43.88    4.22    0.00    4.22
   46.74    4.29    0.00    4.29
   49.59    4.34    0.00    4.34
   52.45    4.40    0.00    4.40
   55.30    4.46    0.00    4.46
   58.16    4.52    0.00    4.52
   61.02    4.57    0.00    4.57
   63.88    4.61    0.00    4.61
   66.73    4.67    0.00    4.67
   71.49    4.72    0.00    4.72
   76.25    4.76    0.00    4.76
   81.02    4.80    0.00    4.80
   85.78    4.81    0.00    4.81
   90.54    4.80    0.00    4.80
   95.30    4.79    0.00    4.79
  100.06    4.76    0.00    4.76
  104.82    4.71    0.00    4.71
  109.58    4.66    0.00    4.66
  114.34    4.59    0.00    4.59
  119.10    4.53    0.00    4.53
   31.11    4.10    0.00    4.10
   33.41    4.13    0.00    4.13
   35.32    4.17    0.00    4.17
   38.18    4.18    0.00    4.18
   41.03    4.16    0.00    4.16
   43.89    4.22    0.00    4.22
   46.74    4.28    0.00    4.28
   49.60    4.34    0.00    4.34
   52.46    4.40    0.00    4.40
   55.31    4.46    0.00    4.46
   58.17    4.52    0.00    4.52
   61.03    4.56    0.00    4.56
   63.88    4.61    0.00    4.61
   66.74    4.66    0.00    4.66
   71.50    4.72    0.00    4.72
   76.26    4.76    0.00    4.76
   81.02    4.80    0.00    4.80
   85.78    4.81    0.00    4.81
   90.55    4.80    0.00    4.80
   95.31    4.79    0.00    4.79
  100.07    4.76    0.00    4.76
  104.83    4.71    0.00    4.71
  109.59    4.66    0.00    4.66
  114.35    4.59    0.00    4.59
  119.11    4.53    0.00    4.53
   31.09    4.10    0.00    4.10
   33.42    4.13    0.00    4.13
   35.33    4.17    0.00    4.17
   38.19    4.18    0.00    4.18
   41.04    4.16    0.00    4.16
   43.90    4.22    0.00    4.22
   46.75    4.28    0.00    4.28
   49.61    4.34    0.00    4.34
   52.47    4.40    0.00    4.40
   55.32    4.46    0.00    4.46
   58.18    4.52    0.00    4.52
   61.04    4.56    0.00    4.56
   63.89    4.61    0.00    4.61
   66.75    4.66    0.00    4.66
   71.51    4.72    0.00    4.72
   76.27    4.76    0.00    4.76
   81.03    4.80    0.00    4.80
   85.79    4.81    0.00    4.81
   90.55    4.81    0.00    4.81
   95.31    4.79    0.00    4.79
  100.07    4.76    0.00    4.76
  104.83    4.71    0.00    4.71
  109.60    4.66    0.00    4.66
  114.36    4.59    0.00    4.59
  119.12    4.53    0.00    4.53
   31.07    4.10    0.00    4.10
   33.43    4.13    0.00    4.13
   35.34    4.16    0.00    4.16
   38.19    4.17    0.00    4.17
   41.05    4.16    0.00    4.16
   43.90    4.22    0.00    4.22
   46.76    4.28    0.00    4.28
   49.62    4.34    0.00    4.34
   52.47    4.40    0.00    4.40
   55.33    4.46    0.00    4.46
   58.19    4.51    0.00    4.51
   61.04    4.56    0.00    4.56
   63.90    4.61    0.00    4.61
   66.75    4.66    0.00    4.66
   71.52    4.72    0.00    4.72
   76.28    4.76    0.00    4.76
   81.04    4.80    0.00    4.80
   85.80    4.81    0.00    4.81
   90.56    4.81    0.00    4.81
   95.32    4.79    0.00    4.79
  100.08    4.76    0.00    4.76
  104.84    4.71    0.00    4.71
  109.60    4.66    0.00    4.66
  114.36    4.59    0.00    4.59
  121.49    4.51    0.00    4.51
   31.06    4.10    0.00    4.10
   33.44    4.13    0.00    4.13
   35.34    4.16    0.00    4.16
   38.20    4.17    0.00    4.17
   41.05    4.15    0.00    4.15
   43.91    4.21    0.00    4.21
   46.77    4.28    0.00    4.28
   49.62    4.33    0.00    4.33
   52.48    4.40    0.00    4.40
   55.34    4.46    0.00    4.46
   58.19    4.51    0.00    4.51
   61.05    4.56    0.00    4.56
   63.90    4.60    0.00    4.60
   66.76    4.66    0.00    4.66
   71.52    4.72    0.00    4.72
   76.28    4.76    0.00    4.76
   81.04    4.80    0.00    4.80
   85.80    4.81    0.00    4.81
   90.56    4.81    0.00    4.81
   95.32    4.79    0.00    4.79
  100.08    4.76    0.00    4.76
  104.84    4.71    0.00    4.71
  109.61    4.66    0.00    4.66
  114.37    4.57    0.00    4.57
   31.04    4.10    0.00    4.10
   33.45    4.13    0.00    4.13
   35.35    4.16    0.00    4.16
   38.21    4.17    0.00    4.17
   41.06    4.15    0.00    4.15
   43.92    4.21    0.00    4.21
   46.78    4.27    0.00    4.27
   49.63    4.33    0.00    4.33
   52.49    4.39    0.00    4.39
   55.35    4.45    0.00    4.45
   58.20    4.51    0.00    4.51
   61.06    4.55    0.00    4.55
   63.91    4.60    0.00    4.60
   66.77    4.65    0.00    4.65
   71.53    4.72    0.00    4.72
   76.29    4.76    0.00    4.76
   81.05    4.80    0.00    4.80
   85.81    4.81    0.00    4.81
   90.57    4.81    0.00    4.81
   95.33    4.79    0.00    4.79
  100.09    4.76    0.00    4.76
  104.86    4.72    0.00    4.72
  109.61    4.66    0.00    4.66
  114.38    4.57    0.00    4.57
   31.03    4.10    0.00    4.10
   33.48    4.13    0.00    4.13
   35.38    4.16    0.00    4.16
   38.24    4.17    0.00    4.17
   41.09    4.15    0.00    4.15
   43.95    4.21    0.00    4.21
   46.80    4.27    0.00    4.27
   49.66    4.33    0.00    4.33
   52.52    4.39    0.00    4.39
   55.37    4.45    0.00    4.45
   58.23    4.50    0.00    4.50
   61.09    4.55    0.00    4.55
   63.94    4.60    0.00    4.60
   66.80    4.65    0.00    4.65
   71.56    4.72    0.00    4.72
   76.32    4.76    0.00    4.76
   81.08    4.80    0.00    4.80
   85.84    4.81    0.00    4.81
   90.60    4.81    0.00    4.81
   95.36    4.79    0.00    4.79
  100.12    4.76    0.00    4.76
  104.88    4.72    0.00    4.72
  109.64    4.67    0.00    4.67
  114.40    4.60    0.00    4.60
  119.16    4.53    0.00    4.53
   31.01    4.10    0.00    4.10
   33.57    4.13    0.00    4.13
   35.47    4.16    0.00    4.16
   38.33    4.16    0.00    4.16
   41.19    4.15    0.00    4.15
   44.04    4.21    0.00    4.21
   46.90    4.27    0.00    4.27
   49.75    4.33    0.00    4.33
   52.61    4.39    0.00    4.39
   55.46    4.45    0.00    4.45
   58.32    4.50    0.00    4.50
   61.17    4.55    0.00    4.55
   64.03    4.60    0.00    4.60
   66.88    4.65    0.00    4.65
   71.64    4.71    0.00    4.71
   76.40    4.76    0.00    4.76
   81.16    4.80    0.00    4.80
   85.92    4.81    0.00    4.81
   90.68    4.81    0.00    4.81
   95.44    4.80    0.00    4.80
  100.19    4.77    0.00    4.77
  104.95    4.73    0.00    4.73
  109.71    4.68    0.00    4.68
  114.47    4.61    0.00    4.61
  119.23    4.54    0.00    4.54
   31.00    4.10    0.00    4.10
   33.70    4.13    0.00    4.13
   35.60    4.16    0.00    4.16
   38.45    4.16    0.00    4.16
   41.31    4.15    0.00    4.15
   44.16    4.20    0.00    4.20
   47.02    4.27    0.00    4.27
   49.87    4.33    0.00    4.33
   52.73    4.39    0.00    4.39
   55.58    4.45    0.00    4.45
   58.44    4.50    0.00    4.50
   61.29    4.55    0.00    4.55
   64.14    4.60    0.00    4.60
   67.00    4.65    0.00    4.65
   71.75    4.71    0.00    4.71
   76.51    4.76    0.00    4.76
   81.27    4.80    0.00    4.80
   86.03    4.81    0.00    4.81
   90.78    4.81    0.00    4.81
   95.54    4.80    0.00    4.80
  100.30    4.77    0.00    4.77
  105.06    4.73    0.00    4.73
  109.81    4.68    0.00    4.68
  114.57    4.62    0.00    4.62
  119.33    4.55    0.00    4.55
   31.93    4.10    0.00    4.10
   33.83    4.13    0.00    4.13
   35.74    4.15    0.00    4.15
   38.59    4.16    0.00    4.16
   41.44    4.15    0.00    4.15
   44.30    4.20    0.00    4.20
   47.15    4.27    0.00    4.27
   50.00    4.33    0.00    4.33
   52.85    4.39    0.00    4.39
   55.71    4.45    0.00    4.45
   58.56    4.50    0.00    4.50
   61.41    4.55    0.00    4.55
   64.27    4.60    0.00    4.60
   67.12    4.65    0.00    4.65
   71.88    4.71    0.00    4.71
   76.63    4.76    0.00    4.76
   81.39    4.80    0.00    4.80
   86.14    4.81    0.00    4.81
   90.90    4.82    0.00    4.82
   95.65    4.81    0.00    4.81
  100.41    4.78    0.00    4.78
  105.17    4.74    0.00    4.74
  109.92    4.69    0.00    4.69
  114.68    4.63    0.00    4.63
  119.43    4.56    0.00    4.56
   30.96    4.08    0.00    4.08
   32.03    4.10    0.00    4.10
   33.93    4.13    0.00    4.13
   35.83    4.15    0.00    4.15
   38.69    4.16    0.00    4.16
   41.54    4.15    0.00    4.15
   44.39    4.20    0.00    4.20
   47.24    4.27    0.00    4.27
   50.10    4.33    0.00    4.33
   52.95    4.39    0.00    4.39
   55.80    4.45    0.00    4.45
   58.65    4.50    0.00    4.50
   61.51    4.55    0.00    4.55
   64.36    4.60    0.00    4.60
   67.21    4.65    0.00    4.65
   71.97    4.71    0.00    4.71
   76.72    4.76    0.00    4.76
   81.47    4.80    0.00    4.80
   86.23    4.81    0.00    4.81
   90.98    4.82    0.00    4.82
   95.74    4.81    0.00    4.81
  100.49    4.79    0.00    4.79
  105.25    4.75    0.00    4.75
  110.00    4.70    0.00    4.70
  114.75    4.64    0.00    4.64
  119.51    4.57    0.00    4.57
   31.09    4.08    0.00    4.08
   32.11    4.10    0.00    4.10
   34.01    4.13    0.00    4.13
   35.92    4.15    0.00    4.15
   38.77    4.17    0.00    4.17
   41.62    4.15    0.00    4.15
   44.47    4.20    0.00    4.20
   47.32    4.27    0.00    4.27
   50.17    4.33    0.00    4.33
   53.03    4.38    0.00    4.38
   55.88    4.45    0.00    4.45
   58.73    4.50    0.00    4.50
   61.58    4.55    0.00    4.55
   64.43    4.60    0.00    4.60
   67.29    4.65    0.00    4.65
   72.04    4.72    0.00    4.72
   76.79    4.76    0.00    4.76
   81.55    4.80    0.00    4.80
   86.30    4.82    0.00    4.82
   91.05    4.82    0.00    4.82
   95.80    4.81    0.00    4.81
  100.56    4.79    0.00    4.79
  105.31    4.76    0.00    4.76
  110.06    4.72    0.00    4.72
  114.82    4.66    0.00    4.66
  119.57    4.59    0.00    4.59
   31.30    4.09    0.00    4.09
   31.30    4.10    0.00    4.10
   34.10    4.13    0.00    4.13
   36.00    4.16    0.00    4.16
   38.85    4.17    0.00    4.17
   41.70    4.15    0.00    4.15
   44.55    4.20    0.00    4.20
   47.40    4.27    0.00    4.27
   50.25    4.33    0.00    4.33
   53.10    4.38    0.00    4.38
   55.95    4.45    0.00    4.45
   58.81    4.50    0.00    4.50
   61.66    4.55    0.00    4.55
   64.51    4.60    0.00    4.60
   67.36    4.65    0.00    4.65
   72.11    4.71    0.00    4.71
   76.86    4.76    0.00    4.76
   81.62    4.80    0.00    4.80
   86.37    4.82    0.00    4.82
   91.12    4.83    0.00    4.83
   95.87    4.81    0.00    4.81
  100.62    4.80    0.00    4.80
  105.38    4.77    0.00    4.77
  110.13    4.72    0.00    4.72
  114.88    4.67    0.00    4.67
  119.63    4.61    0.00    4.61
  124.38    4.55    0.00    4.55
   31.52    4.10    0.00    4.10
   34.16    4.13    0.00    4.13
   36.06    4.16    0.00    4.16
   38.91    4.17    0.00    4.17
   41.76    4.15    0.00    4.15
   44.61    4.20    0.00    4.20
   47.46    4.27    0.00    4.27
   50.31    4.33    0.00    4.33
   53.16    4.38    0.00    4.38
   56.01    4.44    0.00    4.44
   58.86    4.50    0.00    4.50
   61.71    4.55    0.00    4.55
   64.56    4.60    0.00    4.60
   67.42    4.65    0.00    4.65
   72.17    4.71    0.00    4.71
   76.92    4.76    0.00    4.76
   81.67    4.80    0.00    4.80
   86.42    4.82    0.00    4.82
   91.17    4.83    0.00    4.83
   95.92    4.82    0.00    4.82
  100.67    4.80    0.00    4.80
  105.42    4.77    0.00    4.77
  110.18    4.73    0.00    4.73
  114.93    4.68    0.00    4.68
  119.68    4.62    0.00    4.62
  124.43    4.56    0.00    4.56
   31.73    4.10    0.00    4.10
   34.19    4.13    0.00    4.13
   36.09    4.16    0.00    4.16
   38.94    4.17    0.00    4.17
   41.79    4.14    0.00    4.14
   44.64    4.20    0.00    4.20
   47.49    4.27    0.00    4.27
   50.34    4.33    0.00    4.33
   53.19    4.38    0.00    4.38
   56.04    4.44    0.00    4.44
   58.89    4.49    0.00    4.49
   61.74    4.55    0.00    4.55
   64.59    4.60    0.00    4.60
   67.44    4.65    0.00    4.65
   72.19    4.71    0.00    4.71
   76.94    4.76    0.00    4.76
   81.70    4.80    0.00    4.80
   86.45    4.82    0.00    4.82
   91.20    4.83    0.00    4.83
   95.95    4.82    0.00    4.82
  100.70    4.81    0.00    4.81
  105.45    4.78    0.00    4.78
  110.20    4.74    0.00    4.74
  114.95    4.69    0.00    4.69
  119.70    4.63    0.00    4.63
  124.45    4.57    0.00    4.57
   31.95    4.10    0.00    4.10
   34.23    4.13    0.00    4.13
   36.13    4.16    0.00    4.16
   38.98    4.17    0.00    4.17
   41.83    4.14    0.00    4.14
   44.68    4.20    0.00    4.20
   47.53    4.26    0.00    4.26
   50.38    4.33    0.00    4.33
   53.23    4.38    0.00    4.38
   56.08    4.44    0.00    4.44
   58.93    4.49    0.00    4.49
   61.78    4.54    0.00    4.54
   64.63    4.59    0.00    4.59
   67.48    4.64    0.00    4.64
   72.23    4.71    0.00    4.71
   76.98    4.76    0.00    4.76
   81.73    4.80    0.00    4.80
   86.48    4.82    0.00    4.82
   91.23    4.83    0.00    4.83
   95.98    4.83    0.00    4.83
  100.73    4.81    0.00    4.81
  105.48    4.78    0.00    4.78
  110.23    4.75    0.00    4.75
  114.99    4.70    0.00    4.70
  119.74    4.64    0.00    4.64
  124.49    4.58    0.00    4.58
   32.16    4.10    0.00    4.10
   34.28    4.13    0.00    4.13
   36.18    4.16    0.00    4.16
   39.03    4.17    0.00    4.17
   41.88    4.14    0.00    4.14
   44.73    4.20    0.00    4.20
   47.58    4.26    0.00    4.26
   50.43    4.33    0.00    4.33
   53.28    4.38    0.00    4.38
   56.13    4.44    0.00    4.44
   58.98    4.49    0.00    4.49
   61.83    4.54    0.00    4.54
   64.68    4.59    0.00    4.59
   67.53    4.64    0.00    4.64
   72.28    4.71    0.00    4.71
   77.03    4.75    0.00    4.75
   81.78    4.79    0.00    4.79
   86.52    4.82    0.00    4.82
   91.27    4.83    0.00    4.83
   96.02    4.83    0.00    4.83
  100.77    4.81    0.00    4.81
  105.52    4.79    0.00    4.79
  110.27    4.76    0.00    4.76
  115.02    4.71    0.00    4.71
  119.77    4.65    0.00    4.65
  124.52    4.59    0.00    4.59
   32.38    4.11    0.00    4.11
   34.31    4.13    0.00    4.13
   36.21    4.16    0.00    4.16
   39.06    4.17    0.00    4.17
   41.91    4.15    0.00    4.15
   44.76    4.20    0.00    4.20
   47.61    4.26    0.00    4.26
   50.45    4.33    0.00    4.33
   53.30    4.38    0.00    4.38
   56.15    4.44    0.00    4.44
   59.00    4.49    0.00    4.49
   61.85    4.54    0.00    4.54
   64.70    4.59    0.00    4.59
   67.55    4.64    0.00    4.64
   72.30    4.71    0.00    4.71
   77.05    4.75    0.00    4.75
   81.80    4.79    0.00    4.79
   86.55    4.82    0.00    4.82
   91.30    4.83    0.00    4.83
   96.05    4.83    0.00    4.83
  100.80    4.82    0.00    4.82
  105.55    4.79    0.00    4.79
  110.30    4.76    0.00    4.76
  115.05    4.72    0.00    4.72
  119.79    4.66    0.00    4.66
  124.54    4.60    0.00    4.60
   32.59    4.11    0.00    4.11
   34.36    4.13    0.00    4.13
   36.26    4.16    0.00    4.16
   39.10    4.17    0.00    4.17
   41.95    4.15    0.00    4.15
   44.80    4.20    0.00    4.20
   47.65    4.27    0.00    4.27
   50.50    4.33    0.00    4.33
   53.35    4.38    0.00    4.38
   56.20    4.44    0.00    4.44
   59.05    4.49    0.00    4.49
   61.90    4.54    0.00    4.54
   64.75    4.59    0.00    4.59
   67.60    4.64    0.00    4.64
   72.34    4.71    0.00    4.71
   77.09    4.75    0.00    4.75
   81.84    4.79    0.00    4.79
   86.59    4.82    0.00    4.82
   91.34    4.83    0.00    4.83
   96.09    4.83    0.00    4.83
  100.84    4.82    0.00    4.82
  105.59    4.80    0.00    4.80
  110.33    4.77    0.00    4.77
  115.08    4.73    0.00    4.73
  119.83    4.68    0.00    4.68
  124.58    4.62    0.00    4.62
  129.33    4.58    0.00    4.58
   32.81    4.11    0.00    4.11
   34.39    4.14    0.00    4.14
   36.29    4.16    0.00    4.16
   39.14    4.17    0.00    4.17
   41.99    4.15    0.00    4.15
   44.84    4.20    0.00    4.20
   47.69    4.27    0.00    4.27
   50.53    4.33    0.00    4.33
   53.38    4.38    0.00    4.38
   56.23    4.44    0.00    4.44
   59.08    4.49    0.00    4.49
   61.93    4.54    0.00    4.54
   64.78    4.59    0.00    4.59
   67.63    4.64    0.00    4.64
   72.38    4.71    0.00    4.71
   77.12    4.75    0.00    4.75
   81.87    4.80    0.00    4.80
   86.62    4.82    0.00    4.82
   91.37    4.83    0.00    4.83
   96.12    4.84    0.00    4.84
  100.86    4.83    0.00    4.83
  105.61    4.81    0.00    4.81
  110.36    4.78    0.00    4.78
  115.11    4.74    0.00    4.74
  119.86    4.69    0.00    4.69
  124.61    4.64    0.00    4.64
  129.35    4.59    0.00    4.59
   33.02    4.11    0.00    4.11
   34.41    4.14    0.00    4.14
   36.31    4.16    0.00    4.16
   39.16    4.17    0.00    4.17
   42.01    4.15    0.00    4.15
   44.86    4.20    0.00    4.20
   47.71    4.27    0.00    4.27
   50.56    4.33    0.00    4.33
   53.41    4.38    0.00    4.38
   56.25    4.44    0.00    4.44
   59.10    4.49    0.00    4.49
   61.95    4.54    0.00    4.54
   64.80    4.59    0.00    4.59
   67.65    4.64    0.00    4.64
   72.40    4.71    0.00    4.71
   77.14    4.76    0.00    4.76
   81.89    4.80    0.00    4.80
   86.64    4.82    0.00    4.82
   91.39    4.83    0.00    4.83
   96.14    4.84    0.00    4.84
  100.88    4.83    0.00    4.83
  105.63    4.81    0.00    4.81
  110.38    4.79    0.00    4.79
  115.13    4.75    0.00    4.75
  119.88    4.70    0.00    4.70
  124.62    4.65    0.00    4.65
  129.37    4.60    0.00    4.60
   33.24    4.12    0.00    4.12
   34.43    4.14    0.00    4.14
   36.33    4.17    0.00    4.17
   39.18    4.18    0.00    4.18
   42.03    4.15    0.00    4.15
   44.88    4.21    0.00    4.21
   47.73    4.27    0.00    4.27
   50.58    4.33    0.00    4.33
   53.42    4.38    0.00    4.38
   56.27    4.44    0.00    4.44
   59.12    4.49    0.00    4.49
   61.97    4.54    0.00    4.54
   64.82    4.59    0.00    4.59
   67.67    4.64    0.00    4.64
   72.42    4.71    0.00    4.71
   77.16    4.76    0.00    4.76
   81.91    4.80    0.00    4.80
   86.66    4.82    0.00    4.82
   91.41    4.84    0.00    4.84
   96.15    4.84    0.00    4.84
  100.90    4.83    0.00    4.83
  105.65    4.82    0.00    4.82
  110.40    4.79    0.00    4.79
  115.14    4.76    0.00    4.76
  119.89    4.71    0.00    4.71
  124.64    4.67    0.00    4.67
  129.39    4.62    0.00    4.62
   33.45    4.12    0.00    4.12
   34.44    4.14    0.00    4.14
   36.34    4.17    0.00    4.17
   39.19    4.18    0.00    4.18
   42.04    4.15    0.00    4.15
   44.89    4.21    0.00    4.21
   47.74    4.27    0.00    4.27
   50.59    4.33    0.00    4.33
   53.43    4.38    0.00    4.38
   56.28    4.44    0.00    4.44
   59.13    4.49    0.00    4.49
   61.98    4.54    0.00    4.54
   64.83    4.59    0.00    4.59
   67.68    4.64    0.00    4.64
   72.42    4.71    0.00    4.71
   77.17    4.76    0.00    4.76
   81.92    4.80    0.00    4.80
   86.67    4.83    0.00    4.83
   91.41    4.84    0.00    4.84
   96.16    4.84    0.00    4.84
  100.91    4.84    0.00    4.84
  105.66    4.82    0.00    4.82
  110.40    4.80    0.00    4.80
  115.15    4.76    0.00    4.76
  119.90    4.72    0.00    4.72
  124.65    4.68    0.00    4.68
  129.39    4.62    0.00    4.62
   33.67    4.12    0.00    4.12
   33.67    4.13    0.00    4.13
   36.34    4.17    0.00    4.17
   39.19    4.18    0.00    4.18
   42.04    4.16    0.00    4.16
   44.89    4.21    0.00    4.21
   47.74    4.27    0.00    4.27
   50.59    4.33    0.00    4.33
   53.44    4.38    0.00    4.38
   56.28    4.44    0.00    4.44
   59.13    4.49    0.00    4.49
   61.98    4.54    0.00    4.54
   64.83    4.59    0.00    4.59
   67.68    4.64    0.00    4.64
   72.42    4.71    0.00    4.71
   77.17    4.76    0.00    4.76
   81.92    4.80    0.00    4.80
   86.67    4.83    0.00    4.83
   91.42    4.84    0.00    4.84
   96.16    4.85    0.00    4.85
  100.91    4.84    0.00    4.84
  105.66    4.83    0.00    4.83
  110.41    4.80    0.00    4.80
  115.15    4.77    0.00    4.77
  119.90    4.73    0.00    4.73
  124.65    4.69    0.00    4.69
  129.40    4.64    0.00    4.64
  134.14    4.60    0.00    4.60
   33.88    4.13    0.00    4.13
   36.34    4.17    0.00    4.17
   39.19    4.18    0.00    4.18
   42.04    4.16    0.00    4.16
   44.88    4.22    0.00    4.22
   47.73    4.28    0.00    4.28
   50.58    4.34    0.00    4.34
   53.43    4.39    0.00    4.39
   56.28    4.45    0.00    4.45
   59.13    4.50    0.00    4.50
   61.98    4.55    0.00    4.55
   64.82    4.59    0.00    4.59
   67.67    4.64    0.00    4.64
   72.42    4.71    0.00    4.71
   77.17    4.76    0.00    4.76
   81.92    4.80    0.00    4.80
   86.66    4.83    0.00    4.83
   91.41    4.84    0.00    4.84
   96.16    4.85    0.00    4.85
  100.91    4.85    0.00    4.85
  105.65    4.83    0.00    4.83
  110.40    4.81    0.00    4.81
  115.15    4.78    0.00    4.78
  119.89    4.74    0.00    4.74
  124.64    4.70    0.00    4.70
  129.39    4.65    0.00    4.65
  134.14    4.61    0.00    4.61
   34.18    4.14    0.00    4.14
   36.34    4.17    0.00    4.17
   39.19    4.18    0.00    4.18
   42.03    4.17    0.00    4.17
   44.88    4.23    0.00    4.23
   47.73    4.28    0.00    4.28
   50.58    4.34    0.00    4.34
   53.43    4.39    0.00    4.39
   56.28    4.45    0.00    4.45
   59.13    4.50    0.00    4.50
   61.98    4.55    0.00    4.55
   64.82    4.59    0.00    4.59
   67.67    4.64    0.00    4.64
   72.42    4.71    0.00    4.71
   77.17    4.76    0.00    4.76
   81.91    4.80    0.00    4.80
   86.66    4.83    0.00    4.83
   91.41    4.84    0.00    4.84
   96.16    4.85    0.00    4.85
  100.91    4.85    0.00    4.85
  105.65    4.83    0.00    4.83
  110.40    4.81    0.00    4.81
  115.15    4.78    0.00    4.78
  119.89    4.75    0.00    4.75
  124.64    4.71    0.00    4.71
  129.39    4.66    0.00    4.66
  134.14    4.62    0.00    4.62
   34.55    4.14    0.00    4.14
   36.32    4.17    0.00    4.17
   39.17    4.19    0.00    4.19
   42.02    4.17    0.00    4.17
   44.87    4.23    0.00    4.23
   47.72    4.28    0.00    4.28
   50.56    4.34    0.00    4.34
   53.41    4.39    0.00    4.39
   56.26    4.45    0.00    4.45
   59.11    4.50    0.00    4.50
   61.96    4.55    0.00    4.55
   64.81    4.59    0.00    4.59
   67.66    4.64    0.00    4.64
   72.40    4.71    0.00    4.71
   77.15    4.76    0.00    4.76
   81.90    4.80    0.00    4.80
   86.65    4.83    0.00    4.83
   91.39    4.84    0.00    4.84
   96.14    4.85    0.00    4.85
  100.89    4.85    0.00    4.85
  105.64    4.83    0.00    4.83
  110.39    4.82    0.00    4.82
  115.13    4.79    0.00    4.79
  119.88    4.76    0.00    4.76
  124.63    4.72    0.00    4.72
  129.38    4.68    0.00    4.68
  134.12    4.63    0.00    4.63
   35.17    4.15    0.00    4.15
   36.29    4.18    0.00    4.18
   39.14    4.19    0.00    4.19
   41.99    4.17    0.00    4.17
   44.84    4.23    0.00    4.23
   47.68    4.29    0.00    4.29
   50.53    4.35    0.00    4.35
   53.38    4.40    0.00    4.40
   56.23    4.45    0.00    4.45
   59.08    4.50    0.00    4.50
   61.93    4.55    0.00    4.55
   64.78    4.59    0.00    4.59
   67.63    4.65    0.00    4.65
   72.38    4.71    0.00    4.71
   77.12    4.76    0.00    4.76
   81.87    4.80    0.00    4.80
   86.62    4.83    0.00    4.83
   91.37    4.84    0.00    4.84
   96.12    4.85    0.00    4.85
  100.86    4.85    0.00    4.85
  105.61    4.84    0.00    4.84
  110.36    4.82    0.00    4.82
  115.11    4.79    0.00    4.79
  119.86    4.76    0.00    4.76
  124.61    4.72    0.00    4.72
  129.35    4.69    0.00    4.69
  134.10    4.64    0.00    4.64
   35.79    4.16    0.00    4.16
   35.79    4.18    0.00    4.18
   39.10    4.20    0.00    4.20
   41.95    4.18    0.00    4.18
   44.80    4.24    0.00    4.24
   47.65    4.29    0.00    4.29
   50.50    4.35    0.00    4.35
   53.35    4.40    0.00    4.40
   56.20    4.46    0.00    4.46
   59.04    4.50    0.00    4.50
   61.89    4.55    0.00    4.55
   64.74    4.60    0.00    4.60
   67.59    4.65    0.00    4.65
   72.34    4.71    0.00    4.71
   77.09    4.76    0.00    4.76
   81.84    4.80    0.00    4.80
   86.59    4.83    0.00    4.83
   91.33    4.84    0.00    4.84
   96.08    4.85    0.00    4.85
  100.83    4.85    0.00    4.85
  105.58    4.84    0.00    4.84
  110.33    4.82    0.00    4.82
  115.08    4.80    0.00    4.80
  119.83    4.77    0.00    4.77
  124.58    4.73    0.00    4.73
  129.32    4.69    0.00    4.69
  134.07    4.65    0.00    4.65
  138.82    4.62    0.00    4.62
   36.41    4.19    0.00    4.19
   39.03    4.21    0.00    4.21
   41.88    4.19    0.00    4.19
   44.73    4.25    0.00    4.25
   47.58    4.30    0.00    4.30
   50.43    4.36    0.00    4.36
   53.28    4.41    0.00    4.41
   56.13    4.46    0.00    4.46
   58.98    4.51    0.00    4.51
   61.83    4.55    0.00    4.55
   64.68    4.60    0.00    4.60
   67.53    4.65    0.00    4.65
   72.28    4.71    0.00    4.71
   77.03    4.75    0.00    4.75
   81.78    4.79    0.00    4.79
   86.53    4.83    0.00    4.83
   91.28    4.84    0.00    4.84
   96.03    4.85    0.00    4.85
  100.78    4.85    0.00    4.85
  105.52    4.84    0.00    4.84
  110.27    4.82    0.00    4.82
  115.02    4.80    0.00    4.80
  119.77    4.77    0.00    4.77
  124.52    4.73    0.00    4.73
  129.27    4.70    0.00    4.70
  134.02    4.66    0.00    4.66
  138.77    4.63    0.00    4.63
   37.03    4.20    0.00    4.20
   38.92    4.21    0.00    4.21
   41.77    4.19    0.00    4.19
   44.62    4.25    0.00    4.25
   47.48    4.30    0.00    4.30
   50.33    4.36    0.00    4.36
   53.18    4.41    0.00    4.41
   56.03    4.47    0.00    4.47
   58.88    4.51    0.00    4.51
   61.73    4.56    0.00    4.56
   64.58    4.60    0.00    4.60
   67.43    4.65    0.00    4.65
   72.18    4.71    0.00    4.71
   76.93    4.75    0.00    4.75
   81.68    4.79    0.00    4.79
   86.43    4.83    0.00    4.83
   91.18    4.84    0.00    4.84
   95.94    4.85    0.00    4.85
  100.69    4.85    0.00    4.85
  105.44    4.84    0.00    4.84
  110.19    4.82    0.00    4.82
  114.94    4.80    0.00    4.80
  119.69    4.77    0.00    4.77
  124.44    4.74    0.00    4.74
  129.19    4.70    0.00    4.70
  133.94    4.67    0.00    4.67
  138.69    4.63    0.00    4.63
   37.65    4.22    0.00    4.22
   37.65    4.21    0.00    4.21
   41.64    4.20    0.00    4.20
   44.49    4.26    0.00    4.26
   47.34    4.31    0.00    4.31
   50.20    4.37    0.00    4.37
   53.05    4.42    0.00    4.42
   55.90    4.47    0.00    4.47
   58.75    4.52    0.00    4.52
   61.60    4.56    0.00    4.56
   64.45    4.61    0.00    4.61
   67.31    4.65    0.00    4.65
   72.06    4.71    0.00    4.71
   76.81    4.75    0.00    4.75
   81.56    4.79    0.00    4.79
   86.32    4.83    0.00    4.83
   91.07    4.84    0.00    4.84
   95.82    4.85    0.00    4.85
  100.58    4.85    0.00    4.85
  105.33    4.84    0.00    4.84
  110.08    4.82    0.00    4.82
  114.83    4.80    0.00    4.80
  119.59    4.78    0.00    4.78
  124.34    4.74    0.00    4.74
  129.09    4.71    0.00    4.71
  133.84    4.67    0.00    4.67
  138.60    4.63    0.00    4.63
   38.39    4.22    0.00    4.22
   41.50    4.21    0.00    4.21
   44.35    4.27    0.00    4.27
   47.20    4.32    0.00    4.32
   50.06    4.37    0.00    4.37
   52.91    4.42    0.00    4.42
   55.76    4.48    0.00    4.48
   58.62    4.52    0.00    4.52
   61.47    4.57    0.00    4.57
   64.32    4.61    0.00    4.61
   67.17    4.65    0.00    4.65
   71.93    4.71    0.00    4.71
   76.68    4.75    0.00    4.75
   81.44    4.79    0.00    4.79
   86.19    4.82    0.00    4.82
   90.95    4.84    0.00    4.84
   95.70    4.85    0.00    4.85
  100.46    4.85    0.00    4.85
  105.21    4.84    0.00    4.84
  109.97    4.82    0.00    4.82
  114.72    4.80    0.00    4.80
  119.47    4.78    0.00    4.78
  124.23    4.74    0.00    4.74
  128.99    4.71    0.00    4.71
  133.74    4.67    0.00    4.67
  138.49    4.63    0.00    4.63
   39.27    4.23    0.00    4.23
   41.31    4.22    0.00    4.22
   44.17    4.28    0.00    4.28
   47.02    4.33    0.00    4.33
   49.88    4.38    0.00    4.38
   52.73    4.43    0.00    4.43
   55.59    4.48    0.00    4.48
   58.44    4.52    0.00    4.52
   61.29    4.57    0.00    4.57
   64.15    4.61    0.00    4.61
   67.00    4.66    0.00    4.66
   71.76    4.71    0.00    4.71
   76.52    4.76    0.00    4.76
   81.27    4.79    0.00    4.79
   86.03    4.82    0.00    4.82
   90.79    4.84    0.00    4.84
   95.54    4.85    0.00    4.85
  100.30    4.85    0.00    4.85
  105.06    4.84    0.00    4.84
  109.82    4.82    0.00    4.82
  114.57    4.80    0.00    4.80
  119.33    4.77    0.00    4.77
  124.09    4.74    0.00    4.74
  128.84    4.71    0.00    4.71
  133.60    4.67    0.00    4.67
  138.36    4.63    0.00    4.63
  143.12    4.62    0.00    4.62
   40.37    4.22    0.00    4.22
   40.37    4.22    0.00    4.22
   44.03    4.28    0.00    4.28
   46.88    4.33    0.00    4.33
   49.74    4.39    0.00    4.39
   52.60    4.44    0.00    4.44
   55.45    4.48    0.00    4.48
   58.31    4.53    0.00    4.53
   61.16    4.58    0.00    4.58
   64.02    4.61    0.00    4.61
   66.87    4.66    0.00    4.66
   71.63    4.71    0.00    4.71
   76.39    4.76    0.00    4.76
   81.15    4.79    0.00    4.79
   85.91    4.82    0.00    4.82
   90.67    4.84    0.00    4.84
   95.43    4.85    0.00    4.85
  100.19    4.85    0.00    4.85
  104.94    4.84    0.00    4.84
  109.70    4.82    0.00    4.82
  114.46    4.80    0.00    4.80
  119.22    4.77    0.00    4.77
  123.98    4.74    0.00    4.74
  128.74    4.71    0.00    4.71
  133.50    4.67    0.00    4.67
  138.26    4.64    0.00    4.64
  143.02    4.62    0.00    4.62
   41.47    4.24    0.00    4.24
   43.98    4.29    0.00    4.29
   46.83    4.34    0.00    4.34
   49.69    4.39    0.00    4.39
   52.54    4.45    0.00    4.45
   55.40    4.49    0.00    4.49
   58.26    4.54    0.00    4.54
   61.11    4.58    0.00    4.58
   63.97    4.62    0.00    4.62
   66.82    4.66    0.00    4.66
   71.58    4.72    0.00    4.72
   76.34    4.76    0.00    4.76
   81.10    4.79    0.00    4.79
   85.86    4.82    0.00    4.82
   90.62    4.84    0.00    4.84
   95.38    4.85    0.00    4.85
  100.14    4.85    0.00    4.85
  104.90    4.84    0.00    4.84
  109.66    4.82    0.00    4.82
  114.42    4.80    0.00    4.80
  119.18    4.77    0.00    4.77
  123.94    4.74    0.00    4.74
  128.70    4.71    0.00    4.71
  133.46    4.67    0.00    4.67
  138.22    4.64    0.00    4.64
  142.98    4.63    0.00    4.63
   42.57    4.27    0.00    4.27
   42.57    4.30    0.00    4.30
   46.77    4.36    0.00    4.36
   49.63    4.40    0.00    4.40
   52.48    4.46    0.00    4.46
   55.34    4.50    0.00    4.50
   58.20    4.54    0.00    4.54
   61.05    4.58    0.00    4.58
   63.91    4.62    0.00    4.62
   66.76    4.67    0.00    4.67
   71.53    4.72    0.00    4.72
   76.28    4.76    0.00    4.76
   81.05    4.80    0.00    4.80
   85.81    4.82    0.00    4.82
   90.57    4.83    0.00    4.83
   95.33    4.84    0.00    4.84
  100.09    4.84    0.00    4.84
  104.85    4.84    0.00    4.84
  109.61    4.82    0.00    4.82
  114.37    4.80    0.00    4.80
  119.13    4.77    0.00    4.77
  123.89    4.74    0.00    4.74
  128.65    4.71    0.00    4.71
  133.41    4.67    0.00    4.67
  138.17    4.65    0.00    4.65
  142.93    4.63    0.00    4.63
   43.67    4.31    0.00    4.31
   46.63    4.37    0.00    4.37
   49.48    4.41    0.00    4.41
   52.34    4.47    0.00    4.47
   55.20    4.51    0.00    4.51
   58.06    4.55    0.00    4.55
   60.91    4.59    0.00    4.59
   63.77    4.62    0.00    4.62
   66.63    4.67    0.00    4.67
   71.39    4.72    0.00    4.72
   76.16    4.76    0.00    4.76
   80.92    4.80    0.00    4.80
   85.68    4.82    0.00    4.82
   90.44    4.83    0.00    4.83
   95.20    4.84    0.00    4.84
   99.97    4.84    0.00    4.84
  104.73    4.83    0.00    4.83
  109.49    4.82    0.00    4.82
  114.25    4.79    0.00    4.79
  119.02    4.77    0.00    4.77
  123.78    4.74    0.00    4.74
  128.54    4.71    0.00    4.71
  133.30    4.67    0.00    4.67
  138.07    4.65    0.00    4.65
  142.83    4.63    0.00    4.63
  152.35    4.66    0.00    4.66
   44.55    4.33    0.00    4.33
   46.43    4.38    0.00    4.38
   49.29    4.42    0.00    4.42
   52.15    4.47    0.00    4.47
   55.01    4.52    0.00    4.52
   57.87    4.56    0.00    4.56
   60.73    4.59    0.00    4.59
   63.59    4.63    0.00    4.63
   66.44    4.68    0.00    4.68
   71.21    4.72    0.00    4.72
   75.97    4.76    0.00    4.76
   80.74    4.79    0.00    4.79
   85.50    4.82    0.00    4.82
   90.27    4.83    0.00    4.83
   95.03    4.84    0.00    4.84
   99.80    4.84    0.00    4.84
  104.57    4.83    0.00    4.83
  109.33    4.81    0.00    4.81
  114.10    4.79    0.00    4.79
  118.86    4.77    0.00    4.77
  123.63    4.74    0.00    4.74
  128.39    4.70    0.00    4.70
  133.16    4.67    0.00    4.67
  137.92    4.63    0.00    4.63
  142.69    4.62    0.00    4.62
  148.75    4.64    0.00    4.64
  152.22    4.66    0.00    4.66
  156.98    4.69    0.00    4.69
   45.20    4.36    0.00    4.36
   45.20    4.38    0.00    4.38
   48.97    4.43    0.00    4.43
   51.83    4.48    0.00    4.48
   54.69    4.52    0.00    4.52
   57.55    4.56    0.00    4.56
   60.41    4.59    0.00    4.59
   63.27    4.64    0.00    4.64
   66.14    4.68    0.00    4.68
   70.91    4.72    0.00    4.72
   75.67    4.76    0.00    4.76
   80.44    4.79    0.00    4.79
   85.21    4.82    0.00    4.82
   89.98    4.83    0.00    4.83
   94.75    4.84    0.00    4.84
   99.52    4.83    0.00    4.83
  104.29    4.83    0.00    4.83
  109.06    4.81    0.00    4.81
  113.83    4.79    0.00    4.79
  118.60    4.76    0.00    4.76
  123.37    4.74    0.00    4.74
  128.14    4.70    0.00    4.70
  132.91    4.67    0.00    4.67
  137.68    4.63    0.00    4.63
  147.97    4.64    0.00    4.64
  151.99    4.66    0.00    4.66
  156.76    4.69    0.00    4.69
  161.53    4.71    0.00    4.71
  166.29    4.74    0.00    4.74
   45.75    4.39    0.00    4.39
   48.88    4.44    0.00    4.44
   51.74    4.48    0.00    4.48
   54.61    4.52    0.00    4.52
   57.47    4.56    0.00    4.56
   60.33    4.60    0.00    4.60
   63.19    4.64    0.00    4.64
   66.06    4.68    0.00    4.68
   70.83    4.72    0.00    4.72
   75.60    4.76    0.00    4.76
   80.37    4.79    0.00    4.79
   85.14    4.81    0.00    4.81
   89.91    4.83    0.00    4.83
   94.68    4.83    0.00    4.83
   99.45    4.83    0.00    4.83
  104.22    4.82    0.00    4.82
  108.99    4.81    0.00    4.81
  113.76    4.79    0.00    4.79
  118.53    4.76    0.00    4.76
  123.30    4.73    0.00    4.73
  128.07    4.70    0.00    4.70
  132.84    4.66    0.00    4.66
  137.62    4.63    0.00    4.63
  147.20    4.64    0.00    4.64
  151.93    4.66    0.00    4.66
  156.70    4.69    0.00    4.69
  161.47    4.71    0.00    4.71
  166.24    4.74    0.00    4.74
  171.01    4.76    0.00    4.76
   46.29    4.41    0.00    4.41
   48.75    4.45    0.00    4.45
   51.61    4.49    0.00    4.49
   54.47    4.53    0.00    4.53
   57.34    4.57    0.00    4.57
   60.20    4.61    0.00    4.61
   63.06    4.64    0.00    4.64
   65.93    4.68    0.00    4.68
   70.70    4.72    0.00    4.72
   75.47    4.76    0.00    4.76
   80.25    4.79    0.00    4.79
   85.02    4.81    0.00    4.81
   89.79    4.83    0.00    4.83
   94.56    4.83    0.00    4.83
   99.34    4.83    0.00    4.83
  104.11    4.82    0.00    4.82
  108.88    4.80    0.00    4.80
  113.65    4.78    0.00    4.78
  118.42    4.75    0.00    4.75
  123.20    4.72    0.00    4.72
  127.97    4.69    0.00    4.69
  132.74    4.66    0.00    4.66
  137.51    4.63    0.00    4.63
  146.43    4.63    0.00    4.63
  151.83    4.66    0.00    4.66
  156.60    4.69    0.00    4.69
  161.38    4.71    0.00    4.71
  166.15    4.74    0.00    4.74
  170.92    4.76    0.00    4.76
  175.69    4.78    0.00    4.78
  180.47    4.81    0.00    4.81
   46.83    4.42    0.00    4.42
   48.87    4.46    0.00    4.46
   51.73    4.50    0.00    4.50
   54.59    4.54    0.00    4.54
   57.46    4.58    0.00    4.58
   60.32    4.61    0.00    4.61
   63.18    4.64    0.00    4.64
   66.05    4.68    0.00    4.68
   70.82    4.73    0.00    4.73
   75.59    4.76    0.00    4.76
   80.36    4.79    0.00    4.79
   85.13    4.81    0.00    4.81
   89.90    4.82    0.00    4.82
   94.67    4.83    0.00    4.83
   99.44    4.82    0.00    4.82
  104.21    4.81    0.00    4.81
  108.98    4.80    0.00    4.80
  113.75    4.78    0.00    4.78
  118.52    4.75    0.00    4.75
  123.29    4.71    0.00    4.71
  128.06    4.68    0.00    4.68
  132.84    4.65    0.00    4.65
  137.61    4.62    0.00    4.62
  145.65    4.63    0.00    4.63
  151.92    4.66    0.00    4.66
  156.69    4.69    0.00    4.69
  161.46    4.71    0.00    4.71
  166.23    4.74    0.00    4.74
  171.00    4.76    0.00    4.76
  175.77    4.78    0.00    4.78
  180.54    4.81    0.00    4.81
  185.31    4.83    0.00    4.83
   47.48    4.44    0.00    4.44
   47.48    4.46    0.00    4.46
   51.67    4.51    0.00    4.51
   54.53    4.55    0.00    4.55
   57.40    4.58    0.00    4.58
   60.26    4.61    0.00    4.61
   63.12    4.65    0.00    4.65
   65.99    4.69    0.00    4.69
   70.76    4.73    0.00    4.73
   75.53    4.76    0.00    4.76
   80.30    4.79    0.00    4.79
   85.07    4.81    0.00    4.81
   89.84    4.82    0.00    4.82
   94.62    4.82    0.00    4.82
   99.39    4.82    0.00    4.82
  104.16    4.81    0.00    4.81
  108.93    4.79    0.00    4.79
  113.70    4.77    0.00    4.77
  118.47    4.74    0.00    4.74
  123.25    4.71    0.00    4.71
  128.02    4.67    0.00    4.67
  132.79    4.64    0.00    4.64
  137.56    4.61    0.00    4.61
  144.88    4.63    0.00    4.63
  151.88    4.66    0.00    4.66
  156.65    4.69    0.00    4.69
  161.42    4.71    0.00    4.71
  166.19    4.74    0.00    4.74
  170.96    4.76    0.00    4.76
  175.73    4.78    0.00    4.78
  180.51    4.81    0.00    4.81
  185.28    4.83    0.00    4.83
  190.05    4.85    0.00    4.85
  194.82    4.87    0.00    4.87
   51.63    4.48    0.00    4.48
   51.63    4.51    0.00    4.51
   54.48    4.55    0.00    4.55
   57.36    4.58    0.00    4.58
   60.22    4.62    0.00    4.62
   63.08    4.65    0.00    4.65
   65.95    4.68    0.00    4.68
   70.72    4.73    0.00    4.73
   75.49    4.77    0.00    4.77
   80.26    4.79    0.00    4.79
   85.03    4.81    0.00    4.81
   89.81    4.82    0.00    4.82
   94.58    4.82    0.00    4.82
   99.35    4.82    0.00    4.82
  104.12    4.80    0.00    4.80
  108.90    4.79    0.00    4.79
  113.67    4.77    0.00    4.77
  118.44    4.74    0.00    4.74
  123.21    4.70    0.00    4.70
  127.98    4.67    0.00    4.67
  132.76    4.63    0.00    4.63
  137.53    4.60    0.00    4.60
  147.07    4.63    0.00    4.63
  151.84    4.66    0.00    4.66
  156.62    4.69    0.00    4.69
  161.39    4.71    0.00    4.71
  166.16    4.74    0.00    4.74
  170.93    4.76    0.00    4.76
  175.71    4.78    0.00    4.78
  180.48    4.81    0.00    4.81
  185.25    4.83    0.00    4.83
  190.02    4.85    0.00    4.85
  194.79    4.88    0.00    4.88
  199.57    4.90    0.00    4.90
   47.36    4.46    0.00    4.46
   51.59    4.52    0.00    4.52
   57.33    4.57    0.00    4.57
   57.33    4.59    0.00    4.59
   60.17    4.63    0.00    4.63
   63.05    4.66    0.00    4.66
   65.91    4.69    0.00    4.69
   70.69    4.73    0.00    4.73
   75.46    4.77    0.00    4.77
   80.23    4.79    0.00    4.79
   85.00    4.81    0.00    4.81
   89.78    4.82    0.00    4.82
   94.55    4.82    0.00    4.82
   99.32    4.82    0.00    4.82
  104.09    4.80    0.00    4.80
  108.87    4.78    0.00    4.78
  113.64    4.76    0.00    4.76
  118.41    4.73    0.00    4.73
  123.19    4.69    0.00    4.69
  127.96    4.66    0.00    4.66
  132.73    4.61    0.00    4.61
  143.33    4.61    0.00    4.61
  147.05    4.63    0.00    4.63
  151.82    4.66    0.00    4.66
  156.59    4.69    0.00    4.69
  161.37    4.71    0.00    4.71
  166.14    4.74    0.00    4.74
  170.91    4.76    0.00    4.76
  175.68    4.78    0.00    4.78
  180.46    4.81    0.00    4.81
  185.23    4.83    0.00    4.83
  190.00    4.85    0.00    4.85
  194.78    4.88    0.00    4.88
  199.55    4.90    0.00    4.90
  204.32    4.92    0.00    4.92
  209.09    4.95    0.00    4.95
   47.28    4.47    0.00    4.47
   51.56    4.52    0.00    4.52
   54.42    4.56    0.00    4.56
   57.29    4.59    0.00    4.59
   63.02    4.64    0.00    4.64
   63.02    4.66    0.00    4.66
   65.88    4.69    0.00    4.69
   70.65    4.73    0.00    4.73
   75.42    4.77    0.00    4.77
   80.20    4.79    0.00    4.79
   84.97    4.81    0.00    4.81
   89.74    4.82    0.00    4.82
   94.52    4.82    0.00    4.82
   99.29    4.81    0.00    4.81
  104.06    4.80    0.00    4.80
  108.84    4.78    0.00    4.78
  113.61    4.75    0.00    4.75
  118.38    4.72    0.00    4.72
  123.16    4.69    0.00    4.69
  127.93    4.65    0.00    4.65
  132.70    4.61    0.00    4.61
  142.56    4.61    0.00    4.61
  147.02    4.63    0.00    4.63
  151.79    4.66    0.00    4.66
  156.57    4.69    0.00    4.69
  161.34    4.71    0.00    4.71
  166.12    4.74    0.00    4.74
  170.89    4.76    0.00    4.76
  175.66    4.78    0.00    4.78
  180.43    4.81    0.00    4.81
  185.21    4.83    0.00    4.83
  189.98    4.85    0.00    4.85
  194.75    4.88    0.00    4.88
  199.53    4.90    0.00    4.90
  204.30    4.92    0.00    4.92
  209.07    4.95    0.00    4.95
  213.85    4.97    0.00    4.97
   48.70    4.48    0.00    4.48
   51.56    4.52    0.00    4.52
   54.42    4.56    0.00    4.56
   57.29    4.60    0.00    4.60
   60.15    4.63    0.00    4.63
   63.02    4.66    0.00    4.66
   70.64    4.71    0.00    4.71
   70.64    4.73    0.00    4.73
   75.42    4.77    0.00    4.77
   80.20    4.79    0.00    4.79
   84.97    4.80    0.00    4.80
   89.75    4.81    0.00    4.81
   94.52    4.81    0.00    4.81
   99.29    4.80    0.00    4.80
  104.06    4.79    0.00    4.79
  108.84    4.77    0.00    4.77
  113.61    4.74    0.00    4.74
  118.38    4.71    0.00    4.71
  123.16    4.68    0.00    4.68
  127.93    4.64    0.00    4.64
  132.70    4.60    0.00    4.60
  141.79    4.61    0.00    4.61
  147.02    4.63    0.00    4.63
  151.80    4.66    0.00    4.66
  156.57    4.69    0.00    4.69
  161.34    4.71    0.00    4.71
  166.12    4.74    0.00    4.74
  170.89    4.76    0.00    4.76
  175.66    4.78    0.00    4.78
  180.44    4.81    0.00    4.81
  185.21    4.83    0.00    4.83
  189.98    4.85    0.00    4.85
  194.75    4.88    0.00    4.88
  199.53    4.90    0.00    4.90
  204.30    4.92    0.00    4.92
  209.07    4.95    0.00    4.95
  213.85    4.97    0.00    4.97
  218.62    5.00    0.00    5.00
   47.14    4.46    0.00    4.46
   48.60    4.49    0.00    4.49
   51.46    4.53    0.00    4.53
   54.33    4.57    0.00    4.57
   57.19    4.60    0.00    4.60
   60.05    4.64    0.00    4.64
   62.92    4.66    0.00    4.66
   65.78    4.69    0.00    4.69
   75.35    4.75    0.00    4.75
   75.35    4.77    0.00    4.77
   80.11    4.79    0.00    4.79
   84.88    4.80    0.00    4.80
   89.66    4.81    0.00    4.81
   94.43    4.81    0.00    4.81
   99.21    4.80    0.00    4.80
  103.98    4.79    0.00    4.79
  108.75    4.76    0.00    4.76
  113.53    4.73    0.00    4.73
  118.30    4.70    0.00    4.70
  123.08    4.67    0.00    4.67
  127.85    4.63    0.00    4.63
  132.63    4.60    0.00    4.60
  141.01    4.61    0.00    4.61
  146.95    4.63    0.00    4.63
  151.72    4.66    0.00    4.66
  156.50    4.69    0.00    4.69
  161.27    4.71    0.00    4.71
  166.05    4.74    0.00    4.74
  170.82    4.76    0.00    4.76
  175.60    4.78    0.00    4.78
  180.37    4.81    0.00    4.81
  185.15    4.83    0.00    4.83
  189.92    4.85    0.00    4.85
  194.70    4.88    0.00    4.88
  199.47    4.90    0.00    4.90
  204.25    4.92    0.00    4.92
  209.02    4.95    0.00    4.95
  213.79    4.97    0.00    4.97
  218.57    5.00    0.00    5.00
  228.12    5.05    0.00    5.05
   47.07    4.46    0.00    4.46
   48.58    4.48    0.00    4.48
   51.45    4.53    0.00    4.53
   54.31    4.57    0.00    4.57
   57.18    4.60    0.00    4.60
   60.04    4.64    0.00    4.64
   62.91    4.66    0.00    4.66
   65.77    4.70    0.00    4.70
   70.55    4.74    0.00    4.74
   81.15    4.78    0.00    4.78
   81.15    4.79    0.00    4.79
   84.87    4.80    0.00    4.80
   89.64    4.81    0.00    4.81
   94.42    4.81    0.00    4.81
   99.19    4.79    0.00    4.79
  103.97    4.78    0.00    4.78
  108.74    4.75    0.00    4.75
  113.52    4.73    0.00    4.73
  118.29    4.69    0.00    4.69
  123.07    4.66    0.00    4.66
  127.84    4.63    0.00    4.63
  132.62    4.59    0.00    4.59
  140.24    4.60    0.00    4.60
  146.94    4.63    0.00    4.63
  151.72    4.66    0.00    4.66
  156.49    4.69    0.00    4.69
  161.26    4.71    0.00    4.71
  166.04    4.74    0.00    4.74
  170.81    4.76    0.00    4.76
  175.59    4.78    0.00    4.78
  180.36    4.81    0.00    4.81
  185.14    4.83    0.00    4.83
  189.91    4.85    0.00    4.85
  194.69    4.88    0.00    4.88
  199.46    4.90    0.00    4.90
  204.24    4.92    0.00    4.92
  209.01    4.94    0.00    4.94
  213.79    4.97    0.00    4.97
  218.56    5.00    0.00    5.00
  228.11    5.04    0.00    5.04
  237.66    5.09    0.00    5.09
   47.00    4.46    0.00    4.46
   48.48    4.48    0.00    4.48
   51.34    4.53    0.00    4.53
   54.21    4.57    0.00    4.57
   57.07    4.60    0.00    4.60
   59.94    4.64    0.00    4.64
   62.80    4.66    0.00    4.66
   65.67    4.70    0.00    4.70
   70.44    4.74    0.00    4.74
   75.22    4.77    0.00    4.77
   84.82    4.79    0.00    4.79
   84.82    4.80    0.00    4.80
   89.52    4.81    0.00    4.81
   94.33    4.80    0.00    4.80
   99.10    4.79    0.00    4.79
  103.88    4.77    0.00    4.77
  108.66    4.75    0.00    4.75
  113.43    4.71    0.00    4.71
  118.21    4.68    0.00    4.68
  122.98    4.65    0.00    4.65
  127.76    4.61    0.00    4.61
  132.53    4.57    0.00    4.57
  142.09    4.60    0.00    4.60
  146.86    4.63    0.00    4.63
  151.64    4.66    0.00    4.66
  156.42    4.69    0.00    4.69
  161.19    4.71    0.00    4.71
  165.97    4.74    0.00    4.74
  170.75    4.76    0.00    4.76
  175.52    4.78    0.00    4.78
  180.30    4.81    0.00    4.81
  185.07    4.83    0.00    4.83
  189.85    4.85    0.00    4.85
  194.62    4.87    0.00    4.87
  199.40    4.90    0.00    4.90
  204.18    4.92    0.00    4.92
  208.95    4.94    0.00    4.94
  213.73    4.97    0.00    4.97
  218.51    5.00    0.00    5.00
  228.06    5.04    0.00    5.04
  237.61    5.09    0.00    5.09
  247.16    5.13    0.00    5.13
   46.43    4.46    0.00    4.46
   48.29    4.48    0.00    4.48
   51.16    4.52    0.00    4.52
   54.03    4.56    0.00    4.56
   56.89    4.60    0.00    4.60
   59.76    4.64    0.00    4.64
   62.63    4.66    0.00    4.66
   65.50    4.70    0.00    4.70
   70.27    4.74    0.00    4.74
   75.05    4.77    0.00    4.77
   79.83    4.79    0.00    4.79
   84.61    4.80    0.00    4.80
   95.44    4.80    0.00    4.80
   95.44    4.80    0.00    4.80
   98.95    4.78    0.00    4.78
  103.72    4.76    0.00    4.76
  108.50    4.74    0.00    4.74
  113.28    4.71    0.00    4.71
  118.06    4.68    0.00    4.68
  122.84    4.64    0.00    4.64
  127.62    4.59    0.00    4.59
  132.40    4.56    0.00    4.56
  138.69    4.59    0.00    4.59
  141.95    4.61    0.00    4.61
  146.73    4.63    0.00    4.63
  151.51    4.66    0.00    4.66
  156.29    4.69    0.00    4.69
  161.07    4.71    0.00    4.71
  165.85    4.73    0.00    4.73
  170.63    4.76    0.00    4.76
  175.40    4.78    0.00    4.78
  180.18    4.80    0.00    4.80
  184.96    4.83    0.00    4.83
  189.74    4.85    0.00    4.85
  194.52    4.87    0.00    4.87
  199.30    4.90    0.00    4.90
  204.08    4.92    0.00    4.92
  208.85    4.94    0.00    4.94
  213.63    4.97    0.00    4.97
  218.41    5.00    0.00    5.00
  227.97    5.04    0.00    5.04
  237.53    5.09    0.00    5.09
  247.08    5.13    0.00    5.13
  256.64    5.17    0.00    5.17
   45.87    4.45    0.00    4.45
   48.43    4.48    0.00    4.48
   51.30    4.52    0.00    4.52
   54.17    4.56    0.00    4.56
   57.03    4.61    0.00    4.61
   59.90    4.64    0.00    4.64
   62.76    4.66    0.00    4.66
   65.63    4.70    0.00    4.70
   70.41    4.74    0.00    4.74
   75.18    4.77    0.00    4.77
   79.96    4.79    0.00    4.79
   84.74    4.80    0.00    4.80
   89.51    4.80    0.00    4.80
   99.01    4.79    0.00    4.79
   99.01    4.78    0.00    4.78
  103.83    4.76    0.00    4.76
  108.62    4.74    0.00    4.74
  113.40    4.70    0.00    4.70
  118.17    4.66    0.00    4.66
  122.95    4.62    0.00    4.62
  127.73    4.58    0.00    4.58
  137.92    4.59    0.00    4.59
  142.06    4.61    0.00    4.61
  146.83    4.63    0.00    4.63
  151.61    4.66    0.00    4.66
  156.39    4.69    0.00    4.69
  161.16    4.71    0.00    4.71
  165.94    4.73    0.00    4.73
  170.72    4.76    0.00    4.76
  175.49    4.78    0.00    4.78
  180.27    4.80    0.00    4.80
  185.05    4.83    0.00    4.83
  189.82    4.85    0.00    4.85
  194.60    4.87    0.00    4.87
  199.38    4.90    0.00    4.90
  204.16    4.92    0.00    4.92
  208.93    4.94    0.00    4.94
  213.71    4.97    0.00    4.97
  218.49    5.00    0.00    5.00
  228.04    5.04    0.00    5.04
  237.59    5.09    0.00    5.09
  247.15    5.13    0.00    5.13
  256.70    5.17    0.00    5.17
  266.25    5.21    0.00    5.21
   45.30    4.44    0.00    4.44
   48.37    4.48    0.00    4.48
   51.24    4.52    0.00    4.52
   54.10    4.57    0.00    4.57
   56.97    4.61    0.00    4.61
   59.84    4.64    0.00    4.64
   62.70    4.67    0.00    4.67
   65.57    4.70    0.00    4.70
   70.35    4.74    0.00    4.74
   75.12    4.77    0.00    4.77
   79.90    4.79    0.00    4.79
   84.68    4.80    0.00    4.80
   89.46    4.80    0.00    4.80
   94.23    4.80    0.00    4.80
   99.01    4.78    0.00    4.78
  109.72    4.74    0.00    4.74
  109.72    4.73    0.00    4.73
  113.29    4.69    0.00    4.69
  118.12    4.66    0.00    4.66
  122.90    4.62    0.00    4.62
  127.68    4.58    0.00    4.58
  137.15    4.59    0.00    4.59
  142.01    4.61    0.00    4.61
  146.79    4.63    0.00    4.63
  151.57    4.66    0.00    4.66
  156.34    4.69    0.00    4.69
  161.12    4.71    0.00    4.71
  165.90    4.74    0.00    4.74
  170.68    4.76    0.00    4.76
  175.45    4.78    0.00    4.78
  180.23    4.80    0.00    4.80
  185.01    4.83    0.00    4.83
  189.79    4.85    0.00    4.85
  194.56    4.87    0.00    4.87
  199.34    4.90    0.00    4.90
  204.12    4.92    0.00    4.92
  208.90    4.94    0.00    4.94
  213.67    4.97    0.00    4.97
  218.45    5.00    0.00    5.00
  228.01    5.04    0.00    5.04
  237.56    5.09    0.00    5.09
  247.12    5.13    0.00    5.13
  256.67    5.17    0.00    5.17
  266.23    5.21    0.00    5.21
  275.78    5.25    0.00    5.25
   44.74    4.44    0.00    4.44
   48.18    4.48    0.00    4.48
   51.05    4.52    0.00    4.52
   53.92    4.56    0.00    4.56
   56.78    4.60    0.00    4.60
   59.65    4.64    0.00    4.64
   62.52    4.67    0.00    4.67
   65.39    4.70    0.00    4.70
   70.17    4.74    0.00    4.74
   74.95    4.77    0.00    4.77
   79.73    4.79    0.00    4.79
   84.51    4.80    0.00    4.80
   89.29    4.80    0.00    4.80
   94.07    4.79    0.00    4.79
   98.85    4.77    0.00    4.77
  103.63    4.75    0.00    4.75
  108.41    4.72    0.00    4.72
  113.19    4.69    0.00    4.69
  117.97    4.65    0.00    4.65
  122.75    4.61    0.00    4.61
  127.53    4.57    0.00    4.57
  136.38    4.58    0.00    4.58
  141.87    4.61    0.00    4.61
  146.65    4.63    0.00    4.63
  151.43    4.66    0.00    4.66
  156.21    4.69    0.00    4.69
  160.99    4.71    0.00    4.71
  165.77    4.73    0.00    4.73
  170.55    4.76    0.00    4.76
  175.33    4.78    0.00    4.78
  180.11    4.80    0.00    4.80
  184.89    4.83    0.00    4.83
  189.67    4.85    0.00    4.85
  194.45    4.87    0.00    4.87
  199.23    4.90    0.00    4.90
  204.01    4.92    0.00    4.92
  208.79    4.94    0.00    4.94
  213.57    4.97    0.00    4.97
  218.35    5.00    0.00    5.00
  227.91    5.04    0.00    5.04
  237.47    5.09    0.00    5.09
  247.03    5.13    0.00    5.13
  256.60    5.17    0.00    5.17
  266.15    5.21    0.00    5.21
  275.72    5.25    0.00    5.25
   43.88    4.43    0.00    4.43
   48.12    4.48    0.00    4.48
   50.99    4.52    0.00    4.52
   53.86    4.56    0.00    4.56
   56.73    4.60    0.00    4.60
   59.60    4.63    0.00    4.63
   62.47    4.67    0.00    4.67
   65.33    4.70    0.00    4.70
   70.12    4.74    0.00    4.74
   74.90    4.77    0.00    4.77
   79.68    4.79    0.00    4.79
   84.46    4.80    0.00    4.80
   89.24    4.80    0.00    4.80
   94.02    4.79    0.00    4.79
   98.80    4.77    0.00    4.77
  103.58    4.75    0.00    4.75
  108.36    4.72    0.00    4.72
  113.14    4.68    0.00    4.68
  117.92    4.64    0.00    4.64
  122.71    4.60    0.00    4.60
  127.49    4.57    0.00    4.57
  135.60    4.58    0.00    4.58
  141.83    4.61    0.00    4.61
  146.61    4.63    0.00    4.63
  151.39    4.66    0.00    4.66
  156.17    4.69    0.00    4.69
  160.95    4.71    0.00    4.71
  165.74    4.73    0.00    4.73
  170.51    4.76    0.00    4.76
  175.30    4.78    0.00    4.78
  180.08    4.80    0.00    4.80
  184.86    4.83    0.00    4.83
  189.64    4.85    0.00    4.85
  194.42    4.87    0.00    4.87
  199.20    4.90    0.00    4.90
  203.98    4.92    0.00    4.92
  208.76    4.94    0.00    4.94
  213.54    4.97    0.00    4.97
  218.32    5.00    0.00    5.00
  227.89    5.04    0.00    5.04
  237.45    5.09    0.00    5.09
  247.01    5.13    0.00    5.13
  256.57    5.17    0.00    5.17
  266.13    5.21    0.00    5.21
  275.70    5.25    0.00    5.25
   45.36    4.42    0.00    4.42
   48.23    4.48    0.00    4.48
   51.09    4.52    0.00    4.52
   53.96    4.56    0.00    4.56
   56.83    4.60    0.00    4.60
   59.70    4.63    0.00    4.63
   62.56    4.67    0.00    4.67
   65.43    4.70    0.00    4.70
   70.21    4.74    0.00    4.74
   74.99    4.77    0.00    4.77
   79.77    4.78    0.00    4.78
   84.55    4.79    0.00    4.79
   89.33    4.79    0.00    4.79
   94.11    4.78    0.00    4.78
   98.89    4.76    0.00    4.76
  103.67    4.74    0.00    4.74
  108.45    4.71    0.00    4.71
  113.23    4.67    0.00    4.67
  118.01    4.63    0.00    4.63
  122.79    4.59    0.00    4.59
  129.56    4.56    0.00    4.56
  134.98    4.58    0.00    4.58
  141.90    4.61    0.00    4.61
  146.68    4.63    0.00    4.63
  151.46    4.66    0.00    4.66
  156.24    4.69    0.00    4.69
  161.02    4.71    0.00    4.71
  165.80    4.73    0.00    4.73
  170.58    4.76    0.00    4.76
  175.36    4.78    0.00    4.78
  180.14    4.80    0.00    4.80
  184.92    4.83    0.00    4.83
  189.70    4.85    0.00    4.85
  194.48    4.87    0.00    4.87
  199.26    4.90    0.00    4.90
  204.04    4.92    0.00    4.92
  208.82    4.94    0.00    4.94
  213.60    4.97    0.00    4.97
  218.38    5.00    0.00    5.00
  227.94    5.04    0.00    5.04
  237.50    5.09    0.00    5.09
  247.05    5.13    0.00    5.13
  256.61    5.17    0.00    5.17
  266.17    5.21    0.00    5.21
  275.73    5.25    0.00    5.25
   42.18    4.39    0.00    4.39
   45.56    4.43    0.00    4.43
   48.43    4.48    0.00    4.48
   51.29    4.52    0.00    4.52
   54.16    4.56    0.00    4.56
   57.02    4.60    0.00    4.60
   59.89    4.64    0.00    4.64
   62.76    4.67    0.00    4.67
   65.62    4.70    0.00    4.70
   70.40    4.74    0.00    4.74
   75.18    4.77    0.00    4.77
   79.95    4.78    0.00    4.78
   84.73    4.79    0.00    4.79
   89.51    4.79    0.00    4.79
   94.28    4.78    0.00    4.78
   99.06    4.76    0.00    4.76
  103.84    4.73    0.00    4.73
  108.61    4.70    0.00    4.70
  113.39    4.66    0.00    4.66
  118.17    4.62    0.00    4.62
  122.94    4.57    0.00    4.57
  140.11    4.59    0.00    4.59
  140.11    4.60    0.00    4.60
  146.83    4.63    0.00    4.63
  151.60    4.66    0.00    4.66
  156.38    4.69    0.00    4.69
  161.16    4.71    0.00    4.71
  165.94    4.73    0.00    4.73
  170.71    4.76    0.00    4.76
  175.49    4.78    0.00    4.78
  180.27    4.80    0.00    4.80
  185.04    4.83    0.00    4.83
  189.82    4.85    0.00    4.85
  194.60    4.87    0.00    4.87
  199.37    4.90    0.00    4.90
  204.15    4.92    0.00    4.92
  208.93    4.94    0.00    4.94
  213.70    4.97    0.00    4.97
  218.48    5.00    0.00    5.00
  228.03    5.04    0.00    5.04
  237.59    5.09    0.00    5.09
  247.14    5.13    0.00    5.13
  256.69    5.17    0.00    5.17
  266.25    5.21    0.00    5.21
  275.80    5.25    0.00    5.25
   42.73    4.38    0.00    4.38
   45.60    4.43    0.00    4.43
   48.46    4.47    0.00    4.47
   51.33    4.52    0.00    4.52
   54.20    4.56    0.00    4.56
   57.06    4.60    0.00    4.60
   59.93    4.64    0.00    4.64
   62.79    4.67    0.00    4.67
   65.66    4.70    0.00    4.70
   70.44    4.74    0.00    4.74
   75.21    4.77    0.00    4.77
   79.99    4.78    0.00    4.78
   84.76    4.79    0.00    4.79
   89.54    4.78    0.00    4.78
   94.32    4.77    0.00    4.77
   99.09    4.75    0.00    4.75
  103.87    4.71    0.00    4.71
  108.64    4.67    0.00    4.67
  113.42    4.63    0.00    4.63
  118.20    4.59    0.00    4.59
  125.26    4.55    0.00    4.55
  144.39    4.61    0.00    4.61
  146.86    4.63    0.00    4.63
  151.63    4.66    0.00    4.66
  156.41    4.69    0.00    4.69
  161.19    4.71    0.00    4.71
  165.96    4.74    0.00    4.74
  170.74    4.76    0.00    4.76
  175.51    4.78    0.00    4.78
  180.29    4.81    0.00    4.81
  185.07    4.83    0.00    4.83
  189.84    4.85    0.00    4.85
  194.62    4.87    0.00    4.87
  199.40    4.90    0.00    4.90
  204.17    4.92    0.00    4.92
  208.95    4.94    0.00    4.94
  213.72    4.97    0.00    4.97
  218.50    5.00    0.00    5.00
  228.05    5.04    0.00    5.04
  237.60    5.09    0.00    5.09
  247.16    5.13    0.00    5.13
  256.71    5.17    0.00    5.17
  266.26    5.21    0.00    5.21
  275.82    5.25    0.00    5.25
   40.41    4.33    0.00    4.33
   42.60    4.37    0.00    4.37
   45.47    4.42    0.00    4.42
   48.33    4.47    0.00    4.47
   51.20    4.52    0.00    4.52
   54.07    4.56    0.00    4.56
   56.93    4.60    0.00    4.60
   59.80    4.64    0.00    4.64
   62.67    4.67    0.00    4.67
   65.53    4.70    0.00    4.70
   70.31    4.74    0.00    4.74
   75.09    4.77    0.00    4.77
   79.87    4.78    0.00    4.78
   84.65    4.78    0.00    4.78
   89.42    4.78    0.00    4.78
   94.20    4.77    0.00    4.77
   98.98    4.74    0.00    4.74
  103.76    4.70    0.00    4.70
  108.54    4.66    0.00    4.66
  113.31    4.61    0.00    4.61
  118.09    4.56    0.00    4.56
  146.80    4.62    0.00    4.62
  146.80    4.63    0.00    4.63
  151.54    4.66    0.00    4.66
  156.32    4.69    0.00    4.69
  161.09    4.71    0.00    4.71
  165.87    4.73    0.00    4.73
  170.65    4.76    0.00    4.76
  175.43    4.78    0.00    4.78
  180.21    4.80    0.00    4.80
  184.99    4.83    0.00    4.83
  189.76    4.85    0.00    4.85
  194.54    4.87    0.00    4.87
  199.32    4.90    0.00    4.90
  204.10    4.92    0.00    4.92
  208.88    4.94    0.00    4.94
  213.65    4.97    0.00    4.97
  218.43    5.00    0.00    5.00
  227.99    5.04    0.00    5.04
  237.54    5.09    0.00    5.09
  247.10    5.13    0.00    5.13
  256.66    5.17    0.00    5.17
  266.21    5.21    0.00    5.21
  275.77    5.25    0.00    5.25
   39.45    4.34    0.00    4.34
   42.86    4.37    0.00    4.37
   45.73    4.42    0.00    4.42
   48.59    4.47    0.00    4.47
   51.45    4.51    0.00    4.51
   54.32    4.56    0.00    4.56
   57.19    4.60    0.00    4.60
   60.05    4.64    0.00    4.64
   62.91    4.67    0.00    4.67
   65.78    4.70    0.00    4.70
   70.55    4.74    0.00    4.74
   75.33    4.77    0.00    4.77
   80.10    4.78    0.00    4.78
   84.88    4.78    0.00    4.78
   89.65    4.78    0.00    4.78
   94.43    4.76    0.00    4.76
   99.20    4.73    0.00    4.73
  103.98    4.69    0.00    4.69
  108.75    4.65    0.00    4.65
  113.53    4.59    0.00    4.59
  120.53    4.53    0.00    4.53
  151.67    4.64    0.00    4.64
  151.67    4.66    0.00    4.66
  156.50    4.69    0.00    4.69
  161.27    4.71    0.00    4.71
  166.04    4.73    0.00    4.73
  170.82    4.76    0.00    4.76
  175.59    4.78    0.00    4.78
  180.37    4.80    0.00    4.80
  185.14    4.83    0.00    4.83
  189.92    4.85    0.00    4.85
  194.69    4.87    0.00    4.87
  199.47    4.90    0.00    4.90
  204.24    4.92    0.00    4.92
  209.02    4.94    0.00    4.94
  213.79    4.97    0.00    4.97
  218.57    5.00    0.00    5.00
  228.12    5.04    0.00    5.04
  237.66    5.09    0.00    5.09
  247.21    5.13    0.00    5.13
  256.76    5.17    0.00    5.17
  266.31    5.21    0.00    5.21
  280.34    5.25    0.00    5.25
   40.14    4.33    0.00    4.33
   43.01    4.37    0.00    4.37
   45.87    4.42    0.00    4.42
   48.73    4.47    0.00    4.47
   51.59    4.52    0.00    4.52
   54.46    4.56    0.00    4.56
   57.32    4.60    0.00    4.60
   60.19    4.64    0.00    4.64
   63.05    4.67    0.00    4.67
   65.91    4.70    0.00    4.70
   70.69    4.74    0.00    4.74
   75.46    4.77    0.00    4.77
   80.23    4.78    0.00    4.78
   85.00    4.78    0.00    4.78
   89.78    4.77    0.00    4.77
   94.55    4.75    0.00    4.75
   99.32    4.72    0.00    4.72
  104.09    4.68    0.00    4.68
  108.87    4.63    0.00    4.63
  113.64    4.56    0.00    4.56
  156.58    4.67    0.00    4.67
  156.58    4.69    0.00    4.69
  161.37    4.71    0.00    4.71
  166.14    4.74    0.00    4.74
  170.91    4.76    0.00    4.76
  175.69    4.78    0.00    4.78
  180.46    4.81    0.00    4.81
  185.23    4.83    0.00    4.83
  190.00    4.85    0.00    4.85
  194.78    4.88    0.00    4.88
  199.55    4.90    0.00    4.90
  204.32    4.92    0.00    4.92
  209.09    4.95    0.00    4.95
  213.87    4.97    0.00    4.97
  218.64    5.00    0.00    5.00
  228.18    5.04    0.00    5.04
  237.73    5.09    0.00    5.09
  247.28    5.13    0.00    5.13
  256.82    5.17    0.00    5.17
  266.37    5.22    0.00    5.22
   37.63    4.31    0.00    4.31
   40.07    4.31    0.00    4.31
   42.94    4.36    0.00    4.36
   45.80    4.42    0.00    4.42
   48.66    4.47    0.00    4.47
   51.53    4.52    0.00    4.52
   54.39    4.56    0.00    4.56
   57.26    4.60    0.00    4.60
   60.12    4.64    0.00    4.64
   62.98    4.67    0.00    4.67
   65.85    4.70    0.00    4.70
   70.62    4.74    0.00    4.74
   75.40    4.77    0.00    4.77
   80.17    4.78    0.00    4.78
   84.94    4.78    0.00    4.78
   89.72    4.76    0.00    4.76
   94.49    4.74    0.00    4.74
   99.26    4.71    0.00    4.71
  104.04    4.66    0.00    4.66
  108.81    4.61    0.00    4.61
  113.58    4.54    0.00    4.54
  161.32    4.69    0.00    4.69
  161.32    4.71    0.00    4.71
  166.09    4.74    0.00    4.74
  170.87    4.76    0.00    4.76
  175.64    4.78    0.00    4.78
  180.41    4.81    0.00    4.81
  185.19    4.83    0.00    4.83
  189.96    4.85    0.00    4.85
  194.74    4.88    0.00    4.88
  199.51    4.90    0.00    4.90
  204.28    4.92    0.00    4.92
  209.06    4.95    0.00    4.95
  213.83    4.97    0.00    4.97
  218.60    5.00    0.00    5.00
  228.15    5.04    0.00    5.04
  237.70    5.09    0.00    5.09
  247.25    5.13    0.00    5.13
  256.79    5.17    0.00    5.17
  266.34    5.22    0.00    5.22
   36.79    4.30    0.00    4.30
   39.88    4.30    0.00    4.30
   42.75    4.35    0.00    4.35
   45.61    4.40    0.00    4.40
   48.48    4.46    0.00    4.46
   51.34    4.51    0.00    4.51
   54.21    4.56    0.00    4.56
   57.08    4.60    0.00    4.60
   59.94    4.64    0.00    4.64
   62.81    4.67    0.00    4.67
   65.67    4.70    0.00    4.70
   70.45    4.74    0.00    4.74
   75.23    4.77    0.00    4.77
   80.00    4.78    0.00    4.78
   84.78    4.77    0.00    4.77
   89.55    4.76    0.00    4.76
   94.33    4.74    0.00    4.74
   99.11    4.70    0.00    4.70
  103.88    4.65    0.00    4.65
  108.66    4.60    0.00    4.60
  113.43    4.53    0.00    4.53
  165.76    4.72    0.00    4.72
  165.76    4.73    0.00    4.73
  170.75    4.76    0.00    4.76
  175.52    4.78    0.00    4.78
  180.30    4.81    0.00    4.81
  185.08    4.83    0.00    4.83
  189.85    4.85    0.00    4.85
  194.63    4.87    0.00    4.87
  199.40    4.90    0.00    4.90
  204.18    4.92    0.00    4.92
  208.96    4.94    0.00    4.94
  213.73    4.97    0.00    4.97
  218.51    5.00    0.00    5.00
  228.06    5.04    0.00    5.04
  237.61    5.09    0.00    5.09
  247.16    5.13    0.00    5.13
  256.72    5.17    0.00    5.17
  266.27    5.22    0.00    5.22
   37.16    4.29    0.00    4.29
   40.03    4.29    0.00    4.29
   42.89    4.35    0.00    4.35
   45.76    4.40    0.00    4.40
   48.62    4.45    0.00    4.45
   51.49    4.50    0.00    4.50
   54.35    4.55    0.00    4.55
   57.22    4.60    0.00    4.60
   60.08    4.64    0.00    4.64
   62.95    4.67    0.00    4.67
   65.81    4.70    0.00    4.70
   70.58    4.74    0.00    4.74
   75.36    4.77    0.00    4.77
   80.13    4.78    0.00    4.78
   84.91    4.77    0.00    4.77
   89.68    4.76    0.00    4.76
   94.45    4.73    0.00    4.73
   99.23    4.69    0.00    4.69
  104.00    4.65    0.00    4.65
  108.78    4.59    0.00    4.59
  113.55    4.52    0.00    4.52
  170.83    4.74    0.00    4.74
  170.83    4.76    0.00    4.76
  175.62    4.78    0.00    4.78
  180.39    4.81    0.00    4.81
  185.16    4.83    0.00    4.83
  189.94    4.85    0.00    4.85
  194.71    4.87    0.00    4.87
  199.49    4.90    0.00    4.90
  204.26    4.92    0.00    4.92
  209.03    4.94    0.00    4.94
  213.81    4.97    0.00    4.97
  218.58    5.00    0.00    5.00
  228.13    5.04    0.00    5.04
  237.68    5.09    0.00    5.09
  247.23    5.13    0.00    5.13
  256.78    5.17    0.00    5.17
  266.32    5.22    0.00    5.22
   35.58    4.28    0.00    4.28
   37.29    4.29    0.00    4.29
   40.15    4.29    0.00    4.29
   43.01    4.35    0.00    4.35
   45.88    4.40    0.00    4.40
   48.74    4.45    0.00    4.45
   51.60    4.51    0.00    4.51
   54.47    4.55    0.00    4.55
   57.33    4.60    0.00    4.60
   60.20    4.64    0.00    4.64
   63.06    4.67    0.00    4.67
   65.92    4.70    0.00    4.70
   70.69    4.74    0.00    4.74
   75.47    4.77    0.00    4.77
   80.24    4.78    0.00    4.78
   85.01    4.77    0.00    4.77
   89.78    4.76    0.00    4.76
   94.56    4.72    0.00    4.72
   99.33    4.69    0.00    4.69
  104.10    4.63    0.00    4.63
  108.88    4.57    0.00    4.57
  113.65    4.51    0.00    4.51
  175.66    4.76    0.00    4.76
  175.66    4.78    0.00    4.78
  180.45    4.81    0.00    4.81
  185.24    4.83    0.00    4.83
  190.01    4.85    0.00    4.85
  194.78    4.88    0.00    4.88
  199.55    4.90    0.00    4.90
  204.33    4.92    0.00    4.92
  209.10    4.95    0.00    4.95
  213.87    4.97    0.00    4.97
  218.64    5.00    0.00    5.00
  228.19    5.04    0.00    5.04
  237.73    5.09    0.00    5.09
  247.28    5.13    0.00    5.13
  256.82    5.17    0.00    5.17
  266.37    5.22    0.00    5.22
   35.52    4.28    0.00    4.28
   37.24    4.28    0.00    4.28
   40.10    4.29    0.00    4.29
   42.96    4.35    0.00    4.35
   45.83    4.40    0.00    4.40
   48.69    4.46    0.00    4.46
   51.55    4.51    0.00    4.51
   54.42    4.55    0.00    4.55
   57.28    4.60    0.00    4.60
   60.15    4.64    0.00    4.64
   63.01    4.67    0.00    4.67
   65.88    4.70    0.00    4.70
   70.65    4.74    0.00    4.74
   75.42    4.77    0.00    4.77
   80.19    4.78    0.00    4.78
   84.97    4.77    0.00    4.77
   89.74    4.75    0.00    4.75
   94.51    4.72    0.00    4.72
   99.29    4.68    0.00    4.68
  104.06    4.62    0.00    4.62
  108.83    4.56    0.00    4.56
  115.42    4.49    0.00    4.49
  183.88    4.81    0.00    4.81
  183.88    4.82    0.00    4.82
  189.98    4.85    0.00    4.85
  194.75    4.88    0.00    4.88
  199.53    4.90    0.00    4.90
  204.30    4.92    0.00    4.92
  209.07    4.95    0.00    4.95
  213.84    4.97    0.00    4.97
  218.62    5.00    0.00    5.00
  228.16    5.04    0.00    5.04
  237.71    5.09    0.00    5.09
  247.26    5.13    0.00    5.13
  256.80    5.17    0.00    5.17
  266.35    5.22    0.00    5.22
   35.46    4.27    0.00    4.27
   37.22    4.28    0.00    4.28
   40.08    4.29    0.00    4.29
   42.95    4.35    0.00    4.35
   45.81    4.40    0.00    4.40
   48.68    4.45    0.00    4.45
   51.54    4.51    0.00    4.51
   54.41    4.55    0.00    4.55
   57.27    4.60    0.00    4.60
   60.13    4.64    0.00    4.64
   63.00    4.67    0.00    4.67
   65.86    4.70    0.00    4.70
   70.63    4.74    0.00    4.74
   75.41    4.77    0.00    4.77
   80.18    4.78    0.00    4.78
   84.95    4.77    0.00    4.77
   89.73    4.75    0.00    4.75
   94.50    4.71    0.00    4.71
   99.28    4.67    0.00    4.67
  104.05    4.62    0.00    4.62
  108.82    4.54    0.00    4.54
  189.92    4.83    0.00    4.83
  189.92    4.85    0.00    4.85
  194.74    4.88    0.00    4.88
  199.52    4.90    0.00    4.90
  204.29    4.92    0.00    4.92
  209.06    4.95    0.00    4.95
  213.84    4.97    0.00    4.97
  218.61    5.00    0.00    5.00
  228.16    5.04    0.00    5.04
  237.70    5.09    0.00    5.09
  247.25    5.13    0.00    5.13
  256.80    5.17    0.00    5.17
  266.34    5.22    0.00    5.22
   35.41    4.27    0.00    4.27
   37.29    4.28    0.00    4.28
   40.16    4.28    0.00    4.28
   43.02    4.35    0.00    4.35
   45.88    4.40    0.00    4.40
   48.75    4.45    0.00    4.45
   51.61    4.51    0.00    4.51
   54.47    4.55    0.00    4.55
   57.34    4.60    0.00    4.60
   60.20    4.64    0.00    4.64
   63.06    4.67    0.00    4.67
   65.93    4.70    0.00    4.70
   70.70    4.74    0.00    4.74
   75.47    4.77    0.00    4.77
   80.24    4.77    0.00    4.77
   85.02    4.77    0.00    4.77
   89.79    4.75    0.00    4.75
   94.56    4.71    0.00    4.71
   99.33    4.67    0.00    4.67
  104.11    4.61    0.00    4.61
  108.88    4.53    0.00    4.53
  194.75    4.86    0.00    4.86
  194.75    4.88    0.00    4.88
  199.56    4.90    0.00    4.90
  204.33    4.92    0.00    4.92
  209.10    4.95    0.00    4.95
  213.87    4.97    0.00    4.97
  218.65    5.00    0.00    5.00
  228.19    5.04    0.00    5.04
  237.74    5.09    0.00    5.09
  247.28    5.13    0.00    5.13
  256.83    5.17    0.00    5.17
  266.37    5.22    0.00    5.22
   35.35    4.26    0.00    4.26
   37.34    4.28    0.00    4.28
   40.20    4.28    0.00    4.28
   43.06    4.35    0.00    4.35
   45.92    4.40    0.00    4.40
   48.79    4.46    0.00    4.46
   51.65    4.51    0.00    4.51
   54.51    4.55    0.00    4.55
   57.38    4.60    0.00    4.60
   60.24    4.64    0.00    4.64
   63.10    4.67    0.00    4.67
   65.97    4.70    0.00    4.70
   70.74    4.74    0.00    4.74
   75.51    4.76    0.00    4.76
   80.28    4.77    0.00    4.77
   85.05    4.77    0.00    4.77
   89.83    4.75    0.00    4.75
   94.60    4.71    0.00    4.71
   99.37    4.66    0.00    4.66
  104.14    4.61    0.00    4.61
  108.91    4.53    0.00    4.53
  204.35    4.90    0.00    4.90
  204.35    4.92    0.00    4.92
  209.12    4.95    0.00    4.95
  213.90    4.97    0.00    4.97
  218.67    5.00    0.00    5.00
  228.21    5.04    0.00    5.04
  237.75    5.09    0.00    5.09
  247.30    5.13    0.00    5.13
  256.84    5.17    0.00    5.17
  266.39    5.22    0.00    5.22
   35.29    4.26    0.00    4.26
   37.24    4.28    0.00    4.28
   40.11    4.28    0.00    4.28
   42.97    4.34    0.00    4.34
   45.83    4.40    0.00    4.40
   48.70    4.46    0.00    4.46
   51.56    4.51    0.00    4.51
   54.42    4.55    0.00    4.55
   57.29    4.60    0.00    4.60
   60.15    4.64    0.00    4.64
   63.02    4.67    0.00    4.67
   65.88    4.70    0.00    4.70
   70.65    4.74    0.00    4.74
   75.43    4.76    0.00    4.76
   80.20    4.77    0.00    4.77
   84.97    4.77    0.00    4.77
   89.75    4.75    0.00    4.75
   94.52    4.70    0.00    4.70
   99.29    4.66    0.00    4.66
  104.07    4.61    0.00    4.61
  108.84    4.53    0.00    4.53
  209.10    4.93    0.00    4.93
  209.10    4.95    0.00    4.95
  213.84    4.97    0.00    4.97
  218.62    5.00    0.00    5.00
  228.17    5.04    0.00    5.04
  237.71    5.09    0.00    5.09
  247.26    5.13    0.00    5.13
  256.81    5.17    0.00    5.17
  266.35    5.22    0.00    5.22
   35.21    4.26    0.00    4.26
   37.07    4.28    0.00    4.28
   39.94    4.28    0.00    4.28
   42.80    4.34    0.00    4.34
   45.67    4.40    0.00    4.40
   48.53    4.45    0.00    4.45
   51.40    4.50    0.00    4.50
   54.26    4.55    0.00    4.55
   57.13    4.59    0.00    4.59
   59.99    4.64    0.00    4.64
   62.86    4.67    0.00    4.67
   65.72    4.70    0.00    4.70
   70.50    4.74    0.00    4.74
   75.28    4.76    0.00    4.76
   80.05    4.77    0.00    4.77
   84.83    4.77    0.00    4.77
   89.60    4.75    0.00    4.75
   94.38    4.71    0.00    4.71
   99.15    4.67    0.00    4.67
  103.93    4.61    0.00    4.61
  108.70    4.53    0.00    4.53
  218.57    4.97    0.00    4.97
  218.57    5.00    0.00    5.00
  228.09    5.04    0.00    5.04
  237.64    5.09    0.00    5.09
  247.19    5.13    0.00    5.13
  256.74    5.17    0.00    5.17
  266.29    5.22    0.00    5.22
   35.32    4.26    0.00    4.26
   37.08    4.27    0.00    4.27
   39.95    4.28    0.00    4.28
   42.81    4.34    0.00    4.34
   45.68    4.39    0.00    4.39
   48.54    4.45    0.00    4.45
   51.41    4.50    0.00    4.50
   54.27    4.54    0.00    4.54
   57.14    4.59    0.00    4.59
   60.00    4.63    0.00    4.63
   62.87    4.66    0.00    4.66
   65.73    4.70    0.00    4.70
   70.51    4.74    0.00    4.74
   75.28    4.77    0.00    4.77
   80.06    4.78    0.00    4.78
   84.83    4.77    0.00    4.77
   89.61    4.75    0.00    4.75
   94.39    4.71    0.00    4.71
   99.16    4.67    0.00    4.67
  103.94    4.61    0.00    4.61
  108.71    4.54    0.00    4.54
  230.03    5.02    0.00    5.02
  230.03    5.05    0.00    5.05
  237.66    5.09    0.00    5.09
  247.19    5.13    0.00    5.13
  256.74    5.17    0.00    5.17
  266.29    5.22    0.00    5.22
   35.51    4.26    0.00    4.26
   37.16    4.27    0.00    4.27
   40.03    4.28    0.00    4.28
   42.89    4.34    0.00    4.34
   45.76    4.39    0.00    4.39
   48.62    4.45    0.00    4.45
   51.48    4.50    0.00    4.50
   54.35    4.54    0.00    4.54
   57.21    4.59    0.00    4.59
   60.08    4.63    0.00    4.63
   62.94    4.66    0.00    4.66
   65.81    4.70    0.00    4.70
   70.58    4.74    0.00    4.74
   75.36    4.77    0.00    4.77
   80.13    4.78    0.00    4.78
   84.90    4.77    0.00    4.77
   89.68    4.75    0.00    4.75
   94.45    4.72    0.00    4.72
   99.23    4.67    0.00    4.67
  104.00    4.62    0.00    4.62
  108.77    4.54    0.00    4.54
  245.33    5.10    0.00    5.10
  245.33    5.13    0.00    5.13
  256.77    5.17    0.00    5.17
  266.32    5.22    0.00    5.22
   35.70    4.27    0.00    4.27
   37.16    4.27    0.00    4.27
   40.03    4.28    0.00    4.28
   42.89    4.34    0.00    4.34
   45.76    4.39    0.00    4.39
   48.62    4.45    0.00    4.45
   51.49    4.50    0.00    4.50
   54.35    4.54    0.00    4.54
   57.22    4.59    0.00    4.59
   60.08    4.63    0.00    4.63
   62.94    4.66    0.00    4.66
   65.81    4.70    0.00    4.70
   70.58    4.74    0.00    4.74
   75.36    4.77    0.00    4.77
   80.13    4.78    0.00    4.78
   84.91    4.77    0.00    4.77
   89.68    4.75    0.00    4.75
   94.45    4.72    0.00    4.72
   99.23    4.67    0.00    4.67
  104.00    4.62    0.00    4.62
  108.78    4.54    0.00    4.54
  256.77    5.14    0.00    5.14
  256.77    5.17    0.00    5.17
  266.32    5.22    0.00    5.22
   35.89    4.27    0.00    4.27
   35.89    4.27    0.00    4.27
   40.00    4.28    0.00    4.28
   42.87    4.34    0.00    4.34
   45.73    4.39    0.00    4.39
   48.60    4.45    0.00    4.45
   51.46    4.50    0.00    4.50
   54.33    4.54    0.00    4.54
   57.19    4.59    0.00    4.59
   60.06    4.63    0.00    4.63
   62.92    4.66    0.00    4.66
   65.79    4.70    0.00    4.70
   70.56    4.74    0.00    4.74
   75.34    4.77    0.00    4.77
   80.11    4.78    0.00    4.78
   84.89    4.77    0.00    4.77
   89.66    4.75    0.00    4.75
   94.43    4.72    0.00    4.72
   99.21    4.68    0.00    4.68
  103.98    4.62    0.00    4.62
  108.76    4.55    0.00    4.55
  275.93    5.23    0.00    5.23
   36.15    4.26    0.00    4.26
   40.10    4.28    0.00    4.28
   42.96    4.34    0.00    4.34
   45.83    4.39    0.00    4.39
   48.69    4.45    0.00    4.45
   51.56    4.50    0.00    4.50
   54.42    4.54    0.00    4.54
   57.28    4.59    0.00    4.59
   60.15    4.63    0.00    4.63
   63.01    4.66    0.00    4.66
   65.88    4.70    0.00    4.70
   70.65    4.74    0.00    4.74
   75.42    4.77    0.00    4.77
   80.19    4.78    0.00    4.78
   84.97    4.77    0.00    4.77
   89.74    4.76    0.00    4.76
   94.52    4.72    0.00    4.72
   99.29    4.68    0.00    4.68
  104.06    4.63    0.00    4.63
  108.83    4.57    0.00    4.57
  113.61    4.51    0.00    4.51
   36.04    4.26    0.00    4.26
   40.19    4.28    0.00    4.28
   43.05    4.34    0.00    4.34
   45.91    4.39    0.00    4.39
   48.77    4.45    0.00    4.45
   51.64    4.50    0.00    4.50
   54.50    4.54    0.00    4.54
   57.36    4.59    0.00    4.59
   60.23    4.63    0.00    4.63
   63.09    4.67    0.00    4.67
   65.95    4.70    0.00    4.70
   70.73    4.74    0.00    4.74
   75.50    4.77    0.00    4.77
   80.27    4.78    0.00    4.78
   85.04    4.77    0.00    4.77
   89.81    4.76    0.00    4.76
   94.59    4.72    0.00    4.72
   99.36    4.69    0.00    4.69
  104.13    4.64    0.00    4.64
  108.90    4.57    0.00    4.57
  113.67    4.51    0.00    4.51
   35.87    4.26    0.00    4.26
   40.16    4.27    0.00    4.27
   43.02    4.33    0.00    4.33
   45.89    4.39    0.00    4.39
   48.75    4.45    0.00    4.45
   51.61    4.50    0.00    4.50
   54.48    4.54    0.00    4.54
   57.34    4.59    0.00    4.59
   60.20    4.63    0.00    4.63
   63.07    4.66    0.00    4.66
   65.93    4.70    0.00    4.70
   70.70    4.74    0.00    4.74
   75.48    4.77    0.00    4.77
   80.25    4.78    0.00    4.78
   85.02    4.77    0.00    4.77
   89.79    4.76    0.00    4.76
   94.56    4.73    0.00    4.73
   99.34    4.69    0.00    4.69
  104.11    4.64    0.00    4.64
  108.88    4.58    0.00    4.58
  113.66    4.52    0.00    4.52
   37.21    4.26    0.00    4.26
   40.08    4.27    0.00    4.27
   42.94    4.33    0.00    4.33
   45.80    4.38    0.00    4.38
   48.67    4.44    0.00    4.44
   51.53    4.49    0.00    4.49
   54.40    4.54    0.00    4.54
   57.26    4.58    0.00    4.58
   60.13    4.62    0.00    4.62
   62.99    4.66    0.00    4.66
   65.85    4.70    0.00    4.70
   70.63    4.74    0.00    4.74
   75.40    4.77    0.00    4.77
   80.17    4.78    0.00    4.78
   84.95    4.78    0.00    4.78
   89.72    4.76    0.00    4.76
   94.50    4.73    0.00    4.73
   99.27    4.70    0.00    4.70
  104.04    4.65    0.00    4.65
  108.82    4.59    0.00    4.59
  113.59    4.53    0.00    4.53
   35.51    4.26    0.00    4.26
   37.15    4.26    0.00    4.26
   40.02    4.27    0.00    4.27
   42.88    4.32    0.00    4.32
   45.75    4.38    0.00    4.38
   48.61    4.44    0.00    4.44
   51.48    4.49    0.00    4.49
   54.34    4.54    0.00    4.54
   57.21    4.58    0.00    4.58
   60.07    4.62    0.00    4.62
   62.94    4.66    0.00    4.66
   65.80    4.70    0.00    4.70
   70.57    4.74    0.00    4.74
   75.35    4.77    0.00    4.77
   80.12    4.78    0.00    4.78
   84.90    4.78    0.00    4.78
   89.67    4.76    0.00    4.76
   94.45    4.74    0.00    4.74
   99.22    4.70    0.00    4.70
  103.99    4.66    0.00    4.66
  108.77    4.60    0.00    4.60
  113.54    4.54    0.00    4.54
   35.33    4.25    0.00    4.25
   37.15    4.26    0.00    4.26
   40.01    4.26    0.00    4.26
   42.88    4.32    0.00    4.32
   45.74    4.38    0.00    4.38
   48.61    4.43    0.00    4.43
   51.47    4.49    0.00    4.49
   54.34    4.54    0.00    4.54
   57.20    4.58    0.00    4.58
   60.06    4.62    0.00    4.62
   62.93    4.66    0.00    4.66
   65.79    4.70    0.00    4.70
   70.57    4.74    0.00    4.74
   75.34    4.77    0.00    4.77
   80.12    4.78    0.00    4.78
   84.89    4.78    0.00    4.78
   89.67    4.76    0.00    4.76
   94.44    4.74    0.00    4.74
   99.22    4.71    0.00    4.71
  103.99    4.66    0.00    4.66
  108.76    4.61    0.00    4.61
  113.54    4.55    0.00    4.55
   35.15    4.25    0.00    4.25
   37.15    4.26    0.00    4.26
   40.02    4.26    0.00    4.26
   42.88    4.32    0.00    4.32
   45.75    4.37    0.00    4.37
   48.61    4.43    0.00    4.43
   51.48    4.48    0.00    4.48
   54.34    4.53    0.00    4.53
   57.20    4.58    0.00    4.58
   60.07    4.62    0.00    4.62
   62.93    4.65    0.00    4.65
   65.80    4.70    0.00    4.70
   70.57    4.74    0.00    4.74
   75.35    4.77    0.00    4.77
   80.12    4.78    0.00    4.78
   84.90    4.78    0.00    4.78
   89.67    4.77    0.00    4.77
   94.44    4.74    0.00    4.74
   99.22    4.71    0.00    4.71
  103.99    4.66    0.00    4.66
  108.77    4.61    0.00    4.61
  113.54    4.55    0.00    4.55
   34.94    4.24    0.00    4.24
   37.40    4.26    0.00    4.26
   40.26    4.26    0.00    4.26
   43.13    4.32    0.00    4.32
   45.99    4.37    0.00    4.37
   48.85    4.43    0.00    4.43
   51.71    4.48    0.00    4.48
   54.58    4.53    0.00    4.53
   57.44    4.58    0.00    4.58
   60.30    4.62    0.00    4.62
   63.16    4.66    0.00    4.66
   66.03    4.70    0.00    4.70
   70.80    4.74    0.00    4.74
   75.57    4.77    0.00    4.77
   80.34    4.78    0.00    4.78
   85.11    4.78    0.00    4.78
   89.88    4.77    0.00    4.77
   94.65    4.75    0.00    4.75
   99.42    4.71    0.00    4.71
  104.20    4.66    0.00    4.66
  108.97    4.61    0.00    4.61
  113.74    4.55    0.00    4.55
   37.48    4.25    0.00    4.25
   37.48    4.26    0.00    4.26
   40.40    4.25    0.00    4.25
   43.28    4.31    0.00    4.31
   46.13    4.37    0.00    4.37
   48.99    4.43    0.00    4.43
   51.86    4.48    0.00    4.48
   54.72    4.53    0.00    4.53
   57.58    4.58    0.00    4.58
   60.44    4.62    0.00    4.62
   63.30    4.66    0.00    4.66
   66.16    4.70    0.00    4.70
   70.93    4.74    0.00    4.74
   75.70    4.77    0.00    4.77
   80.47    4.78    0.00    4.78
   85.24    4.78    0.00    4.78
   90.01    4.77    0.00    4.77
   94.78    4.75    0.00    4.75
   99.55    4.71    0.00    4.71
  104.32    4.66    0.00    4.66
  109.08    4.61    0.00    4.61
  113.85    4.55    0.00    4.55
   34.60    4.23    0.00    4.23
   37.59    4.25    0.00    4.25
   40.45    4.25    0.00    4.25
   46.16    4.33    0.00    4.33
   46.16    4.37    0.00    4.37
   49.02    4.43    0.00    4.43
   51.84    4.48    0.00    4.48
   54.76    4.53    0.00    4.53
   57.62    4.58    0.00    4.58
   60.48    4.62    0.00    4.62
   63.34    4.66    0.00    4.66
   66.20    4.70    0.00    4.70
   70.97    4.74    0.00    4.74
   75.74    4.77    0.00    4.77
   80.51    4.78    0.00    4.78
   85.28    4.79    0.00    4.79
   90.04    4.77    0.00    4.77
   94.81    4.75    0.00    4.75
   99.58    4.71    0.00    4.71
  104.35    4.66    0.00    4.66
  109.12    4.61    0.00    4.61
  113.89    4.55    0.00    4.55
   34.41    4.22    0.00    4.22
   37.48    4.25    0.00    4.25
   40.34    4.25    0.00    4.25
   43.20    4.31    0.00    4.31
   46.07    4.37    0.00    4.37
   48.93    4.42    0.00    4.42
   54.67    4.49    0.00    4.49
   54.67    4.53    0.00    4.53
   57.47    4.58    0.00    4.58
   60.38    4.62    0.00    4.62
   63.24    4.66    0.00    4.66
   66.10    4.70    0.00    4.70
   70.87    4.74    0.00    4.74
   75.64    4.77    0.00    4.77
   80.41    4.78    0.00    4.78
   85.18    4.79    0.00    4.79
   89.95    4.77    0.00    4.77
   94.72    4.75    0.00    4.75
   99.49    4.71    0.00    4.71
  104.26    4.67    0.00    4.67
  109.03    4.61    0.00    4.61
  113.80    4.55    0.00    4.55
   34.23    4.22    0.00    4.22
   37.28    4.24    0.00    4.24
   40.15    4.24    0.00    4.24
   43.01    4.31    0.00    4.31
   45.88    4.36    0.00    4.36
   48.74    4.42    0.00    4.42
   51.60    4.47    0.00    4.47
   54.47    4.52    0.00    4.52
   60.26    4.58    0.00    4.58
   60.26    4.61    0.00    4.61
   63.06    4.65    0.00    4.65
   65.92    4.70    0.00    4.70
   70.69    4.74    0.00    4.74
   75.47    4.77    0.00    4.77
   80.24    4.78    0.00    4.78
   85.01    4.79    0.00    4.79
   89.78    4.78    0.00    4.78
   94.56    4.75    0.00    4.75
   99.33    4.72    0.00    4.72
  104.10    4.67    0.00    4.67
  108.87    4.61    0.00    4.61
  113.65    4.55    0.00    4.55
   34.04    4.21    0.00    4.21
   37.31    4.24    0.00    4.24
   40.18    4.24    0.00    4.24
   43.04    4.30    0.00    4.30
   45.91    4.35    0.00    4.35
   48.77    4.41    0.00    4.41
   51.63    4.47    0.00    4.47
   54.49    4.52    0.00    4.52
   57.36    4.57    0.00    4.57
   60.22    4.61    0.00    4.61
   67.40    4.67    0.00    4.67
   67.40    4.70    0.00    4.70
   70.72    4.73    0.00    4.73
   75.50    4.77    0.00    4.77
   80.27    4.78    0.00    4.78
   85.04    4.79    0.00    4.79
   89.81    4.78    0.00    4.78
   94.58    4.75    0.00    4.75
   99.35    4.72    0.00    4.72
  104.13    4.67    0.00    4.67
  108.90    4.62    0.00    4.62
  113.67    4.55    0.00    4.55
   33.85    4.21    0.00    4.21
   37.33    4.23    0.00    4.23
   40.19    4.23    0.00    4.23
   43.05    4.29    0.00    4.29
   45.92    4.35    0.00    4.35
   48.78    4.41    0.00    4.41
   51.64    4.46    0.00    4.46
   54.51    4.52    0.00    4.52
   57.37    4.56    0.00    4.56
   60.23    4.61    0.00    4.61
   63.09    4.65    0.00    4.65
   65.96    4.69    0.00    4.69
   70.73    4.73    0.00    4.73
   80.27    4.77    0.00    4.77
   80.27    4.78    0.00    4.78
   85.07    4.79    0.00    4.79
   89.82    4.78    0.00    4.78
   94.59    4.76    0.00    4.76
   99.36    4.72    0.00    4.72
  104.14    4.67    0.00    4.67
  108.91    4.62    0.00    4.62
  113.68    4.55    0.00    4.55
   34.64    4.21    0.00    4.21
   37.50    4.23    0.00    4.23
   40.36    4.23    0.00    4.23
   43.23    4.29    0.00    4.29
   46.09    4.35    0.00    4.35
   48.95    4.41    0.00    4.41
   51.81    4.46    0.00    4.46
   54.67    4.51    0.00    4.51
   57.53    4.56    0.00    4.56
   60.40    4.60    0.00    4.60
   63.26    4.64    0.00    4.64
   66.12    4.69    0.00    4.69
   70.89    4.74    0.00    4.74
   75.66    4.77    0.00    4.77
   80.43    4.78    0.00    4.78
   89.90    4.79    0.00    4.79
   89.90    4.78    0.00    4.78
   92.81    4.76    0.00    4.76
   99.55    4.72    0.00    4.72
  104.28    4.67    0.00    4.67
  109.05    4.62    0.00    4.62
  113.82    4.55    0.00    4.55
   33.48    4.19    0.00    4.19
   34.77    4.21    0.00    4.21
   37.63    4.23    0.00    4.23
   40.49    4.23    0.00    4.23
   43.35    4.29    0.00    4.29
   46.22    4.35    0.00    4.35
   49.08    4.41    0.00    4.41
   51.94    4.46    0.00    4.46
   54.80    4.52    0.00    4.52
   57.66    4.56    0.00    4.56
   60.52    4.60    0.00    4.60
   63.38    4.64    0.00    4.64
   66.24    4.69    0.00    4.69
   71.01    4.74    0.00    4.74
   75.78    4.77    0.00    4.77
   80.55    4.78    0.00    4.78
   85.31    4.79    0.00    4.79
   90.08    4.78    0.00    4.78
   94.85    4.75    0.00    4.75
  104.36    4.70    0.00    4.70
  104.36    4.67    0.00    4.67
  109.17    4.62    0.00    4.62
  113.92    4.55    0.00    4.55
   33.29    4.18    0.00    4.18
   34.87    4.21    0.00    4.21
   37.73    4.24    0.00    4.24
   40.59    4.23    0.00    4.23
   43.45    4.29    0.00    4.29
   46.31    4.34    0.00    4.34
   49.17    4.41    0.00    4.41
   52.03    4.46    0.00    4.46
   54.89    4.52    0.00    4.52
   57.75    4.56    0.00    4.56
   60.61    4.60    0.00    4.60
   63.47    4.64    0.00    4.64
   66.33    4.69    0.00    4.69
   71.10    4.74    0.00    4.74
   75.87    4.77    0.00    4.77
   80.63    4.78    0.00    4.78
   85.40    4.79    0.00    4.79
   90.17    4.77    0.00    4.77
   94.93    4.75    0.00    4.75
   99.70    4.72    0.00    4.72
  104.47    4.67    0.00    4.67
  113.97    4.60    0.00    4.60
  113.97    4.55    0.00    4.55
   33.10    4.17    0.00    4.17
   34.92    4.21    0.00    4.21
   37.78    4.23    0.00    4.23
   40.64    4.22    0.00    4.22
   43.50    4.29    0.00    4.29
   46.36    4.34    0.00    4.34
   49.22    4.41    0.00    4.41
   52.08    4.47    0.00    4.47
   54.94    4.52    0.00    4.52
   57.80    4.56    0.00    4.56
   60.66    4.60    0.00    4.60
   63.52    4.64    0.00    4.64
   66.38    4.69    0.00    4.69
   71.14    4.74    0.00    4.74
   75.91    4.77    0.00    4.77
   80.67    4.78    0.00    4.78
   85.44    4.79    0.00    4.79
   90.20    4.77    0.00    4.77
   94.97    4.75    0.00    4.75
   99.74    4.72    0.00    4.72
  104.50    4.67    0.00    4.67
  109.27    4.61    0.00    4.61
  114.04    4.54    0.00    4.54
   32.91    4.17    0.00    4.17
   34.92    4.21    0.00    4.21
   37.78    4.23    0.00    4.23
   40.64    4.22    0.00    4.22
   43.50    4.28    0.00    4.28
   46.36    4.34    0.00    4.34
   49.22    4.40    0.00    4.40
   52.08    4.46    0.00    4.46
   54.94    4.51    0.00    4.51
   57.80    4.56    0.00    4.56
   60.66    4.60    0.00    4.60
   63.52    4.64    0.00    4.64
   66.38    4.69    0.00    4.69
   71.15    4.74    0.00    4.74
   75.91    4.77    0.00    4.77
   80.68    4.78    0.00    4.78
   85.44    4.79    0.00    4.79
   90.21    4.77    0.00    4.77
   94.98    4.75    0.00    4.75
   99.74    4.72    0.00    4.72
  104.51    4.67    0.00    4.67
  109.27    4.61    0.00    4.61
  114.04    4.54    0.00    4.54
   32.73    4.16    0.00    4.16
   34.95    4.20    0.00    4.20
   37.81    4.23    0.00    4.23
   40.67    4.22    0.00    4.22
   43.53    4.28    0.00    4.28
   46.39    4.34    0.00    4.34
   49.25    4.40    0.00    4.40
   52.11    4.46    0.00    4.46
   54.97    4.51    0.00    4.51
   57.83    4.56    0.00    4.56
   60.69    4.60    0.00    4.60
   63.55    4.64    0.00    4.64
   66.40    4.69    0.00    4.69
   71.17    4.73    0.00    4.73
   75.94    4.77    0.00    4.77
   80.70    4.78    0.00    4.78
   85.47    4.79    0.00    4.79
   90.23    4.77    0.00    4.77
   95.00    4.75    0.00    4.75
   99.76    4.72    0.00    4.72
  104.53    4.67    0.00    4.67
  109.30    4.61    0.00    4.61
  114.06    4.54    0.00    4.54
   32.54    4.16    0.00    4.16
   34.90    4.20    0.00    4.20
   37.76    4.22    0.00    4.22
   40.62    4.21    0.00    4.21
   43.48    4.28    0.00    4.28
   46.34    4.33    0.00    4.33
   49.20    4.40    0.00    4.40
   52.06    4.46    0.00    4.46
   54.92    4.51    0.00    4.51
   57.78    4.56    0.00    4.56
   60.64    4.60    0.00    4.60
   63.50    4.64    0.00    4.64
   66.36    4.68    0.00    4.68
   71.12    4.73    0.00    4.73
   75.89    4.77    0.00    4.77
   80.66    4.78    0.00    4.78
   85.42    4.79    0.00    4.79
   90.19    4.77    0.00    4.77
   94.96    4.75    0.00    4.75
   99.72    4.72    0.00    4.72
  104.49    4.67    0.00    4.67
  109.25    4.61    0.00    4.61
  114.02    4.54    0.00    4.54
   32.35    4.15    0.00    4.15
   34.85    4.20    0.00    4.20
   37.71    4.22    0.00    4.22
   40.57    4.21    0.00    4.21
   43.43    4.27    0.00    4.27
   46.29    4.33    0.00    4.33
   49.15    4.39    0.00    4.39
   52.01    4.45    0.00    4.45
   54.87    4.51    0.00    4.51
   57.73    4.55    0.00    4.55
   60.59    4.60    0.00    4.60
   63.45    4.64    0.00    4.64
   66.31    4.68    0.00    4.68
   71.08    4.73    0.00    4.73
   75.84    4.77    0.00    4.77
   80.61    4.78    0.00    4.78
   85.38    4.79    0.00    4.79
   90.15    4.77    0.00    4.77
   94.91    4.75    0.00    4.75
   99.68    4.72    0.00    4.72
  104.45    4.67    0.00    4.67
  109.21    4.61    0.00    4.61
  113.98    4.54    0.00    4.54
   32.09    4.15    0.00    4.15
   34.80    4.20    0.00    4.20
   37.66    4.22    0.00    4.22
   40.52    4.21    0.00    4.21
   43.38    4.27    0.00    4.27
   46.24    4.33    0.00    4.33
   49.10    4.39    0.00    4.39
   51.96    4.45    0.00    4.45
   54.82    4.51    0.00    4.51
   57.69    4.55    0.00    4.55
   60.55    4.60    0.00    4.60
   63.41    4.64    0.00    4.64
   66.27    4.68    0.00    4.68
   71.03    4.73    0.00    4.73
   75.80    4.77    0.00    4.77
   80.57    4.78    0.00    4.78
   85.34    4.79    0.00    4.79
   90.11    4.77    0.00    4.77
   94.87    4.75    0.00    4.75
   99.64    4.72    0.00    4.72
  104.41    4.67    0.00    4.67
  109.17    4.61    0.00    4.61
  113.94    4.54    0.00    4.54
   32.94    4.15    0.00    4.15
   34.85    4.20    0.00    4.20
   37.71    4.21    0.00    4.21
   40.57    4.20    0.00    4.20
   43.43    4.27    0.00    4.27
   46.29    4.32    0.00    4.32
   49.15    4.39    0.00    4.39
   52.01    4.45    0.00    4.45
   54.87    4.50    0.00    4.50
   57.73    4.55    0.00    4.55
   60.59    4.60    0.00    4.60
   63.45    4.64    0.00    4.64
   66.31    4.68    0.00    4.68
   71.08    4.73    0.00    4.73
   75.84    4.77    0.00    4.77
   80.61    4.78    0.00    4.78
   85.38    4.79    0.00    4.79
   90.14    4.77    0.00    4.77
   94.91    4.75    0.00    4.75
   99.68    4.72    0.00    4.72
  104.44    4.67    0.00    4.67
  109.21    4.61    0.00    4.61
  113.98    4.54    0.00    4.54
   31.58    4.13    0.00    4.13
   33.00    4.15    0.00    4.15
   34.91    4.19    0.00    4.19
   37.77    4.21    0.00    4.21
   40.62    4.20    0.00    4.20
   43.48    4.27    0.00    4.27
   46.34    4.32    0.00    4.32
   49.20    4.39    0.00    4.39
   52.06    4.45    0.00    4.45
   54.92    4.50    0.00    4.50
   57.78    4.55    0.00    4.55
   60.64    4.60    0.00    4.60
   63.50    4.64    0.00    4.64
   66.36    4.68    0.00    4.68
   71.13    4.73    0.00    4.73
   75.89    4.77    0.00    4.77
   80.66    4.78    0.00    4.78
   85.43    4.79    0.00    4.79
   90.19    4.77    0.00    4.77
   94.96    4.75    0.00    4.75
   99.73    4.72    0.00    4.72
  104.49    4.67    0.00    4.67
  109.26    4.61    0.00    4.61
  114.03    4.54    0.00    4.54
   31.45    4.13    0.00    4.13
   32.99    4.15    0.00    4.15
   34.89    4.19    0.00    4.19
   37.75    4.21    0.00    4.21
   40.61    4.20    0.00    4.20
   43.47    4.27    0.00    4.27
   46.33    4.32    0.00    4.32
   49.19    4.39    0.00    4.39
   52.05    4.45    0.00    4.45
   54.91    4.50    0.00    4.50
   57.77    4.55    0.00    4.55
   60.63    4.60    0.00    4.60
   63.49    4.64    0.00    4.64
   66.35    4.68    0.00    4.68
   71.12    4.73    0.00    4.73
   75.88    4.77    0.00    4.77
   80.65    4.78    0.00    4.78
   85.42    4.79    0.00    4.79
   90.18    4.77    0.00    4.77
   94.95    4.75    0.00    4.75
   99.72    4.72    0.00    4.72
  104.48    4.67    0.00    4.67
  109.25    4.61    0.00    4.61
  114.02    4.54    0.00    4.54
   31.34    4.13    0.00    4.13
   33.02    4.15    0.00    4.15
   34.93    4.19    0.00    4.19
   37.79    4.21    0.00    4.21
   40.65    4.20    0.00    4.20
   43.51    4.27    0.00    4.27
   46.37    4.32    0.00    4.32
   49.23    4.39    0.00    4.39
   52.09    4.45    0.00    4.45
   54.95    4.50    0.00    4.50
   57.81    4.55    0.00    4.55
   60.67    4.60    0.00    4.60
   63.53    4.64    0.00    4.64
   66.39    4.68    0.00    4.68
   71.15    4.73    0.00    4.73
   75.92    4.77    0.00    4.77
   80.68    4.78    0.00    4.78
   85.45    4.79    0.00    4.79
   90.22    4.77    0.00    4.77
   94.98    4.75    0.00    4.75
   99.75    4.72    0.00    4.72
  104.51    4.67    0.00    4.67
  109.28    4.60    0.00    4.60
  114.05    4.54    0.00    4.54
   31.23    4.13    0.00    4.13
   33.12    4.15    0.00    4.15
   35.03    4.19    0.00    4.19
   37.89    4.21    0.00    4.21
   40.74    4.20    0.00    4.20
   43.60    4.27    0.00    4.27
   46.46    4.32    0.00    4.32
   49.32    4.39    0.00    4.39
   52.18    4.45    0.00    4.45
   55.04    4.50    0.00    4.50
   57.90    4.55    0.00    4.55
   60.76    4.60    0.00    4.60
   63.62    4.64    0.00    4.64
   66.47    4.69    0.00    4.69
   71.24    4.73    0.00    4.73
   76.00    4.77    0.00    4.77
   80.77    4.79    0.00    4.79
   85.53    4.79    0.00    4.79
   90.30    4.77    0.00    4.77
   95.06    4.75    0.00    4.75
   99.83    4.72    0.00    4.72
  104.59    4.67    0.00    4.67
  109.36    4.60    0.00    4.60
  114.12    4.54    0.00    4.54
   31.14    4.13    0.00    4.13
   33.01    4.15    0.00    4.15
   34.91    4.20    0.00    4.20
   37.77    4.21    0.00    4.21
   40.63    4.20    0.00    4.20
   43.49    4.27    0.00    4.27
   46.35    4.32    0.00    4.32
   49.21    4.39    0.00    4.39
   52.07    4.45    0.00    4.45
   54.93    4.50    0.00    4.50
   57.79    4.55    0.00    4.55
   60.65    4.60    0.00    4.60
   63.51    4.64    0.00    4.64
   66.37    4.68    0.00    4.68
   71.14    4.73    0.00    4.73
   75.90    4.77    0.00    4.77
   80.67    4.79    0.00    4.79
   85.43    4.79    0.00    4.79
   90.20    4.77    0.00    4.77
   94.97    4.75    0.00    4.75
   99.73    4.72    0.00    4.72
  104.50    4.67    0.00    4.67
  109.26    4.60    0.00    4.60
  114.03    4.54    0.00    4.54
   31.22    4.13    0.00    4.13
   32.88    4.15    0.00    4.15
   34.78    4.19    0.00    4.19
   37.65    4.21    0.00    4.21
   40.51    4.20    0.00    4.20
   43.37    4.27    0.00    4.27
   46.23    4.32    0.00    4.32
   49.09    4.39    0.00    4.39
   51.95    4.44    0.00    4.44
   54.81    4.50    0.00    4.50
   57.67    4.55    0.00    4.55
   60.53    4.60    0.00    4.60
   63.39    4.64    0.00    4.64
   66.25    4.68    0.00    4.68
   71.02    4.73    0.00    4.73
   75.79    4.77    0.00    4.77
   80.56    4.78    0.00    4.78
   85.32    4.79    0.00    4.79
   90.09    4.77    0.00    4.77
   94.86    4.75    0.00    4.75
   99.63    4.72    0.00    4.72
  104.39    4.67    0.00    4.67
  109.16    4.60    0.00    4.60
  113.93    4.54    0.00    4.54
   31.30    4.13    0.00    4.13
   32.81    4.15    0.00    4.15
   34.72    4.19    0.00    4.19
   37.58    4.21    0.00    4.21
   40.45    4.20    0.00    4.20
   43.31    4.27    0.00    4.27
   46.17    4.32    0.00    4.32
   49.03    4.39    0.00    4.39
   51.89    4.44    0.00    4.44
   54.75    4.50    0.00    4.50
   57.61    4.55    0.00    4.55
   60.47    4.60    0.00    4.60
   63.34    4.64    0.00    4.64
   66.20    4.68    0.00    4.68
   70.96    4.73    0.00    4.73
   75.73    4.77    0.00    4.77
   80.50    4.78    0.00    4.78
   85.27    4.79    0.00    4.79
   90.04    4.77    0.00    4.77
   94.81    4.75    0.00    4.75
   99.58    4.72    0.00    4.72
  104.34    4.67    0.00    4.67
  109.11    4.60    0.00    4.60
  113.88    4.53    0.00    4.53
   31.37    4.13    0.00    4.13
   32.78    4.15    0.00    4.15
   34.69    4.19    0.00    4.19
   37.55    4.21    0.00    4.21
   40.41    4.20    0.00    4.20
   43.27    4.27    0.00    4.27
   46.13    4.32    0.00    4.32
   48.99    4.39    0.00    4.39
   51.85    4.44    0.00    4.44
   54.72    4.50    0.00    4.50
   57.58    4.55    0.00    4.55
   60.44    4.60    0.00    4.60
   63.30    4.64    0.00    4.64
   66.16    4.68    0.00    4.68
   70.93    4.73    0.00    4.73
   75.70    4.77    0.00    4.77
   80.47    4.78    0.00    4.78
   85.24    4.79    0.00    4.79
   90.01    4.77    0.00    4.77
   94.78    4.75    0.00    4.75
   99.55    4.71    0.00    4.71
  104.31    4.66    0.00    4.66
  109.08    4.60    0.00    4.60
  113.85    4.53    0.00    4.53
   31.44    4.13    0.00    4.13
   32.74    4.15    0.00    4.15
   34.64    4.19    0.00    4.19
   37.51    4.21    0.00    4.21
   40.37    4.20    0.00    4.20
   43.23    4.27    0.00    4.27
   46.09    4.32    0.00    4.32
   48.95    4.39    0.00    4.39
   51.81    4.44    0.00    4.44
   54.68    4.50    0.00    4.50
   57.54    4.55    0.00    4.55
   60.40    4.60    0.00    4.60
   63.26    4.64    0.00    4.64
   66.12    4.68    0.00    4.68
   70.89    4.73    0.00    4.73
   75.66    4.77    0.00    4.77
   80.43    4.78    0.00    4.78
   85.20    4.79    0.00    4.79
   89.97    4.77    0.00    4.77
   94.74    4.74    0.00    4.74
   99.51    4.70    0.00    4.70
  104.28    4.65    0.00    4.65
  109.05    4.60    0.00    4.60
  113.82    4.53    0.00    4.53
   31.51    4.13    0.00    4.13
   32.76    4.15    0.00    4.15
   34.67    4.19    0.00    4.19
   37.53    4.21    0.00    4.21
   40.39    4.20    0.00    4.20
   43.25    4.27    0.00    4.27
   46.11    4.32    0.00    4.32
   48.97    4.39    0.00    4.39
   51.84    4.44    0.00    4.44
   54.70    4.50    0.00    4.50
   57.56    4.55    0.00    4.55
   60.42    4.60    0.00    4.60
   63.28    4.64    0.00    4.64
   66.14    4.68    0.00    4.68
   70.91    4.73    0.00    4.73
   75.68    4.77    0.00    4.77
   80.45    4.78    0.00    4.78
   85.22    4.79    0.00    4.79
   89.99    4.77    0.00    4.77
   94.76    4.74    0.00    4.74
   99.53    4.70    0.00    4.70
  104.30    4.65    0.00    4.65
  109.07    4.60    0.00    4.60
  113.84    4.53    0.00    4.53
   31.58    4.13    0.00    4.13
   32.84    4.15    0.00    4.15
   34.75    4.19    0.00    4.19
   37.61    4.21    0.00    4.21
   40.47    4.20    0.00    4.20
   43.34    4.27    0.00    4.27
   46.20    4.32    0.00    4.32
   49.06    4.39    0.00    4.39
   51.92    4.44    0.00    4.44
   54.78    4.50    0.00    4.50
   57.64    4.55    0.00    4.55
   60.50    4.60    0.00    4.60
   63.36    4.64    0.00    4.64
   66.22    4.68    0.00    4.68
   70.99    4.73    0.00    4.73
   75.76    4.77    0.00    4.77
   80.53    4.78    0.00    4.78
   85.30    4.79    0.00    4.79
   90.06    4.77    0.00    4.77
   94.83    4.74    0.00    4.74
   99.60    4.71    0.00    4.71
  104.37    4.65    0.00    4.65
  109.14    4.59    0.00    4.59
  113.91    4.53    0.00    4.53
   31.65    4.13    0.00    4.13
   32.92    4.15    0.00    4.15
   34.83    4.19    0.00    4.19
   37.69    4.21    0.00    4.21
   40.55    4.21    0.00    4.21
   43.41    4.27    0.00    4.27
   46.27    4.33    0.00    4.33
   49.13    4.39    0.00    4.39
   51.99    4.44    0.00    4.44
   54.85    4.51    0.00    4.51
   57.71    4.55    0.00    4.55
   60.57    4.60    0.00    4.60
   63.43    4.64    0.00    4.64
   66.29    4.68    0.00    4.68
   71.06    4.73    0.00    4.73
   75.82    4.77    0.00    4.77
   80.59    4.78    0.00    4.78
   85.36    4.79    0.00    4.79
   90.13    4.77    0.00    4.77
   94.89    4.74    0.00    4.74
   99.66    4.71    0.00    4.71
  104.43    4.65    0.00    4.65
  109.19    4.59    0.00    4.59
  113.96    4.52    0.00    4.52
   31.72    4.13    0.00    4.13
   32.94    4.15    0.00    4.15
   34.84    4.20    0.00    4.20
   37.70    4.22    0.00    4.22
   40.57    4.21    0.00    4.21
   43.43    4.27    0.00    4.27
   46.29    4.33    0.00    4.33
   49.15    4.39    0.00    4.39
   52.01    4.45    0.00    4.45
   54.87    4.51    0.00    4.51
   57.73    4.55    0.00    4.55
   60.59    4.60    0.00    4.60
   63.45    4.64    0.00    4.64
   66.31    4.68    0.00    4.68
   71.08    4.73    0.00    4.73
   75.84    4.77    0.00    4.77
   80.61    4.78    0.00    4.78
   85.38    4.79    0.00    4.79
   90.14    4.77    0.00    4.77
   94.91    4.74    0.00    4.74
   99.68    4.70    0.00    4.70
  104.44    4.65    0.00    4.65
  109.21    4.59    0.00    4.59
  113.98    4.52    0.00    4.52
   31.79    4.13    0.00    4.13
   32.95    4.15    0.00    4.15
   34.86    4.20    0.00    4.20
   37.72    4.22    0.00    4.22
   40.58    4.21    0.00    4.21
   43.44    4.27    0.00    4.27
   46.30    4.33    0.00    4.33
   49.16    4.39    0.00    4.39
   52.02    4.46    0.00    4.46
   54.88    4.51    0.00    4.51
   57.74    4.55    0.00    4.55
   60.60    4.60    0.00    4.60
   63.46    4.64    0.00    4.64
   66.32    4.69    0.00    4.69
   71.09    4.73    0.00    4.73
   75.86    4.77    0.00    4.77
   80.62    4.78    0.00    4.78
   85.39    4.79    0.00    4.79
   90.16    4.77    0.00    4.77
   94.92    4.74    0.00    4.74
   99.69    4.70    0.00    4.70
  104.46    4.64    0.00    4.64
  109.22    4.59    0.00    4.59
  113.99    4.52    0.00    4.52
   31.86    4.13    0.00    4.13
   32.95    4.16    0.00    4.16
   34.85    4.20    0.00    4.20
   37.71    4.22    0.00    4.22
   40.57    4.21    0.00    4.21
   43.44    4.27    0.00    4.27
   46.30    4.33    0.00    4.33
   49.16    4.39    0.00    4.39
   52.02    4.46    0.00    4.46
   54.88    4.51    0.00    4.51
   57.73    4.55    0.00    4.55
   60.60    4.60    0.00    4.60
   63.46    4.64    0.00    4.64
   66.32    4.69    0.00    4.69
   71.08    4.73    0.00    4.73
   75.85    4.77    0.00    4.77
   80.62    4.78    0.00    4.78
   85.38    4.79    0.00    4.79
   90.15    4.77    0.00    4.77
   94.92    4.74    0.00    4.74
   99.68    4.70    0.00    4.70
  104.45    4.64    0.00    4.64
  109.22    4.58    0.00    4.58
  113.98    4.52    0.00    4.52
   31.93    4.14    0.00    4.14
   32.89    4.16    0.00    4.16
   34.80    4.20    0.00    4.20
   37.66    4.22    0.00    4.22
   40.52    4.21    0.00    4.21
   43.38    4.27    0.00    4.27
   46.24    4.33    0.00    4.33
   49.10    4.39    0.00    4.39
   51.96    4.45    0.00    4.45
   54.82    4.51    0.00    4.51
   57.68    4.55    0.00    4.55
   60.54    4.60    0.00    4.60
   63.40    4.64    0.00    4.64
   66.27    4.69    0.00    4.69
   71.03    4.74    0.00    4.74
   75.80    4.77    0.00    4.77
   80.57    4.78    0.00    4.78
   85.34    4.79    0.00    4.79
   90.10    4.77    0.00    4.77
   94.87    4.74    0.00    4.74
   99.64    4.70    0.00    4.70
  104.41    4.64    0.00    4.64
  109.17    4.58    0.00    4.58
  113.94    4.52    0.00    4.52
   32.00    4.13    0.00    4.13
   32.97    4.16    0.00    4.16
   34.88    4.20    0.00    4.20
   37.73    4.22    0.00    4.22
   40.59    4.21    0.00    4.21
   43.45    4.27    0.00    4.27
   46.31    4.33    0.00    4.33
   49.17    4.39    0.00    4.39
   52.03    4.45    0.00    4.45
   54.90    4.51    0.00    4.51
   57.76    4.55    0.00    4.55
   60.62    4.60    0.00    4.60
   63.48    4.64    0.00    4.64
   66.33    4.69    0.00    4.69
   71.10    4.74    0.00    4.74
   75.87    4.77    0.00    4.77
   80.64    4.78    0.00    4.78
   85.40    4.79    0.00    4.79
   90.17    4.77    0.00    4.77
   94.94    4.74    0.00    4.74
   99.70    4.70    0.00    4.70
  104.47    4.64    0.00    4.64
  109.23    4.58    0.00    4.58
  114.00    4.51    0.00    4.51
   32.07    4.14    0.00    4.14
   33.05    4.16    0.00    4.16
   34.95    4.20    0.00    4.20
   37.81    4.22    0.00    4.22
   40.67    4.21    0.00    4.21
   43.53    4.28    0.00    4.28
   46.39    4.33    0.00    4.33
   49.25    4.40    0.00    4.40
   52.11    4.46    0.00    4.46
   54.97    4.51    0.00    4.51
   57.83    4.56    0.00    4.56
   60.69    4.60    0.00    4.60
   63.55    4.64    0.00    4.64
   66.41    4.69    0.00    4.69
   71.17    4.74    0.00    4.74
   75.94    4.77    0.00    4.77
   80.70    4.78    0.00    4.78
   85.47    4.79    0.00    4.79
   90.23    4.77    0.00    4.77
   95.00    4.74    0.00    4.74
   99.77    4.69    0.00    4.69
  104.53    4.64    0.00    4.64
  109.30    4.58    0.00    4.58
  114.06    4.51    0.00    4.51
   32.14    4.14    0.00    4.14
   32.14    4.16    0.00    4.16
   34.97    4.20    0.00    4.20
   37.83    4.22    0.00    4.22
   40.69    4.21    0.00    4.21
   43.54    4.28    0.00    4.28
   46.40    4.33    0.00    4.33
   49.26    4.40    0.00    4.40
   52.12    4.46    0.00    4.46
   54.98    4.51    0.00    4.51
   57.84    4.56    0.00    4.56
   60.70    4.60    0.00    4.60
   63.56    4.64    0.00    4.64
   66.42    4.69    0.00    4.69
   71.18    4.74    0.00    4.74
   75.95    4.77    0.00    4.77
   80.72    4.78    0.00    4.78
   85.48    4.79    0.00    4.79
   90.25    4.77    0.00    4.77
   95.01    4.74    0.00    4.74
   99.78    4.69    0.00    4.69
  104.54    4.64    0.00    4.64
  109.31    4.58    0.00    4.58
  114.07    4.51    0.00    4.51
   32.22    4.15    0.00    4.15
   35.00    4.20    0.00    4.20
   37.86    4.22    0.00    4.22
   40.72    4.21    0.00    4.21
   43.58    4.28    0.00    4.28
   46.44    4.33    0.00    4.33
   49.30    4.40    0.00    4.40
   52.16    4.46    0.00    4.46
   55.01    4.51    0.00    4.51
   57.87    4.56    0.00    4.56
   60.73    4.60    0.00    4.60
   63.59    4.64    0.00    4.64
   66.45    4.69    0.00    4.69
   71.22    4.74    0.00    4.74
   75.98    4.77    0.00    4.77
   80.75    4.78    0.00    4.78
   85.51    4.78    0.00    4.78
   90.28    4.76    0.00    4.76
   95.04    4.74    0.00    4.74
   99.81    4.69    0.00    4.69
  104.57    4.63    0.00    4.63
  109.33    4.57    0.00    4.57
  114.10    4.51    0.00    4.51
   32.29    4.15    0.00    4.15
   35.03    4.20    0.00    4.20
   37.89    4.22    0.00    4.22
   40.75    4.21    0.00    4.21
   43.61    4.28    0.00    4.28
   46.47    4.34    0.00    4.34
   49.33    4.40    0.00    4.40
   52.19    4.46    0.00    4.46
   55.04    4.52    0.00    4.52
   57.90    4.56    0.00    4.56
   60.76    4.60    0.00    4.60
   63.62    4.64    0.00    4.64
   66.48    4.69    0.00    4.69
   71.24    4.74    0.00    4.74
   76.01    4.77    0.00    4.77
   80.77    4.78    0.00    4.78
   85.54    4.78    0.00    4.78
   90.30    4.76    0.00    4.76
   95.07    4.73    0.00    4.73
   99.83    4.69    0.00    4.69
  104.59    4.63    0.00    4.63
  109.36    4.56    0.00    4.56
  114.12    4.50    0.00    4.50
   32.36    4.15    0.00    4.15
   35.05    4.20    0.00    4.20
   37.91    4.22    0.00    4.22
   40.77    4.21    0.00    4.21
   43.63    4.28    0.00    4.28
   46.49    4.34    0.00    4.34
   49.34    4.40    0.00    4.40
   52.20    4.46    0.00    4.46
   55.06    4.52    0.00    4.52
   57.92    4.56    0.00    4.56
   60.78    4.60    0.00    4.60
   63.64    4.64    0.00    4.64
   66.50    4.69    0.00    4.69
   71.26    4.74    0.00    4.74
   76.03    4.77    0.00    4.77
   80.79    4.78    0.00    4.78
   85.55    4.78    0.00    4.78
   90.32    4.76    0.00    4.76
   95.08    4.73    0.00    4.73
   99.85    4.69    0.00    4.69
  104.61    4.63    0.00    4.63
  109.38    4.56    0.00    4.56
  114.14    4.50    0.00    4.50
   32.43    4.15    0.00    4.15
   35.10    4.20    0.00    4.20
   37.95    4.22    0.00    4.22
   40.81    4.22    0.00    4.22
   43.67    4.28    0.00    4.28
   46.53    4.35    0.00    4.35
   49.39    4.40    0.00    4.40
   52.24    4.46    0.00    4.46
   55.10    4.52    0.00    4.52
   57.96    4.56    0.00    4.56
   60.82    4.60    0.00    4.60
   63.68    4.64    0.00    4.64
   66.54    4.69    0.00    4.69
   71.30    4.74    0.00    4.74
   76.06    4.77    0.00    4.77
   80.83    4.78    0.00    4.78
   85.59    4.78    0.00    4.78
   90.36    4.76    0.00    4.76
   95.12    4.73    0.00    4.73
   99.88    4.69    0.00    4.69
  104.65    4.63    0.00    4.63
  109.41    4.56    0.00    4.56
  114.17    4.50    0.00    4.50
   32.50    4.15    0.00    4.15
   35.16    4.20    0.00    4.20
   38.02    4.23    0.00    4.23
   40.88    4.22    0.00    4.22
   43.74    4.28    0.00    4.28
   46.60    4.35    0.00    4.35
   49.45    4.40    0.00    4.40
   52.31    4.46    0.00    4.46
   55.17    4.52    0.00    4.52
   58.03    4.56    0.00    4.56
   60.88    4.61    0.00    4.61
   63.74    4.65    0.00    4.65
   66.60    4.70    0.00    4.70
   71.36    4.74    0.00    4.74
   76.13    4.77    0.00    4.77
   80.89    4.78    0.00    4.78
   85.65    4.78    0.00    4.78
   90.41    4.76    0.00    4.76
   95.18    4.73    0.00    4.73
   99.94    4.68    0.00    4.68
  104.70    4.62    0.00    4.62
  109.47    4.56    0.00    4.56
  116.58    4.49    0.00    4.49
   32.57    4.16    0.00    4.16
   35.19    4.21    0.00    4.21
   38.04    4.23    0.00    4.23
   40.90    4.22    0.00    4.22
   43.76    4.28    0.00    4.28
   46.62    4.35    0.00    4.35
   49.47    4.40    0.00    4.40
   52.33    4.47    0.00    4.47
   55.19    4.52    0.00    4.52
   58.05    4.57    0.00    4.57
   60.90    4.61    0.00    4.61
   63.76    4.65    0.00    4.65
   66.62    4.70    0.00    4.70
   71.38    4.74    0.00    4.74
   76.14    4.77    0.00    4.77
   80.91    4.78    0.00    4.78
   85.67    4.78    0.00    4.78
   90.43    4.76    0.00    4.76
   95.19    4.73    0.00    4.73
   99.96    4.68    0.00    4.68
  104.72    4.62    0.00    4.62
  109.48    4.54    0.00    4.54
   17.80    4.05    0.00    4.05
   19.66    4.03    0.00    4.03
   21.56    4.01    0.00    4.01
   23.46    4.01    0.00    4.01
   25.36    4.02    0.00    4.02
   27.25    4.03    0.00    4.03
   29.15    4.06    0.00    4.06
   31.05    4.09    0.00    4.09
   32.94    4.13    0.00    4.13
   34.84    4.18    0.00    4.18
   36.74    4.25    0.00    4.25
   39.58    4.29    0.00    4.29
   42.43    4.35    0.00    4.35
   45.27    4.44    0.00    4.44
   48.12    4.52    0.00    4.52
   50.96    4.58    0.00    4.58
   53.81    4.63    0.00    4.63
   56.65    4.67    0.00    4.67
   59.50    4.69    0.00    4.69
   62.34    4.70    0.00    4.70
   65.19    4.69    0.00    4.69
   68.04    4.65    0.00    4.65
   72.78    4.58    0.00    4.58
   77.52    4.49    0.00    4.49
   82.26    4.38    0.00    4.38
   17.24    4.06    0.00    4.06
   19.71    4.03    0.00    4.03
   21.61    4.01    0.00    4.01
   23.50    4.01    0.00    4.01
   25.40    4.02    0.00    4.02
   27.30    4.03    0.00    4.03
   29.19    4.06    0.00    4.06
   31.09    4.09    0.00    4.09
   32.99    4.13    0.00    4.13
   34.88    4.18    0.00    4.18
   36.78    4.25    0.00    4.25
   39.62    4.29    0.00    4.29
   42.47    4.35    0.00    4.35
   45.31    4.44    0.00    4.44
   48.16    4.52    0.00    4.52
   51.01    4.58    0.00    4.58
   53.85    4.63    0.00    4.63
   56.70    4.67    0.00    4.67
   59.54    4.69    0.00    4.69
   62.39    4.70    0.00    4.70
   65.23    4.68    0.00    4.68
   68.08    4.64    0.00    4.64
   72.82    4.58    0.00    4.58
   77.56    4.48    0.00    4.48
   82.30    4.37    0.00    4.37
   16.98    4.06    0.00    4.06
   19.66    4.03    0.00    4.03
   21.56    4.02    0.00    4.02
   23.46    4.01    0.00    4.01
   25.35    4.02    0.00    4.02
   27.25    4.03    0.00    4.03
   29.15    4.06    0.00    4.06
   31.04    4.09    0.00    4.09
   32.94    4.13    0.00    4.13
   34.84    4.18    0.00    4.18
   36.73    4.25    0.00    4.25
   39.58    4.29    0.00    4.29
   42.42    4.35    0.00    4.35
   45.27    4.44    0.00    4.44
   48.12    4.52    0.00    4.52
   50.96    4.58    0.00    4.58
   53.81    4.63    0.00    4.63
   56.65    4.67    0.00    4.67
   59.50    4.69    0.00    4.69
   62.34    4.69    0.00    4.69
   65.19    4.68    0.00    4.68
   68.03    4.64    0.00    4.64
   72.78    4.57    0.00    4.57
   77.52    4.46    0.00    4.46
   82.26    4.36    0.00    4.36
   16.66    4.10    0.00    4.10
   18.04    4.05    0.00    4.05
   19.93    4.03    0.00    4.03
   21.83    4.02    0.00    4.02
   23.72    4.01    0.00    4.01
   25.62    4.02    0.00    4.02
   27.51    4.03    0.00    4.03
   29.41    4.06    0.00    4.06
   31.30    4.09    0.00    4.09
   33.20    4.14    0.00    4.14
   35.10    4.18    0.00    4.18
   36.99    4.25    0.00    4.25
   39.84    4.30    0.00    4.30
   42.68    4.36    0.00    4.36
   45.52    4.45    0.00    4.45
   48.37    4.52    0.00    4.52
   51.21    4.58    0.00    4.58
   54.05    4.63    0.00    4.63
   56.90    4.67    0.00    4.67
   59.74    4.69    0.00    4.69
   62.58    4.69    0.00    4.69
   65.43    4.68    0.00    4.68
   68.27    4.63    0.00    4.63
   73.01    4.55    0.00    4.55
   77.75    4.44    0.00    4.44
   82.49    4.34    0.00    4.34
   16.34    4.10    0.00    4.10
   18.14    4.06    0.00    4.06
   20.03    4.03    0.00    4.03
   21.93    4.01    0.00    4.01
   23.82    4.01    0.00    4.01
   25.72    4.02    0.00    4.02
   27.61    4.03    0.00    4.03
   29.51    4.06    0.00    4.06
   31.40    4.10    0.00    4.10
   33.30    4.14    0.00    4.14
   35.19    4.19    0.00    4.19
   37.09    4.23    0.00    4.23
   39.93    4.28    0.00    4.28
   42.77    4.37    0.00    4.37
   45.62    4.45    0.00    4.45
   48.46    4.53    0.00    4.53
   51.30    4.59    0.00    4.59
   54.14    4.64    0.00    4.64
   56.99    4.68    0.00    4.68
   59.83    4.69    0.00    4.69
   62.67    4.69    0.00    4.69
   65.51    4.67    0.00    4.67
   68.36    4.62    0.00    4.62
   73.09    4.53    0.00    4.53
   77.83    4.40    0.00    4.40
   16.02    4.11    0.00    4.11
   18.15    4.07    0.00    4.07
   20.05    4.03    0.00    4.03
   21.94    4.02    0.00    4.02
   23.84    4.01    0.00    4.01
   25.73    4.02    0.00    4.02
   27.63    4.03    0.00    4.03
   29.52    4.07    0.00    4.07
   31.42    4.11    0.00    4.11
   33.31    4.14    0.00    4.14
   35.21    4.19    0.00    4.19
   37.10    4.21    0.00    4.21
   39.95    4.28    0.00    4.28
   42.79    4.38    0.00    4.38
   45.63    4.46    0.00    4.46
   48.47    4.53    0.00    4.53
   51.32    4.60    0.00    4.60
   54.16    4.65    0.00    4.65
   57.00    4.68    0.00    4.68
   59.84    4.69    0.00    4.69
   62.69    4.69    0.00    4.69
   65.53    4.67    0.00    4.67
   68.37    4.61    0.00    4.61
   73.11    4.51    0.00    4.51
   77.85    4.37    0.00    4.37
   15.70    4.16    0.00    4.16
   16.43    4.11    0.00    4.11
   18.32    4.07    0.00    4.07
   20.22    4.03    0.00    4.03
   22.11    4.02    0.00    4.02
   24.01    4.01    0.00    4.01
   25.90    4.02    0.00    4.02
   27.79    4.04    0.00    4.04
   29.69    4.07    0.00    4.07
   31.58    4.11    0.00    4.11
   33.48    4.14    0.00    4.14
   35.37    4.19    0.00    4.19
   37.27    4.22    0.00    4.22
   40.11    4.28    0.00    4.28
   42.95    4.38    0.00    4.38
   45.79    4.46    0.00    4.46
   48.63    4.54    0.00    4.54
   51.47    4.61    0.00    4.61
   54.31    4.65    0.00    4.65
   57.15    4.68    0.00    4.68
   59.99    4.69    0.00    4.69
   62.84    4.68    0.00    4.68
   65.68    4.66    0.00    4.66
   68.52    4.59    0.00    4.59
   73.25    4.49    0.00    4.49
   77.99    4.35    0.00    4.35
   15.38    4.16    0.00    4.16
   16.58    4.11    0.00    4.11
   18.47    4.07    0.00    4.07
   20.36    4.04    0.00    4.04
   22.26    4.02    0.00    4.02
   24.15    4.01    0.00    4.01
   26.04    4.02    0.00    4.02
   27.94    4.04    0.00    4.04
   29.83    4.07    0.00    4.07
   31.72    4.11    0.00    4.11
   33.62    4.15    0.00    4.15
   35.51    4.20    0.00    4.20
   37.41    4.22    0.00    4.22
   40.24    4.29    0.00    4.29
   43.09    4.39    0.00    4.39
   45.92    4.48    0.00    4.48
   48.77    4.55    0.00    4.55
   51.61    4.61    0.00    4.61
   54.45    4.65    0.00    4.65
   57.29    4.68    0.00    4.68
   60.13    4.69    0.00    4.69
   62.97    4.67    0.00    4.67
   65.81    4.64    0.00    4.64
   68.65    4.57    0.00    4.57
   73.38    4.46    0.00    4.46
   78.11    4.34    0.00    4.34
   15.07    4.19    0.00    4.19
   15.65    4.17    0.00    4.17
   16.60    4.12    0.00    4.12
   18.50    4.07    0.00    4.07
   20.39    4.04    0.00    4.04
   22.28    4.03    0.00    4.03
   24.18    4.01    0.00    4.01
   26.07    4.02    0.00    4.02
   27.96    4.04    0.00    4.04
   29.86    4.07    0.00    4.07
   31.75    4.11    0.00    4.11
   33.64    4.15    0.00    4.15
   35.53    4.20    0.00    4.20
   37.43    4.23    0.00    4.23
   40.27    4.30    0.00    4.30
   43.11    4.40    0.00    4.40
   45.95    4.48    0.00    4.48
   48.79    4.56    0.00    4.56
   51.63    4.61    0.00    4.61
   54.47    4.65    0.00    4.65
   57.31    4.68    0.00    4.68
   60.15    4.68    0.00    4.68
   62.99    4.67    0.00    4.67
   65.83    4.64    0.00    4.64
   68.67    4.56    0.00    4.56
   73.40    4.44    0.00    4.44
   78.14    4.33    0.00    4.33
   14.77    4.21    0.00    4.21
   15.72    4.18    0.00    4.18
   16.67    4.12    0.00    4.12
   18.56    4.08    0.00    4.08
   20.45    4.05    0.00    4.05
   22.35    4.03    0.00    4.03
   24.24    4.01    0.00    4.01
   26.13    4.02    0.00    4.02
   28.03    4.04    0.00    4.04
   29.92    4.07    0.00    4.07
   31.81    4.11    0.00    4.11
   33.70    4.15    0.00    4.15
   35.60    4.20    0.00    4.20
   37.49    4.23    0.00    4.23
   40.33    4.30    0.00    4.30
   43.17    4.40    0.00    4.40
   46.01    4.49    0.00    4.49
   48.85    4.56    0.00    4.56
   51.69    4.62    0.00    4.62
   54.53    4.66    0.00    4.66
   57.37    4.68    0.00    4.68
   60.21    4.68    0.00    4.68
   63.05    4.66    0.00    4.66
   65.89    4.62    0.00    4.62
   68.73    4.54    0.00    4.54
   73.46    4.39    0.00    4.39
   14.47    4.22    0.00    4.22
   15.60    4.18    0.00    4.18
   16.54    4.13    0.00    4.13
   18.44    4.08    0.00    4.08
   20.33    4.05    0.00    4.05
   22.23    4.03    0.00    4.03
   24.12    4.02    0.00    4.02
   26.01    4.03    0.00    4.03
   27.91    4.04    0.00    4.04
   29.80    4.07    0.00    4.07
   31.69    4.11    0.00    4.11
   33.59    4.15    0.00    4.15
   35.48    4.20    0.00    4.20
   37.37    4.23    0.00    4.23
   40.21    4.31    0.00    4.31
   43.05    4.41    0.00    4.41
   45.90    4.49    0.00    4.49
   48.73    4.56    0.00    4.56
   51.58    4.62    0.00    4.62
   54.42    4.66    0.00    4.66
   57.26    4.68    0.00    4.68
   60.10    4.67    0.00    4.67
   62.94    4.65    0.00    4.65
   65.78    4.61    0.00    4.61
   68.62    4.52    0.00    4.52
   73.35    4.35    0.00    4.35
   14.16    4.26    0.00    4.26
   14.74    4.22    0.00    4.22
   15.69    4.19    0.00    4.19
   16.63    4.13    0.00    4.13
   18.53    4.09    0.00    4.09
   20.42    4.05    0.00    4.05
   22.31    4.03    0.00    4.03
   24.21    4.02    0.00    4.02
   26.10    4.03    0.00    4.03
   27.99    4.04    0.00    4.04
   29.89    4.07    0.00    4.07
   31.78    4.11    0.00    4.11
   33.67    4.15    0.00    4.15
   35.56    4.21    0.00    4.21
   37.46    4.24    0.00    4.24
   40.30    4.31    0.00    4.31
   43.14    4.41    0.00    4.41
   45.98    4.50    0.00    4.50
   48.82    4.57    0.00    4.57
   51.66    4.62    0.00    4.62
   54.50    4.66    0.00    4.66
   57.34    4.68    0.00    4.68
   60.18    4.67    0.00    4.67
   63.02    4.64    0.00    4.64
   65.86    4.60    0.00    4.60
   68.70    4.50    0.00    4.50
   73.43    4.34    0.00    4.34
   13.85    4.26    0.00    4.26
   14.79    4.23    0.00    4.23
   15.74    4.20    0.00    4.20
   16.68    4.14    0.00    4.14
   18.58    4.10    0.00    4.10
   20.47    4.05    0.00    4.05
   22.36    4.03    0.00    4.03
   24.26    4.02    0.00    4.02
   26.15    4.03    0.00    4.03
   28.04    4.04    0.00    4.04
   29.93    4.07    0.00    4.07
   31.83    4.11    0.00    4.11
   33.72    4.15    0.00    4.15
   35.61    4.21    0.00    4.21
   37.51    4.24    0.00    4.24
   40.34    4.32    0.00    4.32
   43.19    4.41    0.00    4.41
   46.02    4.50    0.00    4.50
   48.86    4.57    0.00    4.57
   51.70    4.62    0.00    4.62
   54.54    4.66    0.00    4.66
   57.38    4.67    0.00    4.67
   60.22    4.66    0.00    4.66
   63.06    4.63    0.00    4.63
   65.90    4.58    0.00    4.58
   68.74    4.47    0.00    4.47
   73.47    4.32    0.00    4.32
   13.55    4.30    0.00    4.30
   14.03    4.27    0.00    4.27
   14.98    4.24    0.00    4.24
   15.93    4.20    0.00    4.20
   16.87    4.15    0.00    4.15
   18.76    4.10    0.00    4.10
   20.66    4.05    0.00    4.05
   22.55    4.03    0.00    4.03
   24.44    4.02    0.00    4.02
   26.33    4.02    0.00    4.02
   28.22    4.04    0.00    4.04
   30.12    4.07    0.00    4.07
   32.01    4.11    0.00    4.11
   33.90    4.16    0.00    4.16
   35.79    4.22    0.00    4.22
   37.68    4.25    0.00    4.25
   40.52    4.33    0.00    4.33
   43.36    4.42    0.00    4.42
   46.20    4.51    0.00    4.51
   49.04    4.58    0.00    4.58
   51.87    4.63    0.00    4.63
   54.71    4.66    0.00    4.66
   57.55    4.67    0.00    4.67
   60.39    4.66    0.00    4.66
   63.23    4.62    0.00    4.62
   66.06    4.56    0.00    4.56
   68.90    4.44    0.00    4.44
   73.63    4.31    0.00    4.31
   13.25    4.32    0.00    4.32
   14.09    4.28    0.00    4.28
   15.03    4.24    0.00    4.24
   15.98    4.20    0.00    4.20
   16.93    4.15    0.00    4.15
   18.82    4.10    0.00    4.10
   20.71    4.05    0.00    4.05
   22.60    4.03    0.00    4.03
   24.49    4.02    0.00    4.02
   26.39    4.02    0.00    4.02
   28.28    4.04    0.00    4.04
   30.17    4.07    0.00    4.07
   32.06    4.11    0.00    4.11
   33.95    4.16    0.00    4.16
   35.84    4.22    0.00    4.22
   37.73    4.25    0.00    4.25
   40.57    4.34    0.00    4.34
   43.41    4.43    0.00    4.43
   46.25    4.51    0.00    4.51
   49.09    4.58    0.00    4.58
   51.92    4.63    0.00    4.63
   54.76    4.66    0.00    4.66
   57.60    4.67    0.00    4.67
   60.44    4.65    0.00    4.65
   63.27    4.61    0.00    4.61
   66.11    4.55    0.00    4.55
   68.95    4.42    0.00    4.42
   73.68    4.30    0.00    4.30
   12.94    4.34    0.00    4.34
   14.10    4.29    0.00    4.29
   15.05    4.25    0.00    4.25
   15.99    4.21    0.00    4.21
   16.94    4.16    0.00    4.16
   18.83    4.10    0.00    4.10
   20.72    4.05    0.00    4.05
   22.61    4.03    0.00    4.03
   24.50    4.02    0.00    4.02
   26.40    4.03    0.00    4.03
   28.29    4.04    0.00    4.04
   30.18    4.07    0.00    4.07
   32.07    4.11    0.00    4.11
   33.96    4.16    0.00    4.16
   35.85    4.22    0.00    4.22
   37.75    4.26    0.00    4.26
   40.58    4.34    0.00    4.34
   43.42    4.43    0.00    4.43
   46.26    4.52    0.00    4.52
   49.10    4.59    0.00    4.59
   51.93    4.64    0.00    4.64
   54.77    4.66    0.00    4.66
   57.61    4.66    0.00    4.66
   60.45    4.64    0.00    4.64
   63.28    4.60    0.00    4.60
   66.12    4.54    0.00    4.54
   68.96    4.38    0.00    4.38
   12.64    4.39    0.00    4.39
   13.18    4.35    0.00    4.35
   14.13    4.30    0.00    4.30
   15.07    4.25    0.00    4.25
   16.02    4.22    0.00    4.22
   16.96    4.16    0.00    4.16
   18.86    4.11    0.00    4.11
   20.75    4.06    0.00    4.06
   22.64    4.03    0.00    4.03
   24.53    4.02    0.00    4.02
   26.42    4.03    0.00    4.03
   28.32    4.04    0.00    4.04
   30.21    4.07    0.00    4.07
   32.10    4.12    0.00    4.12
   33.99    4.17    0.00    4.17
   35.88    4.23    0.00    4.23
   37.77    4.27    0.00    4.27
   40.61    4.35    0.00    4.35
   43.45    4.44    0.00    4.44
   46.28    4.52    0.00    4.52
   49.12    4.59    0.00    4.59
   51.96    4.64    0.00    4.64
   54.80    4.66    0.00    4.66
   57.63    4.66    0.00    4.66
   60.47    4.64    0.00    4.64
   63.31    4.59    0.00    4.59
   66.14    4.53    0.00    4.53
   68.98    4.35    0.00    4.35
   12.33    4.41    0.00    4.41
   13.21    4.36    0.00    4.36
   14.15    4.31    0.00    4.31
   15.10    4.26    0.00    4.26
   16.05    4.22    0.00    4.22
   16.99    4.17    0.00    4.17
   18.88    4.11    0.00    4.11
   20.77    4.06    0.00    4.06
   22.67    4.03    0.00    4.03
   24.56    4.02    0.00    4.02
   26.45    4.03    0.00    4.03
   28.34    4.04    0.00    4.04
   30.23    4.08    0.00    4.08
   32.12    4.12    0.00    4.12
   34.02    4.17    0.00    4.17
   35.91    4.23    0.00    4.23
   37.80    4.27    0.00    4.27
   40.63    4.35    0.00    4.35
   43.47    4.44    0.00    4.44
   46.31    4.53    0.00    4.53
   49.15    4.59    0.00    4.59
   51.98    4.64    0.00    4.64
   54.82    4.66    0.00    4.66
   57.66    4.66    0.00    4.66
   60.49    4.64    0.00    4.64
   63.33    4.58    0.00    4.58
   66.17    4.52    0.00    4.52
   69.01    4.34    0.00    4.34
   12.03    4.42    0.00    4.42
   13.25    4.37    0.00    4.37
   14.19    4.32    0.00    4.32
   15.14    4.27    0.00    4.27
   16.09    4.23    0.00    4.23
   17.03    4.17    0.00    4.17
   18.92    4.11    0.00    4.11
   20.81    4.06    0.00    4.06
   22.70    4.04    0.00    4.04
   24.60    4.02    0.00    4.02
   26.49    4.03    0.00    4.03
   28.38    4.04    0.00    4.04
   30.27    4.08    0.00    4.08
   32.16    4.12    0.00    4.12
   34.05    4.17    0.00    4.17
   35.94    4.23    0.00    4.23
   37.83    4.27    0.00    4.27
   40.67    4.35    0.00    4.35
   43.51    4.45    0.00    4.45
   46.34    4.53    0.00    4.53
   49.18    4.60    0.00    4.60
   52.02    4.64    0.00    4.64
   54.85    4.66    0.00    4.66
   57.69    4.66    0.00    4.66
   60.53    4.63    0.00    4.63
   63.37    4.58    0.00    4.58
   66.20    4.51    0.00    4.51
   69.04    4.33    0.00    4.33
   11.72    4.48    0.00    4.48
   12.33    4.42    0.00    4.42
   13.27    4.37    0.00    4.37
   14.22    4.32    0.00    4.32
   15.16    4.27    0.00    4.27
   16.11    4.23    0.00    4.23
   17.05    4.18    0.00    4.18
   18.95    4.11    0.00    4.11
   20.84    4.06    0.00    4.06
   22.73    4.04    0.00    4.04
   24.62    4.02    0.00    4.02
   26.51    4.03    0.00    4.03
   28.40    4.04    0.00    4.04
   30.29    4.08    0.00    4.08
   32.18    4.12    0.00    4.12
   34.07    4.17    0.00    4.17
   35.97    4.24    0.00    4.24
   37.86    4.28    0.00    4.28
   40.69    4.36    0.00    4.36
   43.53    4.46    0.00    4.46
   46.37    4.54    0.00    4.54
   49.20    4.60    0.00    4.60
   52.04    4.65    0.00    4.65
   54.88    4.67    0.00    4.67
   57.71    4.66    0.00    4.66
   60.55    4.63    0.00    4.63
   63.39    4.57    0.00    4.57
   66.22    4.49    0.00    4.49
   69.06    4.33    0.00    4.33
   11.07    4.50    0.00    4.50
   12.35    4.43    0.00    4.43
   13.30    4.38    0.00    4.38
   14.24    4.33    0.00    4.33
   15.19    4.28    0.00    4.28
   16.14    4.23    0.00    4.23
   17.08    4.18    0.00    4.18
   18.97    4.11    0.00    4.11
   20.86    4.06    0.00    4.06
   22.75    4.04    0.00    4.04
   24.64    4.02    0.00    4.02
   26.54    4.02    0.00    4.02
   28.43    4.05    0.00    4.05
   30.32    4.08    0.00    4.08
   32.21    4.12    0.00    4.12
   34.10    4.18    0.00    4.18
   35.99    4.24    0.00    4.24
   37.88    4.28    0.00    4.28
   40.72    4.36    0.00    4.36
   43.55    4.46    0.00    4.46
   46.39    4.54    0.00    4.54
   49.23    4.61    0.00    4.61
   52.06    4.65    0.00    4.65
   54.90    4.67    0.00    4.67
   57.74    4.66    0.00    4.66
   60.57    4.62    0.00    4.62
   63.41    4.56    0.00    4.56
   66.25    4.48    0.00    4.48
   69.08    4.32    0.00    4.32
   11.03    4.51    0.00    4.51
   12.37    4.44    0.00    4.44
   13.32    4.39    0.00    4.39
   14.26    4.33    0.00    4.33
   15.21    4.27    0.00    4.27
   16.16    4.23    0.00    4.23
   17.10    4.18    0.00    4.18
   18.99    4.11    0.00    4.11
   20.88    4.06    0.00    4.06
   22.77    4.03    0.00    4.03
   24.66    4.02    0.00    4.02
   26.55    4.02    0.00    4.02
   28.45    4.05    0.00    4.05
   30.34    4.08    0.00    4.08
   32.23    4.13    0.00    4.13
   34.12    4.18    0.00    4.18
   36.01    4.24    0.00    4.24
   37.90    4.29    0.00    4.29
   40.74    4.37    0.00    4.37
   43.57    4.46    0.00    4.46
   46.41    4.55    0.00    4.55
   49.24    4.61    0.00    4.61
   52.08    4.65    0.00    4.65
   54.92    4.67    0.00    4.67
   57.75    4.65    0.00    4.65
   60.59    4.61    0.00    4.61
   63.43    4.56    0.00    4.56
   66.26    4.48    0.00    4.48
   69.10    4.32    0.00    4.32
   10.96    4.56    0.00    4.56
   11.44    4.50    0.00    4.50
   12.38    4.44    0.00    4.44
   13.33    4.38    0.00    4.38
   14.27    4.32    0.00    4.32
   15.22    4.27    0.00    4.27
   16.16    4.23    0.00    4.23
   17.11    4.18    0.00    4.18
   19.00    4.11    0.00    4.11
   20.89    4.06    0.00    4.06
   22.78    4.03    0.00    4.03
   24.67    4.01    0.00    4.01
   26.56    4.02    0.00    4.02
   28.45    4.05    0.00    4.05
   30.34    4.09    0.00    4.09
   32.24    4.13    0.00    4.13
   34.13    4.18    0.00    4.18
   36.02    4.25    0.00    4.25
   37.91    4.29    0.00    4.29
   40.74    4.37    0.00    4.37
   43.58    4.47    0.00    4.47
   46.42    4.55    0.00    4.55
   49.25    4.61    0.00    4.61
   52.09    4.65    0.00    4.65
   54.93    4.66    0.00    4.66
   57.76    4.64    0.00    4.64
   60.60    4.61    0.00    4.61
   63.43    4.54    0.00    4.54
   66.27    4.47    0.00    4.47
   69.11    4.32    0.00    4.32
   10.89    4.54    0.00    4.54
   11.44    4.49    0.00    4.49
   12.38    4.43    0.00    4.43
   13.33    4.37    0.00    4.37
   14.28    4.32    0.00    4.32
   15.22    4.27    0.00    4.27
   16.17    4.22    0.00    4.22
   17.11    4.17    0.00    4.17
   19.00    4.11    0.00    4.11
   20.89    4.05    0.00    4.05
   22.78    4.03    0.00    4.03
   24.68    4.01    0.00    4.01
   26.57    4.02    0.00    4.02
   28.46    4.05    0.00    4.05
   30.35    4.09    0.00    4.09
   32.24    4.13    0.00    4.13
   34.13    4.18    0.00    4.18
   36.02    4.25    0.00    4.25
   37.91    4.29    0.00    4.29
   40.75    4.37    0.00    4.37
   43.58    4.47    0.00    4.47
   46.42    4.55    0.00    4.55
   49.26    4.61    0.00    4.61
   52.09    4.65    0.00    4.65
   54.93    4.66    0.00    4.66
   57.76    4.64    0.00    4.64
   60.60    4.60    0.00    4.60
   63.44    4.53    0.00    4.53
   66.27    4.46    0.00    4.46
   69.11    4.31    0.00    4.31
   10.82    4.52    0.00    4.52
   11.51    4.47    0.00    4.47
   12.46    4.41    0.00    4.41
   13.40    4.36    0.00    4.36
   14.35    4.30    0.00    4.30
   15.29    4.25    0.00    4.25
   16.24    4.21    0.00    4.21
   17.18    4.16    0.00    4.16
   19.07    4.09    0.00    4.09
   20.96    4.05    0.00    4.05
   22.85    4.03    0.00    4.03
   24.74    4.02    0.00    4.02
   26.64    4.03    0.00    4.03
   28.52    4.05    0.00    4.05
   30.42    4.09    0.00    4.09
   32.31    4.13    0.00    4.13
   34.20    4.19    0.00    4.19
   36.09    4.25    0.00    4.25
   37.98    4.30    0.00    4.30
   40.81    4.38    0.00    4.38
   43.65    4.47    0.00    4.47
   46.48    4.56    0.00    4.56
   49.32    4.62    0.00    4.62
   52.16    4.65    0.00    4.65
   54.99    4.66    0.00    4.66
   57.83    4.64    0.00    4.64
   60.66    4.59    0.00    4.59
   63.50    4.53    0.00    4.53
   66.33    4.44    0.00    4.44
   69.17    4.31    0.00    4.31
   10.75    4.49    0.00    4.49
   11.57    4.44    0.00    4.44
   12.52    4.39    0.00    4.39
   13.46    4.34    0.00    4.34
   14.41    4.29    0.00    4.29
   15.35    4.24    0.00    4.24
   16.30    4.20    0.00    4.20
   17.24    4.14    0.00    4.14
   19.13    4.08    0.00    4.08
   21.02    4.04    0.00    4.04
   22.91    4.02    0.00    4.02
   24.80    4.02    0.00    4.02
   26.69    4.03    0.00    4.03
   28.58    4.05    0.00    4.05
   30.47    4.09    0.00    4.09
   32.36    4.14    0.00    4.14
   34.26    4.19    0.00    4.19
   36.15    4.26    0.00    4.26
   38.03    4.30    0.00    4.30
   40.87    4.38    0.00    4.38
   43.70    4.48    0.00    4.48
   46.54    4.56    0.00    4.56
   49.38    4.62    0.00    4.62
   52.21    4.65    0.00    4.65
   55.05    4.66    0.00    4.66
   57.88    4.64    0.00    4.64
   60.72    4.59    0.00    4.59
   63.55    4.52    0.00    4.52
   66.39    4.44    0.00    4.44
   69.22    4.30    0.00    4.30
   10.68    4.48    0.00    4.48
   11.65    4.42    0.00    4.42
   12.59    4.37    0.00    4.37
   13.54    4.32    0.00    4.32
   14.48    4.27    0.00    4.27
   15.43    4.23    0.00    4.23
   16.37    4.18    0.00    4.18
   17.32    4.13    0.00    4.13
   19.21    4.08    0.00    4.08
   21.10    4.04    0.00    4.04
   22.99    4.02    0.00    4.02
   24.88    4.02    0.00    4.02
   26.77    4.03    0.00    4.03
   28.66    4.05    0.00    4.05
   30.55    4.10    0.00    4.10
   32.44    4.15    0.00    4.15
   34.33    4.20    0.00    4.20
   36.22    4.26    0.00    4.26
   38.11    4.31    0.00    4.31
   40.94    4.39    0.00    4.39
   43.77    4.49    0.00    4.49
   46.61    4.57    0.00    4.57
   49.45    4.62    0.00    4.62
   52.28    4.65    0.00    4.65
   55.11    4.66    0.00    4.66
   57.95    4.63    0.00    4.63
   60.78    4.58    0.00    4.58
   63.62    4.52    0.00    4.52
   66.45    4.42    0.00    4.42
   69.29    4.29    0.00    4.29
   10.61    4.46    0.00    4.46
   11.68    4.40    0.00    4.40
   12.62    4.35    0.00    4.35
   13.57    4.30    0.00    4.30
   14.52    4.25    0.00    4.25
   15.46    4.21    0.00    4.21
   16.40    4.18    0.00    4.18
   17.35    4.13    0.00    4.13
   19.24    4.08    0.00    4.08
   21.13    4.04    0.00    4.04
   23.02    4.02    0.00    4.02
   24.91    4.02    0.00    4.02
   26.80    4.03    0.00    4.03
   28.69    4.06    0.00    4.06
   30.58    4.10    0.00    4.10
   32.47    4.15    0.00    4.15
   34.36    4.21    0.00    4.21
   36.25    4.27    0.00    4.27
   38.13    4.32    0.00    4.32
   40.97    4.40    0.00    4.40
   43.80    4.50    0.00    4.50
   46.64    4.57    0.00    4.57
   49.47    4.62    0.00    4.62
   52.31    4.65    0.00    4.65
   55.14    4.65    0.00    4.65
   57.98    4.62    0.00    4.62
   60.81    4.58    0.00    4.58
   63.65    4.51    0.00    4.51
   66.48    4.41    0.00    4.41
   69.31    4.29    0.00    4.29
   10.54    4.44    0.00    4.44
   11.68    4.38    0.00    4.38
   12.62    4.33    0.00    4.33
   13.57    4.29    0.00    4.29
   14.51    4.24    0.00    4.24
   15.46    4.20    0.00    4.20
   16.40    4.17    0.00    4.17
   17.34    4.12    0.00    4.12
   19.23    4.07    0.00    4.07
   21.12    4.03    0.00    4.03
   23.01    4.01    0.00    4.01
   24.90    4.02    0.00    4.02
   26.79    4.03    0.00    4.03
   28.68    4.06    0.00    4.06
   30.57    4.10    0.00    4.10
   32.46    4.15    0.00    4.15
   34.35    4.21    0.00    4.21
   36.24    4.27    0.00    4.27
   38.13    4.32    0.00    4.32
   40.97    4.40    0.00    4.40
   43.80    4.50    0.00    4.50
   46.63    4.57    0.00    4.57
   49.47    4.62    0.00    4.62
   52.30    4.65    0.00    4.65
   55.14    4.65    0.00    4.65
   57.97    4.62    0.00    4.62
   60.81    4.57    0.00    4.57
   63.64    4.49    0.00    4.49
   66.48    4.40    0.00    4.40
   69.31    4.29    0.00    4.29
   10.47    4.43    0.00    4.43
   11.55    4.38    0.00    4.38
   12.49    4.33    0.00    4.33
   13.44    4.28    0.00    4.28
   14.38    4.23    0.00    4.23
   15.33    4.20    0.00    4.20
   16.27    4.17    0.00    4.17
   17.22    4.12    0.00    4.12
   19.11    4.06    0.00    4.06
   21.00    4.03    0.00    4.03
   22.89    4.01    0.00    4.01
   24.78    4.02    0.00    4.02
   26.67    4.03    0.00    4.03
   28.56    4.06    0.00    4.06
   30.45    4.10    0.00    4.10
   32.34    4.15    0.00    4.15
   34.23    4.21    0.00    4.21
   36.12    4.27    0.00    4.27
   38.01    4.32    0.00    4.32
   40.85    4.40    0.00    4.40
   43.68    4.50    0.00    4.50
   46.52    4.57    0.00    4.57
   49.35    4.62    0.00    4.62
   52.19    4.65    0.00    4.65
   55.02    4.65    0.00    4.65
   57.86    4.62    0.00    4.62
   60.70    4.57    0.00    4.57
   63.53    4.49    0.00    4.49
   66.37    4.39    0.00    4.39
   69.20    4.28    0.00    4.28
   10.39    4.44    0.00    4.44
   11.54    4.38    0.00    4.38
   12.49    4.33    0.00    4.33
   13.44    4.28    0.00    4.28
   14.38    4.23    0.00    4.23
   15.32    4.20    0.00    4.20
   16.27    4.17    0.00    4.17
   17.21    4.12    0.00    4.12
   19.11    4.06    0.00    4.06
   21.00    4.03    0.00    4.03
   22.89    4.01    0.00    4.01
   24.78    4.02    0.00    4.02
   26.67    4.03    0.00    4.03
   28.56    4.06    0.00    4.06
   30.45    4.10    0.00    4.10
   32.34    4.15    0.00    4.15
   34.23    4.21    0.00    4.21
   36.12    4.27    0.00    4.27
   38.01    4.32    0.00    4.32
   40.84    4.41    0.00    4.41
   43.68    4.50    0.00    4.50
   46.52    4.57    0.00    4.57
   49.35    4.62    0.00    4.62
   52.19    4.65    0.00    4.65
   55.02    4.65    0.00    4.65
   57.86    4.62    0.00    4.62
   60.69    4.57    0.00    4.57
   63.53    4.49    0.00    4.49
   66.36    4.39    0.00    4.39
   69.20    4.28    0.00    4.28
   10.34    4.47    0.00    4.47
   10.95    4.41    0.00    4.41
   11.89    4.36    0.00    4.36
   12.84    4.31    0.00    4.31
   13.78    4.27    0.00    4.27
   14.72    4.23    0.00    4.23
   15.67    4.19    0.00    4.19
   16.61    4.16    0.00    4.16
   17.56    4.11    0.00    4.11
   19.45    4.06    0.00    4.06
   21.33    4.03    0.00    4.03
   23.22    4.01    0.00    4.01
   25.11    4.02    0.00    4.02
   27.00    4.04    0.00    4.04
   28.89    4.07    0.00    4.07
   30.78    4.11    0.00    4.11
   32.66    4.16    0.00    4.16
   34.55    4.22    0.00    4.22
   36.44    4.28    0.00    4.28
   38.33    4.33    0.00    4.33
   41.16    4.41    0.00    4.41
   44.00    4.51    0.00    4.51
   46.83    4.58    0.00    4.58
   49.66    4.63    0.00    4.63
   52.50    4.65    0.00    4.65
   55.33    4.65    0.00    4.65
   58.16    4.62    0.00    4.62
   60.99    4.56    0.00    4.56
   63.83    4.48    0.00    4.48
   66.66    4.38    0.00    4.38
   69.49    4.27    0.00    4.27
   10.28    4.46    0.00    4.46
   11.02    4.41    0.00    4.41
   11.97    4.36    0.00    4.36
   12.91    4.31    0.00    4.31
   13.86    4.26    0.00    4.26
   14.80    4.22    0.00    4.22
   15.74    4.19    0.00    4.19
   16.69    4.15    0.00    4.15
   17.63    4.10    0.00    4.10
   19.52    4.05    0.00    4.05
   21.41    4.03    0.00    4.03
   23.30    4.01    0.00    4.01
   25.19    4.02    0.00    4.02
   27.07    4.04    0.00    4.04
   28.96    4.07    0.00    4.07
   30.85    4.11    0.00    4.11
   32.74    4.17    0.00    4.17
   34.63    4.22    0.00    4.22
   36.52    4.29    0.00    4.29
   38.40    4.34    0.00    4.34
   41.24    4.42    0.00    4.42
   44.07    4.51    0.00    4.51
   46.90    4.58    0.00    4.58
   49.73    4.63    0.00    4.63
   52.56    4.65    0.00    4.65
   55.40    4.65    0.00    4.65
   58.23    4.61    0.00    4.61
   61.06    4.56    0.00    4.56
   63.89    4.48    0.00    4.48
   66.73    4.38    0.00    4.38
   69.56    4.28    0.00    4.28
   10.22    4.47    0.00    4.47
   11.01    4.42    0.00    4.42
   11.95    4.37    0.00    4.37
   12.90    4.32    0.00    4.32
   13.84    4.28    0.00    4.28
   14.79    4.23    0.00    4.23
   15.73    4.19    0.00    4.19
   16.67    4.15    0.00    4.15
   17.62    4.10    0.00    4.10
   19.51    4.06    0.00    4.06
   21.39    4.03    0.00    4.03
   23.28    4.01    0.00    4.01
   25.17    4.02    0.00    4.02
   27.06    4.04    0.00    4.04
   28.95    4.07    0.00    4.07
   30.84    4.11    0.00    4.11
   32.73    4.17    0.00    4.17
   34.61    4.22    0.00    4.22
   36.50    4.29    0.00    4.29
   38.39    4.34    0.00    4.34
   41.22    4.42    0.00    4.42
   44.05    4.51    0.00    4.51
   46.89    4.58    0.00    4.58
   49.72    4.63    0.00    4.63
   52.55    4.65    0.00    4.65
   55.38    4.65    0.00    4.65
   58.22    4.61    0.00    4.61
   61.05    4.56    0.00    4.56
   63.88    4.48    0.00    4.48
   66.71    4.38    0.00    4.38
   69.55    4.28    0.00    4.28
   10.16    4.49    0.00    4.49
   11.01    4.43    0.00    4.43
   11.96    4.38    0.00    4.38
   12.90    4.33    0.00    4.33
   13.85    4.28    0.00    4.28
   14.79    4.24    0.00    4.24
   15.73    4.20    0.00    4.20
   16.68    4.15    0.00    4.15
   17.62    4.11    0.00    4.11
   19.51    4.06    0.00    4.06
   21.40    4.03    0.00    4.03
   23.29    4.01    0.00    4.01
   25.17    4.02    0.00    4.02
   27.06    4.04    0.00    4.04
   28.95    4.07    0.00    4.07
   30.84    4.11    0.00    4.11
   32.73    4.17    0.00    4.17
   34.62    4.22    0.00    4.22
   36.50    4.29    0.00    4.29
   38.39    4.34    0.00    4.34
   41.23    4.42    0.00    4.42
   44.06    4.51    0.00    4.51
   46.89    4.58    0.00    4.58
   49.72    4.63    0.00    4.63
   52.55    4.65    0.00    4.65
   55.39    4.65    0.00    4.65
   58.22    4.61    0.00    4.61
   61.05    4.56    0.00    4.56
   63.88    4.48    0.00    4.48
   66.72    4.38    0.00    4.38
   69.55    4.28    0.00    4.28
   10.10    4.49    0.00    4.49
   11.04    4.43    0.00    4.43
   11.98    4.38    0.00    4.38
   12.93    4.33    0.00    4.33
   13.87    4.28    0.00    4.28
   14.82    4.24    0.00    4.24
   15.76    4.20    0.00    4.20
   16.70    4.15    0.00    4.15
   17.65    4.11    0.00    4.11
   19.54    4.06    0.00    4.06
   21.42    4.03    0.00    4.03
   23.31    4.01    0.00    4.01
   25.20    4.02    0.00    4.02
   27.09    4.04    0.00    4.04
   28.98    4.07    0.00    4.07
   30.86    4.11    0.00    4.11
   32.75    4.17    0.00    4.17
   34.64    4.23    0.00    4.23
   36.53    4.29    0.00    4.29
   38.42    4.34    0.00    4.34
   41.25    4.42    0.00    4.42
   44.08    4.51    0.00    4.51
   46.91    4.58    0.00    4.58
   49.75    4.63    0.00    4.63
   52.58    4.65    0.00    4.65
   55.41    4.65    0.00    4.65
   58.24    4.61    0.00    4.61
   61.08    4.56    0.00    4.56
   63.91    4.48    0.00    4.48
   66.74    4.38    0.00    4.38
   69.57    4.28    0.00    4.28
   10.04    4.49    0.00    4.49
   11.05    4.43    0.00    4.43
   11.99    4.38    0.00    4.38
   12.94    4.33    0.00    4.33
   13.88    4.28    0.00    4.28
   14.83    4.24    0.00    4.24
   15.77    4.20    0.00    4.20
   16.71    4.16    0.00    4.16
   17.66    4.11    0.00    4.11
   19.55    4.06    0.00    4.06
   21.43    4.03    0.00    4.03
   23.32    4.01    0.00    4.01
   25.21    4.02    0.00    4.02
   27.10    4.04    0.00    4.04
   28.99    4.07    0.00    4.07
   30.88    4.11    0.00    4.11
   32.76    4.17    0.00    4.17
   34.65    4.23    0.00    4.23
   36.54    4.29    0.00    4.29
   38.43    4.34    0.00    4.34
   41.26    4.42    0.00    4.42
   44.09    4.51    0.00    4.51
   46.92    4.58    0.00    4.58
   49.76    4.63    0.00    4.63
   52.59    4.65    0.00    4.65
   55.42    4.65    0.00    4.65
   58.25    4.61    0.00    4.61
   61.09    4.56    0.00    4.56
   63.92    4.48    0.00    4.48
   66.75    4.38    0.00    4.38
   69.58    4.28    0.00    4.28
    9.98    4.50    0.00    4.50
   11.06    4.43    0.00    4.43
   12.00    4.38    0.00    4.38
   12.95    4.33    0.00    4.33
   13.89    4.28    0.00    4.28
   14.84    4.24    0.00    4.24
   15.78    4.20    0.00    4.20
   16.72    4.16    0.00    4.16
   17.67    4.11    0.00    4.11
   19.56    4.06    0.00    4.06
   21.45    4.03    0.00    4.03
   23.33    4.01    0.00    4.01
   25.22    4.02    0.00    4.02
   27.11    4.04    0.00    4.04
   29.00    4.07    0.00    4.07
   30.89    4.11    0.00    4.11
   32.77    4.17    0.00    4.17
   34.66    4.23    0.00    4.23
   36.55    4.29    0.00    4.29
   38.44    4.34    0.00    4.34
   41.27    4.42    0.00    4.42
   44.10    4.51    0.00    4.51
   46.93    4.58    0.00    4.58
   49.77    4.63    0.00    4.63
   52.60    4.65    0.00    4.65
   55.43    4.65    0.00    4.65
   58.26    4.61    0.00    4.61
   61.09    4.56    0.00    4.56
   63.93    4.48    0.00    4.48
   66.76    4.38    0.00    4.38
   69.59    4.28    0.00    4.28
   10.07    4.49    0.00    4.49
   11.02    4.43    0.00    4.43
   11.97    4.38    0.00    4.38
   12.91    4.33    0.00    4.33
   13.86    4.28    0.00    4.28
   14.80    4.24    0.00    4.24
   15.74    4.20    0.00    4.20
   16.69    4.16    0.00    4.16
   17.63    4.11    0.00    4.11
   19.52    4.06    0.00    4.06
   21.41    4.03    0.00    4.03
   23.30    4.01    0.00    4.01
   25.18    4.02    0.00    4.02
   27.07    4.04    0.00    4.04
   28.96    4.07    0.00    4.07
   30.85    4.11    0.00    4.11
   32.74    4.17    0.00    4.17
   34.63    4.22    0.00    4.22
   36.51    4.29    0.00    4.29
   38.40    4.34    0.00    4.34
   41.23    4.42    0.00    4.42
   44.07    4.51    0.00    4.51
   46.90    4.58    0.00    4.58
   49.73    4.63    0.00    4.63
   52.56    4.65    0.00    4.65
   55.40    4.65    0.00    4.65
   58.23    4.61    0.00    4.61
   61.06    4.56    0.00    4.56
   63.89    4.48    0.00    4.48
   66.73    4.39    0.00    4.39
   69.56    4.29    0.00    4.29
   10.17    4.49    0.00    4.49
   11.08    4.43    0.00    4.43
   12.02    4.38    0.00    4.38
   12.96    4.33    0.00    4.33
   13.91    4.28    0.00    4.28
   14.85    4.24    0.00    4.24
   15.80    4.19    0.00    4.19
   16.74    4.15    0.00    4.15
   17.68    4.11    0.00    4.11
   19.57    4.06    0.00    4.06
   21.46    4.03    0.00    4.03
   23.35    4.01    0.00    4.01
   25.24    4.02    0.00    4.02
   27.12    4.04    0.00    4.04
   29.01    4.07    0.00    4.07
   30.90    4.11    0.00    4.11
   32.79    4.17    0.00    4.17
   34.68    4.23    0.00    4.23
   36.56    4.29    0.00    4.29
   38.45    4.34    0.00    4.34
   41.28    4.42    0.00    4.42
   44.12    4.51    0.00    4.51
   46.95    4.58    0.00    4.58
   49.78    4.63    0.00    4.63
   52.61    4.65    0.00    4.65
   55.44    4.65    0.00    4.65
   58.27    4.61    0.00    4.61
   61.11    4.56    0.00    4.56
   63.94    4.49    0.00    4.49
   66.77    4.39    0.00    4.39
   69.60    4.29    0.00    4.29
   10.26    4.48    0.00    4.48
   11.06    4.43    0.00    4.43
   12.01    4.38    0.00    4.38
   12.95    4.33    0.00    4.33
   13.89    4.28    0.00    4.28
   14.84    4.22    0.00    4.22
   15.78    4.19    0.00    4.19
   16.73    4.15    0.00    4.15
   17.67    4.11    0.00    4.11
   19.56    4.06    0.00    4.06
   21.45    4.03    0.00    4.03
   23.34    4.01    0.00    4.01
   25.22    4.02    0.00    4.02
   27.11    4.04    0.00    4.04
   29.00    4.07    0.00    4.07
   30.89    4.11    0.00    4.11
   32.78    4.17    0.00    4.17
   34.66    4.23    0.00    4.23
   36.55    4.29    0.00    4.29
   38.44    4.34    0.00    4.34
   41.27    4.42    0.00    4.42
   44.10    4.51    0.00    4.51
   46.94    4.58    0.00    4.58
   49.77    4.63    0.00    4.63
   52.60    4.65    0.00    4.65
   55.43    4.65    0.00    4.65
   58.26    4.61    0.00    4.61
   61.10    4.56    0.00    4.56
   63.93    4.49    0.00    4.49
   66.76    4.39    0.00    4.39
   69.59    4.29    0.00    4.29
   10.35    4.48    0.00    4.48
   10.94    4.43    0.00    4.43
   11.88    4.38    0.00    4.38
   12.82    4.33    0.00    4.33
   13.77    4.28    0.00    4.28
   14.71    4.23    0.00    4.23
   15.66    4.19    0.00    4.19
   16.60    4.15    0.00    4.15
   17.55    4.11    0.00    4.11
   19.43    4.06    0.00    4.06
   21.32    4.03    0.00    4.03
   23.21    4.01    0.00    4.01
   25.10    4.02    0.00    4.02
   26.99    4.04    0.00    4.04
   28.88    4.07    0.00    4.07
   30.77    4.11    0.00    4.11
   32.66    4.17    0.00    4.17
   34.54    4.22    0.00    4.22
   36.43    4.29    0.00    4.29
   38.32    4.34    0.00    4.34
   41.15    4.42    0.00    4.42
   43.99    4.51    0.00    4.51
   46.82    4.58    0.00    4.58
   49.65    4.63    0.00    4.63
   52.49    4.65    0.00    4.65
   55.32    4.65    0.00    4.65
   58.15    4.62    0.00    4.62
   60.98    4.57    0.00    4.57
   63.82    4.49    0.00    4.49
   66.65    4.39    0.00    4.39
   69.48    4.29    0.00    4.29
   10.45    4.47    0.00    4.47
   10.92    4.41    0.00    4.41
   11.87    4.36    0.00    4.36
   12.81    4.31    0.00    4.31
   13.75    4.27    0.00    4.27
   14.70    4.22    0.00    4.22
   15.64    4.18    0.00    4.18
   16.59    4.15    0.00    4.15
   17.53    4.11    0.00    4.11
   19.42    4.06    0.00    4.06
   21.31    4.03    0.00    4.03
   23.20    4.01    0.00    4.01
   25.09    4.02    0.00    4.02
   26.98    4.04    0.00    4.04
   28.86    4.07    0.00    4.07
   30.75    4.11    0.00    4.11
   32.64    4.16    0.00    4.16
   34.53    4.22    0.00    4.22
   36.42    4.28    0.00    4.28
   38.31    4.33    0.00    4.33
   41.14    4.41    0.00    4.41
   43.97    4.50    0.00    4.50
   46.81    4.58    0.00    4.58
   49.64    4.63    0.00    4.63
   52.47    4.65    0.00    4.65
   55.31    4.65    0.00    4.65
   58.14    4.62    0.00    4.62
   60.97    4.57    0.00    4.57
   63.80    4.49    0.00    4.49
   66.64    4.40    0.00    4.40
   69.47    4.29    0.00    4.29
   10.54    4.42    0.00    4.42
   11.68    4.37    0.00    4.37
   12.62    4.32    0.00    4.32
   13.57    4.28    0.00    4.28
   14.51    4.23    0.00    4.23
   15.46    4.19    0.00    4.19
   16.40    4.16    0.00    4.16
   17.35    4.11    0.00    4.11
   19.24    4.06    0.00    4.06
   21.13    4.03    0.00    4.03
   23.02    4.01    0.00    4.01
   24.91    4.02    0.00    4.02
   26.80    4.04    0.00    4.04
   28.68    4.07    0.00    4.07
   30.57    4.11    0.00    4.11
   32.46    4.16    0.00    4.16
   34.35    4.21    0.00    4.21
   36.24    4.28    0.00    4.28
   38.13    4.33    0.00    4.33
   40.97    4.41    0.00    4.41
   43.80    4.50    0.00    4.50
   46.64    4.57    0.00    4.57
   49.47    4.62    0.00    4.62
   52.31    4.65    0.00    4.65
   55.14    4.65    0.00    4.65
   57.98    4.62    0.00    4.62
   60.81    4.57    0.00    4.57
   63.64    4.50    0.00    4.50
   66.48    4.40    0.00    4.40
   69.31    4.29    0.00    4.29
   10.63    4.44    0.00    4.44
   11.31    4.39    0.00    4.39
   12.25    4.34    0.00    4.34
   13.20    4.29    0.00    4.29
   14.14    4.24    0.00    4.24
   15.09    4.21    0.00    4.21
   16.04    4.18    0.00    4.18
   16.98    4.12    0.00    4.12
   18.87    4.07    0.00    4.07
   20.77    4.03    0.00    4.03
   22.66    4.02    0.00    4.02
   24.55    4.01    0.00    4.01
   26.44    4.03    0.00    4.03
   28.33    4.06    0.00    4.06
   30.22    4.10    0.00    4.10
   32.11    4.15    0.00    4.15
   34.01    4.20    0.00    4.20
   35.90    4.27    0.00    4.27
   37.79    4.31    0.00    4.31
   40.62    4.39    0.00    4.39
   43.46    4.49    0.00    4.49
   46.30    4.56    0.00    4.56
   49.14    4.62    0.00    4.62
   51.97    4.65    0.00    4.65
   54.81    4.65    0.00    4.65
   57.65    4.63    0.00    4.63
   60.48    4.58    0.00    4.58
   63.32    4.51    0.00    4.51
   66.16    4.42    0.00    4.42
   69.00    4.30    0.00    4.30
   10.73    4.43    0.00    4.43
   11.81    4.37    0.00    4.37
   12.76    4.32    0.00    4.32
   13.70    4.29    0.00    4.29
   14.65    4.24    0.00    4.24
   15.59    4.20    0.00    4.20
   16.54    4.16    0.00    4.16
   17.48    4.11    0.00    4.11
   19.37    4.06    0.00    4.06
   21.26    4.03    0.00    4.03
   23.15    4.01    0.00    4.01
   25.04    4.01    0.00    4.01
   26.93    4.03    0.00    4.03
   28.82    4.06    0.00    4.06
   30.70    4.11    0.00    4.11
   32.59    4.15    0.00    4.15
   34.48    4.21    0.00    4.21
   36.37    4.27    0.00    4.27
   38.26    4.32    0.00    4.32
   41.09    4.40    0.00    4.40
   43.93    4.49    0.00    4.49
   46.76    4.57    0.00    4.57
   49.59    4.62    0.00    4.62
   52.43    4.65    0.00    4.65
   55.26    4.65    0.00    4.65
   58.09    4.63    0.00    4.63
   60.93    4.58    0.00    4.58
   63.76    4.50    0.00    4.50
   66.59    4.41    0.00    4.41
   69.43    4.29    0.00    4.29
   10.82    4.42    0.00    4.42
   12.07    4.36    0.00    4.36
   13.01    4.31    0.00    4.31
   13.96    4.27    0.00    4.27
   14.90    4.23    0.00    4.23
   15.84    4.19    0.00    4.19
   16.79    4.16    0.00    4.16
   17.73    4.11    0.00    4.11
   19.62    4.06    0.00    4.06
   21.51    4.03    0.00    4.03
   23.39    4.01    0.00    4.01
   25.28    4.02    0.00    4.02
   27.17    4.04    0.00    4.04
   29.06    4.07    0.00    4.07
   30.95    4.11    0.00    4.11
   32.83    4.16    0.00    4.16
   34.72    4.22    0.00    4.22
   36.61    4.28    0.00    4.28
   38.50    4.33    0.00    4.33
   41.33    4.41    0.00    4.41
   44.16    4.50    0.00    4.50
   46.99    4.57    0.00    4.57
   49.82    4.63    0.00    4.63
   52.65    4.65    0.00    4.65
   55.49    4.65    0.00    4.65
   58.32    4.63    0.00    4.63
   61.15    4.58    0.00    4.58
   63.98    4.50    0.00    4.50
   66.81    4.40    0.00    4.40
   69.64    4.29    0.00    4.29
   10.92    4.42    0.00    4.42
   12.10    4.37    0.00    4.37
   13.04    4.32    0.00    4.32
   13.98    4.28    0.00    4.28
   14.93    4.24    0.00    4.24
   15.87    4.20    0.00    4.20
   16.82    4.16    0.00    4.16
   17.76    4.11    0.00    4.11
   19.65    4.06    0.00    4.06
   21.54    4.03    0.00    4.03
   23.42    4.01    0.00    4.01
   25.31    4.02    0.00    4.02
   27.20    4.04    0.00    4.04
   29.09    4.07    0.00    4.07
   30.97    4.11    0.00    4.11
   32.86    4.16    0.00    4.16
   34.75    4.22    0.00    4.22
   36.64    4.28    0.00    4.28
   38.52    4.33    0.00    4.33
   41.35    4.41    0.00    4.41
   44.19    4.50    0.00    4.50
   47.02    4.58    0.00    4.58
   49.85    4.63    0.00    4.63
   52.68    4.65    0.00    4.65
   55.51    4.65    0.00    4.65
   58.34    4.63    0.00    4.63
   61.17    4.58    0.00    4.58
   64.01    4.50    0.00    4.50
   66.84    4.40    0.00    4.40
   69.67    4.29    0.00    4.29
   11.01    4.44    0.00    4.44
   12.06    4.39    0.00    4.39
   13.00    4.34    0.00    4.34
   13.95    4.29    0.00    4.29
   14.89    4.24    0.00    4.24
   15.83    4.20    0.00    4.20
   16.78    4.17    0.00    4.17
   17.72    4.12    0.00    4.12
   19.61    4.07    0.00    4.07
   21.50    4.03    0.00    4.03
   23.38    4.02    0.00    4.02
   25.27    4.02    0.00    4.02
   27.16    4.03    0.00    4.03
   29.05    4.06    0.00    4.06
   30.93    4.10    0.00    4.10
   32.82    4.15    0.00    4.15
   34.71    4.21    0.00    4.21
   36.60    4.27    0.00    4.27
   38.49    4.32    0.00    4.32
   41.32    4.40    0.00    4.40
   44.15    4.50    0.00    4.50
   46.98    4.58    0.00    4.58
   49.81    4.63    0.00    4.63
   52.65    4.65    0.00    4.65
   55.48    4.65    0.00    4.65
   58.31    4.63    0.00    4.63
   61.14    4.58    0.00    4.58
   63.97    4.51    0.00    4.51
   66.80    4.41    0.00    4.41
   69.64    4.30    0.00    4.30
   11.10    4.45    0.00    4.45
   12.09    4.40    0.00    4.40
   13.03    4.35    0.00    4.35
   13.97    4.29    0.00    4.29
   14.92    4.25    0.00    4.25
   15.86    4.21    0.00    4.21
   16.80    4.18    0.00    4.18
   17.75    4.13    0.00    4.13
   19.64    4.07    0.00    4.07
   21.52    4.04    0.00    4.04
   23.41    4.02    0.00    4.02
   25.30    4.02    0.00    4.02
   27.19    4.03    0.00    4.03
   29.07    4.06    0.00    4.06
   30.96    4.10    0.00    4.10
   32.85    4.15    0.00    4.15
   34.74    4.21    0.00    4.21
   36.62    4.27    0.00    4.27
   38.51    4.32    0.00    4.32
   41.34    4.40    0.00    4.40
   44.17    4.50    0.00    4.50
   47.01    4.57    0.00    4.57
   49.84    4.62    0.00    4.62
   52.67    4.65    0.00    4.65
   55.50    4.65    0.00    4.65
   58.33    4.63    0.00    4.63
   61.16    4.59    0.00    4.59
   63.99    4.52    0.00    4.52
   66.83    4.43    0.00    4.43
   69.66    4.31    0.00    4.31
   11.18    4.47    0.00    4.47
   12.09    4.41    0.00    4.41
   13.04    4.36    0.00    4.36
   13.98    4.30    0.00    4.30
   14.92    4.25    0.00    4.25
   15.87    4.22    0.00    4.22
   16.81    4.19    0.00    4.19
   17.75    4.13    0.00    4.13
   19.64    4.07    0.00    4.07
   21.53    4.04    0.00    4.04
   23.42    4.02    0.00    4.02
   25.30    4.02    0.00    4.02
   27.19    4.03    0.00    4.03
   29.08    4.06    0.00    4.06
   30.97    4.10    0.00    4.10
   32.85    4.15    0.00    4.15
   34.74    4.21    0.00    4.21
   36.63    4.27    0.00    4.27
   38.52    4.32    0.00    4.32
   41.35    4.40    0.00    4.40
   44.18    4.49    0.00    4.49
   47.01    4.57    0.00    4.57
   49.84    4.62    0.00    4.62
   52.67    4.65    0.00    4.65
   55.51    4.66    0.00    4.66
   58.34    4.64    0.00    4.64
   61.17    4.59    0.00    4.59
   64.00    4.52    0.00    4.52
   66.83    4.44    0.00    4.44
   69.66    4.31    0.00    4.31
   11.46    4.44    0.00    4.44
   12.65    4.38    0.00    4.38
   13.60    4.32    0.00    4.32
   14.54    4.28    0.00    4.28
   15.49    4.24    0.00    4.24
   16.43    4.20    0.00    4.20
   17.38    4.13    0.00    4.13
   19.27    4.08    0.00    4.08
   21.16    4.04    0.00    4.04
   23.05    4.02    0.00    4.02
   24.93    4.02    0.00    4.02
   26.82    4.03    0.00    4.03
   28.71    4.05    0.00    4.05
   30.60    4.10    0.00    4.10
   32.49    4.15    0.00    4.15
   34.38    4.20    0.00    4.20
   36.27    4.26    0.00    4.26
   38.16    4.30    0.00    4.30
   40.99    4.38    0.00    4.38
   43.83    4.48    0.00    4.48
   46.66    4.56    0.00    4.56
   49.50    4.62    0.00    4.62
   52.33    4.65    0.00    4.65
   55.17    4.66    0.00    4.66
   58.00    4.64    0.00    4.64
   60.84    4.60    0.00    4.60
   63.67    4.54    0.00    4.54
   66.50    4.46    0.00    4.46
   69.34    4.32    0.00    4.32
   11.70    4.44    0.00    4.44
   12.65    4.39    0.00    4.39
   13.60    4.34    0.00    4.34
   14.54    4.29    0.00    4.29
   15.49    4.24    0.00    4.24
   16.43    4.20    0.00    4.20
   17.38    4.14    0.00    4.14
   19.27    4.09    0.00    4.09
   21.16    4.05    0.00    4.05
   23.05    4.02    0.00    4.02
   24.94    4.02    0.00    4.02
   26.83    4.03    0.00    4.03
   28.71    4.05    0.00    4.05
   30.61    4.09    0.00    4.09
   32.49    4.14    0.00    4.14
   34.38    4.19    0.00    4.19
   36.27    4.25    0.00    4.25
   38.16    4.30    0.00    4.30
   41.00    4.38    0.00    4.38
   43.83    4.47    0.00    4.47
   46.66    4.55    0.00    4.55
   49.50    4.61    0.00    4.61
   52.33    4.65    0.00    4.65
   55.17    4.66    0.00    4.66
   58.00    4.64    0.00    4.64
   60.84    4.61    0.00    4.61
   63.67    4.55    0.00    4.55
   66.50    4.47    0.00    4.47
   69.34    4.32    0.00    4.32
   11.94    4.43    0.00    4.43
   12.57    4.39    0.00    4.39
   13.51    4.34    0.00    4.34
   14.46    4.29    0.00    4.29
   15.40    4.24    0.00    4.24
   16.34    4.20    0.00    4.20
   17.29    4.14    0.00    4.14
   19.18    4.09    0.00    4.09
   21.07    4.05    0.00    4.05
   22.96    4.02    0.00    4.02
   24.85    4.02    0.00    4.02
   26.74    4.03    0.00    4.03
   28.63    4.05    0.00    4.05
   30.52    4.09    0.00    4.09
   32.41    4.14    0.00    4.14
   34.30    4.19    0.00    4.19
   36.19    4.25    0.00    4.25
   38.08    4.29    0.00    4.29
   40.91    4.37    0.00    4.37
   43.75    4.47    0.00    4.47
   46.58    4.55    0.00    4.55
   49.42    4.61    0.00    4.61
   52.25    4.65    0.00    4.65
   55.09    4.66    0.00    4.66
   57.92    4.65    0.00    4.65
   60.76    4.62    0.00    4.62
   63.59    4.56    0.00    4.56
   66.43    4.48    0.00    4.48
   69.26    4.33    0.00    4.33
   12.17    4.39    0.00    4.39
   13.50    4.34    0.00    4.34
   14.45    4.29    0.00    4.29
   15.39    4.24    0.00    4.24
   16.34    4.19    0.00    4.19
   17.28    4.14    0.00    4.14
   19.17    4.09    0.00    4.09
   21.06    4.05    0.00    4.05
   22.95    4.02    0.00    4.02
   24.84    4.02    0.00    4.02
   26.73    4.03    0.00    4.03
   28.62    4.05    0.00    4.05
   30.51    4.09    0.00    4.09
   32.40    4.13    0.00    4.13
   34.29    4.18    0.00    4.18
   36.18    4.25    0.00    4.25
   38.07    4.29    0.00    4.29
   40.91    4.37    0.00    4.37
   43.74    4.46    0.00    4.46
   46.58    4.54    0.00    4.54
   49.41    4.61    0.00    4.61
   52.25    4.65    0.00    4.65
   55.08    4.67    0.00    4.67
   57.92    4.66    0.00    4.66
   60.75    4.62    0.00    4.62
   63.59    4.57    0.00    4.57
   66.42    4.49    0.00    4.49
   69.26    4.33    0.00    4.33
   12.41    4.38    0.00    4.38
   13.45    4.32    0.00    4.32
   14.39    4.27    0.00    4.27
   15.34    4.22    0.00    4.22
   16.28    4.19    0.00    4.19
   17.23    4.14    0.00    4.14
   19.12    4.09    0.00    4.09
   21.01    4.04    0.00    4.04
   22.90    4.02    0.00    4.02
   24.79    4.02    0.00    4.02
   26.68    4.03    0.00    4.03
   28.57    4.05    0.00    4.05
   30.46    4.09    0.00    4.09
   32.35    4.13    0.00    4.13
   34.24    4.18    0.00    4.18
   36.13    4.25    0.00    4.25
   38.02    4.29    0.00    4.29
   40.86    4.37    0.00    4.37
   43.69    4.46    0.00    4.46
   46.53    4.54    0.00    4.54
   49.36    4.60    0.00    4.60
   52.20    4.65    0.00    4.65
   55.03    4.67    0.00    4.67
   57.87    4.66    0.00    4.66
   60.70    4.63    0.00    4.63
   63.54    4.58    0.00    4.58
   66.38    4.51    0.00    4.51
   69.21    4.34    0.00    4.34
   12.65    4.36    0.00    4.36
   13.41    4.31    0.00    4.31
   14.36    4.26    0.00    4.26
   15.30    4.22    0.00    4.22
   16.25    4.19    0.00    4.19
   17.19    4.14    0.00    4.14
   19.08    4.09    0.00    4.09
   20.97    4.04    0.00    4.04
   22.86    4.02    0.00    4.02
   24.75    4.02    0.00    4.02
   26.64    4.03    0.00    4.03
   28.53    4.05    0.00    4.05
   30.42    4.09    0.00    4.09
   32.31    4.13    0.00    4.13
   34.20    4.18    0.00    4.18
   36.09    4.24    0.00    4.24
   37.99    4.28    0.00    4.28
   40.82    4.36    0.00    4.36
   43.66    4.46    0.00    4.46
   46.49    4.54    0.00    4.54
   49.33    4.60    0.00    4.60
   52.16    4.64    0.00    4.64
   55.00    4.66    0.00    4.66
   57.84    4.66    0.00    4.66
   60.67    4.63    0.00    4.63
   63.51    4.58    0.00    4.58
   66.34    4.52    0.00    4.52
   69.18    4.35    0.00    4.35
   12.98    4.31    0.00    4.31
   14.18    4.26    0.00    4.26
   15.12    4.22    0.00    4.22
   16.07    4.19    0.00    4.19
   17.01    4.14    0.00    4.14
   18.90    4.09    0.00    4.09
   20.79    4.05    0.00    4.05
   22.69    4.03    0.00    4.03
   24.58    4.02    0.00    4.02
   26.47    4.02    0.00    4.02
   28.36    4.05    0.00    4.05
   30.25    4.09    0.00    4.09
   32.14    4.13    0.00    4.13
   34.03    4.18    0.00    4.18
   35.92    4.24    0.00    4.24
   37.82    4.28    0.00    4.28
   40.65    4.36    0.00    4.36
   43.49    4.45    0.00    4.45
   46.33    4.53    0.00    4.53
   49.16    4.60    0.00    4.60
   52.00    4.64    0.00    4.64
   54.84    4.66    0.00    4.66
   57.67    4.66    0.00    4.66
   60.51    4.64    0.00    4.64
   63.35    4.59    0.00    4.59
   66.19    4.53    0.00    4.53
   69.02    4.38    0.00    4.38
   73.75    4.30    0.00    4.30
   13.11    4.31    0.00    4.31
   14.02    4.26    0.00    4.26
   14.96    4.22    0.00    4.22
   15.91    4.19    0.00    4.19
   16.85    4.14    0.00    4.14
   18.75    4.08    0.00    4.08
   20.64    4.05    0.00    4.05
   22.53    4.03    0.00    4.03
   24.42    4.01    0.00    4.01
   26.31    4.02    0.00    4.02
   28.21    4.05    0.00    4.05
   30.10    4.08    0.00    4.08
   31.99    4.12    0.00    4.12
   33.88    4.17    0.00    4.17
   35.77    4.23    0.00    4.23
   37.67    4.27    0.00    4.27
   40.51    4.35    0.00    4.35
   43.34    4.45    0.00    4.45
   46.18    4.53    0.00    4.53
   49.02    4.59    0.00    4.59
   51.86    4.64    0.00    4.64
   54.70    4.66    0.00    4.66
   57.53    4.66    0.00    4.66
   60.37    4.64    0.00    4.64
   63.21    4.60    0.00    4.60
   66.05    4.54    0.00    4.54
   68.89    4.42    0.00    4.42
   73.62    4.31    0.00    4.31
   13.33    4.30    0.00    4.30
   13.90    4.26    0.00    4.26
   14.85    4.22    0.00    4.22
   15.79    4.19    0.00    4.19
   16.74    4.13    0.00    4.13
   18.63    4.08    0.00    4.08
   20.52    4.05    0.00    4.05
   22.42    4.03    0.00    4.03
   24.31    4.01    0.00    4.01
   26.20    4.02    0.00    4.02
   28.09    4.05    0.00    4.05
   29.99    4.08    0.00    4.08
   31.88    4.12    0.00    4.12
   33.77    4.17    0.00    4.17
   35.66    4.23    0.00    4.23
   37.56    4.27    0.00    4.27
   40.40    4.35    0.00    4.35
   43.24    4.44    0.00    4.44
   46.08    4.52    0.00    4.52
   48.91    4.59    0.00    4.59
   51.75    4.63    0.00    4.63
   54.59    4.66    0.00    4.66
   57.43    4.67    0.00    4.67
   60.27    4.65    0.00    4.65
   63.11    4.61    0.00    4.61
   65.95    4.55    0.00    4.55
   68.79    4.43    0.00    4.43
   73.52    4.31    0.00    4.31
   13.63    4.26    0.00    4.26
   14.82    4.21    0.00    4.21
   15.76    4.18    0.00    4.18
   16.71    4.13    0.00    4.13
   18.60    4.08    0.00    4.08
   20.50    4.04    0.00    4.04
   22.39    4.02    0.00    4.02
   24.28    4.01    0.00    4.01
   26.17    4.02    0.00    4.02
   28.07    4.05    0.00    4.05
   29.96    4.08    0.00    4.08
   31.85    4.12    0.00    4.12
   33.74    4.17    0.00    4.17
   35.64    4.22    0.00    4.22
   37.53    4.26    0.00    4.26
   40.37    4.34    0.00    4.34
   43.21    4.43    0.00    4.43
   46.05    4.52    0.00    4.52
   48.89    4.58    0.00    4.58
   51.73    4.63    0.00    4.63
   54.56    4.66    0.00    4.66
   57.40    4.67    0.00    4.67
   60.24    4.66    0.00    4.66
   63.08    4.62    0.00    4.62
   65.92    4.56    0.00    4.56
   68.76    4.45    0.00    4.45
   73.49    4.32    0.00    4.32
   13.79    4.25    0.00    4.25
   14.73    4.21    0.00    4.21
   15.68    4.18    0.00    4.18
   16.63    4.13    0.00    4.13
   18.52    4.07    0.00    4.07
   20.41    4.04    0.00    4.04
   22.31    4.02    0.00    4.02
   24.20    4.01    0.00    4.01
   26.09    4.02    0.00    4.02
   27.99    4.05    0.00    4.05
   29.88    4.08    0.00    4.08
   31.77    4.12    0.00    4.12
   33.67    4.17    0.00    4.17
   35.56    4.22    0.00    4.22
   37.45    4.26    0.00    4.26
   40.29    4.34    0.00    4.34
   43.13    4.43    0.00    4.43
   45.97    4.51    0.00    4.51
   48.81    4.58    0.00    4.58
   51.65    4.63    0.00    4.63
   54.49    4.66    0.00    4.66
   57.33    4.67    0.00    4.67
   60.17    4.66    0.00    4.66
   63.01    4.62    0.00    4.62
   65.85    4.57    0.00    4.57
   68.69    4.46    0.00    4.46
   73.42    4.32    0.00    4.32
   14.05    4.23    0.00    4.23
   14.72    4.20    0.00    4.20
   15.66    4.17    0.00    4.17
   16.61    4.12    0.00    4.12
   18.50    4.07    0.00    4.07
   20.40    4.04    0.00    4.04
   22.29    4.02    0.00    4.02
   24.18    4.01    0.00    4.01
   26.08    4.02    0.00    4.02
   27.97    4.04    0.00    4.04
   29.86    4.08    0.00    4.08
   31.76    4.12    0.00    4.12
   33.65    4.17    0.00    4.17
   35.54    4.22    0.00    4.22
   37.44    4.26    0.00    4.26
   40.28    4.33    0.00    4.33
   43.12    4.42    0.00    4.42
   45.96    4.51    0.00    4.51
   48.80    4.58    0.00    4.58
   51.63    4.63    0.00    4.63
   54.48    4.66    0.00    4.66
   57.31    4.67    0.00    4.67
   60.16    4.66    0.00    4.66
   62.99    4.63    0.00    4.63
   65.83    4.58    0.00    4.58
   68.67    4.47    0.00    4.47
   73.41    4.33    0.00    4.33
   14.30    4.20    0.00    4.20
   15.56    4.17    0.00    4.17
   16.51    4.11    0.00    4.11
   18.40    4.07    0.00    4.07
   20.30    4.04    0.00    4.04
   22.19    4.02    0.00    4.02
   24.09    4.01    0.00    4.01
   25.98    4.02    0.00    4.02
   27.87    4.04    0.00    4.04
   29.77    4.08    0.00    4.08
   31.66    4.12    0.00    4.12
   33.55    4.17    0.00    4.17
   35.45    4.22    0.00    4.22
   37.34    4.26    0.00    4.26
   40.18    4.33    0.00    4.33
   43.02    4.42    0.00    4.42
   45.86    4.51    0.00    4.51
   48.70    4.58    0.00    4.58
   51.55    4.63    0.00    4.63
   54.39    4.66    0.00    4.66
   57.23    4.67    0.00    4.67
   60.07    4.66    0.00    4.66
   62.91    4.63    0.00    4.63
   65.75    4.59    0.00    4.59
   68.59    4.49    0.00    4.49
   73.32    4.34    0.00    4.34
   14.51    4.20    0.00    4.20
   15.39    4.16    0.00    4.16
   16.34    4.11    0.00    4.11
   18.23    4.06    0.00    4.06
   20.13    4.03    0.00    4.03
   22.02    4.01    0.00    4.01
   23.92    4.01    0.00    4.01
   25.81    4.02    0.00    4.02
   27.71    4.04    0.00    4.04
   29.60    4.08    0.00    4.08
   31.50    4.12    0.00    4.12
   33.39    4.16    0.00    4.16
   35.29    4.21    0.00    4.21
   37.18    4.25    0.00    4.25
   40.02    4.32    0.00    4.32
   42.87    4.42    0.00    4.42
   45.71    4.50    0.00    4.50
   48.55    4.57    0.00    4.57
   51.39    4.62    0.00    4.62
   54.23    4.66    0.00    4.66
   57.08    4.68    0.00    4.68
   59.92    4.67    0.00    4.67
   62.76    4.64    0.00    4.64
   65.60    4.60    0.00    4.60
   68.44    4.50    0.00    4.50
   73.18    4.34    0.00    4.34
   14.77    4.18    0.00    4.18
   15.40    4.15    0.00    4.15
   16.35    4.10    0.00    4.10
   18.25    4.06    0.00    4.06
   20.14    4.03    0.00    4.03
   22.04    4.01    0.00    4.01
   23.93    4.01    0.00    4.01
   25.82    4.02    0.00    4.02
   27.72    4.04    0.00    4.04
   29.61    4.08    0.00    4.08
   31.51    4.12    0.00    4.12
   33.40    4.16    0.00    4.16
   35.30    4.21    0.00    4.21
   37.19    4.24    0.00    4.24
   40.03    4.32    0.00    4.32
   42.88    4.42    0.00    4.42
   45.72    4.49    0.00    4.49
   48.56    4.57    0.00    4.57
   51.40    4.62    0.00    4.62
   54.24    4.66    0.00    4.66
   57.08    4.68    0.00    4.68
   59.93    4.67    0.00    4.67
   62.77    4.64    0.00    4.64
   65.61    4.60    0.00    4.60
   68.45    4.51    0.00    4.51
   73.19    4.35    0.00    4.35
   15.07    4.15    0.00    4.15
   16.20    4.10    0.00    4.10
   18.10    4.06    0.00    4.06
   20.00    4.03    0.00    4.03
   21.89    4.01    0.00    4.01
   23.79    4.01    0.00    4.01
   25.68    4.02    0.00    4.02
   27.58    4.04    0.00    4.04
   29.47    4.08    0.00    4.08
   31.37    4.12    0.00    4.12
   33.26    4.16    0.00    4.16
   35.16    4.21    0.00    4.21
   37.05    4.24    0.00    4.24
   39.90    4.32    0.00    4.32
   42.74    4.41    0.00    4.41
   45.58    4.49    0.00    4.49
   48.42    4.57    0.00    4.57
   51.27    4.62    0.00    4.62
   54.11    4.66    0.00    4.66
   56.95    4.68    0.00    4.68
   59.80    4.67    0.00    4.67
   62.64    4.65    0.00    4.65
   65.48    4.61    0.00    4.61
   68.33    4.52    0.00    4.52
   73.06    4.36    0.00    4.36
   15.32    4.14    0.00    4.14
   16.35    4.09    0.00    4.09
   18.24    4.05    0.00    4.05
   20.14    4.02    0.00    4.02
   22.03    4.01    0.00    4.01
   23.93    4.01    0.00    4.01
   25.82    4.02    0.00    4.02
   27.71    4.04    0.00    4.04
   29.61    4.08    0.00    4.08
   31.50    4.12    0.00    4.12
   33.40    4.17    0.00    4.17
   35.29    4.22    0.00    4.22
   37.19    4.25    0.00    4.25
   40.03    4.33    0.00    4.33
   42.87    4.41    0.00    4.41
   45.71    4.49    0.00    4.49
   48.55    4.57    0.00    4.57
   51.40    4.62    0.00    4.62
   54.24    4.66    0.00    4.66
   57.08    4.68    0.00    4.68
   59.92    4.67    0.00    4.67
   62.76    4.65    0.00    4.65
   65.61    4.61    0.00    4.61
   68.45    4.53    0.00    4.53
   73.18    4.36    0.00    4.36
   15.73    4.12    0.00    4.12
   16.21    4.08    0.00    4.08
   18.11    4.05    0.00    4.05
   20.00    4.02    0.00    4.02
   21.90    4.01    0.00    4.01
   23.79    4.01    0.00    4.01
   25.69    4.02    0.00    4.02
   27.59    4.04    0.00    4.04
   29.48    4.08    0.00    4.08
   31.38    4.12    0.00    4.12
   33.27    4.17    0.00    4.17
   35.17    4.22    0.00    4.22
   37.06    4.25    0.00    4.25
   39.90    4.32    0.00    4.32
   42.75    4.41    0.00    4.41
   45.59    4.49    0.00    4.49
   48.43    4.57    0.00    4.57
   51.27    4.62    0.00    4.62
   54.12    4.66    0.00    4.66
   56.96    4.68    0.00    4.68
   59.80    4.67    0.00    4.67
   62.65    4.65    0.00    4.65
   65.49    4.62    0.00    4.62
   68.33    4.54    0.00    4.54
   73.07    4.39    0.00    4.39
   77.81    4.32    0.00    4.32
   16.14    4.08    0.00    4.08
   18.14    4.04    0.00    4.04
   20.03    4.01    0.00    4.01
   21.93    4.00    0.00    4.00
   23.82    4.01    0.00    4.01
   25.72    4.02    0.00    4.02
   27.61    4.05    0.00    4.05
   29.51    4.08    0.00    4.08
   31.40    4.13    0.00    4.13
   33.30    4.17    0.00    4.17
   35.19    4.22    0.00    4.22
   37.09    4.25    0.00    4.25
   39.93    4.33    0.00    4.33
   42.77    4.41    0.00    4.41
   45.62    4.49    0.00    4.49
   48.46    4.57    0.00    4.57
   51.30    4.62    0.00    4.62
   54.14    4.66    0.00    4.66
   56.99    4.68    0.00    4.68
   59.83    4.68    0.00    4.68
   62.67    4.66    0.00    4.66
   65.52    4.62    0.00    4.62
   68.36    4.54    0.00    4.54
   73.09    4.42    0.00    4.42
   77.83    4.32    0.00    4.32
   16.56    4.06    0.00    4.06
   17.84    4.03    0.00    4.03
   19.73    4.01    0.00    4.01
   21.63    4.00    0.00    4.00
   23.52    4.01    0.00    4.01
   25.42    4.02    0.00    4.02
   27.32    4.05    0.00    4.05
   29.21    4.08    0.00    4.08
   31.11    4.12    0.00    4.12
   33.01    4.17    0.00    4.17
   34.91    4.22    0.00    4.22
   36.80    4.27    0.00    4.27
   39.65    4.34    0.00    4.34
   42.49    4.41    0.00    4.41
   45.34    4.49    0.00    4.49
   48.18    4.56    0.00    4.56
   51.03    4.61    0.00    4.61
   53.87    4.66    0.00    4.66
   56.72    4.68    0.00    4.68
   59.56    4.68    0.00    4.68
   62.41    4.66    0.00    4.66
   65.25    4.63    0.00    4.63
   68.09    4.56    0.00    4.56
   72.84    4.44    0.00    4.44
   77.58    4.33    0.00    4.33
   16.97    4.05    0.00    4.05
   17.96    4.03    0.00    4.03
   19.86    4.01    0.00    4.01
   21.75    4.00    0.00    4.00
   23.65    4.01    0.00    4.01
   25.55    4.02    0.00    4.02
   27.44    4.05    0.00    4.05
   29.34    4.08    0.00    4.08
   31.23    4.12    0.00    4.12
   33.13    4.17    0.00    4.17
   35.03    4.22    0.00    4.22
   36.92    4.29    0.00    4.29
   39.77    4.34    0.00    4.34
   42.61    4.41    0.00    4.41
   45.45    4.49    0.00    4.49
   48.30    4.56    0.00    4.56
   51.14    4.61    0.00    4.61
   53.98    4.66    0.00    4.66
   56.83    4.68    0.00    4.68
   59.67    4.68    0.00    4.68
   62.52    4.67    0.00    4.67
   65.36    4.64    0.00    4.64
   68.20    4.56    0.00    4.56
   72.94    4.45    0.00    4.45
   77.69    4.34    0.00    4.34
   17.38    4.03    0.00    4.03
   19.51    4.01    0.00    4.01
   21.41    4.00    0.00    4.00
   23.30    4.01    0.00    4.01
   25.20    4.02    0.00    4.02
   27.10    4.05    0.00    4.05
   29.00    4.08    0.00    4.08
   30.89    4.12    0.00    4.12
   32.79    4.17    0.00    4.17
   34.69    4.22    0.00    4.22
   36.59    4.29    0.00    4.29
   39.44    4.34    0.00    4.34
   42.28    4.41    0.00    4.41
   45.13    4.49    0.00    4.49
   47.98    4.55    0.00    4.55
   50.82    4.61    0.00    4.61
   53.67    4.65    0.00    4.65
   56.52    4.67    0.00    4.67
   59.36    4.68    0.00    4.68
   62.21    4.67    0.00    4.67
   65.05    4.64    0.00    4.64
   67.90    4.57    0.00    4.57
   72.64    4.46    0.00    4.46
   77.39    4.34    0.00    4.34
   17.63    4.02    0.00    4.02
   19.30    4.00    0.00    4.00
   21.20    4.00    0.00    4.00
   23.10    4.00    0.00    4.00
   25.00    4.02    0.00    4.02
   26.90    4.05    0.00    4.05
   28.80    4.08    0.00    4.08
   30.70    4.12    0.00    4.12
   32.59    4.16    0.00    4.16
   34.49    4.22    0.00    4.22
   36.39    4.29    0.00    4.29
   39.24    4.34    0.00    4.34
   42.09    4.40    0.00    4.40
   44.94    4.48    0.00    4.48
   47.78    4.55    0.00    4.55
   50.63    4.60    0.00    4.60
   53.48    4.65    0.00    4.65
   56.33    4.67    0.00    4.67
   59.18    4.68    0.00    4.68
   62.02    4.67    0.00    4.67
   64.87    4.65    0.00    4.65
   67.72    4.58    0.00    4.58
   72.47    4.48    0.00    4.48
   77.21    4.35    0.00    4.35
   18.39    4.00    0.00    4.00
   21.15    3.99    0.00    3.99
   23.05    4.00    0.00    4.00
   24.95    4.02    0.00    4.02
   26.85    4.05    0.00    4.05
   28.75    4.08    0.00    4.08
   30.65    4.12    0.00    4.12
   32.55    4.17    0.00    4.17
   34.45    4.22    0.00    4.22
   36.34    4.29    0.00    4.29
   39.19    4.33    0.00    4.33
   42.04    4.40    0.00    4.40
   44.89    4.48    0.00    4.48
   47.74    4.55    0.00    4.55
   50.59    4.60    0.00    4.60
   53.44    4.65    0.00    4.65
   56.28    4.67    0.00    4.67
   59.13    4.69    0.00    4.69
   61.98    4.68    0.00    4.68
   64.83    4.65    0.00    4.65
   67.68    4.59    0.00    4.59
   72.43    4.49    0.00    4.49
   77.17    4.35    0.00    4.35
   19.14    4.00    0.00    4.00
   21.12    3.99    0.00    3.99
   23.02    4.00    0.00    4.00
   24.92    4.02    0.00    4.02
   26.82    4.05    0.00    4.05
   28.72    4.08    0.00    4.08
   30.62    4.13    0.00    4.13
   32.52    4.17    0.00    4.17
   34.42    4.22    0.00    4.22
   36.32    4.29    0.00    4.29
   39.16    4.33    0.00    4.33
   42.01    4.39    0.00    4.39
   44.86    4.48    0.00    4.48
   47.71    4.54    0.00    4.54
   50.56    4.60    0.00    4.60
   53.41    4.65    0.00    4.65
   56.26    4.67    0.00    4.67
   59.11    4.69    0.00    4.69
   61.95    4.68    0.00    4.68
   64.80    4.66    0.00    4.66
   67.65    4.60    0.00    4.60
   72.40    4.50    0.00    4.50
   77.15    4.36    0.00    4.36
   19.45    3.99    0.00    3.99
   20.94    3.99    0.00    3.99
   22.84    4.00    0.00    4.00
   24.74    4.02    0.00    4.02
   26.64    4.05    0.00    4.05
   28.54    4.09    0.00    4.09
   30.44    4.13    0.00    4.13
   32.34    4.17    0.00    4.17
   34.24    4.22    0.00    4.22
   36.14    4.29    0.00    4.29
   38.99    4.33    0.00    4.33
   41.84    4.39    0.00    4.39
   44.69    4.47    0.00    4.47
   47.54    4.54    0.00    4.54
   50.39    4.60    0.00    4.60
   53.24    4.64    0.00    4.64
   56.09    4.67    0.00    4.67
   58.94    4.69    0.00    4.69
   61.79    4.68    0.00    4.68
   64.64    4.67    0.00    4.67
   67.49    4.60    0.00    4.60
   72.24    4.51    0.00    4.51
   76.99    4.36    0.00    4.36
  381.00    5.64    0.00    5.64
   19.97    3.99    0.00    3.99
   22.74    4.00    0.00    4.00
   24.64    4.02    0.00    4.02
   26.55    4.05    0.00    4.05
   28.45    4.09    0.00    4.09
   30.35    4.13    0.00    4.13
   32.25    4.17    0.00    4.17
   34.15    4.22    0.00    4.22
   36.05    4.29    0.00    4.29
   38.90    4.33    0.00    4.33
   41.75    4.39    0.00    4.39
   44.60    4.47    0.00    4.47
   47.45    4.54    0.00    4.54
   50.30    4.60    0.00    4.60
   53.15    4.64    0.00    4.64
   56.00    4.67    0.00    4.67
   58.85    4.69    0.00    4.69
   61.70    4.68    0.00    4.68
   64.56    4.67    0.00    4.67
   67.41    4.61    0.00    4.61
   72.16    4.52    0.00    4.52
   76.91    4.37    0.00    4.37
  362.45    5.56    0.00    5.56
  371.49    5.60    0.00    5.60
  381.00    5.64    0.00    5.64
   20.49    3.99    0.00    3.99
   22.61    4.00    0.00    4.00
   24.51    4.02    0.00    4.02
   26.41    4.05    0.00    4.05
   28.31    4.09    0.00    4.09
   30.21    4.13    0.00    4.13
   32.11    4.17    0.00    4.17
   34.01    4.22    0.00    4.22
   35.91    4.29    0.00    4.29
   38.77    4.33    0.00    4.33
   41.62    4.39    0.00    4.39
   44.47    4.47    0.00    4.47
   47.32    4.54    0.00    4.54
   50.17    4.60    0.00    4.60
   53.03    4.64    0.00    4.64
   55.88    4.67    0.00    4.67
   58.73    4.69    0.00    4.69
   61.58    4.69    0.00    4.69
   64.43    4.67    0.00    4.67
   67.28    4.62    0.00    4.62
   72.04    4.54    0.00    4.54
   76.79    4.40    0.00    4.40
   81.54    4.34    0.00    4.34
  352.47    5.54    0.00    5.54
  361.98    5.56    0.00    5.56
  371.48    5.60    0.00    5.60
  380.99    5.64    0.00    5.64
   21.01    3.99    0.00    3.99
   22.55    4.00    0.00    4.00
   24.45    4.02    0.00    4.02
   26.35    4.05    0.00    4.05
   28.26    4.09    0.00    4.09
   30.16    4.13    0.00    4.13
   32.06    4.17    0.00    4.17
   33.96    4.22    0.00    4.22
   35.86    4.29    0.00    4.29
   38.71    4.32    0.00    4.32
   41.57    4.39    0.00    4.39
   44.42    4.47    0.00    4.47
   47.27    4.54    0.00    4.54
   50.12    4.59    0.00    4.59
   52.98    4.63    0.00    4.63
   55.83    4.67    0.00    4.67
   58.68    4.69    0.00    4.69
   61.53    4.69    0.00    4.69
   64.38    4.67    0.00    4.67
   67.24    4.63    0.00    4.63
   71.99    4.55    0.00    4.55
   76.74    4.44    0.00    4.44
   81.50    4.35    0.00    4.35
  335.90    5.49    0.00    5.49
  342.95    5.51    0.00    5.51
  352.46    5.54    0.00    5.54
  361.97    5.56    0.00    5.56
  371.48    5.60    0.00    5.60
  380.99    5.65    0.00    5.65
   20.55    3.98    0.00    3.98
   21.85    4.00    0.00    4.00
   24.35    4.02    0.00    4.02
   26.25    4.05    0.00    4.05
   28.15    4.09    0.00    4.09
   30.05    4.13    0.00    4.13
   31.96    4.17    0.00    4.17
   33.86    4.22    0.00    4.22
   35.76    4.29    0.00    4.29
   38.62    4.32    0.00    4.32
   41.47    4.39    0.00    4.39
   44.32    4.46    0.00    4.46
   47.17    4.53    0.00    4.53
   50.03    4.58    0.00    4.58
   52.88    4.63    0.00    4.63
   55.73    4.67    0.00    4.67
   58.59    4.68    0.00    4.68
   61.44    4.69    0.00    4.69
   64.29    4.68    0.00    4.68
   67.14    4.64    0.00    4.64
   71.90    4.57    0.00    4.57
   76.66    4.46    0.00    4.46
   81.41    4.35    0.00    4.35
  323.92    5.46    0.00    5.46
  333.43    5.49    0.00    5.49
  342.94    5.51    0.00    5.51
  352.45    5.54    0.00    5.54
  361.96    5.56    0.00    5.56
  371.47    5.60    0.00    5.60
  380.98    5.65    0.00    5.65
   22.50    4.00    0.00    4.00
   24.18    4.02    0.00    4.02
   26.09    4.05    0.00    4.05
   27.99    4.09    0.00    4.09
   29.89    4.13    0.00    4.13
   31.80    4.17    0.00    4.17
   33.70    4.22    0.00    4.22
   35.60    4.29    0.00    4.29
   38.46    4.32    0.00    4.32
   41.31    4.38    0.00    4.38
   44.16    4.46    0.00    4.46
   47.02    4.53    0.00    4.53
   49.87    4.58    0.00    4.58
   52.73    4.63    0.00    4.63
   55.58    4.66    0.00    4.66
   58.44    4.68    0.00    4.68
   61.29    4.69    0.00    4.69
   64.14    4.68    0.00    4.68
   67.00    4.65    0.00    4.65
   71.76    4.57    0.00    4.57
   76.51    4.47    0.00    4.47
   81.27    4.36    0.00    4.36
  314.38    5.42    0.00    5.42
  323.89    5.46    0.00    5.46
  333.40    5.49    0.00    5.49
  342.91    5.51    0.00    5.51
  352.43    5.54    0.00    5.54
  361.94    5.56    0.00    5.56
  371.46    5.60    0.00    5.60
  380.97    5.65    0.00    5.65
   23.16    4.02    0.00    4.02
   25.94    4.06    0.00    4.06
   27.84    4.09    0.00    4.09
   29.75    4.13    0.00    4.13
   31.65    4.17    0.00    4.17
   33.55    4.22    0.00    4.22
   35.46    4.29    0.00    4.29
   38.31    4.32    0.00    4.32
   41.17    4.37    0.00    4.37
   44.02    4.45    0.00    4.45
   46.88    4.52    0.00    4.52
   49.73    4.58    0.00    4.58
   52.59    4.62    0.00    4.62
   55.45    4.66    0.00    4.66
   58.30    4.68    0.00    4.68
   61.16    4.69    0.00    4.69
   64.01    4.69    0.00    4.69
   66.87    4.65    0.00    4.65
   71.63    4.59    0.00    4.59
   76.39    4.49    0.00    4.49
   81.14    4.37    0.00    4.37
  300.07    5.35    0.00    5.35
  304.82    5.39    0.00    5.39
  314.34    5.42    0.00    5.42
  323.86    5.46    0.00    5.46
  333.37    5.49    0.00    5.49
  342.89    5.51    0.00    5.51
  352.41    5.54    0.00    5.54
  361.93    5.56    0.00    5.56
  371.45    5.60    0.00    5.60
  380.96    5.65    0.00    5.65
   23.81    4.03    0.00    4.03
   25.87    4.06    0.00    4.06
   27.78    4.09    0.00    4.09
   29.68    4.13    0.00    4.13
   31.59    4.17    0.00    4.17
   33.49    4.22    0.00    4.22
   35.39    4.28    0.00    4.28
   38.25    4.31    0.00    4.31
   41.10    4.37    0.00    4.37
   43.96    4.45    0.00    4.45
   46.82    4.52    0.00    4.52
   49.67    4.57    0.00    4.57
   52.53    4.62    0.00    4.62
   55.38    4.66    0.00    4.66
   58.24    4.68    0.00    4.68
   61.10    4.69    0.00    4.69
   63.95    4.69    0.00    4.69
   66.81    4.66    0.00    4.66
   71.57    4.60    0.00    4.60
   76.33    4.51    0.00    4.51
   81.09    4.38    0.00    4.38
  285.77    5.29    0.00    5.29
  290.52    5.32    0.00    5.32
  295.28    5.34    0.00    5.34
  300.04    5.35    0.00    5.35
  304.80    5.39    0.00    5.39
  314.32    5.42    0.00    5.42
  323.84    5.46    0.00    5.46
  333.36    5.49    0.00    5.49
  342.88    5.51    0.00    5.51
  352.40    5.54    0.00    5.54
  361.92    5.56    0.00    5.56
  371.44    5.60    0.00    5.60
  380.96    5.65    0.00    5.65
   24.47    4.03    0.00    4.03
   25.83    4.06    0.00    4.06
   27.73    4.09    0.00    4.09
   29.64    4.13    0.00    4.13
   31.54    4.18    0.00    4.18
   33.44    4.22    0.00    4.22
   35.35    4.28    0.00    4.28
   38.20    4.31    0.00    4.31
   41.06    4.37    0.00    4.37
   43.92    4.45    0.00    4.45
   46.77    4.51    0.00    4.51
   49.63    4.57    0.00    4.57
   52.48    4.62    0.00    4.62
   55.34    4.66    0.00    4.66
   58.20    4.68    0.00    4.68
   61.05    4.70    0.00    4.70
   63.91    4.70    0.00    4.70
   66.77    4.67    0.00    4.67
   71.53    4.62    0.00    4.62
   76.29    4.52    0.00    4.52
   81.05    4.39    0.00    4.39
  269.53    5.23    0.00    5.23
  276.23    5.27    0.00    5.27
  285.75    5.29    0.00    5.29
  290.51    5.32    0.00    5.32
  295.27    5.34    0.00    5.34
  300.03    5.35    0.00    5.35
  304.79    5.39    0.00    5.39
  314.31    5.42    0.00    5.42
  323.83    5.46    0.00    5.46
  333.35    5.49    0.00    5.49
  342.87    5.51    0.00    5.51
  352.39    5.54    0.00    5.54
  361.92    5.56    0.00    5.56
  371.44    5.60    0.00    5.60
  380.96    5.65    0.00    5.65
   25.12    4.05    0.00    4.05
   27.70    4.09    0.00    4.09
   29.61    4.13    0.00    4.13
   31.51    4.18    0.00    4.18
   33.41    4.22    0.00    4.22
   35.32    4.28    0.00    4.28
   38.17    4.31    0.00    4.31
   41.03    4.37    0.00    4.37
   43.89    4.45    0.00    4.45
   46.74    4.51    0.00    4.51
   49.60    4.57    0.00    4.57
   52.46    4.62    0.00    4.62
   55.31    4.65    0.00    4.65
   58.17    4.68    0.00    4.68
   61.03    4.70    0.00    4.70
   63.88    4.70    0.00    4.70
   66.74    4.68    0.00    4.68
   71.50    4.62    0.00    4.62
   76.26    4.54    0.00    4.54
   82.06    4.40    0.00    4.40
   85.78    4.34    0.00    4.34
  257.18    5.19    0.00    5.19
  266.70    5.23    0.00    5.23
  276.22    5.27    0.00    5.27
  285.74    5.29    0.00    5.29
  290.50    5.32    0.00    5.32
  295.26    5.33    0.00    5.33
  300.02    5.35    0.00    5.35
  304.78    5.39    0.00    5.39
  314.31    5.42    0.00    5.42
  323.83    5.46    0.00    5.46
  333.35    5.49    0.00    5.49
  342.87    5.51    0.00    5.51
  352.39    5.54    0.00    5.54
  361.91    5.56    0.00    5.56
  371.44    5.60    0.00    5.60
  380.96    5.65    0.00    5.65
   25.65    4.06    0.00    4.06
   27.63    4.09    0.00    4.09
   29.54    4.14    0.00    4.14
   31.44    4.18    0.00    4.18
   33.35    4.22    0.00    4.22
   35.25    4.28    0.00    4.28
   38.11    4.31    0.00    4.31
   40.97    4.37    0.00    4.37
   43.82    4.44    0.00    4.44
   46.68    4.50    0.00    4.50
   49.54    4.56    0.00    4.56
   52.39    4.61    0.00    4.61
   55.25    4.65    0.00    4.65
   58.11    4.68    0.00    4.68
   60.96    4.70    0.00    4.70
   63.82    4.70    0.00    4.70
   66.68    4.69    0.00    4.69
   71.44    4.64    0.00    4.64
   76.21    4.55    0.00    4.55
   80.96    4.46    0.00    4.46
   85.72    4.37    0.00    4.37
  247.63    5.15    0.00    5.15
  257.15    5.19    0.00    5.19
  266.67    5.23    0.00    5.23
  276.19    5.27    0.00    5.27
  285.72    5.29    0.00    5.29
  290.48    5.31    0.00    5.31
  295.24    5.33    0.00    5.33
  300.00    5.35    0.00    5.35
  304.76    5.39    0.00    5.39
  314.29    5.42    0.00    5.42
  323.81    5.46    0.00    5.46
  333.34    5.49    0.00    5.49
  342.86    5.51    0.00    5.51
  352.38    5.54    0.00    5.54
  361.91    5.56    0.00    5.56
  371.43    5.60    0.00    5.60
  380.95    5.65    0.00    5.65
   26.30    4.06    0.00    4.06
   27.57    4.10    0.00    4.10
   29.48    4.14    0.00    4.14
   31.38    4.18    0.00    4.18
   33.29    4.22    0.00    4.22
   35.19    4.28    0.00    4.28
   38.05    4.31    0.00    4.31
   40.91    4.36    0.00    4.36
   43.77    4.44    0.00    4.44
   46.62    4.50    0.00    4.50
   49.48    4.56    0.00    4.56
   52.34    4.61    0.00    4.61
   55.20    4.65    0.00    4.65
   58.05    4.68    0.00    4.68
   60.91    4.70    0.00    4.70
   63.77    4.71    0.00    4.71
   66.61    4.70    0.00    4.70
   71.41    4.65    0.00    4.65
   76.15    4.58    0.00    4.58
   80.91    4.50    0.00    4.50
   85.67    4.38    0.00    4.38
  229.71    5.06    0.00    5.06
  238.07    5.11    0.00    5.11
  247.60    5.15    0.00    5.15
  257.12    5.19    0.00    5.19
  266.65    5.23    0.00    5.23
  276.18    5.27    0.00    5.27
  285.70    5.29    0.00    5.29
  290.46    5.31    0.00    5.31
  295.23    5.33    0.00    5.33
  299.99    5.35    0.00    5.35
  304.75    5.39    0.00    5.39
  314.27    5.42    0.00    5.42
  323.80    5.46    0.00    5.46
  333.32    5.49    0.00    5.49
  342.85    5.51    0.00    5.51
  352.38    5.54    0.00    5.54
  361.90    5.56    0.00    5.56
  371.43    5.60    0.00    5.60
  380.95    5.65    0.00    5.65
   26.85    4.09    0.00    4.09
   29.41    4.14    0.00    4.14
   31.32    4.18    0.00    4.18
   33.22    4.22    0.00    4.22
   35.13    4.28    0.00    4.28
   37.99    4.31    0.00    4.31
   40.84    4.36    0.00    4.36
   43.70    4.43    0.00    4.43
   46.56    4.49    0.00    4.49
   49.42    4.55    0.00    4.55
   52.28    4.60    0.00    4.60
   55.13    4.65    0.00    4.65
   57.99    4.68    0.00    4.68
   61.69    4.70    0.00    4.70
   63.73    4.70    0.00    4.70
   66.57    4.69    0.00    4.69
   71.33    4.66    0.00    4.66
   76.09    4.61    0.00    4.61
   80.86    4.53    0.00    4.53
   85.62    4.42    0.00    4.42
   90.38    4.37    0.00    4.37
  219.00    5.02    0.00    5.02
  228.52    5.06    0.00    5.06
  238.05    5.11    0.00    5.11
  247.57    5.15    0.00    5.15
  257.10    5.19    0.00    5.19
  266.63    5.23    0.00    5.23
  276.15    5.27    0.00    5.27
  285.68    5.29    0.00    5.29
  290.44    5.31    0.00    5.31
  295.21    5.33    0.00    5.33
  299.97    5.35    0.00    5.35
  304.73    5.39    0.00    5.39
  314.26    5.42    0.00    5.42
  323.79    5.46    0.00    5.46
  333.31    5.49    0.00    5.49
  342.84    5.51    0.00    5.51
  352.37    5.54    0.00    5.54
  361.89    5.56    0.00    5.56
  371.42    5.60    0.00    5.60
  380.95    5.65    0.00    5.65
   26.75    4.09    0.00    4.09
   29.31    4.13    0.00    4.13
   31.21    4.17    0.00    4.17
   33.12    4.21    0.00    4.21
   35.02    4.27    0.00    4.27
   37.88    4.30    0.00    4.30
   40.74    4.35    0.00    4.35
   43.60    4.42    0.00    4.42
   46.46    4.49    0.00    4.49
   49.32    4.55    0.00    4.55
   52.18    4.60    0.00    4.60
   55.02    4.64    0.00    4.64
   57.92    4.67    0.00    4.67
   60.75    4.69    0.00    4.69
   63.61    4.71    0.00    4.71
   66.47    4.70    0.00    4.70
   71.24    4.68    0.00    4.68
   76.00    4.63    0.00    4.63
   80.77    4.56    0.00    4.56
   85.53    4.47    0.00    4.47
   90.29    4.39    0.00    4.39
  209.44    4.95    0.00    4.95
  214.18    4.98    0.00    4.98
  218.94    5.01    0.00    5.01
  228.47    5.06    0.00    5.06
  238.00    5.11    0.00    5.11
  247.53    5.15    0.00    5.15
  257.06    5.19    0.00    5.19
  266.59    5.23    0.00    5.23
  276.12    5.27    0.00    5.27
  285.65    5.29    0.00    5.29
  290.41    5.31    0.00    5.31
  295.18    5.33    0.00    5.33
  299.94    5.35    0.00    5.35
  304.71    5.39    0.00    5.39
  314.24    5.42    0.00    5.42
  323.76    5.46    0.00    5.46
  333.29    5.49    0.00    5.49
  342.82    5.51    0.00    5.51
  352.35    5.54    0.00    5.54
  361.88    5.56    0.00    5.56
  371.41    5.60    0.00    5.60
  380.94    5.65    0.00    5.65
   26.65    4.08    0.00    4.08
   29.26    4.13    0.00    4.13
   31.17    4.17    0.00    4.17
   33.08    4.21    0.00    4.21
   34.98    4.27    0.00    4.27
   37.84    4.30    0.00    4.30
   40.70    4.35    0.00    4.35
   43.56    4.42    0.00    4.42
   46.42    4.49    0.00    4.49
   49.32    4.55    0.00    4.55
   52.14    4.59    0.00    4.59
   54.99    4.63    0.00    4.63
   57.85    4.66    0.00    4.66
   60.71    4.69    0.00    4.69
   63.57    4.71    0.00    4.71
   66.43    4.71    0.00    4.71
   71.20    4.69    0.00    4.69
   75.96    4.65    0.00    4.65
   80.73    4.58    0.00    4.58
   85.49    4.51    0.00    4.51
   90.26    4.41    0.00    4.41
  195.10    4.88    0.00    4.88
  199.86    4.91    0.00    4.91
  204.62    4.93    0.00    4.93
  209.39    4.95    0.00    4.95
  214.16    4.97    0.00    4.97
  218.92    5.01    0.00    5.01
  228.45    5.06    0.00    5.06
  237.98    5.11    0.00    5.11
  247.51    5.15    0.00    5.15
  257.04    5.19    0.00    5.19
  266.57    5.23    0.00    5.23
  276.10    5.27    0.00    5.27
  285.63    5.29    0.00    5.29
  290.40    5.31    0.00    5.31
  295.16    5.33    0.00    5.33
  299.93    5.35    0.00    5.35
  304.69    5.39    0.00    5.39
  314.23    5.42    0.00    5.42
  323.76    5.46    0.00    5.46
  333.29    5.49    0.00    5.49
  342.82    5.51    0.00    5.51
  352.35    5.54    0.00    5.54
  361.88    5.56    0.00    5.56
  371.41    5.60    0.00    5.60
  380.94    5.65    0.00    5.65
   26.54    4.08    0.00    4.08
   29.35    4.13    0.00    4.13
   31.25    4.17    0.00    4.17
   33.16    4.21    0.00    4.21
   35.07    4.27    0.00    4.27
   37.92    4.30    0.00    4.30
   40.78    4.35    0.00    4.35
   43.64    4.42    0.00    4.42
   46.70    4.48    0.00    4.48
   49.36    4.54    0.00    4.54
   52.22    4.59    0.00    4.59
   55.08    4.63    0.00    4.63
   57.94    4.66    0.00    4.66
   60.79    4.69    0.00    4.69
   63.65    4.71    0.00    4.71
   66.51    4.71    0.00    4.71
   71.27    4.70    0.00    4.70
   76.04    4.66    0.00    4.66
   80.80    4.61    0.00    4.61
   85.57    4.54    0.00    4.54
   90.33    4.44    0.00    4.44
   95.09    4.40    0.00    4.40
  180.83    4.81    0.00    4.81
  185.61    4.84    0.00    4.84
  190.38    4.86    0.00    4.86
  195.14    4.88    0.00    4.88
  199.91    4.91    0.00    4.91
  204.67    4.93    0.00    4.93
  209.43    4.95    0.00    4.95
  214.20    4.97    0.00    4.97
  218.96    5.01    0.00    5.01
  228.49    5.06    0.00    5.06
  238.02    5.11    0.00    5.11
  247.55    5.15    0.00    5.15
  257.08    5.19    0.00    5.19
  266.60    5.23    0.00    5.23
  276.13    5.27    0.00    5.27
  285.66    5.29    0.00    5.29
  290.43    5.31    0.00    5.31
  295.19    5.33    0.00    5.33
  299.95    5.35    0.00    5.35
  304.72    5.39    0.00    5.39
  314.25    5.42    0.00    5.42
  323.77    5.46    0.00    5.46
  333.30    5.49    0.00    5.49
  342.83    5.51    0.00    5.51
  352.36    5.54    0.00    5.54
  361.89    5.56    0.00    5.56
  371.42    5.60    0.00    5.60
  380.94    5.65    0.00    5.65
   26.44    4.08    0.00    4.08
   29.26    4.12    0.00    4.12
   31.16    4.16    0.00    4.16
   33.07    4.20    0.00    4.20
   34.98    4.26    0.00    4.26
   37.84    4.31    0.00    4.31
   39.71    4.37    0.00    4.37
   43.59    4.41    0.00    4.41
   46.41    4.47    0.00    4.47
   49.27    4.53    0.00    4.53
   52.13    4.58    0.00    4.58
   54.99    4.62    0.00    4.62
   57.85    4.66    0.00    4.66
   60.71    4.69    0.00    4.69
   63.57    4.70    0.00    4.70
   66.43    4.71    0.00    4.71
   71.19    4.71    0.00    4.71
   75.96    4.68    0.00    4.68
   80.72    4.63    0.00    4.63
   85.49    4.57    0.00    4.57
   90.25    4.49    0.00    4.49
   95.02    4.42    0.00    4.42
  166.51    4.74    0.00    4.74
  171.26    4.77    0.00    4.77
  176.03    4.79    0.00    4.79
  180.79    4.81    0.00    4.81
  185.56    4.84    0.00    4.84
  190.32    4.86    0.00    4.86
  195.09    4.88    0.00    4.88
  199.86    4.91    0.00    4.91
  204.62    4.93    0.00    4.93
  209.39    4.95    0.00    4.95
  214.15    4.97    0.00    4.97
  218.92    5.01    0.00    5.01
  228.45    5.06    0.00    5.06
  237.98    5.11    0.00    5.11
  247.51    5.15    0.00    5.15
  257.04    5.19    0.00    5.19
  266.57    5.23    0.00    5.23
  276.10    5.27    0.00    5.27
  285.63    5.29    0.00    5.29
  290.40    5.31    0.00    5.31
  295.16    5.33    0.00    5.33
  299.93    5.35    0.00    5.35
  304.69    5.39    0.00    5.39
  314.22    5.42    0.00    5.42
  323.75    5.46    0.00    5.46
  333.29    5.49    0.00    5.49
  342.82    5.51    0.00    5.51
  352.35    5.54    0.00    5.54
  361.88    5.56    0.00    5.56
  371.41    5.60    0.00    5.60
  380.94    5.65    0.00    5.65
   26.34    4.07    0.00    4.07
   28.92    4.11    0.00    4.11
   30.83    4.14    0.00    4.14
   32.74    4.19    0.00    4.19
   34.64    4.26    0.00    4.26
   39.27    4.36    0.00    4.36
   43.23    4.41    0.00    4.41
   46.09    4.47    0.00    4.47
   48.95    4.53    0.00    4.53
   51.82    4.57    0.00    4.57
   54.68    4.62    0.00    4.62
   57.54    4.65    0.00    4.65
   60.40    4.68    0.00    4.68
   63.26    4.70    0.00    4.70
   66.13    4.72    0.00    4.72
   70.89    4.72    0.00    4.72
   75.67    4.70    0.00    4.70
   80.44    4.66    0.00    4.66
   85.20    4.60    0.00    4.60
   89.97    4.54    0.00    4.54
   94.74    4.46    0.00    4.46
   99.51    4.41    0.00    4.41
  158.12    4.69    0.00    4.69
  161.52    4.72    0.00    4.72
  166.29    4.74    0.00    4.74
  171.06    4.77    0.00    4.77
  175.83    4.79    0.00    4.79
  180.60    4.81    0.00    4.81
  185.37    4.84    0.00    4.84
  190.14    4.86    0.00    4.86
  194.91    4.88    0.00    4.88
  199.68    4.91    0.00    4.91
  204.44    4.93    0.00    4.93
  209.22    4.95    0.00    4.95
  213.98    4.97    0.00    4.97
  218.75    5.01    0.00    5.01
  228.29    5.06    0.00    5.06
  237.83    5.11    0.00    5.11
  247.37    5.15    0.00    5.15
  256.91    5.19    0.00    5.19
  266.45    5.23    0.00    5.23
  275.99    5.27    0.00    5.27
  285.53    5.29    0.00    5.29
  290.30    5.31    0.00    5.31
  295.07    5.33    0.00    5.33
  299.84    5.35    0.00    5.35
  304.61    5.39    0.00    5.39
  314.15    5.42    0.00    5.42
  323.69    5.46    0.00    5.46
  333.23    5.49    0.00    5.49
  342.76    5.51    0.00    5.51
  352.30    5.54    0.00    5.54
  361.84    5.56    0.00    5.56
  371.38    5.60    0.00    5.60
  380.92    5.65    0.00    5.65
   26.21    4.04    0.00    4.04
   27.92    4.07    0.00    4.07
   28.91    4.09    0.00    4.09
   30.80    4.13    0.00    4.13
   38.71    4.34    0.00    4.34
   40.33    4.36    0.00    4.36
   43.20    4.41    0.00    4.41
   46.06    4.47    0.00    4.47
   48.92    4.52    0.00    4.52
   51.78    4.57    0.00    4.57
   54.64    4.61    0.00    4.61
   57.51    4.65    0.00    4.65
   60.37    4.68    0.00    4.68
   63.23    4.70    0.00    4.70
   66.09    4.72    0.00    4.72
   70.86    4.73    0.00    4.73
   75.63    4.71    0.00    4.71
   80.40    4.67    0.00    4.67
   85.17    4.63    0.00    4.63
   89.94    4.57    0.00    4.57
   94.71    4.50    0.00    4.50
   99.48    4.43    0.00    4.43
  158.28    4.70    0.00    4.70
  161.49    4.72    0.00    4.72
  166.26    4.74    0.00    4.74
  171.03    4.76    0.00    4.76
  175.80    4.79    0.00    4.79
  180.57    4.81    0.00    4.81
  185.34    4.83    0.00    4.83
  190.12    4.86    0.00    4.86
  194.88    4.88    0.00    4.88
  199.66    4.90    0.00    4.90
  204.43    4.93    0.00    4.93
  209.19    4.95    0.00    4.95
  213.97    4.97    0.00    4.97
  218.74    5.01    0.00    5.01
  228.28    5.06    0.00    5.06
  237.82    5.11    0.00    5.11
  247.36    5.15    0.00    5.15
  256.90    5.19    0.00    5.19
  266.44    5.23    0.00    5.23
  275.98    5.27    0.00    5.27
  285.52    5.29    0.00    5.29
  290.29    5.31    0.00    5.31
  295.06    5.33    0.00    5.33
  299.83    5.35    0.00    5.35
  304.60    5.39    0.00    5.39
  314.14    5.42    0.00    5.42
  323.68    5.46    0.00    5.46
  333.22    5.48    0.00    5.48
  342.76    5.51    0.00    5.51
  352.30    5.54    0.00    5.54
  361.84    5.56    0.00    5.56
  371.38    5.60    0.00    5.60
  380.92    5.65    0.00    5.65
   25.18    4.03    0.00    4.03
   38.16    4.33    0.00    4.33
   40.44    4.36    0.00    4.36
   43.30    4.41    0.00    4.41
   46.16    4.47    0.00    4.47
   49.03    4.52    0.00    4.52
   51.89    4.57    0.00    4.57
   54.75    4.61    0.00    4.61
   57.61    4.65    0.00    4.65
   60.47    4.68    0.00    4.68
   63.33    4.70    0.00    4.70
   66.19    4.72    0.00    4.72
   70.96    4.73    0.00    4.73
   75.73    4.72    0.00    4.72
   80.50    4.69    0.00    4.69
   85.27    4.65    0.00    4.65
   90.04    4.59    0.00    4.59
   94.81    4.53    0.00    4.53
   99.57    4.46    0.00    4.46
  104.34    4.43    0.00    4.43
  158.43    4.70    0.00    4.70
  161.57    4.72    0.00    4.72
  166.34    4.74    0.00    4.74
  171.10    4.77    0.00    4.77
  175.87    4.79    0.00    4.79
  180.64    4.81    0.00    4.81
  185.41    4.83    0.00    4.83
  190.18    4.86    0.00    4.86
  194.95    4.88    0.00    4.88
  199.72    4.90    0.00    4.90
  204.49    4.93    0.00    4.93
  209.25    4.95    0.00    4.95
  214.02    4.97    0.00    4.97
  218.79    5.01    0.00    5.01
  228.33    5.06    0.00    5.06
  237.87    5.11    0.00    5.11
  247.40    5.15    0.00    5.15
  256.94    5.19    0.00    5.19
  266.48    5.23    0.00    5.23
  276.01    5.27    0.00    5.27
  285.55    5.29    0.00    5.29
  290.32    5.31    0.00    5.31
  295.09    5.33    0.00    5.33
  299.86    5.35    0.00    5.35
  304.63    5.39    0.00    5.39
  314.16    5.42    0.00    5.42
  323.70    5.46    0.00    5.46
  333.24    5.48    0.00    5.48
  342.78    5.51    0.00    5.51
  352.31    5.54    0.00    5.54
  361.85    5.56    0.00    5.56
  371.39    5.60    0.00    5.60
  380.93    5.65    0.00    5.65
   37.60    4.32    0.00    4.32
   40.36    4.36    0.00    4.36
   43.23    4.41    0.00    4.41
   46.09    4.47    0.00    4.47
   48.95    4.52    0.00    4.52
   51.81    4.56    0.00    4.56
   54.67    4.61    0.00    4.61
   57.53    4.64    0.00    4.64
   60.40    4.68    0.00    4.68
   63.26    4.70    0.00    4.70
   66.12    4.72    0.00    4.72
   70.89    4.73    0.00    4.73
   75.66    4.73    0.00    4.73
   80.43    4.70    0.00    4.70
   85.20    4.67    0.00    4.67
   89.97    4.62    0.00    4.62
   94.74    4.56    0.00    4.56
   99.51    4.50    0.00    4.50
  104.28    4.45    0.00    4.45
  158.58    4.70    0.00    4.70
  161.51    4.72    0.00    4.72
  166.28    4.74    0.00    4.74
  171.05    4.77    0.00    4.77
  175.82    4.79    0.00    4.79
  180.59    4.81    0.00    4.81
  185.36    4.83    0.00    4.83
  190.13    4.86    0.00    4.86
  194.90    4.88    0.00    4.88
  199.67    4.90    0.00    4.90
  204.44    4.93    0.00    4.93
  209.21    4.95    0.00    4.95
  213.98    4.97    0.00    4.97
  218.75    5.01    0.00    5.01
  228.29    5.06    0.00    5.06
  237.83    5.11    0.00    5.11
  247.37    5.15    0.00    5.15
  256.91    5.19    0.00    5.19
  266.45    5.23    0.00    5.23
  275.99    5.27    0.00    5.27
  285.53    5.29    0.00    5.29
  290.30    5.31    0.00    5.31
  295.07    5.33    0.00    5.33
  299.84    5.35    0.00    5.35
  304.61    5.39    0.00    5.39
  314.14    5.42    0.00    5.42
  323.69    5.46    0.00    5.46
  333.22    5.48    0.00    5.48
  342.76    5.51    0.00    5.51
  352.30    5.54    0.00    5.54
  361.84    5.56    0.00    5.56
  371.38    5.60    0.00    5.60
  380.92    5.65    0.00    5.65
   37.05    4.32    0.00    4.32
   40.28    4.35    0.00    4.35
   43.14    4.41    0.00    4.41
   46.00    4.46    0.00    4.46
   48.87    4.51    0.00    4.51
   51.73    4.56    0.00    4.56
   54.59    4.60    0.00    4.60
   57.45    4.64    0.00    4.64
   60.32    4.67    0.00    4.67
   63.18    4.70    0.00    4.70
   66.04    4.73    0.00    4.73
   70.81    4.74    0.00    4.74
   75.58    4.74    0.00    4.74
   80.35    4.72    0.00    4.72
   85.12    4.68    0.00    4.68
   89.89    4.64    0.00    4.64
   94.67    4.59    0.00    4.59
   99.44    4.53    0.00    4.53
  104.21    4.48    0.00    4.48
  108.98    4.45    0.00    4.45
  158.74    4.70    0.00    4.70
  161.46    4.72    0.00    4.72
  166.23    4.74    0.00    4.74
  171.00    4.76    0.00    4.76
  175.77    4.79    0.00    4.79
  180.54    4.81    0.00    4.81
  185.31    4.83    0.00    4.83
  190.08    4.86    0.00    4.86
  194.85    4.88    0.00    4.88
  199.62    4.90    0.00    4.90
  204.40    4.93    0.00    4.93
  209.17    4.95    0.00    4.95
  213.94    4.97    0.00    4.97
  218.71    5.01    0.00    5.01
  228.25    5.06    0.00    5.06
  237.79    5.11    0.00    5.11
  247.33    5.15    0.00    5.15
  256.88    5.19    0.00    5.19
  266.42    5.23    0.00    5.23
  275.96    5.27    0.00    5.27
  285.50    5.29    0.00    5.29
  290.27    5.31    0.00    5.31
  295.04    5.33    0.00    5.33
  299.81    5.35    0.00    5.35
  304.58    5.39    0.00    5.39
  314.12    5.42    0.00    5.42
  323.67    5.46    0.00    5.46
  333.21    5.48    0.00    5.48
  342.75    5.51    0.00    5.51
  352.29    5.54    0.00    5.54
  361.83    5.56    0.00    5.56
  371.38    5.60    0.00    5.60
  380.92    5.65    0.00    5.65
   36.50    4.31    0.00    4.31
   40.27    4.35    0.00    4.35
   43.13    4.40    0.00    4.40
   45.99    4.46    0.00    4.46
   48.85    4.51    0.00    4.51
   51.72    4.56    0.00    4.56
   54.58    4.60    0.00    4.60
   57.44    4.64    0.00    4.64
   60.30    4.67    0.00    4.67
   63.17    4.70    0.00    4.70
   66.03    4.73    0.00    4.73
   70.80    4.75    0.00    4.75
   75.57    4.74    0.00    4.74
   80.34    4.72    0.00    4.72
   85.11    4.70    0.00    4.70
   89.88    4.66    0.00    4.66
   94.66    4.61    0.00    4.61
   99.43    4.56    0.00    4.56
  104.20    4.50    0.00    4.50
  108.97    4.46    0.00    4.46
  158.89    4.70    0.00    4.70
  161.45    4.72    0.00    4.72
  166.22    4.74    0.00    4.74
  170.99    4.76    0.00    4.76
  175.76    4.79    0.00    4.79
  180.53    4.81    0.00    4.81
  185.30    4.83    0.00    4.83
  190.07    4.86    0.00    4.86
  194.85    4.88    0.00    4.88
  199.62    4.90    0.00    4.90
  204.39    4.93    0.00    4.93
  209.16    4.95    0.00    4.95
  213.93    4.97    0.00    4.97
  218.70    5.01    0.00    5.01
  228.24    5.06    0.00    5.06
  237.79    5.11    0.00    5.11
  247.33    5.15    0.00    5.15
  256.87    5.19    0.00    5.19
  266.41    5.23    0.00    5.23
  275.95    5.27    0.00    5.27
  285.50    5.29    0.00    5.29
  290.27    5.31    0.00    5.31
  295.04    5.33    0.00    5.33
  299.81    5.35    0.00    5.35
  304.58    5.39    0.00    5.39
  314.12    5.42    0.00    5.42
  323.66    5.46    0.00    5.46
  333.21    5.48    0.00    5.48
  342.75    5.51    0.00    5.51
  352.29    5.54    0.00    5.54
  361.83    5.56    0.00    5.56
  371.37    5.60    0.00    5.60
  380.92    5.65    0.00    5.65
   35.94    4.30    0.00    4.30
   37.51    4.31    0.00    4.31
   40.38    4.34    0.00    4.34
   43.24    4.39    0.00    4.39
   46.10    4.45    0.00    4.45
   48.96    4.50    0.00    4.50
   51.82    4.55    0.00    4.55
   54.68    4.59    0.00    4.59
   57.55    4.63    0.00    4.63
   60.41    4.67    0.00    4.67
   63.27    4.69    0.00    4.69
   66.13    4.73    0.00    4.73
   70.90    4.75    0.00    4.75
   75.67    4.75    0.00    4.75
   80.44    4.74    0.00    4.74
   85.21    4.71    0.00    4.71
   89.98    4.68    0.00    4.68
   94.75    4.63    0.00    4.63
   99.52    4.58    0.00    4.58
  104.29    4.52    0.00    4.52
  109.06    4.47    0.00    4.47
  159.04    4.70    0.00    4.70
  161.52    4.72    0.00    4.72
  166.29    4.74    0.00    4.74
  171.06    4.76    0.00    4.76
  175.83    4.79    0.00    4.79
  180.60    4.81    0.00    4.81
  185.37    4.83    0.00    4.83
  190.14    4.86    0.00    4.86
  194.91    4.88    0.00    4.88
  199.68    4.90    0.00    4.90
  204.45    4.93    0.00    4.93
  209.22    4.95    0.00    4.95
  213.99    4.97    0.00    4.97
  218.76    5.01    0.00    5.01
  228.30    5.06    0.00    5.06
  237.84    5.11    0.00    5.11
  247.37    5.15    0.00    5.15
  256.91    5.19    0.00    5.19
  266.45    5.23    0.00    5.23
  275.99    5.27    0.00    5.27
  285.53    5.29    0.00    5.29
  290.30    5.31    0.00    5.31
  295.07    5.33    0.00    5.33
  299.84    5.35    0.00    5.35
  304.61    5.39    0.00    5.39
  314.15    5.42    0.00    5.42
  323.69    5.46    0.00    5.46
  333.23    5.48    0.00    5.48
  342.76    5.51    0.00    5.51
  352.30    5.54    0.00    5.54
  361.84    5.56    0.00    5.56
  371.38    5.60    0.00    5.60
   35.39    4.29    0.00    4.29
   37.41    4.30    0.00    4.30
   40.27    4.33    0.00    4.33
   43.13    4.38    0.00    4.38
   45.99    4.44    0.00    4.44
   48.86    4.49    0.00    4.49
   51.72    4.54    0.00    4.54
   54.58    4.59    0.00    4.59
   57.45    4.63    0.00    4.63
   60.31    4.67    0.00    4.67
   63.17    4.69    0.00    4.69
   66.03    4.73    0.00    4.73
   70.80    4.75    0.00    4.75
   75.57    4.75    0.00    4.75
   80.34    4.74    0.00    4.74
   85.12    4.72    0.00    4.72
   89.89    4.69    0.00    4.69
   94.66    4.64    0.00    4.64
   99.43    4.59    0.00    4.59
  104.20    4.53    0.00    4.53
  108.97    4.47    0.00    4.47
  159.20    4.72    0.00    4.72
  166.22    4.74    0.00    4.74
  170.99    4.76    0.00    4.76
  175.76    4.79    0.00    4.79
  180.54    4.81    0.00    4.81
  185.31    4.83    0.00    4.83
  190.08    4.86    0.00    4.86
  194.85    4.88    0.00    4.88
  199.62    4.90    0.00    4.90
  204.39    4.93    0.00    4.93
  209.16    4.95    0.00    4.95
  213.93    4.97    0.00    4.97
  218.70    5.01    0.00    5.01
  228.25    5.06    0.00    5.06
  237.79    5.11    0.00    5.11
  247.33    5.15    0.00    5.15
  256.87    5.19    0.00    5.19
  266.41    5.23    0.00    5.23
  275.95    5.27    0.00    5.27
  285.50    5.29    0.00    5.29
  290.27    5.31    0.00    5.31
  295.04    5.33    0.00    5.33
  299.81    5.35    0.00    5.35
  304.58    5.39    0.00    5.39
  314.12    5.42    0.00    5.42
  323.67    5.46    0.00    5.46
  333.21    5.48    0.00    5.48
  342.75    5.51    0.00    5.51
  352.29    5.54    0.00    5.54
  361.83    5.56    0.00    5.56
   34.84    4.28    0.00    4.28
   37.41    4.29    0.00    4.29
   40.27    4.32    0.00    4.32
   43.13    4.38    0.00    4.38
   46.00    4.44    0.00    4.44
   48.86    4.49    0.00    4.49
   51.72    4.53    0.00    4.53
   54.58    4.58    0.00    4.58
   57.45    4.62    0.00    4.62
   60.31    4.66    0.00    4.66
   63.17    4.69    0.00    4.69
   66.03    4.73    0.00    4.73
   70.81    4.75    0.00    4.75
   75.58    4.76    0.00    4.76
   80.35    4.75    0.00    4.75
   85.12    4.73    0.00    4.73
   89.89    4.70    0.00    4.70
   94.66    4.65    0.00    4.65
   99.43    4.61    0.00    4.61
  104.20    4.55    0.00    4.55
  108.97    4.48    0.00    4.48
  159.35    4.72    0.00    4.72
  166.22    4.74    0.00    4.74
  171.00    4.76    0.00    4.76
  175.77    4.79    0.00    4.79
  180.54    4.81    0.00    4.81
  185.31    4.83    0.00    4.83
  190.08    4.86    0.00    4.86
  194.85    4.88    0.00    4.88
  199.62    4.90    0.00    4.90
  204.39    4.93    0.00    4.93
  209.16    4.95    0.00    4.95
  213.93    4.97    0.00    4.97
  218.70    5.01    0.00    5.01
  228.25    5.06    0.00    5.06
  237.79    5.11    0.00    5.11
  247.33    5.15    0.00    5.15
  256.87    5.19    0.00    5.19
  266.41    5.23    0.00    5.23
  275.96    5.27    0.00    5.27
  285.50    5.29    0.00    5.29
  290.27    5.31    0.00    5.31
  295.04    5.33    0.00    5.33
  299.81    5.35    0.00    5.35
  304.58    5.39    0.00    5.39
  314.12    5.42    0.00    5.42
  323.67    5.46    0.00    5.46
  333.21    5.48    0.00    5.48
  342.75    5.51    0.00    5.51
  352.29    5.54    0.00    5.54
   34.50    4.27    0.00    4.27
   37.46    4.28    0.00    4.28
   40.32    4.31    0.00    4.31
   43.19    4.37    0.00    4.37
   46.05    4.43    0.00    4.43
   48.91    4.48    0.00    4.48
   51.77    4.53    0.00    4.53
   54.63    4.58    0.00    4.58
   57.50    4.62    0.00    4.62
   60.36    4.66    0.00    4.66
   63.22    4.69    0.00    4.69
   66.08    4.72    0.00    4.72
   70.85    4.75    0.00    4.75
   75.62    4.76    0.00    4.76
   80.39    4.75    0.00    4.75
   85.16    4.74    0.00    4.74
   89.94    4.71    0.00    4.71
   94.70    4.67    0.00    4.67
   99.47    4.62    0.00    4.62
  104.25    4.56    0.00    4.56
  109.02    4.49    0.00    4.49
  159.50    4.72    0.00    4.72
  166.26    4.74    0.00    4.74
  171.03    4.76    0.00    4.76
  175.80    4.79    0.00    4.79
  180.57    4.81    0.00    4.81
  185.34    4.83    0.00    4.83
  190.11    4.86    0.00    4.86
  194.88    4.88    0.00    4.88
  199.65    4.90    0.00    4.90
  204.42    4.93    0.00    4.93
  209.19    4.95    0.00    4.95
  213.96    4.97    0.00    4.97
  218.73    5.01    0.00    5.01
  228.27    5.06    0.00    5.06
  237.81    5.11    0.00    5.11
  247.35    5.15    0.00    5.15
  256.89    5.19    0.00    5.19
  266.43    5.23    0.00    5.23
  275.97    5.27    0.00    5.27
  285.51    5.29    0.00    5.29
  290.29    5.31    0.00    5.31
  295.06    5.33    0.00    5.33
  299.82    5.35    0.00    5.35
  304.60    5.39    0.00    5.39
  314.14    5.42    0.00    5.42
  323.68    5.46    0.00    5.46
  333.22    5.48    0.00    5.48
  342.76    5.51    0.00    5.51
   34.22    4.26    0.00    4.26
   37.52    4.27    0.00    4.27
   40.38    4.30    0.00    4.30
   43.24    4.36    0.00    4.36
   46.10    4.42    0.00    4.42
   48.97    4.48    0.00    4.48
   51.83    4.53    0.00    4.53
   54.69    4.57    0.00    4.57
   57.55    4.61    0.00    4.61
   60.41    4.65    0.00    4.65
   63.27    4.68    0.00    4.68
   66.14    4.72    0.00    4.72
   70.91    4.75    0.00    4.75
   75.68    4.76    0.00    4.76
   80.44    4.76    0.00    4.76
   85.22    4.75    0.00    4.75
   89.98    4.72    0.00    4.72
   94.75    4.68    0.00    4.68
   99.52    4.63    0.00    4.63
  104.29    4.57    0.00    4.57
  109.06    4.50    0.00    4.50
  159.66    4.72    0.00    4.72
  166.30    4.74    0.00    4.74
  171.06    4.76    0.00    4.76
  175.84    4.79    0.00    4.79
  180.60    4.81    0.00    4.81
  185.37    4.83    0.00    4.83
  190.14    4.86    0.00    4.86
  194.91    4.88    0.00    4.88
  199.68    4.90    0.00    4.90
  204.45    4.93    0.00    4.93
  209.22    4.95    0.00    4.95
  213.99    4.97    0.00    4.97
  218.76    5.01    0.00    5.01
  228.30    5.06    0.00    5.06
  237.84    5.11    0.00    5.11
  247.38    5.15    0.00    5.15
  256.92    5.19    0.00    5.19
  266.45    5.23    0.00    5.23
  275.99    5.27    0.00    5.27
  285.53    5.29    0.00    5.29
  290.30    5.31    0.00    5.31
  295.07    5.33    0.00    5.33
  299.84    5.35    0.00    5.35
  304.61    5.39    0.00    5.39
  314.15    5.42    0.00    5.42
  323.69    5.46    0.00    5.46
   34.02    4.25    0.00    4.25
   37.52    4.25    0.00    4.25
   40.38    4.29    0.00    4.29
   43.24    4.35    0.00    4.35
   46.10    4.41    0.00    4.41
   48.97    4.47    0.00    4.47
   51.83    4.52    0.00    4.52
   54.69    4.57    0.00    4.57
   57.55    4.61    0.00    4.61
   60.41    4.65    0.00    4.65
   63.27    4.68    0.00    4.68
   66.14    4.72    0.00    4.72
   70.91    4.75    0.00    4.75
   75.67    4.76    0.00    4.76
   80.44    4.77    0.00    4.77
   85.21    4.76    0.00    4.76
   89.98    4.73    0.00    4.73
   94.75    4.69    0.00    4.69
   99.52    4.65    0.00    4.65
  104.29    4.59    0.00    4.59
  109.06    4.52    0.00    4.52
  113.83    4.48    0.00    4.48
  159.81    4.72    0.00    4.72
  166.29    4.74    0.00    4.74
  171.06    4.76    0.00    4.76
  175.83    4.79    0.00    4.79
  180.60    4.81    0.00    4.81
  185.37    4.83    0.00    4.83
  190.14    4.86    0.00    4.86
  194.91    4.88    0.00    4.88
  199.68    4.90    0.00    4.90
  204.45    4.93    0.00    4.93
  209.22    4.95    0.00    4.95
  213.99    4.97    0.00    4.97
  218.76    5.01    0.00    5.01
  228.30    5.06    0.00    5.06
  237.84    5.11    0.00    5.11
  247.38    5.15    0.00    5.15
  256.92    5.19    0.00    5.19
  266.45    5.23    0.00    5.23
  275.99    5.27    0.00    5.27
  285.53    5.29    0.00    5.29
  290.30    5.31    0.00    5.31
  295.07    5.33    0.00    5.33
  299.84    5.35    0.00    5.35
  304.61    5.39    0.00    5.39
  314.15    5.42    0.00    5.42
   33.81    4.24    0.00    4.24
   37.61    4.25    0.00    4.25
   40.47    4.28    0.00    4.28
   43.33    4.35    0.00    4.35
   46.19    4.41    0.00    4.41
   49.05    4.46    0.00    4.46
   51.91    4.51    0.00    4.51
   54.77    4.56    0.00    4.56
   57.63    4.61    0.00    4.61
   60.49    4.65    0.00    4.65
   63.35    4.68    0.00    4.68
   66.22    4.72    0.00    4.72
   70.98    4.75    0.00    4.75
   75.75    4.77    0.00    4.77
   80.52    4.77    0.00    4.77
   85.29    4.76    0.00    4.76
   90.06    4.74    0.00    4.74
   94.83    4.70    0.00    4.70
   99.59    4.66    0.00    4.66
  104.36    4.60    0.00    4.60
  109.13    4.54    0.00    4.54
  113.90    4.49    0.00    4.49
  159.96    4.72    0.00    4.72
  166.35    4.74    0.00    4.74
  171.12    4.77    0.00    4.77
  175.89    4.79    0.00    4.79
  180.66    4.81    0.00    4.81
  185.42    4.83    0.00    4.83
  190.19    4.86    0.00    4.86
  194.96    4.88    0.00    4.88
  199.73    4.90    0.00    4.90
  204.50    4.93    0.00    4.93
  209.27    4.95    0.00    4.95
  214.03    4.97    0.00    4.97
  218.80    5.01    0.00    5.01
  228.34    5.06    0.00    5.06
  237.88    5.11    0.00    5.11
  247.41    5.15    0.00    5.15
  256.95    5.19    0.00    5.19
  266.49    5.23    0.00    5.23
  276.02    5.27    0.00    5.27
  285.56    5.29    0.00    5.29
  290.33    5.31    0.00    5.31
  295.10    5.33    0.00    5.33
  299.87    5.35    0.00    5.35
  304.63    5.38    0.00    5.38
   33.61    4.20    0.00    4.20
   34.89    4.25    0.00    4.25
   37.75    4.25    0.00    4.25
   40.61    4.28    0.00    4.28
   43.47    4.34    0.00    4.34
   46.33    4.40    0.00    4.40
   49.19    4.45    0.00    4.45
   52.05    4.51    0.00    4.51
   54.91    4.56    0.00    4.56
   57.77    4.60    0.00    4.60
   60.63    4.64    0.00    4.64
   63.49    4.67    0.00    4.67
   66.35    4.71    0.00    4.71
   71.11    4.75    0.00    4.75
   75.88    4.77    0.00    4.77
   80.65    4.78    0.00    4.78
   85.41    4.77    0.00    4.77
   90.18    4.74    0.00    4.74
   94.95    4.72    0.00    4.72
   99.71    4.67    0.00    4.67
  104.48    4.61    0.00    4.61
  109.25    4.55    0.00    4.55
  114.01    4.50    0.00    4.50
  160.12    4.72    0.00    4.72
  166.44    4.74    0.00    4.74
  171.21    4.77    0.00    4.77
  175.98    4.79    0.00    4.79
  180.74    4.81    0.00    4.81
  185.51    4.84    0.00    4.84
  190.28    4.86    0.00    4.86
  195.04    4.88    0.00    4.88
  199.81    4.90    0.00    4.90
  204.57    4.93    0.00    4.93
  209.34    4.95    0.00    4.95
  214.11    4.97    0.00    4.97
  218.87    5.01    0.00    5.01
  228.41    5.06    0.00    5.06
  237.94    5.11    0.00    5.11
  247.47    5.15    0.00    5.15
  257.01    5.19    0.00    5.19
  266.54    5.23    0.00    5.23
  276.07    5.27    0.00    5.27
  285.61    5.29    0.00    5.29
  290.37    5.31    0.00    5.31
  295.15    5.33    0.00    5.33
  299.90    5.35    0.00    5.35
   33.41    4.20    0.00    4.20
   34.96    4.24    0.00    4.24
   37.82    4.24    0.00    4.24
   40.68    4.27    0.00    4.27
   43.54    4.33    0.00    4.33
   46.40    4.39    0.00    4.39
   49.26    4.45    0.00    4.45
   52.12    4.50    0.00    4.50
   54.98    4.55    0.00    4.55
   57.84    4.59    0.00    4.59
   60.70    4.63    0.00    4.63
   63.55    4.67    0.00    4.67
   66.41    4.71    0.00    4.71
   71.18    4.75    0.00    4.75
   75.94    4.77    0.00    4.77
   80.71    4.78    0.00    4.78
   85.48    4.77    0.00    4.77
   90.24    4.75    0.00    4.75
   95.01    4.72    0.00    4.72
   99.77    4.67    0.00    4.67
  104.54    4.62    0.00    4.62
  109.30    4.57    0.00    4.57
  114.07    4.51    0.00    4.51
  160.27    4.72    0.00    4.72
  166.49    4.74    0.00    4.74
  171.25    4.77    0.00    4.77
  176.02    4.79    0.00    4.79
  180.79    4.81    0.00    4.81
  185.55    4.84    0.00    4.84
  190.32    4.86    0.00    4.86
  195.08    4.88    0.00    4.88
  199.85    4.91    0.00    4.91
  204.61    4.93    0.00    4.93
  209.38    4.95    0.00    4.95
  214.15    4.97    0.00    4.97
  218.91    5.01    0.00    5.01
  228.44    5.06    0.00    5.06
  237.97    5.11    0.00    5.11
  247.50    5.15    0.00    5.15
  257.04    5.19    0.00    5.19
  266.57    5.23    0.00    5.23
  276.10    5.27    0.00    5.27
  285.63    5.29    0.00    5.29
   33.20    4.19    0.00    4.19
   34.96    4.24    0.00    4.24
   37.82    4.23    0.00    4.23
   40.68    4.26    0.00    4.26
   43.54    4.33    0.00    4.33
   46.40    4.39    0.00    4.39
   49.26    4.44    0.00    4.44
   52.12    4.49    0.00    4.49
   54.98    4.54    0.00    4.54
   57.84    4.59    0.00    4.59
   60.70    4.63    0.00    4.63
   63.55    4.67    0.00    4.67
   66.41    4.71    0.00    4.71
   71.18    4.75    0.00    4.75
   75.94    4.77    0.00    4.77
   80.71    4.78    0.00    4.78
   85.47    4.78    0.00    4.78
   90.24    4.76    0.00    4.76
   95.01    4.73    0.00    4.73
   99.77    4.68    0.00    4.68
  104.54    4.63    0.00    4.63
  109.30    4.58    0.00    4.58
  114.07    4.51    0.00    4.51
  160.42    4.72    0.00    4.72
  166.49    4.74    0.00    4.74
  171.25    4.77    0.00    4.77
  176.02    4.79    0.00    4.79
  180.79    4.81    0.00    4.81
  185.55    4.84    0.00    4.84
  190.32    4.86    0.00    4.86
  195.08    4.88    0.00    4.88
  199.85    4.91    0.00    4.91
  204.61    4.93    0.00    4.93
  209.38    4.95    0.00    4.95
  214.15    4.97    0.00    4.97
  218.91    5.01    0.00    5.01
  228.44    5.06    0.00    5.06
  237.97    5.11    0.00    5.11
  247.50    5.15    0.00    5.15
  257.03    5.19    0.00    5.19
  266.56    5.23    0.00    5.23
   33.00    4.19    0.00    4.19
   35.01    4.23    0.00    4.23
   37.87    4.23    0.00    4.23
   40.72    4.25    0.00    4.25
   43.58    4.32    0.00    4.32
   46.44    4.37    0.00    4.37
   49.30    4.44    0.00    4.44
   52.16    4.49    0.00    4.49
   55.02    4.54    0.00    4.54
   57.88    4.59    0.00    4.59
   60.74    4.63    0.00    4.63
   63.59    4.67    0.00    4.67
   66.45    4.71    0.00    4.71
   71.22    4.75    0.00    4.75
   75.98    4.77    0.00    4.77
   80.75    4.79    0.00    4.79
   85.51    4.78    0.00    4.78
   90.28    4.76    0.00    4.76
   95.04    4.73    0.00    4.73
   99.81    4.70    0.00    4.70
  104.57    4.65    0.00    4.65
  109.34    4.59    0.00    4.59
  114.10    4.52    0.00    4.52
  160.58    4.72    0.00    4.72
  166.52    4.74    0.00    4.74
  171.28    4.77    0.00    4.77
  176.05    4.79    0.00    4.79
  180.81    4.81    0.00    4.81
  185.58    4.84    0.00    4.84
  190.34    4.86    0.00    4.86
  195.11    4.88    0.00    4.88
  199.87    4.91    0.00    4.91
  204.64    4.93    0.00    4.93
  209.40    4.95    0.00    4.95
  214.17    4.97    0.00    4.97
  218.93    5.01    0.00    5.01
  228.46    5.06    0.00    5.06
  237.99    5.11    0.00    5.11
  247.52    5.15    0.00    5.15
  257.05    5.18    0.00    5.18
   32.80    4.18    0.00    4.18
   35.05    4.23    0.00    4.23
   37.91    4.22    0.00    4.22
   40.77    4.25    0.00    4.25
   43.63    4.31    0.00    4.31
   46.49    4.37    0.00    4.37
   49.34    4.43    0.00    4.43
   52.20    4.49    0.00    4.49
   55.06    4.54    0.00    4.54
   57.92    4.58    0.00    4.58
   60.78    4.62    0.00    4.62
   63.64    4.66    0.00    4.66
   66.50    4.71    0.00    4.71
   71.26    4.75    0.00    4.75
   76.03    4.77    0.00    4.77
   80.79    4.79    0.00    4.79
   85.55    4.78    0.00    4.78
   90.32    4.76    0.00    4.76
   95.08    4.74    0.00    4.74
   99.85    4.71    0.00    4.71
  104.61    4.65    0.00    4.65
  109.38    4.59    0.00    4.59
  114.14    4.53    0.00    4.53
  118.90    4.50    0.00    4.50
  160.73    4.72    0.00    4.72
  166.55    4.74    0.00    4.74
  171.31    4.77    0.00    4.77
  176.08    4.79    0.00    4.79
  180.84    4.81    0.00    4.81
  185.60    4.84    0.00    4.84
  190.37    4.86    0.00    4.86
  195.13    4.88    0.00    4.88
  199.90    4.91    0.00    4.91
  204.66    4.93    0.00    4.93
  209.43    4.95    0.00    4.95
  214.19    4.97    0.00    4.97
  218.96    5.01    0.00    5.01
  228.48    5.06    0.00    5.06
  238.01    5.11    0.00    5.11
  247.54    5.15    0.00    5.15
   32.59    4.17    0.00    4.17
   35.06    4.22    0.00    4.22
   37.92    4.21    0.00    4.21
   40.78    4.24    0.00    4.24
   43.63    4.31    0.00    4.31
   46.49    4.37    0.00    4.37
   49.35    4.42    0.00    4.42
   52.21    4.48    0.00    4.48
   55.07    4.53    0.00    4.53
   57.93    4.58    0.00    4.58
   60.78    4.62    0.00    4.62
   63.64    4.66    0.00    4.66
   66.50    4.71    0.00    4.71
   71.27    4.75    0.00    4.75
   76.03    4.78    0.00    4.78
   80.80    4.79    0.00    4.79
   85.56    4.78    0.00    4.78
   90.32    4.77    0.00    4.77
   95.09    4.75    0.00    4.75
   99.85    4.71    0.00    4.71
  104.62    4.66    0.00    4.66
  109.38    4.61    0.00    4.61
  114.14    4.55    0.00    4.55
  118.91    4.51    0.00    4.51
  160.88    4.72    0.00    4.72
  166.55    4.74    0.00    4.74
  171.32    4.77    0.00    4.77
  176.08    4.79    0.00    4.79
  180.84    4.81    0.00    4.81
  185.61    4.84    0.00    4.84
  190.37    4.86    0.00    4.86
  195.14    4.88    0.00    4.88
  199.90    4.91    0.00    4.91
  204.67    4.93    0.00    4.93
  209.43    4.95    0.00    4.95
  214.19    4.97    0.00    4.97
  218.96    5.01    0.00    5.01
  228.49    5.06    0.00    5.06
   32.39    4.17    0.00    4.17
   35.07    4.22    0.00    4.22
   37.93    4.21    0.00    4.21
   40.78    4.24    0.00    4.24
   43.64    4.30    0.00    4.30
   46.50    4.36    0.00    4.36
   49.36    4.42    0.00    4.42
   52.22    4.48    0.00    4.48
   55.08    4.53    0.00    4.53
   57.94    4.57    0.00    4.57
   60.80    4.61    0.00    4.61
   63.65    4.66    0.00    4.66
   66.51    4.70    0.00    4.70
   71.28    4.75    0.00    4.75
   76.04    4.78    0.00    4.78
   80.80    4.79    0.00    4.79
   85.57    4.79    0.00    4.79
   90.33    4.77    0.00    4.77
   95.10    4.75    0.00    4.75
   99.86    4.72    0.00    4.72
  104.62    4.67    0.00    4.67
  109.39    4.62    0.00    4.62
  114.15    4.57    0.00    4.57
  118.92    4.52    0.00    4.52
  161.04    4.72    0.00    4.72
  166.56    4.74    0.00    4.74
  171.32    4.77    0.00    4.77
  176.09    4.79    0.00    4.79
  180.85    4.81    0.00    4.81
  185.62    4.84    0.00    4.84
  190.38    4.86    0.00    4.86
  195.14    4.88    0.00    4.88
  199.91    4.91    0.00    4.91
  204.67    4.93    0.00    4.93
  209.44    4.95    0.00    4.95
  214.20    4.97    0.00    4.97
  218.96    5.01    0.00    5.01
   32.19    4.14    0.00    4.14
   33.20    4.17    0.00    4.17
   35.11    4.21    0.00    4.21
   37.97    4.20    0.00    4.20
   40.82    4.23    0.00    4.23
   43.68    4.29    0.00    4.29
   46.54    4.35    0.00    4.35
   49.40    4.41    0.00    4.41
   52.26    4.47    0.00    4.47
   55.12    4.52    0.00    4.52
   57.97    4.57    0.00    4.57
   60.83    4.61    0.00    4.61
   63.69    4.66    0.00    4.66
   66.55    4.70    0.00    4.70
   71.31    4.75    0.00    4.75
   76.08    4.78    0.00    4.78
   80.84    4.79    0.00    4.79
   85.60    4.79    0.00    4.79
   90.37    4.78    0.00    4.78
   95.13    4.76    0.00    4.76
   99.89    4.72    0.00    4.72
  104.66    4.68    0.00    4.68
  109.42    4.63    0.00    4.63
  114.18    4.58    0.00    4.58
  118.95    4.53    0.00    4.53
  161.19    4.72    0.00    4.72
  166.58    4.74    0.00    4.74
  171.35    4.77    0.00    4.77
  176.11    4.79    0.00    4.79
  180.87    4.81    0.00    4.81
  185.64    4.84    0.00    4.84
  190.40    4.86    0.00    4.86
  195.16    4.88    0.00    4.88
  199.93    4.91    0.00    4.91
  204.69    4.93    0.00    4.93
  209.46    4.95    0.00    4.95
  214.22    4.98    0.00    4.98
   31.99    4.14    0.00    4.14
   33.24    4.17    0.00    4.17
   35.15    4.21    0.00    4.21
   38.00    4.19    0.00    4.19
   40.86    4.22    0.00    4.22
   43.72    4.29    0.00    4.29
   46.58    4.35    0.00    4.35
   49.43    4.41    0.00    4.41
   52.29    4.46    0.00    4.46
   55.15    4.52    0.00    4.52
   58.01    4.56    0.00    4.56
   60.87    4.61    0.00    4.61
   63.72    4.65    0.00    4.65
   66.58    4.70    0.00    4.70
   71.34    4.75    0.00    4.75
   76.11    4.78    0.00    4.78
   80.87    4.80    0.00    4.80
   85.63    4.79    0.00    4.79
   90.40    4.78    0.00    4.78
   95.16    4.76    0.00    4.76
   99.92    4.73    0.00    4.73
  104.69    4.68    0.00    4.68
  109.45    4.63    0.00    4.63
  114.21    4.59    0.00    4.59
  118.98    4.53    0.00    4.53
  161.34    4.72    0.00    4.72
  166.61    4.74    0.00    4.74
  171.37    4.77    0.00    4.77
  176.13    4.79    0.00    4.79
  180.90    4.81    0.00    4.81
  185.66    4.84    0.00    4.84
  190.42    4.86    0.00    4.86
  195.19    4.88    0.00    4.88
  199.96    4.91    0.00    4.91
  204.71    4.93    0.00    4.93
   31.78    4.14    0.00    4.14
   33.28    4.17    0.00    4.17
   35.18    4.20    0.00    4.20
   38.04    4.19    0.00    4.19
   40.90    4.22    0.00    4.22
   43.75    4.28    0.00    4.28
   46.61    4.34    0.00    4.34
   49.47    4.40    0.00    4.40
   52.33    4.46    0.00    4.46
   55.19    4.51    0.00    4.51
   58.04    4.56    0.00    4.56
   60.90    4.61    0.00    4.61
   63.76    4.65    0.00    4.65
   66.61    4.70    0.00    4.70
   71.38    4.75    0.00    4.75
   76.14    4.78    0.00    4.78
   80.90    4.80    0.00    4.80
   85.67    4.79    0.00    4.79
   90.43    4.78    0.00    4.78
   95.19    4.77    0.00    4.77
   99.95    4.73    0.00    4.73
  104.72    4.69    0.00    4.69
  109.48    4.64    0.00    4.64
  114.24    4.59    0.00    4.59
  119.00    4.53    0.00    4.53
  161.50    4.72    0.00    4.72
  166.63    4.74    0.00    4.74
  171.39    4.77    0.00    4.77
  176.16    4.79    0.00    4.79
  180.92    4.81    0.00    4.81
  185.68    4.84    0.00    4.84
  190.45    4.86    0.00    4.86
   31.58    4.14    0.00    4.14
   33.31    4.16    0.00    4.16
   35.22    4.20    0.00    4.20
   38.07    4.19    0.00    4.19
   40.93    4.21    0.00    4.21
   43.79    4.28    0.00    4.28
   46.65    4.34    0.00    4.34
   49.50    4.40    0.00    4.40
   52.36    4.45    0.00    4.45
   55.22    4.51    0.00    4.51
   58.08    4.56    0.00    4.56
   60.93    4.60    0.00    4.60
   63.79    4.64    0.00    4.64
   66.65    4.70    0.00    4.70
   71.41    4.75    0.00    4.75
   76.17    4.78    0.00    4.78
   80.93    4.80    0.00    4.80
   85.69    4.80    0.00    4.80
   90.46    4.79    0.00    4.79
   95.22    4.77    0.00    4.77
   99.98    4.73    0.00    4.73
  104.74    4.69    0.00    4.69
  109.51    4.64    0.00    4.64
  114.27    4.59    0.00    4.59
  119.03    4.53    0.00    4.53
  161.65    4.72    0.00    4.72
  166.65    4.74    0.00    4.74
  171.41    4.77    0.00    4.77
  176.18    4.79    0.00    4.79
  180.94    4.81    0.00    4.81
   31.38    4.13    0.00    4.13
   33.32    4.16    0.00    4.16
   35.23    4.20    0.00    4.20
   38.09    4.19    0.00    4.19
   40.94    4.21    0.00    4.21
   43.80    4.28    0.00    4.28
   46.66    4.33    0.00    4.33
   49.52    4.39    0.00    4.39
   52.37    4.45    0.00    4.45
   55.23    4.50    0.00    4.50
   58.09    4.55    0.00    4.55
   60.94    4.60    0.00    4.60
   63.80    4.64    0.00    4.64
   66.66    4.70    0.00    4.70
   71.42    4.75    0.00    4.75
   76.18    4.78    0.00    4.78
   80.94    4.80    0.00    4.80
   85.71    4.80    0.00    4.80
   90.47    4.79    0.00    4.79
   95.23    4.77    0.00    4.77
   99.99    4.74    0.00    4.74
  104.75    4.69    0.00    4.69
  109.52    4.64    0.00    4.64
  114.28    4.59    0.00    4.59
  119.04    4.53    0.00    4.53
  161.81    4.72    0.00    4.72
  166.66    4.74    0.00    4.74
   31.25    4.13    0.00    4.13
   33.32    4.15    0.00    4.15
   35.22    4.20    0.00    4.20
   38.08    4.18    0.00    4.18
   40.94    4.21    0.00    4.21
   43.80    4.27    0.00    4.27
   46.65    4.33    0.00    4.33
   49.51    4.39    0.00    4.39
   52.37    4.45    0.00    4.45
   55.23    4.50    0.00    4.50
   58.08    4.55    0.00    4.55
   60.94    4.60    0.00    4.60
   63.80    4.64    0.00    4.64
   66.65    4.70    0.00    4.70
   71.42    4.74    0.00    4.74
   76.18    4.78    0.00    4.78
   80.94    4.80    0.00    4.80
   85.70    4.80    0.00    4.80
   90.47    4.79    0.00    4.79
   95.23    4.78    0.00    4.78
   99.99    4.74    0.00    4.74
  104.75    4.70    0.00    4.70
  109.51    4.64    0.00    4.64
  114.28    4.59    0.00    4.59
  119.04    4.53    0.00    4.53
   31.23    4.12    0.00    4.12
   33.33    4.15    0.00    4.15
   35.23    4.19    0.00    4.19
   38.09    4.18    0.00    4.18
   40.95    4.21    0.00    4.21
   43.80    4.27    0.00    4.27
   46.66    4.33    0.00    4.33
   49.52    4.39    0.00    4.39
   52.38    4.44    0.00    4.44
   55.23    4.49    0.00    4.49
   58.09    4.55    0.00    4.55
   60.95    4.60    0.00    4.60
   63.80    4.64    0.00    4.64
   66.66    4.69    0.00    4.69
   71.42    4.74    0.00    4.74
   76.19    4.78    0.00    4.78
   80.95    4.80    0.00    4.80
   85.71    4.80    0.00    4.80
   90.47    4.79    0.00    4.79
   95.23    4.78    0.00    4.78
  100.00    4.74    0.00    4.74
  104.76    4.70    0.00    4.70
  109.52    4.64    0.00    4.64
  114.28    4.59    0.00    4.59
  119.04    4.53    0.00    4.53
   31.22    4.12    0.00    4.12
   33.34    4.15    0.00    4.15
   35.25    4.19    0.00    4.19
   38.10    4.18    0.00    4.18
   40.96    4.20    0.00    4.20
   43.82    4.26    0.00    4.26
   46.67    4.32    0.00    4.32
   49.53    4.38    0.00    4.38
   52.39    4.44    0.00    4.44
   55.25    4.49    0.00    4.49
   58.10    4.55    0.00    4.55
   60.96    4.60    0.00    4.60
   63.82    4.64    0.00    4.64
   66.67    4.69    0.00    4.69
   71.44    4.74    0.00    4.74
   76.20    4.78    0.00    4.78
   80.96    4.80    0.00    4.80
   85.72    4.80    0.00    4.80
   90.48    4.79    0.00    4.79
   95.25    4.78    0.00    4.78
  100.01    4.74    0.00    4.74
  104.77    4.70    0.00    4.70
  109.53    4.64    0.00    4.64
  114.29    4.59    0.00    4.59
  119.05    4.53    0.00    4.53
   31.20    4.12    0.00    4.12
   33.35    4.15    0.00    4.15
   35.26    4.19    0.00    4.19
   38.11    4.17    0.00    4.17
   40.97    4.20    0.00    4.20
   43.83    4.26    0.00    4.26
   46.68    4.32    0.00    4.32
   49.54    4.38    0.00    4.38
   52.40    4.43    0.00    4.43
   55.25    4.49    0.00    4.49
   58.11    4.55    0.00    4.55
   60.97    4.60    0.00    4.60
   63.83    4.64    0.00    4.64
   66.68    4.69    0.00    4.69
   71.44    4.74    0.00    4.74
   76.21    4.78    0.00    4.78
   80.97    4.80    0.00    4.80
   85.73    4.80    0.00    4.80
   90.49    4.79    0.00    4.79
   95.25    4.78    0.00    4.78
  100.01    4.74    0.00    4.74
  104.78    4.70    0.00    4.70
  109.54    4.64    0.00    4.64
  114.30    4.58    0.00    4.58
  119.06    4.52    0.00    4.52
   31.18    4.12    0.00    4.12
   33.36    4.15    0.00    4.15
   35.27    4.18    0.00    4.18
   38.12    4.17    0.00    4.17
   40.98    4.19    0.00    4.19
   43.84    4.26    0.00    4.26
   46.70    4.31    0.00    4.31
   49.55    4.38    0.00    4.38
   52.41    4.43    0.00    4.43
   55.27    4.48    0.00    4.48
   58.12    4.54    0.00    4.54
   60.98    4.59    0.00    4.59
   63.84    4.63    0.00    4.63
   66.69    4.69    0.00    4.69
   71.45    4.74    0.00    4.74
   76.22    4.78    0.00    4.78
   80.98    4.80    0.00    4.80
   85.74    4.80    0.00    4.80
   90.50    4.79    0.00    4.79
   95.26    4.78    0.00    4.78
  100.02    4.74    0.00    4.74
  104.79    4.70    0.00    4.70
  109.55    4.64    0.00    4.64
  114.31    4.57    0.00    4.57
  119.07    4.52    0.00    4.52
   31.17    4.12    0.00    4.12
   33.37    4.14    0.00    4.14
   35.28    4.18    0.00    4.18
   38.13    4.17    0.00    4.17
   40.99    4.19    0.00    4.19
   43.85    4.25    0.00    4.25
   46.70    4.31    0.00    4.31
   49.56    4.37    0.00    4.37
   52.42    4.43    0.00    4.43
   55.27    4.48    0.00    4.48
   58.13    4.54    0.00    4.54
   60.99    4.59    0.00    4.59
   63.84    4.63    0.00    4.63
   66.70    4.69    0.00    4.69
   71.46    4.74    0.00    4.74
   76.22    4.78    0.00    4.78
   80.99    4.80    0.00    4.80
   85.75    4.80    0.00    4.80
   90.51    4.80    0.00    4.80
   95.27    4.78    0.00    4.78
  100.03    4.74    0.00    4.74
  104.79    4.70    0.00    4.70
  109.55    4.64    0.00    4.64
  114.32    4.57    0.00    4.57
  119.08    4.52    0.00    4.52
   31.15    4.12    0.00    4.12
   33.38    4.14    0.00    4.14
   35.29    4.18    0.00    4.18
   38.14    4.17    0.00    4.17
   41.00    4.19    0.00    4.19
   43.86    4.25    0.00    4.25
   46.71    4.31    0.00    4.31
   49.57    4.37    0.00    4.37
   52.43    4.43    0.00    4.43
   55.28    4.48    0.00    4.48
   58.14    4.54    0.00    4.54
   61.00    4.59    0.00    4.59
   63.85    4.63    0.00    4.63
   66.71    4.69    0.00    4.69
   71.47    4.74    0.00    4.74
   76.23    4.78    0.00    4.78
   81.00    4.80    0.00    4.80
   85.76    4.80    0.00    4.80
   90.52    4.80    0.00    4.80
   95.28    4.78    0.00    4.78
  100.04    4.74    0.00    4.74
  104.80    4.70    0.00    4.70
  109.56    4.64    0.00    4.64
  114.32    4.57    0.00    4.57
  119.08    4.52    0.00    4.52
   31.14    4.12    0.00    4.12
   33.39    4.14    0.00    4.14
   35.30    4.18    0.00    4.18
   38.16    4.17    0.00    4.17
   41.01    4.19    0.00    4.19
   43.87    4.25    0.00    4.25
   46.73    4.31    0.00    4.31
   49.58    4.37    0.00    4.37
   52.44    4.42    0.00    4.42
   55.30    4.48    0.00    4.48
   58.15    4.54    0.00    4.54
   61.01    4.58    0.00    4.58
   63.87    4.63    0.00    4.63
   66.72    4.69    0.00    4.69
   71.48    4.73    0.00    4.73
   76.24    4.78    0.00    4.78
   81.00    4.80    0.00    4.80
   85.77    4.80    0.00    4.80
   90.53    4.80    0.00    4.80
   95.29    4.78    0.00    4.78
  100.05    4.74    0.00    4.74
  104.81    4.70    0.00    4.70
  109.57    4.63    0.00    4.63
  114.33    4.57    0.00    4.57
  119.09    4.52    0.00    4.52
   31.12    4.11    0.00    4.11
   33.41    4.14    0.00    4.14
   35.31    4.18    0.00    4.18
   38.17    4.16    0.00    4.16
   41.02    4.18    0.00    4.18
   43.88    4.25    0.00    4.25
   46.74    4.30    0.00    4.30
   49.59    4.36    0.00    4.36
   52.45    4.42    0.00    4.42
   55.30    4.48    0.00    4.48
   58.16    4.53    0.00    4.53
   61.02    4.58    0.00    4.58
   63.88    4.63    0.00    4.63
   66.73    4.68    0.00    4.68
   71.49    4.73    0.00    4.73
   76.25    4.78    0.00    4.78
   81.02    4.80    0.00    4.80
   85.78    4.80    0.00    4.80
   90.54    4.80    0.00    4.80
   95.30    4.78    0.00    4.78
  100.06    4.74    0.00    4.74
  104.82    4.70    0.00    4.70
  109.58    4.63    0.00    4.63
  114.34    4.57    0.00    4.57
  119.10    4.51    0.00    4.51
   31.11    4.11    0.00    4.11
   33.41    4.14    0.00    4.14
   35.32    4.18    0.00    4.18
   38.18    4.16    0.00    4.16
   41.03    4.18    0.00    4.18
   43.89    4.24    0.00    4.24
   46.74    4.30    0.00    4.30
   49.60    4.36    0.00    4.36
   52.46    4.42    0.00    4.42
   55.31    4.48    0.00    4.48
   58.17    4.53    0.00    4.53
   61.03    4.58    0.00    4.58
   63.88    4.63    0.00    4.63
   66.74    4.68    0.00    4.68
   71.50    4.73    0.00    4.73
   76.26    4.78    0.00    4.78
   81.02    4.80    0.00    4.80
   85.78    4.81    0.00    4.81
   90.55    4.80    0.00    4.80
   95.31    4.78    0.00    4.78
  100.07    4.74    0.00    4.74
  104.83    4.70    0.00    4.70
  109.59    4.63    0.00    4.63
  114.35    4.56    0.00    4.56
  119.11    4.51    0.00    4.51
   31.09    4.11    0.00    4.11
   33.42    4.14    0.00    4.14
   35.33    4.18    0.00    4.18
   38.19    4.16    0.00    4.16
   41.04    4.18    0.00    4.18
   43.90    4.24    0.00    4.24
   46.75    4.30    0.00    4.30
   49.61    4.36    0.00    4.36
   52.47    4.42    0.00    4.42
   55.32    4.48    0.00    4.48
   58.18    4.53    0.00    4.53
   61.04    4.58    0.00    4.58
   63.89    4.62    0.00    4.62
   66.75    4.68    0.00    4.68
   71.51    4.73    0.00    4.73
   76.27    4.78    0.00    4.78
   81.03    4.80    0.00    4.80
   85.79    4.81    0.00    4.81
   90.55    4.80    0.00    4.80
   95.31    4.78    0.00    4.78
  100.07    4.74    0.00    4.74
  104.83    4.70    0.00    4.70
  109.60    4.63    0.00    4.63
  114.36    4.56    0.00    4.56
  119.12    4.51    0.00    4.51
   31.07    4.11    0.00    4.11
   33.43    4.14    0.00    4.14
   35.34    4.17    0.00    4.17
   38.19    4.16    0.00    4.16
   41.05    4.18    0.00    4.18
   43.90    4.24    0.00    4.24
   46.76    4.30    0.00    4.30
   49.62    4.36    0.00    4.36
   52.47    4.42    0.00    4.42
   55.33    4.48    0.00    4.48
   58.19    4.53    0.00    4.53
   61.04    4.57    0.00    4.57
   63.90    4.62    0.00    4.62
   66.75    4.68    0.00    4.68
   71.52    4.73    0.00    4.73
   76.28    4.78    0.00    4.78
   81.04    4.80    0.00    4.80
   85.80    4.81    0.00    4.81
   90.56    4.80    0.00    4.80
   95.32    4.78    0.00    4.78
  100.08    4.74    0.00    4.74
  104.84    4.70    0.00    4.70
  109.60    4.63    0.00    4.63
  114.36    4.55    0.00    4.55
   31.06    4.11    0.00    4.11
   33.44    4.13    0.00    4.13
   35.34    4.17    0.00    4.17
   38.20    4.15    0.00    4.15
   41.05    4.17    0.00    4.17
   43.91    4.24    0.00    4.24
   46.77    4.29    0.00    4.29
   49.62    4.35    0.00    4.35
   52.48    4.42    0.00    4.42
   55.34    4.47    0.00    4.47
   58.19    4.52    0.00    4.52
   61.05    4.57    0.00    4.57
   63.90    4.62    0.00    4.62
   66.76    4.68    0.00    4.68
   71.52    4.73    0.00    4.73
   76.28    4.78    0.00    4.78
   81.04    4.80    0.00    4.80
   85.80    4.81    0.00    4.81
   90.56    4.80    0.00    4.80
   95.32    4.78    0.00    4.78
  100.08    4.74    0.00    4.74
  104.84    4.70    0.00    4.70
  109.61    4.63    0.00    4.63
  114.37    4.53    0.00    4.53
   31.04    4.11    0.00    4.11
   33.45    4.13    0.00    4.13
   35.35    4.17    0.00    4.17
   38.21    4.15    0.00    4.15
   41.06    4.17    0.00    4.17
   43.92    4.23    0.00    4.23
   46.78    4.29    0.00    4.29
   49.63    4.35    0.00    4.35
   52.49    4.41    0.00    4.41
   55.35    4.47    0.00    4.47
   58.20    4.52    0.00    4.52
   61.06    4.57    0.00    4.57
   63.91    4.61    0.00    4.61
   66.77    4.68    0.00    4.68
   71.53    4.73    0.00    4.73
   76.29    4.78    0.00    4.78
   81.05    4.80    0.00    4.80
   85.81    4.81    0.00    4.81
   90.57    4.80    0.00    4.80
   95.33    4.78    0.00    4.78
  100.09    4.75    0.00    4.75
  104.86    4.70    0.00    4.70
  109.61    4.64    0.00    4.64
  114.38    4.55    0.00    4.55
  119.14    4.51    0.00    4.51
   31.03    4.11    0.00    4.11
   33.48    4.13    0.00    4.13
   35.38    4.17    0.00    4.17
   38.24    4.15    0.00    4.15
   41.09    4.17    0.00    4.17
   43.95    4.23    0.00    4.23
   46.80    4.29    0.00    4.29
   49.66    4.35    0.00    4.35
   52.52    4.41    0.00    4.41
   55.37    4.47    0.00    4.47
   58.23    4.52    0.00    4.52
   61.09    4.57    0.00    4.57
   63.94    4.61    0.00    4.61
   66.80    4.68    0.00    4.68
   71.56    4.73    0.00    4.73
   76.32    4.78    0.00    4.78
   81.08    4.80    0.00    4.80
   85.84    4.81    0.00    4.81
   90.60    4.81    0.00    4.81
   95.36    4.79    0.00    4.79
  100.12    4.75    0.00    4.75
  104.88    4.71    0.00    4.71
  109.64    4.65    0.00    4.65
  114.40    4.58    0.00    4.58
  119.16    4.52    0.00    4.52
   31.01    4.11    0.00    4.11
   33.57    4.14    0.00    4.14
   35.47    4.17    0.00    4.17
   38.33    4.15    0.00    4.15
   41.19    4.17    0.00    4.17
   44.04    4.23    0.00    4.23
   46.90    4.29    0.00    4.29
   49.75    4.35    0.00    4.35
   52.61    4.41    0.00    4.41
   55.46    4.46    0.00    4.46
   58.32    4.52    0.00    4.52
   61.17    4.57    0.00    4.57
   64.03    4.61    0.00    4.61
   66.88    4.67    0.00    4.67
   71.64    4.73    0.00    4.73
   76.40    4.78    0.00    4.78
   81.16    4.80    0.00    4.80
   85.92    4.81    0.00    4.81
   90.68    4.81    0.00    4.81
   95.44    4.79    0.00    4.79
  100.19    4.76    0.00    4.76
  104.95    4.71    0.00    4.71
  109.71    4.66    0.00    4.66
  114.47    4.59    0.00    4.59
  119.23    4.53    0.00    4.53
   31.00    4.11    0.00    4.11
   33.70    4.14    0.00    4.14
   35.60    4.17    0.00    4.17
   38.45    4.15    0.00    4.15
   41.31    4.16    0.00    4.16
   44.16    4.23    0.00    4.23
   47.02    4.29    0.00    4.29
   49.87    4.35    0.00    4.35
   52.73    4.41    0.00    4.41
   55.58    4.46    0.00    4.46
   58.44    4.52    0.00    4.52
   61.29    4.56    0.00    4.56
   64.14    4.61    0.00    4.61
   67.00    4.67    0.00    4.67
   71.75    4.73    0.00    4.73
   76.51    4.78    0.00    4.78
   81.27    4.80    0.00    4.80
   86.03    4.81    0.00    4.81
   90.78    4.81    0.00    4.81
   95.54    4.79    0.00    4.79
  100.30    4.76    0.00    4.76
  105.06    4.72    0.00    4.72
  109.81    4.67    0.00    4.67
  114.57    4.60    0.00    4.60
  119.33    4.53    0.00    4.53
   30.98    4.09    0.00    4.09
   31.93    4.11    0.00    4.11
   33.83    4.13    0.00    4.13
   35.74    4.17    0.00    4.17
   38.59    4.15    0.00    4.15
   41.44    4.16    0.00    4.16
   44.30    4.23    0.00    4.23
   47.15    4.29    0.00    4.29
   50.00    4.35    0.00    4.35
   52.85    4.41    0.00    4.41
   55.71    4.46    0.00    4.46
   58.56    4.51    0.00    4.51
   61.41    4.56    0.00    4.56
   64.27    4.61    0.00    4.61
   67.12    4.67    0.00    4.67
   71.88    4.73    0.00    4.73
   76.63    4.78    0.00    4.78
   81.39    4.80    0.00    4.80
   86.14    4.82    0.00    4.82
   90.90    4.82    0.00    4.82
   95.65    4.80    0.00    4.80
  100.41    4.77    0.00    4.77
  105.17    4.73    0.00    4.73
  109.92    4.67    0.00    4.67
  114.68    4.61    0.00    4.61
  119.43    4.54    0.00    4.54
   30.96    4.09    0.00    4.09
   32.03    4.11    0.00    4.11
   33.93    4.13    0.00    4.13
   35.83    4.17    0.00    4.17
   38.69    4.15    0.00    4.15
   41.54    4.16    0.00    4.16
   44.39    4.23    0.00    4.23
   47.24    4.29    0.00    4.29
   50.10    4.35    0.00    4.35
   52.95    4.41    0.00    4.41
   55.80    4.46    0.00    4.46
   58.65    4.51    0.00    4.51
   61.51    4.56    0.00    4.56
   64.36    4.61    0.00    4.61
   67.21    4.67    0.00    4.67
   71.97    4.73    0.00    4.73
   76.72    4.78    0.00    4.78
   81.47    4.80    0.00    4.80
   86.23    4.82    0.00    4.82
   90.98    4.82    0.00    4.82
   95.74    4.80    0.00    4.80
  100.49    4.78    0.00    4.78
  105.25    4.74    0.00    4.74
  110.00    4.69    0.00    4.69
  114.75    4.63    0.00    4.63
  119.51    4.55    0.00    4.55
   31.09    4.09    0.00    4.09
   32.11    4.11    0.00    4.11
   34.01    4.13    0.00    4.13
   35.92    4.17    0.00    4.17
   38.77    4.15    0.00    4.15
   41.62    4.16    0.00    4.16
   44.47    4.23    0.00    4.23
   47.32    4.29    0.00    4.29
   50.17    4.34    0.00    4.34
   53.03    4.41    0.00    4.41
   55.88    4.46    0.00    4.46
   58.73    4.51    0.00    4.51
   61.58    4.56    0.00    4.56
   64.43    4.61    0.00    4.61
   67.29    4.68    0.00    4.68
   72.04    4.73    0.00    4.73
   76.79    4.78    0.00    4.78
   81.55    4.81    0.00    4.81
   86.30    4.82    0.00    4.82
   91.05    4.82    0.00    4.82
   95.80    4.81    0.00    4.81
  100.56    4.78    0.00    4.78
  105.31    4.75    0.00    4.75
  110.06    4.70    0.00    4.70
  114.82    4.64    0.00    4.64
  119.57    4.57    0.00    4.57
  124.32    4.53    0.00    4.53
   31.30    4.11    0.00    4.11
   34.10    4.13    0.00    4.13
   36.00    4.17    0.00    4.17
   38.85    4.15    0.00    4.15
   41.70    4.16    0.00    4.16
   44.55    4.23    0.00    4.23
   47.40    4.29    0.00    4.29
   50.25    4.34    0.00    4.34
   53.10    4.41    0.00    4.41
   55.95    4.46    0.00    4.46
   58.81    4.51    0.00    4.51
   61.66    4.56    0.00    4.56
   64.51    4.61    0.00    4.61
   67.36    4.67    0.00    4.67
   72.11    4.73    0.00    4.73
   76.86    4.78    0.00    4.78
   81.62    4.81    0.00    4.81
   86.37    4.83    0.00    4.83
   91.12    4.82    0.00    4.82
   95.87    4.81    0.00    4.81
  100.62    4.79    0.00    4.79
  105.38    4.76    0.00    4.76
  110.13    4.70    0.00    4.70
  114.88    4.65    0.00    4.65
  119.63    4.59    0.00    4.59
  124.38    4.54    0.00    4.54
   31.52    4.11    0.00    4.11
   34.16    4.13    0.00    4.13
   36.06    4.17    0.00    4.17
   38.91    4.15    0.00    4.15
   41.76    4.16    0.00    4.16
   44.61    4.23    0.00    4.23
   47.46    4.29    0.00    4.29
   50.31    4.34    0.00    4.34
   53.16    4.40    0.00    4.40
   56.01    4.46    0.00    4.46
   58.86    4.51    0.00    4.51
   61.71    4.56    0.00    4.56
   64.56    4.61    0.00    4.61
   67.42    4.67    0.00    4.67
   72.17    4.73    0.00    4.73
   76.92    4.78    0.00    4.78
   81.67    4.81    0.00    4.81
   86.42    4.83    0.00    4.83
   91.17    4.82    0.00    4.82
   95.92    4.81    0.00    4.81
  100.67    4.80    0.00    4.80
  105.42    4.76    0.00    4.76
  110.18    4.71    0.00    4.71
  114.93    4.66    0.00    4.66
  119.68    4.60    0.00    4.60
  124.43    4.55    0.00    4.55
   31.73    4.11    0.00    4.11
   34.19    4.13    0.00    4.13
   36.09    4.17    0.00    4.17
   38.94    4.15    0.00    4.15
   41.79    4.16    0.00    4.16
   44.64    4.22    0.00    4.22
   47.49    4.29    0.00    4.29
   50.34    4.34    0.00    4.34
   53.19    4.40    0.00    4.40
   56.04    4.46    0.00    4.46
   58.89    4.51    0.00    4.51
   61.74    4.56    0.00    4.56
   64.59    4.61    0.00    4.61
   67.44    4.67    0.00    4.67
   72.19    4.73    0.00    4.73
   76.94    4.77    0.00    4.77
   81.70    4.81    0.00    4.81
   86.45    4.83    0.00    4.83
   91.20    4.83    0.00    4.83
   95.95    4.82    0.00    4.82
  100.70    4.80    0.00    4.80
  105.45    4.77    0.00    4.77
  110.20    4.72    0.00    4.72
  114.95    4.68    0.00    4.68
  119.70    4.61    0.00    4.61
  124.45    4.55    0.00    4.55
   31.95    4.11    0.00    4.11
   34.23    4.13    0.00    4.13
   36.13    4.17    0.00    4.17
   38.98    4.14    0.00    4.14
   41.83    4.16    0.00    4.16
   44.68    4.22    0.00    4.22
   47.53    4.29    0.00    4.29
   50.38    4.34    0.00    4.34
   53.23    4.40    0.00    4.40
   56.08    4.45    0.00    4.45
   58.93    4.51    0.00    4.51
   61.78    4.56    0.00    4.56
   64.63    4.60    0.00    4.60
   67.48    4.67    0.00    4.67
   72.23    4.72    0.00    4.72
   76.98    4.77    0.00    4.77
   81.73    4.81    0.00    4.81
   86.48    4.83    0.00    4.83
   91.23    4.83    0.00    4.83
   95.98    4.82    0.00    4.82
  100.73    4.80    0.00    4.80
  105.48    4.77    0.00    4.77
  110.23    4.74    0.00    4.74
  114.99    4.69    0.00    4.69
  119.74    4.62    0.00    4.62
  124.49    4.56    0.00    4.56
   32.16    4.11    0.00    4.11
   34.28    4.14    0.00    4.14
   36.18    4.18    0.00    4.18
   39.03    4.15    0.00    4.15
   41.88    4.16    0.00    4.16
   44.73    4.22    0.00    4.22
   47.58    4.29    0.00    4.29
   50.43    4.34    0.00    4.34
   53.28    4.40    0.00    4.40
   56.13    4.45    0.00    4.45
   58.98    4.50    0.00    4.50
   61.83    4.55    0.00    4.55
   64.68    4.60    0.00    4.60
   67.53    4.67    0.00    4.67
   72.28    4.72    0.00    4.72
   77.03    4.77    0.00    4.77
   81.78    4.81    0.00    4.81
   86.52    4.83    0.00    4.83
   91.27    4.83    0.00    4.83
   96.02    4.83    0.00    4.83
  100.77    4.81    0.00    4.81
  105.52    4.78    0.00    4.78
  110.27    4.74    0.00    4.74
  115.02    4.69    0.00    4.69
  119.77    4.64    0.00    4.64
  124.52    4.57    0.00    4.57
   32.38    4.11    0.00    4.11
   34.31    4.14    0.00    4.14
   36.21    4.18    0.00    4.18
   39.06    4.15    0.00    4.15
   41.91    4.16    0.00    4.16
   44.76    4.22    0.00    4.22
   47.61    4.29    0.00    4.29
   50.45    4.34    0.00    4.34
   53.30    4.40    0.00    4.40
   56.15    4.45    0.00    4.45
   59.00    4.50    0.00    4.50
   61.85    4.55    0.00    4.55
   64.70    4.60    0.00    4.60
   67.55    4.67    0.00    4.67
   72.30    4.72    0.00    4.72
   77.05    4.77    0.00    4.77
   81.80    4.81    0.00    4.81
   86.55    4.83    0.00    4.83
   91.30    4.83    0.00    4.83
   96.05    4.83    0.00    4.83
  100.80    4.81    0.00    4.81
  105.55    4.79    0.00    4.79
  110.30    4.75    0.00    4.75
  115.05    4.70    0.00    4.70
  119.79    4.65    0.00    4.65
  124.54    4.59    0.00    4.59
  129.29    4.56    0.00    4.56
   32.59    4.12    0.00    4.12
   34.36    4.14    0.00    4.14
   36.26    4.18    0.00    4.18
   39.10    4.15    0.00    4.15
   41.95    4.16    0.00    4.16
   44.80    4.22    0.00    4.22
   47.65    4.29    0.00    4.29
   50.50    4.34    0.00    4.34
   53.35    4.40    0.00    4.40
   56.20    4.45    0.00    4.45
   59.05    4.50    0.00    4.50
   61.90    4.55    0.00    4.55
   64.75    4.60    0.00    4.60
   67.60    4.67    0.00    4.67
   72.34    4.72    0.00    4.72
   77.09    4.77    0.00    4.77
   81.84    4.81    0.00    4.81
   86.59    4.83    0.00    4.83
   91.34    4.83    0.00    4.83
   96.09    4.83    0.00    4.83
  100.84    4.82    0.00    4.82
  105.59    4.79    0.00    4.79
  110.33    4.76    0.00    4.76
  115.08    4.71    0.00    4.71
  119.83    4.66    0.00    4.66
  124.58    4.61    0.00    4.61
  129.33    4.57    0.00    4.57
   32.81    4.12    0.00    4.12
   34.39    4.14    0.00    4.14
   36.29    4.18    0.00    4.18
   39.14    4.15    0.00    4.15
   41.99    4.16    0.00    4.16
   44.84    4.23    0.00    4.23
   47.69    4.29    0.00    4.29
   50.53    4.34    0.00    4.34
   53.38    4.40    0.00    4.40
   56.23    4.45    0.00    4.45
   59.08    4.50    0.00    4.50
   61.93    4.55    0.00    4.55
   64.78    4.60    0.00    4.60
   67.63    4.67    0.00    4.67
   72.38    4.72    0.00    4.72
   77.12    4.77    0.00    4.77
   81.87    4.81    0.00    4.81
   86.62    4.83    0.00    4.83
   91.37    4.84    0.00    4.84
   96.12    4.84    0.00    4.84
  100.86    4.82    0.00    4.82
  105.61    4.80    0.00    4.80
  110.36    4.77    0.00    4.77
  115.11    4.73    0.00    4.73
  119.86    4.68    0.00    4.68
  124.61    4.63    0.00    4.63
  129.35    4.58    0.00    4.58
   33.02    4.12    0.00    4.12
   34.41    4.14    0.00    4.14
   36.31    4.18    0.00    4.18
   39.16    4.15    0.00    4.15
   42.01    4.16    0.00    4.16
   44.86    4.23    0.00    4.23
   47.71    4.29    0.00    4.29
   50.56    4.34    0.00    4.34
   53.41    4.40    0.00    4.40
   56.25    4.45    0.00    4.45
   59.10    4.50    0.00    4.50
   61.95    4.55    0.00    4.55
   64.80    4.60    0.00    4.60
   67.65    4.67    0.00    4.67
   72.40    4.72    0.00    4.72
   77.14    4.77    0.00    4.77
   81.89    4.81    0.00    4.81
   86.64    4.83    0.00    4.83
   91.39    4.84    0.00    4.84
   96.14    4.84    0.00    4.84
  100.88    4.83    0.00    4.83
  105.63    4.80    0.00    4.80
  110.38    4.78    0.00    4.78
  115.13    4.74    0.00    4.74
  119.88    4.69    0.00    4.69
  124.62    4.64    0.00    4.64
  129.37    4.59    0.00    4.59
   33.24    4.13    0.00    4.13
   34.43    4.14    0.00    4.14
   36.33    4.18    0.00    4.18
   39.18    4.15    0.00    4.15
   42.03    4.17    0.00    4.17
   44.88    4.23    0.00    4.23
   47.73    4.29    0.00    4.29
   50.58    4.34    0.00    4.34
   53.42    4.40    0.00    4.40
   56.27    4.45    0.00    4.45
   59.12    4.51    0.00    4.51
   61.97    4.56    0.00    4.56
   64.82    4.60    0.00    4.60
   67.67    4.67    0.00    4.67
   72.42    4.72    0.00    4.72
   77.16    4.77    0.00    4.77
   81.91    4.81    0.00    4.81
   86.66    4.83    0.00    4.83
   91.41    4.84    0.00    4.84
   96.15    4.84    0.00    4.84
  100.90    4.83    0.00    4.83
  105.65    4.81    0.00    4.81
  110.40    4.78    0.00    4.78
  115.14    4.75    0.00    4.75
  119.89    4.70    0.00    4.70
  124.64    4.66    0.00    4.66
  129.39    4.60    0.00    4.60
   33.45    4.13    0.00    4.13
   34.44    4.14    0.00    4.14
   36.34    4.18    0.00    4.18
   39.19    4.16    0.00    4.16
   42.04    4.17    0.00    4.17
   44.89    4.23    0.00    4.23
   47.74    4.29    0.00    4.29
   50.59    4.34    0.00    4.34
   53.43    4.40    0.00    4.40
   56.28    4.45    0.00    4.45
   59.13    4.51    0.00    4.51
   61.98    4.56    0.00    4.56
   64.83    4.60    0.00    4.60
   67.68    4.67    0.00    4.67
   72.42    4.72    0.00    4.72
   77.17    4.77    0.00    4.77
   81.92    4.81    0.00    4.81
   86.67    4.83    0.00    4.83
   91.41    4.84    0.00    4.84
   96.16    4.84    0.00    4.84
  100.91    4.84    0.00    4.84
  105.66    4.81    0.00    4.81
  110.40    4.79    0.00    4.79
  115.15    4.75    0.00    4.75
  119.90    4.71    0.00    4.71
  124.65    4.67    0.00    4.67
  129.39    4.61    0.00    4.61
  134.14    4.58    0.00    4.58
   33.67    4.14    0.00    4.14
   36.34    4.18    0.00    4.18
   39.19    4.16    0.00    4.16
   42.04    4.17    0.00    4.17
   44.89    4.23    0.00    4.23
   47.74    4.29    0.00    4.29
   50.59    4.35    0.00    4.35
   53.44    4.41    0.00    4.41
   56.28    4.46    0.00    4.46
   59.13    4.51    0.00    4.51
   61.98    4.56    0.00    4.56
   64.83    4.60    0.00    4.60
   67.68    4.67    0.00    4.67
   72.42    4.72    0.00    4.72
   77.17    4.77    0.00    4.77
   81.92    4.81    0.00    4.81
   86.67    4.83    0.00    4.83
   91.42    4.84    0.00    4.84
   96.16    4.85    0.00    4.85
  100.91    4.84    0.00    4.84
  105.66    4.82    0.00    4.82
  110.41    4.79    0.00    4.79
  115.15    4.76    0.00    4.76
  119.90    4.72    0.00    4.72
  124.65    4.68    0.00    4.68
  129.40    4.63    0.00    4.63
  134.14    4.59    0.00    4.59
   33.88    4.14    0.00    4.14
   36.34    4.19    0.00    4.19
   39.19    4.16    0.00    4.16
   42.04    4.18    0.00    4.18
   44.88    4.24    0.00    4.24
   47.73    4.30    0.00    4.30
   50.58    4.35    0.00    4.35
   53.43    4.41    0.00    4.41
   56.28    4.46    0.00    4.46
   59.13    4.52    0.00    4.52
   61.98    4.56    0.00    4.56
   64.82    4.60    0.00    4.60
   67.67    4.67    0.00    4.67
   72.42    4.72    0.00    4.72
   77.17    4.77    0.00    4.77
   81.92    4.81    0.00    4.81
   86.66    4.83    0.00    4.83
   91.41    4.85    0.00    4.85
   96.16    4.85    0.00    4.85
  100.91    4.84    0.00    4.84
  105.65    4.82    0.00    4.82
  110.40    4.80    0.00    4.80
  115.15    4.77    0.00    4.77
  119.89    4.73    0.00    4.73
  124.64    4.68    0.00    4.68
  129.39    4.64    0.00    4.64
  134.14    4.60    0.00    4.60
   34.18    4.15    0.00    4.15
   36.34    4.19    0.00    4.19
   39.19    4.16    0.00    4.16
   42.03    4.19    0.00    4.19
   44.88    4.24    0.00    4.24
   47.73    4.30    0.00    4.30
   50.58    4.35    0.00    4.35
   53.43    4.41    0.00    4.41
   56.28    4.46    0.00    4.46
   59.13    4.52    0.00    4.52
   61.98    4.56    0.00    4.56
   64.82    4.61    0.00    4.61
   67.67    4.67    0.00    4.67
   72.42    4.72    0.00    4.72
   77.17    4.77    0.00    4.77
   81.91    4.81    0.00    4.81
   86.66    4.83    0.00    4.83
   91.41    4.85    0.00    4.85
   96.16    4.85    0.00    4.85
  100.91    4.84    0.00    4.84
  105.65    4.83    0.00    4.83
  110.40    4.81    0.00    4.81
  115.15    4.77    0.00    4.77
  119.89    4.74    0.00    4.74
  124.64    4.70    0.00    4.70
  129.39    4.66    0.00    4.66
  134.14    4.61    0.00    4.61
   34.55    4.15    0.00    4.15
   36.32    4.19    0.00    4.19
   39.17    4.17    0.00    4.17
   42.02    4.19    0.00    4.19
   44.87    4.25    0.00    4.25
   47.72    4.31    0.00    4.31
   50.56    4.36    0.00    4.36
   53.41    4.42    0.00    4.42
   56.26    4.47    0.00    4.47
   59.11    4.52    0.00    4.52
   61.96    4.57    0.00    4.57
   64.81    4.61    0.00    4.61
   67.66    4.67    0.00    4.67
   72.40    4.72    0.00    4.72
   77.15    4.77    0.00    4.77
   81.90    4.81    0.00    4.81
   86.65    4.83    0.00    4.83
   91.39    4.85    0.00    4.85
   96.14    4.85    0.00    4.85
  100.89    4.84    0.00    4.84
  105.64    4.83    0.00    4.83
  110.39    4.81    0.00    4.81
  115.13    4.78    0.00    4.78
  119.88    4.74    0.00    4.74
  124.63    4.71    0.00    4.71
  129.38    4.67    0.00    4.67
  134.12    4.62    0.00    4.62
   35.17    4.16    0.00    4.16
   36.29    4.20    0.00    4.20
   39.14    4.18    0.00    4.18
   41.99    4.19    0.00    4.19
   44.84    4.25    0.00    4.25
   47.68    4.31    0.00    4.31
   50.53    4.36    0.00    4.36
   53.38    4.42    0.00    4.42
   56.23    4.47    0.00    4.47
   59.08    4.52    0.00    4.52
   61.93    4.56    0.00    4.56
   64.78    4.61    0.00    4.61
   67.63    4.67    0.00    4.67
   72.38    4.72    0.00    4.72
   77.12    4.77    0.00    4.77
   81.87    4.81    0.00    4.81
   86.62    4.83    0.00    4.83
   91.37    4.85    0.00    4.85
   96.12    4.85    0.00    4.85
  100.86    4.84    0.00    4.84
  105.61    4.83    0.00    4.83
  110.36    4.81    0.00    4.81
  115.11    4.79    0.00    4.79
  119.86    4.75    0.00    4.75
  124.61    4.71    0.00    4.71
  129.35    4.67    0.00    4.67
  134.10    4.63    0.00    4.63
  138.85    4.61    0.00    4.61
   35.79    4.20    0.00    4.20
   39.10    4.18    0.00    4.18
   41.95    4.20    0.00    4.20
   44.80    4.26    0.00    4.26
   47.65    4.32    0.00    4.32
   50.50    4.37    0.00    4.37
   53.35    4.42    0.00    4.42
   56.20    4.47    0.00    4.47
   59.04    4.52    0.00    4.52
   61.89    4.57    0.00    4.57
   64.74    4.61    0.00    4.61
   67.59    4.67    0.00    4.67
   72.34    4.72    0.00    4.72
   77.09    4.77    0.00    4.77
   81.84    4.81    0.00    4.81
   86.59    4.83    0.00    4.83
   91.33    4.85    0.00    4.85
   96.08    4.85    0.00    4.85
  100.83    4.84    0.00    4.84
  105.58    4.83    0.00    4.83
  110.33    4.82    0.00    4.82
  115.08    4.79    0.00    4.79
  119.83    4.75    0.00    4.75
  124.58    4.72    0.00    4.72
  129.32    4.68    0.00    4.68
  134.07    4.65    0.00    4.65
  138.82    4.62    0.00    4.62
   36.41    4.21    0.00    4.21
   39.03    4.19    0.00    4.19
   41.88    4.21    0.00    4.21
   44.73    4.26    0.00    4.26
   47.58    4.32    0.00    4.32
   50.43    4.37    0.00    4.37
   53.28    4.43    0.00    4.43
   56.13    4.48    0.00    4.48
   58.98    4.53    0.00    4.53
   61.83    4.57    0.00    4.57
   64.68    4.62    0.00    4.62
   67.53    4.67    0.00    4.67
   72.28    4.72    0.00    4.72
   77.03    4.77    0.00    4.77
   81.78    4.81    0.00    4.81
   86.53    4.83    0.00    4.83
   91.28    4.85    0.00    4.85
   96.03    4.85    0.00    4.85
  100.78    4.84    0.00    4.84
  105.52    4.83    0.00    4.83
  110.27    4.81    0.00    4.81
  115.02    4.79    0.00    4.79
  119.77    4.76    0.00    4.76
  124.52    4.72    0.00    4.72
  129.27    4.68    0.00    4.68
  134.02    4.65    0.00    4.65
  138.77    4.62    0.00    4.62
   37.03    4.22    0.00    4.22
   38.92    4.19    0.00    4.19
   41.77    4.22    0.00    4.22
   44.62    4.27    0.00    4.27
   47.48    4.33    0.00    4.33
   50.33    4.38    0.00    4.38
   53.18    4.43    0.00    4.43
   56.03    4.48    0.00    4.48
   58.88    4.53    0.00    4.53
   61.73    4.58    0.00    4.58
   64.58    4.62    0.00    4.62
   67.43    4.67    0.00    4.67
   72.18    4.72    0.00    4.72
   76.93    4.77    0.00    4.77
   81.68    4.81    0.00    4.81
   86.43    4.83    0.00    4.83
   91.18    4.85    0.00    4.85
   95.94    4.85    0.00    4.85
  100.69    4.84    0.00    4.84
  105.44    4.83    0.00    4.83
  110.19    4.81    0.00    4.81
  114.94    4.79    0.00    4.79
  119.69    4.76    0.00    4.76
  124.44    4.72    0.00    4.72
  129.19    4.69    0.00    4.69
  133.94    4.66    0.00    4.66
  138.69    4.62    0.00    4.62
   37.65    4.20    0.00    4.20
   41.64    4.23    0.00    4.23
   44.49    4.28    0.00    4.28
   47.34    4.34    0.00    4.34
   50.20    4.39    0.00    4.39
   53.05    4.44    0.00    4.44
   55.90    4.49    0.00    4.49
   58.75    4.54    0.00    4.54
   61.60    4.58    0.00    4.58
   64.45    4.62    0.00    4.62
   67.31    4.67    0.00    4.67
   72.06    4.73    0.00    4.73
   76.81    4.77    0.00    4.77
   81.56    4.81    0.00    4.81
   86.32    4.83    0.00    4.83
   91.07    4.85    0.00    4.85
   95.82    4.85    0.00    4.85
  100.58    4.84    0.00    4.84
  105.33    4.83    0.00    4.83
  110.08    4.82    0.00    4.82
  114.83    4.80    0.00    4.80
  119.59    4.76    0.00    4.76
  124.34    4.73    0.00    4.73
  129.09    4.70    0.00    4.70
  133.84    4.66    0.00    4.66
  138.60    4.62    0.00    4.62
   38.39    4.21    0.00    4.21
   41.50    4.24    0.00    4.24
   44.35    4.29    0.00    4.29
   47.20    4.34    0.00    4.34
   50.06    4.39    0.00    4.39
   52.91    4.45    0.00    4.45
   55.76    4.49    0.00    4.49
   58.62    4.54    0.00    4.54
   61.47    4.59    0.00    4.59
   64.32    4.62    0.00    4.62
   67.17    4.68    0.00    4.68
   71.93    4.73    0.00    4.73
   76.68    4.77    0.00    4.77
   81.44    4.80    0.00    4.80
   86.19    4.83    0.00    4.83
   90.95    4.85    0.00    4.85
   95.70    4.85    0.00    4.85
  100.46    4.84    0.00    4.84
  105.21    4.83    0.00    4.83
  109.97    4.82    0.00    4.82
  114.72    4.80    0.00    4.80
  119.47    4.76    0.00    4.76
  124.23    4.73    0.00    4.73
  128.99    4.70    0.00    4.70
  133.74    4.65    0.00    4.65
  138.49    4.62    0.00    4.62
   39.27    4.22    0.00    4.22
   41.31    4.24    0.00    4.24
   44.17    4.29    0.00    4.29
   47.02    4.35    0.00    4.35
   49.88    4.40    0.00    4.40
   52.73    4.45    0.00    4.45
   55.59    4.49    0.00    4.49
   58.44    4.54    0.00    4.54
   61.29    4.59    0.00    4.59
   64.15    4.62    0.00    4.62
   67.00    4.68    0.00    4.68
   71.76    4.73    0.00    4.73
   76.52    4.77    0.00    4.77
   81.27    4.80    0.00    4.80
   86.03    4.83    0.00    4.83
   90.79    4.85    0.00    4.85
   95.54    4.85    0.00    4.85
  100.30    4.84    0.00    4.84
  105.06    4.83    0.00    4.83
  109.82    4.82    0.00    4.82
  114.57    4.79    0.00    4.79
  119.33    4.76    0.00    4.76
  124.09    4.73    0.00    4.73
  128.84    4.69    0.00    4.69
  133.60    4.66    0.00    4.66
  138.36    4.62    0.00    4.62
   40.37    4.24    0.00    4.24
   44.03    4.30    0.00    4.30
   46.88    4.35    0.00    4.35
   49.74    4.41    0.00    4.41
   52.60    4.46    0.00    4.46
   55.45    4.50    0.00    4.50
   58.31    4.55    0.00    4.55
   61.16    4.59    0.00    4.59
   64.02    4.63    0.00    4.63
   66.87    4.68    0.00    4.68
   71.63    4.73    0.00    4.73
   76.39    4.77    0.00    4.77
   81.15    4.80    0.00    4.80
   85.91    4.83    0.00    4.83
   90.67    4.84    0.00    4.84
   95.43    4.85    0.00    4.85
  100.19    4.84    0.00    4.84
  104.94    4.83    0.00    4.83
  109.70    4.82    0.00    4.82
  114.46    4.79    0.00    4.79
  119.22    4.76    0.00    4.76
  123.98    4.73    0.00    4.73
  128.74    4.69    0.00    4.69
  133.50    4.66    0.00    4.66
  138.26    4.62    0.00    4.62
   41.47    4.26    0.00    4.26
   43.98    4.31    0.00    4.31
   46.83    4.36    0.00    4.36
   49.69    4.42    0.00    4.42
   52.54    4.46    0.00    4.46
   55.40    4.51    0.00    4.51
   58.26    4.55    0.00    4.55
   61.11    4.59    0.00    4.59
   63.97    4.63    0.00    4.63
   66.82    4.68    0.00    4.68
   71.58    4.73    0.00    4.73
   76.34    4.77    0.00    4.77
   81.10    4.80    0.00    4.80
   85.86    4.82    0.00    4.82
   90.62    4.84    0.00    4.84
   95.38    4.85    0.00    4.85
  100.14    4.84    0.00    4.84
  104.90    4.83    0.00    4.83
  109.66    4.82    0.00    4.82
  114.42    4.79    0.00    4.79
  119.18    4.76    0.00    4.76
  123.94    4.73    0.00    4.73
  128.70    4.70    0.00    4.70
  133.46    4.66    0.00    4.66
  138.22    4.63    0.00    4.63
  142.98    4.63    0.00    4.63
   42.57    4.32    0.00    4.32
   46.77    4.37    0.00    4.37
   49.63    4.43    0.00    4.43
   52.48    4.47    0.00    4.47
   55.34    4.51    0.00    4.51
   58.20    4.56    0.00    4.56
   61.05    4.60    0.00    4.60
   63.91    4.64    0.00    4.64
   66.76    4.68    0.00    4.68
   71.53    4.73    0.00    4.73
   76.28    4.78    0.00    4.78
   81.05    4.80    0.00    4.80
   85.81    4.82    0.00    4.82
   90.57    4.84    0.00    4.84
   95.33    4.84    0.00    4.84
  100.09    4.84    0.00    4.84
  104.85    4.83    0.00    4.83
  109.61    4.81    0.00    4.81
  114.37    4.79    0.00    4.79
  119.13    4.76    0.00    4.76
  123.89    4.73    0.00    4.73
  128.65    4.70    0.00    4.70
  133.41    4.66    0.00    4.66
  138.17    4.64    0.00    4.64
  142.93    4.63    0.00    4.63
  150.29    4.66    0.00    4.66
   43.67    4.34    0.00    4.34
   46.63    4.38    0.00    4.38
   49.48    4.44    0.00    4.44
   52.34    4.48    0.00    4.48
   55.20    4.52    0.00    4.52
   58.06    4.56    0.00    4.56
   60.91    4.60    0.00    4.60
   63.77    4.64    0.00    4.64
   66.63    4.69    0.00    4.69
   71.39    4.74    0.00    4.74
   76.16    4.78    0.00    4.78
   80.92    4.80    0.00    4.80
   85.68    4.82    0.00    4.82
   90.44    4.84    0.00    4.84
   95.20    4.84    0.00    4.84
   99.97    4.84    0.00    4.84
  104.73    4.83    0.00    4.83
  109.49    4.81    0.00    4.81
  114.25    4.79    0.00    4.79
  119.02    4.76    0.00    4.76
  123.78    4.73    0.00    4.73
  128.54    4.69    0.00    4.69
  133.30    4.66    0.00    4.66
  138.07    4.63    0.00    4.63
  149.52    4.64    0.00    4.64
  152.35    4.67    0.00    4.67
  157.12    4.69    0.00    4.69
   44.55    4.36    0.00    4.36
   46.43    4.39    0.00    4.39
   49.29    4.44    0.00    4.44
   52.15    4.49    0.00    4.49
   55.01    4.53    0.00    4.53
   57.87    4.57    0.00    4.57
   60.73    4.60    0.00    4.60
   63.59    4.65    0.00    4.65
   66.44    4.69    0.00    4.69
   71.21    4.74    0.00    4.74
   75.97    4.77    0.00    4.77
   80.74    4.80    0.00    4.80
   85.50    4.82    0.00    4.82
   90.27    4.84    0.00    4.84
   95.03    4.84    0.00    4.84
   99.80    4.83    0.00    4.83
  104.57    4.82    0.00    4.82
  109.33    4.81    0.00    4.81
  114.10    4.78    0.00    4.78
  118.86    4.76    0.00    4.76
  123.63    4.73    0.00    4.73
  128.39    4.69    0.00    4.69
  133.16    4.66    0.00    4.66
  137.92    4.62    0.00    4.62
  148.75    4.65    0.00    4.65
  152.22    4.67    0.00    4.67
  156.98    4.70    0.00    4.70
  161.75    4.71    0.00    4.71
   45.20    4.40    0.00    4.40
   48.97    4.45    0.00    4.45
   51.83    4.49    0.00    4.49
   54.69    4.54    0.00    4.54
   57.55    4.57    0.00    4.57
   60.41    4.61    0.00    4.61
   63.27    4.65    0.00    4.65
   66.14    4.69    0.00    4.69
   70.91    4.74    0.00    4.74
   75.67    4.77    0.00    4.77
   80.44    4.80    0.00    4.80
   85.21    4.82    0.00    4.82
   89.98    4.83    0.00    4.83
   94.75    4.83    0.00    4.83
   99.52    4.83    0.00    4.83
  104.29    4.82    0.00    4.82
  109.06    4.80    0.00    4.80
  113.83    4.78    0.00    4.78
  118.60    4.76    0.00    4.76
  123.37    4.72    0.00    4.72
  128.14    4.69    0.00    4.69
  132.91    4.65    0.00    4.65
  137.68    4.62    0.00    4.62
  147.97    4.64    0.00    4.64
  151.99    4.67    0.00    4.67
  156.76    4.69    0.00    4.69
  161.53    4.72    0.00    4.72
  166.29    4.74    0.00    4.74
  171.06    4.76    0.00    4.76
   45.75    4.41    0.00    4.41
   48.88    4.45    0.00    4.45
   51.74    4.50    0.00    4.50
   54.61    4.54    0.00    4.54
   57.47    4.57    0.00    4.57
   60.33    4.62    0.00    4.62
   63.19    4.65    0.00    4.65
   66.06    4.69    0.00    4.69
   70.83    4.74    0.00    4.74
   75.60    4.77    0.00    4.77
   80.37    4.80    0.00    4.80
   85.14    4.82    0.00    4.82
   89.91    4.83    0.00    4.83
   94.68    4.83    0.00    4.83
   99.45    4.83    0.00    4.83
  104.22    4.82    0.00    4.82
  108.99    4.80    0.00    4.80
  113.76    4.78    0.00    4.78
  118.53    4.75    0.00    4.75
  123.30    4.72    0.00    4.72
  128.07    4.69    0.00    4.69
  132.84    4.65    0.00    4.65
  137.62    4.61    0.00    4.61
  147.20    4.64    0.00    4.64
  151.93    4.67    0.00    4.67
  156.70    4.69    0.00    4.69
  161.47    4.72    0.00    4.72
  166.24    4.74    0.00    4.74
  171.01    4.77    0.00    4.77
  175.78    4.78    0.00    4.78
   46.29    4.42    0.00    4.42
   48.75    4.46    0.00    4.46
   51.61    4.50    0.00    4.50
   54.47    4.54    0.00    4.54
   57.34    4.58    0.00    4.58
   60.20    4.62    0.00    4.62
   63.06    4.65    0.00    4.65
   65.93    4.69    0.00    4.69
   70.70    4.74    0.00    4.74
   75.47    4.77    0.00    4.77
   80.25    4.79    0.00    4.79
   85.02    4.82    0.00    4.82
   89.79    4.83    0.00    4.83
   94.56    4.83    0.00    4.83
   99.34    4.83    0.00    4.83
  104.11    4.81    0.00    4.81
  108.88    4.80    0.00    4.80
  113.65    4.77    0.00    4.77
  118.42    4.74    0.00    4.74
  123.20    4.71    0.00    4.71
  127.97    4.68    0.00    4.68
  132.74    4.65    0.00    4.65
  137.51    4.61    0.00    4.61
  146.43    4.64    0.00    4.64
  151.83    4.67    0.00    4.67
  156.60    4.69    0.00    4.69
  161.38    4.72    0.00    4.72
  166.15    4.74    0.00    4.74
  170.92    4.76    0.00    4.76
  175.69    4.79    0.00    4.79
  180.47    4.81    0.00    4.81
  185.24    4.83    0.00    4.83
   46.83    4.44    0.00    4.44
   48.87    4.47    0.00    4.47
   51.73    4.51    0.00    4.51
   54.59    4.55    0.00    4.55
   57.46    4.59    0.00    4.59
   60.32    4.62    0.00    4.62
   63.18    4.66    0.00    4.66
   66.05    4.70    0.00    4.70
   70.82    4.74    0.00    4.74
   75.59    4.77    0.00    4.77
   80.36    4.79    0.00    4.79
   85.13    4.81    0.00    4.81
   89.90    4.83    0.00    4.83
   94.67    4.83    0.00    4.83
   99.44    4.82    0.00    4.82
  104.21    4.81    0.00    4.81
  108.98    4.79    0.00    4.79
  113.75    4.77    0.00    4.77
  118.52    4.74    0.00    4.74
  123.29    4.70    0.00    4.70
  128.06    4.67    0.00    4.67
  132.84    4.64    0.00    4.64
  137.61    4.61    0.00    4.61
  145.65    4.64    0.00    4.64
  151.92    4.67    0.00    4.67
  156.69    4.69    0.00    4.69
  161.46    4.72    0.00    4.72
  166.23    4.74    0.00    4.74
  171.00    4.76    0.00    4.76
  175.77    4.79    0.00    4.79
  180.54    4.81    0.00    4.81
  185.31    4.83    0.00    4.83
  190.09    4.85    0.00    4.85
   47.48    4.48    0.00    4.48
   51.67    4.52    0.00    4.52
   54.53    4.56    0.00    4.56
   57.40    4.59    0.00    4.59
   60.26    4.63    0.00    4.63
   63.12    4.66    0.00    4.66
   65.99    4.70    0.00    4.70
   70.76    4.74    0.00    4.74
   75.53    4.77    0.00    4.77
   80.30    4.79    0.00    4.79
   85.07    4.81    0.00    4.81
   89.84    4.82    0.00    4.82
   94.62    4.82    0.00    4.82
   99.39    4.81    0.00    4.81
  104.16    4.80    0.00    4.80
  108.93    4.78    0.00    4.78
  113.70    4.76    0.00    4.76
  118.47    4.73    0.00    4.73
  123.25    4.70    0.00    4.70
  128.02    4.66    0.00    4.66
  132.79    4.63    0.00    4.63
  137.56    4.60    0.00    4.60
  144.88    4.64    0.00    4.64
  151.88    4.67    0.00    4.67
  156.65    4.69    0.00    4.69
  161.42    4.72    0.00    4.72
  166.19    4.74    0.00    4.74
  170.96    4.76    0.00    4.76
  175.73    4.79    0.00    4.79
  180.51    4.81    0.00    4.81
  185.28    4.83    0.00    4.83
  190.05    4.86    0.00    4.86
  194.82    4.88    0.00    4.88
  199.59    4.89    0.00    4.89
   47.43    4.46    0.00    4.46
   51.63    4.53    0.00    4.53
   54.48    4.56    0.00    4.56
   57.36    4.59    0.00    4.59
   60.22    4.63    0.00    4.63
   63.08    4.66    0.00    4.66
   65.95    4.70    0.00    4.70
   70.72    4.75    0.00    4.75
   75.49    4.77    0.00    4.77
   80.26    4.79    0.00    4.79
   85.03    4.81    0.00    4.81
   89.81    4.82    0.00    4.82
   94.58    4.82    0.00    4.82
   99.35    4.81    0.00    4.81
  104.12    4.80    0.00    4.80
  108.90    4.78    0.00    4.78
  113.67    4.76    0.00    4.76
  118.44    4.73    0.00    4.73
  123.21    4.69    0.00    4.69
  127.98    4.65    0.00    4.65
  132.76    4.61    0.00    4.61
  144.11    4.61    0.00    4.61
  147.07    4.64    0.00    4.64
  151.84    4.67    0.00    4.67
  156.62    4.69    0.00    4.69
  161.39    4.72    0.00    4.72
  166.16    4.74    0.00    4.74
  170.93    4.76    0.00    4.76
  175.71    4.79    0.00    4.79
  180.48    4.81    0.00    4.81
  185.25    4.83    0.00    4.83
  190.02    4.86    0.00    4.86
  194.79    4.88    0.00    4.88
  199.57    4.90    0.00    4.90
  204.34    4.92    0.00    4.92
   47.36    4.49    0.00    4.49
   51.59    4.54    0.00    4.54
   54.46    4.56    0.00    4.56
   57.33    4.60    0.00    4.60
   60.17    4.64    0.00    4.64
   63.05    4.66    0.00    4.66
   65.91    4.70    0.00    4.70
   70.69    4.75    0.00    4.75
   75.46    4.77    0.00    4.77
   80.23    4.79    0.00    4.79
   85.00    4.81    0.00    4.81
   89.78    4.82    0.00    4.82
   94.55    4.82    0.00    4.82
   99.32    4.81    0.00    4.81
  104.09    4.79    0.00    4.79
  108.87    4.77    0.00    4.77
  113.64    4.75    0.00    4.75
  118.41    4.72    0.00    4.72
  123.19    4.68    0.00    4.68
  127.96    4.64    0.00    4.64
  132.73    4.60    0.00    4.60
  143.33    4.62    0.00    4.62
  147.05    4.64    0.00    4.64
  151.82    4.67    0.00    4.67
  156.59    4.69    0.00    4.69
  161.37    4.72    0.00    4.72
  166.14    4.74    0.00    4.74
  170.91    4.76    0.00    4.76
  175.68    4.79    0.00    4.79
  180.46    4.81    0.00    4.81
  185.23    4.83    0.00    4.83
  190.00    4.86    0.00    4.86
  194.78    4.88    0.00    4.88
  199.55    4.90    0.00    4.90
  204.32    4.93    0.00    4.93
  209.09    4.95    0.00    4.95
  213.87    4.97    0.00    4.97
   47.28    4.49    0.00    4.49
   51.56    4.54    0.00    4.54
   54.42    4.57    0.00    4.57
   57.29    4.61    0.00    4.61
   60.15    4.63    0.00    4.63
   63.02    4.67    0.00    4.67
   65.88    4.71    0.00    4.71
   70.65    4.75    0.00    4.75
   75.42    4.77    0.00    4.77
   80.20    4.79    0.00    4.79
   84.97    4.81    0.00    4.81
   89.74    4.82    0.00    4.82
   94.52    4.82    0.00    4.82
   99.29    4.81    0.00    4.81
  104.06    4.79    0.00    4.79
  108.84    4.77    0.00    4.77
  113.61    4.74    0.00    4.74
  118.38    4.71    0.00    4.71
  123.16    4.67    0.00    4.67
  127.93    4.63    0.00    4.63
  132.70    4.59    0.00    4.59
  142.56    4.61    0.00    4.61
  147.02    4.64    0.00    4.64
  151.79    4.67    0.00    4.67
  156.57    4.69    0.00    4.69
  161.34    4.72    0.00    4.72
  166.12    4.74    0.00    4.74
  170.89    4.76    0.00    4.76
  175.66    4.79    0.00    4.79
  180.43    4.81    0.00    4.81
  185.21    4.83    0.00    4.83
  189.98    4.86    0.00    4.86
  194.75    4.88    0.00    4.88
  199.53    4.90    0.00    4.90
  204.30    4.93    0.00    4.93
  209.07    4.95    0.00    4.95
  213.85    4.98    0.00    4.98
  218.62    5.00    0.00    5.00
   47.21    4.46    0.00    4.46
   48.70    4.50    0.00    4.50
   51.56    4.54    0.00    4.54
   54.42    4.58    0.00    4.58
   57.29    4.61    0.00    4.61
   60.15    4.64    0.00    4.64
   63.02    4.67    0.00    4.67
   65.88    4.69    0.00    4.69
   70.64    4.75    0.00    4.75
   75.42    4.77    0.00    4.77
   80.20    4.79    0.00    4.79
   84.97    4.81    0.00    4.81
   89.75    4.81    0.00    4.81
   94.52    4.81    0.00    4.81
   99.29    4.80    0.00    4.80
  104.06    4.78    0.00    4.78
  108.84    4.75    0.00    4.75
  113.61    4.73    0.00    4.73
  118.38    4.70    0.00    4.70
  123.16    4.66    0.00    4.66
  127.93    4.63    0.00    4.63
  132.70    4.59    0.00    4.59
  141.79    4.61    0.00    4.61
  147.02    4.64    0.00    4.64
  151.80    4.67    0.00    4.67
  156.57    4.69    0.00    4.69
  161.34    4.72    0.00    4.72
  166.12    4.74    0.00    4.74
  170.89    4.76    0.00    4.76
  175.66    4.79    0.00    4.79
  180.44    4.81    0.00    4.81
  185.21    4.83    0.00    4.83
  189.98    4.86    0.00    4.86
  194.75    4.88    0.00    4.88
  199.53    4.90    0.00    4.90
  204.30    4.93    0.00    4.93
  209.07    4.95    0.00    4.95
  213.85    4.97    0.00    4.97
  218.62    5.01    0.00    5.01
  228.17    5.05    0.00    5.05
   47.14    4.47    0.00    4.47
   48.60    4.50    0.00    4.50
   51.46    4.54    0.00    4.54
   54.33    4.58    0.00    4.58
   57.19    4.62    0.00    4.62
   60.05    4.64    0.00    4.64
   62.92    4.67    0.00    4.67
   65.78    4.71    0.00    4.71
   70.56    4.74    0.00    4.74
   75.35    4.77    0.00    4.77
   80.11    4.79    0.00    4.79
   84.88    4.81    0.00    4.81
   89.66    4.81    0.00    4.81
   94.43    4.80    0.00    4.80
   99.21    4.80    0.00    4.80
  103.98    4.77    0.00    4.77
  108.75    4.75    0.00    4.75
  113.53    4.72    0.00    4.72
  118.30    4.69    0.00    4.69
  123.08    4.65    0.00    4.65
  127.85    4.62    0.00    4.62
  132.63    4.59    0.00    4.59
  141.01    4.61    0.00    4.61
  146.95    4.64    0.00    4.64
  151.72    4.67    0.00    4.67
  156.50    4.69    0.00    4.69
  161.27    4.72    0.00    4.72
  166.05    4.74    0.00    4.74
  170.82    4.76    0.00    4.76
  175.60    4.79    0.00    4.79
  180.37    4.81    0.00    4.81
  185.15    4.83    0.00    4.83
  189.92    4.86    0.00    4.86
  194.70    4.88    0.00    4.88
  199.47    4.90    0.00    4.90
  204.25    4.93    0.00    4.93
  209.02    4.95    0.00    4.95
  213.79    4.97    0.00    4.97
  218.57    5.01    0.00    5.01
  228.12    5.06    0.00    5.06
  237.67    5.09    0.00    5.09
   47.07    4.47    0.00    4.47
   48.58    4.50    0.00    4.50
   51.45    4.54    0.00    4.54
   54.31    4.58    0.00    4.58
   57.18    4.62    0.00    4.62
   60.04    4.64    0.00    4.64
   62.91    4.67    0.00    4.67
   65.77    4.71    0.00    4.71
   70.55    4.75    0.00    4.75
   75.32    4.77    0.00    4.77
   81.15    4.80    0.00    4.80
   84.87    4.81    0.00    4.81
   89.64    4.81    0.00    4.81
   94.42    4.80    0.00    4.80
   99.19    4.79    0.00    4.79
  103.97    4.77    0.00    4.77
  108.74    4.74    0.00    4.74
  113.52    4.71    0.00    4.71
  118.29    4.68    0.00    4.68
  123.07    4.65    0.00    4.65
  127.84    4.61    0.00    4.61
  132.62    4.58    0.00    4.58
  140.24    4.61    0.00    4.61
  146.94    4.64    0.00    4.64
  151.72    4.67    0.00    4.67
  156.49    4.69    0.00    4.69
  161.26    4.72    0.00    4.72
  166.04    4.74    0.00    4.74
  170.81    4.76    0.00    4.76
  175.59    4.79    0.00    4.79
  180.36    4.81    0.00    4.81
  185.14    4.83    0.00    4.83
  189.91    4.86    0.00    4.86
  194.69    4.88    0.00    4.88
  199.46    4.90    0.00    4.90
  204.24    4.93    0.00    4.93
  209.01    4.95    0.00    4.95
  213.79    4.97    0.00    4.97
  218.56    5.01    0.00    5.01
  228.11    5.06    0.00    5.06
  237.66    5.10    0.00    5.10
  247.21    5.13    0.00    5.13
   47.00    4.47    0.00    4.47
   48.48    4.50    0.00    4.50
   51.34    4.54    0.00    4.54
   54.21    4.58    0.00    4.58
   57.07    4.62    0.00    4.62
   59.94    4.64    0.00    4.64
   62.80    4.67    0.00    4.67
   65.67    4.71    0.00    4.71
   70.44    4.75    0.00    4.75
   75.22    4.78    0.00    4.78
   80.00    4.79    0.00    4.79
   84.82    4.80    0.00    4.80
   89.52    4.81    0.00    4.81
   94.33    4.80    0.00    4.80
   99.10    4.78    0.00    4.78
  103.88    4.76    0.00    4.76
  108.66    4.73    0.00    4.73
  113.43    4.70    0.00    4.70
  118.21    4.67    0.00    4.67
  122.98    4.63    0.00    4.63
  127.76    4.58    0.00    4.58
  139.47    4.59    0.00    4.59
  142.09    4.61    0.00    4.61
  146.86    4.64    0.00    4.64
  151.64    4.67    0.00    4.67
  156.42    4.69    0.00    4.69
  161.19    4.72    0.00    4.72
  165.97    4.74    0.00    4.74
  170.75    4.76    0.00    4.76
  175.52    4.79    0.00    4.79
  180.30    4.81    0.00    4.81
  185.07    4.83    0.00    4.83
  189.85    4.86    0.00    4.86
  194.62    4.88    0.00    4.88
  199.40    4.90    0.00    4.90
  204.18    4.92    0.00    4.92
  208.95    4.95    0.00    4.95
  213.73    4.97    0.00    4.97
  218.51    5.01    0.00    5.01
  228.06    5.06    0.00    5.06
  237.61    5.10    0.00    5.10
  247.16    5.15    0.00    5.15
  256.71    5.17    0.00    5.17
   46.43    4.46    0.00    4.46
   48.29    4.50    0.00    4.50
   51.16    4.54    0.00    4.54
   54.03    4.58    0.00    4.58
   56.89    4.62    0.00    4.62
   59.76    4.64    0.00    4.64
   62.63    4.67    0.00    4.67
   65.50    4.71    0.00    4.71
   70.27    4.75    0.00    4.75
   75.05    4.78    0.00    4.78
   79.83    4.80    0.00    4.80
   84.61    4.80    0.00    4.80
   89.39    4.80    0.00    4.80
   95.44    4.79    0.00    4.79
   98.95    4.78    0.00    4.78
  103.72    4.76    0.00    4.76
  108.50    4.73    0.00    4.73
  113.28    4.70    0.00    4.70
  118.06    4.66    0.00    4.66
  122.84    4.62    0.00    4.62
  127.62    4.57    0.00    4.57
  138.69    4.60    0.00    4.60
  141.95    4.61    0.00    4.61
  146.73    4.64    0.00    4.64
  151.51    4.67    0.00    4.67
  156.29    4.69    0.00    4.69
  161.07    4.72    0.00    4.72
  165.85    4.74    0.00    4.74
  170.63    4.76    0.00    4.76
  175.40    4.79    0.00    4.79
  180.18    4.81    0.00    4.81
  184.96    4.83    0.00    4.83
  189.74    4.85    0.00    4.85
  194.52    4.88    0.00    4.88
  199.30    4.90    0.00    4.90
  204.08    4.92    0.00    4.92
  208.85    4.95    0.00    4.95
  213.63    4.97    0.00    4.97
  218.41    5.01    0.00    5.01
  227.97    5.06    0.00    5.06
  237.53    5.10    0.00    5.10
  247.08    5.15    0.00    5.15
  256.64    5.19    0.00    5.19
  266.20    5.21    0.00    5.21
   45.87    4.46    0.00    4.46
   48.43    4.50    0.00    4.50
   51.30    4.54    0.00    4.54
   54.17    4.58    0.00    4.58
   57.03    4.62    0.00    4.62
   59.90    4.65    0.00    4.65
   62.76    4.68    0.00    4.68
   65.63    4.72    0.00    4.72
   70.41    4.75    0.00    4.75
   75.18    4.78    0.00    4.78
   79.96    4.79    0.00    4.79
   84.74    4.80    0.00    4.80
   89.51    4.80    0.00    4.80
   94.29    4.80    0.00    4.80
   99.01    4.77    0.00    4.77
  103.83    4.75    0.00    4.75
  108.62    4.72    0.00    4.72
  113.40    4.69    0.00    4.69
  118.17    4.65    0.00    4.65
  122.95    4.61    0.00    4.61
  127.73    4.57    0.00    4.57
  137.92    4.59    0.00    4.59
  142.06    4.61    0.00    4.61
  146.83    4.64    0.00    4.64
  151.61    4.67    0.00    4.67
  156.39    4.69    0.00    4.69
  161.16    4.72    0.00    4.72
  165.94    4.74    0.00    4.74
  170.72    4.76    0.00    4.76
  175.49    4.79    0.00    4.79
  180.27    4.81    0.00    4.81
  185.05    4.83    0.00    4.83
  189.82    4.85    0.00    4.85
  194.60    4.88    0.00    4.88
  199.38    4.90    0.00    4.90
  204.16    4.92    0.00    4.92
  208.93    4.95    0.00    4.95
  213.71    4.97    0.00    4.97
  218.49    5.01    0.00    5.01
  228.04    5.06    0.00    5.06
  237.59    5.10    0.00    5.10
  247.15    5.15    0.00    5.15
  256.70    5.19    0.00    5.19
  266.25    5.23    0.00    5.23
  275.81    5.25    0.00    5.25
   45.30    4.46    0.00    4.46
   48.37    4.50    0.00    4.50
   51.24    4.54    0.00    4.54
   54.10    4.58    0.00    4.58
   56.97    4.62    0.00    4.62
   59.84    4.65    0.00    4.65
   62.70    4.68    0.00    4.68
   65.57    4.72    0.00    4.72
   70.35    4.75    0.00    4.75
   75.12    4.77    0.00    4.77
   79.90    4.79    0.00    4.79
   84.68    4.80    0.00    4.80
   89.46    4.80    0.00    4.80
   94.23    4.79    0.00    4.79
   99.01    4.77    0.00    4.77
  103.79    4.75    0.00    4.75
  109.72    4.71    0.00    4.71
  113.29    4.68    0.00    4.68
  118.12    4.64    0.00    4.64
  122.90    4.60    0.00    4.60
  127.68    4.56    0.00    4.56
  137.15    4.59    0.00    4.59
  142.01    4.61    0.00    4.61
  146.79    4.64    0.00    4.64
  151.57    4.67    0.00    4.67
  156.34    4.69    0.00    4.69
  161.12    4.72    0.00    4.72
  165.90    4.74    0.00    4.74
  170.68    4.76    0.00    4.76
  175.45    4.79    0.00    4.79
  180.23    4.81    0.00    4.81
  185.01    4.83    0.00    4.83
  189.79    4.85    0.00    4.85
  194.56    4.88    0.00    4.88
  199.34    4.90    0.00    4.90
  204.12    4.92    0.00    4.92
  208.90    4.95    0.00    4.95
  213.67    4.97    0.00    4.97
  218.45    5.01    0.00    5.01
  228.01    5.06    0.00    5.06
  237.56    5.10    0.00    5.10
  247.12    5.15    0.00    5.15
  256.67    5.19    0.00    5.19
  266.23    5.23    0.00    5.23
  275.78    5.26    0.00    5.26
   44.74    4.45    0.00    4.45
   48.18    4.50    0.00    4.50
   51.05    4.54    0.00    4.54
   53.92    4.58    0.00    4.58
   56.78    4.61    0.00    4.61
   59.65    4.65    0.00    4.65
   62.52    4.68    0.00    4.68
   65.39    4.72    0.00    4.72
   70.17    4.75    0.00    4.75
   74.95    4.77    0.00    4.77
   79.73    4.79    0.00    4.79
   84.51    4.80    0.00    4.80
   89.29    4.80    0.00    4.80
   94.07    4.79    0.00    4.79
   98.85    4.77    0.00    4.77
  103.63    4.74    0.00    4.74
  108.41    4.71    0.00    4.71
  113.19    4.67    0.00    4.67
  117.97    4.63    0.00    4.63
  122.75    4.59    0.00    4.59
  127.53    4.56    0.00    4.56
  136.38    4.59    0.00    4.59
  141.87    4.61    0.00    4.61
  146.65    4.64    0.00    4.64
  151.43    4.67    0.00    4.67
  156.21    4.69    0.00    4.69
  160.99    4.72    0.00    4.72
  165.77    4.74    0.00    4.74
  170.55    4.76    0.00    4.76
  175.33    4.78    0.00    4.78
  180.11    4.81    0.00    4.81
  184.89    4.83    0.00    4.83
  189.67    4.85    0.00    4.85
  194.45    4.88    0.00    4.88
  199.23    4.90    0.00    4.90
  204.01    4.92    0.00    4.92
  208.79    4.95    0.00    4.95
  213.57    4.97    0.00    4.97
  218.35    5.01    0.00    5.01
  227.91    5.06    0.00    5.06
  237.47    5.10    0.00    5.10
  247.03    5.15    0.00    5.15
  256.60    5.19    0.00    5.19
  266.15    5.23    0.00    5.23
  275.72    5.26    0.00    5.26
   43.88    4.44    0.00    4.44
   48.12    4.49    0.00    4.49
   50.99    4.54    0.00    4.54
   53.86    4.58    0.00    4.58
   56.73    4.61    0.00    4.61
   59.60    4.65    0.00    4.65
   62.47    4.68    0.00    4.68
   65.33    4.72    0.00    4.72
   70.12    4.75    0.00    4.75
   74.90    4.77    0.00    4.77
   79.68    4.79    0.00    4.79
   84.46    4.79    0.00    4.79
   89.24    4.79    0.00    4.79
   94.02    4.78    0.00    4.78
   98.80    4.76    0.00    4.76
  103.58    4.74    0.00    4.74
  108.36    4.70    0.00    4.70
  113.14    4.67    0.00    4.67
  117.92    4.62    0.00    4.62
  122.71    4.59    0.00    4.59
  127.49    4.56    0.00    4.56
  135.60    4.59    0.00    4.59
  141.83    4.61    0.00    4.61
  146.61    4.64    0.00    4.64
  151.39    4.67    0.00    4.67
  156.17    4.69    0.00    4.69
  160.95    4.71    0.00    4.71
  165.74    4.74    0.00    4.74
  170.51    4.76    0.00    4.76
  175.30    4.78    0.00    4.78
  180.08    4.81    0.00    4.81
  184.86    4.83    0.00    4.83
  189.64    4.85    0.00    4.85
  194.42    4.88    0.00    4.88
  199.20    4.90    0.00    4.90
  203.98    4.92    0.00    4.92
  208.76    4.95    0.00    4.95
  213.54    4.97    0.00    4.97
  218.32    5.01    0.00    5.01
  227.89    5.06    0.00    5.06
  237.45    5.10    0.00    5.10
  247.01    5.15    0.00    5.15
  256.57    5.19    0.00    5.19
  266.13    5.23    0.00    5.23
  275.70    5.26    0.00    5.26
   43.03    4.40    0.00    4.40
   45.36    4.45    0.00    4.45
   48.23    4.49    0.00    4.49
   51.09    4.54    0.00    4.54
   53.96    4.58    0.00    4.58
   56.83    4.61    0.00    4.61
   59.70    4.65    0.00    4.65
   62.56    4.68    0.00    4.68
   65.43    4.72    0.00    4.72
   70.21    4.75    0.00    4.75
   74.99    4.77    0.00    4.77
   79.77    4.79    0.00    4.79
   84.55    4.79    0.00    4.79
   89.33    4.79    0.00    4.79
   94.11    4.77    0.00    4.77
   98.89    4.75    0.00    4.75
  103.67    4.73    0.00    4.73
  108.45    4.70    0.00    4.70
  113.23    4.66    0.00    4.66
  118.01    4.61    0.00    4.61
  122.79    4.58    0.00    4.58
  134.98    4.59    0.00    4.59
  141.90    4.61    0.00    4.61
  146.68    4.64    0.00    4.64
  151.46    4.67    0.00    4.67
  156.24    4.69    0.00    4.69
  161.02    4.71    0.00    4.71
  165.80    4.74    0.00    4.74
  170.58    4.76    0.00    4.76
  175.36    4.78    0.00    4.78
  180.14    4.81    0.00    4.81
  184.92    4.83    0.00    4.83
  189.70    4.85    0.00    4.85
  194.48    4.88    0.00    4.88
  199.26    4.90    0.00    4.90
  204.04    4.92    0.00    4.92
  208.82    4.95    0.00    4.95
  213.60    4.97    0.00    4.97
  218.38    5.01    0.00    5.01
  227.94    5.06    0.00    5.06
  237.50    5.10    0.00    5.10
  247.05    5.15    0.00    5.15
  256.61    5.19    0.00    5.19
  266.17    5.23    0.00    5.23
  275.73    5.25    0.00    5.25
   42.18    4.40    0.00    4.40
   45.56    4.44    0.00    4.44
   48.43    4.49    0.00    4.49
   51.29    4.54    0.00    4.54
   54.16    4.58    0.00    4.58
   57.02    4.61    0.00    4.61
   59.89    4.65    0.00    4.65
   62.76    4.68    0.00    4.68
   65.62    4.72    0.00    4.72
   70.40    4.75    0.00    4.75
   75.18    4.77    0.00    4.77
   79.95    4.79    0.00    4.79
   84.73    4.79    0.00    4.79
   89.51    4.78    0.00    4.78
   94.28    4.77    0.00    4.77
   99.06    4.74    0.00    4.74
  103.84    4.71    0.00    4.71
  108.61    4.67    0.00    4.67
  113.39    4.63    0.00    4.63
  118.17    4.59    0.00    4.59
  122.94    4.55    0.00    4.55
  140.11    4.61    0.00    4.61
  146.83    4.64    0.00    4.64
  151.60    4.67    0.00    4.67
  156.38    4.69    0.00    4.69
  161.16    4.72    0.00    4.72
  165.94    4.74    0.00    4.74
  170.71    4.76    0.00    4.76
  175.49    4.79    0.00    4.79
  180.27    4.81    0.00    4.81
  185.04    4.83    0.00    4.83
  189.82    4.85    0.00    4.85
  194.60    4.88    0.00    4.88
  199.37    4.90    0.00    4.90
  204.15    4.92    0.00    4.92
  208.93    4.95    0.00    4.95
  213.70    4.97    0.00    4.97
  218.48    5.01    0.00    5.01
  228.03    5.06    0.00    5.06
  237.59    5.10    0.00    5.10
  247.14    5.15    0.00    5.15
  256.69    5.19    0.00    5.19
  266.25    5.23    0.00    5.23
  275.80    5.25    0.00    5.25
   40.98    4.35    0.00    4.35
   42.73    4.39    0.00    4.39
   45.60    4.44    0.00    4.44
   48.46    4.49    0.00    4.49
   51.33    4.53    0.00    4.53
   54.20    4.57    0.00    4.57
   57.06    4.62    0.00    4.62
   59.93    4.65    0.00    4.65
   62.79    4.68    0.00    4.68
   65.66    4.72    0.00    4.72
   70.44    4.75    0.00    4.75
   75.21    4.77    0.00    4.77
   79.99    4.79    0.00    4.79
   84.76    4.79    0.00    4.79
   89.54    4.78    0.00    4.78
   94.32    4.76    0.00    4.76
   99.09    4.73    0.00    4.73
  103.87    4.70    0.00    4.70
  108.64    4.66    0.00    4.66
  113.42    4.61    0.00    4.61
  118.20    4.56    0.00    4.56
  144.39    4.62    0.00    4.62
  146.86    4.64    0.00    4.64
  151.63    4.67    0.00    4.67
  156.41    4.69    0.00    4.69
  161.19    4.72    0.00    4.72
  165.96    4.74    0.00    4.74
  170.74    4.76    0.00    4.76
  175.51    4.79    0.00    4.79
  180.29    4.81    0.00    4.81
  185.07    4.83    0.00    4.83
  189.84    4.85    0.00    4.85
  194.62    4.88    0.00    4.88
  199.40    4.90    0.00    4.90
  204.17    4.92    0.00    4.92
  208.95    4.95    0.00    4.95
  213.72    4.97    0.00    4.97
  218.50    5.01    0.00    5.01
  228.05    5.06    0.00    5.06
  237.60    5.10    0.00    5.10
  247.16    5.15    0.00    5.15
  256.71    5.19    0.00    5.19
  266.26    5.23    0.00    5.23
  275.82    5.25    0.00    5.25
   40.41    4.34    0.00    4.34
   42.60    4.39    0.00    4.39
   45.47    4.43    0.00    4.43
   48.33    4.49    0.00    4.49
   51.20    4.53    0.00    4.53
   54.07    4.57    0.00    4.57
   56.93    4.62    0.00    4.62
   59.80    4.65    0.00    4.65
   62.67    4.68    0.00    4.68
   65.53    4.72    0.00    4.72
   70.31    4.75    0.00    4.75
   75.09    4.77    0.00    4.77
   79.87    4.78    0.00    4.78
   84.65    4.78    0.00    4.78
   89.42    4.78    0.00    4.78
   94.20    4.75    0.00    4.75
   98.98    4.72    0.00    4.72
  103.76    4.69    0.00    4.69
  108.54    4.64    0.00    4.64
  113.31    4.59    0.00    4.59
  118.09    4.54    0.00    4.54
  146.80    4.64    0.00    4.64
  151.54    4.67    0.00    4.67
  156.32    4.69    0.00    4.69
  161.09    4.72    0.00    4.72
  165.87    4.74    0.00    4.74
  170.65    4.76    0.00    4.76
  175.43    4.79    0.00    4.79
  180.21    4.81    0.00    4.81
  184.99    4.83    0.00    4.83
  189.76    4.85    0.00    4.85
  194.54    4.88    0.00    4.88
  199.32    4.90    0.00    4.90
  204.10    4.92    0.00    4.92
  208.88    4.95    0.00    4.95
  213.65    4.97    0.00    4.97
  218.43    5.01    0.00    5.01
  227.99    5.06    0.00    5.06
  237.54    5.10    0.00    5.10
  247.10    5.15    0.00    5.15
  256.66    5.19    0.00    5.19
  266.21    5.23    0.00    5.23
  275.77    5.25    0.00    5.25
   39.45    4.35    0.00    4.35
   42.86    4.38    0.00    4.38
   45.73    4.43    0.00    4.43
   48.59    4.48    0.00    4.48
   51.45    4.53    0.00    4.53
   54.32    4.58    0.00    4.58
   57.19    4.62    0.00    4.62
   60.05    4.65    0.00    4.65
   62.91    4.68    0.00    4.68
   65.78    4.72    0.00    4.72
   70.55    4.75    0.00    4.75
   75.33    4.77    0.00    4.77
   80.10    4.78    0.00    4.78
   84.88    4.78    0.00    4.78
   89.65    4.77    0.00    4.77
   94.43    4.74    0.00    4.74
   99.20    4.71    0.00    4.71
  103.98    4.68    0.00    4.68
  108.75    4.62    0.00    4.62
  113.53    4.56    0.00    4.56
  151.67    4.67    0.00    4.67
  156.50    4.69    0.00    4.69
  161.27    4.72    0.00    4.72
  166.04    4.74    0.00    4.74
  170.82    4.76    0.00    4.76
  175.59    4.79    0.00    4.79
  180.37    4.81    0.00    4.81
  185.14    4.83    0.00    4.83
  189.92    4.86    0.00    4.86
  194.69    4.88    0.00    4.88
  199.47    4.90    0.00    4.90
  204.24    4.93    0.00    4.93
  209.02    4.95    0.00    4.95
  213.79    4.97    0.00    4.97
  218.57    5.01    0.00    5.01
  228.12    5.06    0.00    5.06
  237.66    5.10    0.00    5.10
  247.21    5.15    0.00    5.15
  256.76    5.19    0.00    5.19
  266.31    5.23    0.00    5.23
   38.30    4.32    0.00    4.32
   40.14    4.33    0.00    4.33
   43.01    4.38    0.00    4.38
   45.87    4.44    0.00    4.44
   48.73    4.49    0.00    4.49
   51.59    4.53    0.00    4.53
   54.46    4.58    0.00    4.58
   57.32    4.62    0.00    4.62
   60.19    4.65    0.00    4.65
   63.05    4.68    0.00    4.68
   65.91    4.72    0.00    4.72
   70.69    4.75    0.00    4.75
   75.46    4.77    0.00    4.77
   80.23    4.78    0.00    4.78
   85.00    4.78    0.00    4.78
   89.78    4.76    0.00    4.76
   94.55    4.73    0.00    4.73
   99.32    4.70    0.00    4.70
  104.09    4.66    0.00    4.66
  108.87    4.60    0.00    4.60
  113.64    4.52    0.00    4.52
  156.58    4.69    0.00    4.69
  161.37    4.72    0.00    4.72
  166.14    4.74    0.00    4.74
  170.91    4.76    0.00    4.76
  175.69    4.79    0.00    4.79
  180.46    4.81    0.00    4.81
  185.23    4.83    0.00    4.83
  190.00    4.86    0.00    4.86
  194.78    4.88    0.00    4.88
  199.55    4.90    0.00    4.90
  204.32    4.93    0.00    4.93
  209.09    4.95    0.00    4.95
  213.87    4.97    0.00    4.97
  218.64    5.01    0.00    5.01
  228.18    5.06    0.00    5.06
  237.73    5.10    0.00    5.10
  247.28    5.15    0.00    5.15
  256.82    5.19    0.00    5.19
  266.37    5.24    0.00    5.24
   37.63    4.30    0.00    4.30
   40.07    4.32    0.00    4.32
   42.94    4.38    0.00    4.38
   45.80    4.43    0.00    4.43
   48.66    4.48    0.00    4.48
   51.53    4.53    0.00    4.53
   54.39    4.58    0.00    4.58
   57.26    4.62    0.00    4.62
   60.12    4.65    0.00    4.65
   62.98    4.68    0.00    4.68
   65.85    4.72    0.00    4.72
   70.62    4.75    0.00    4.75
   75.40    4.77    0.00    4.77
   80.17    4.78    0.00    4.78
   84.94    4.77    0.00    4.77
   89.72    4.76    0.00    4.76
   94.49    4.73    0.00    4.73
   99.26    4.69    0.00    4.69
  104.04    4.64    0.00    4.64
  108.81    4.58    0.00    4.58
  113.58    4.52    0.00    4.52
  161.32    4.72    0.00    4.72
  166.09    4.74    0.00    4.74
  170.87    4.76    0.00    4.76
  175.64    4.79    0.00    4.79
  180.41    4.81    0.00    4.81
  185.19    4.83    0.00    4.83
  189.96    4.86    0.00    4.86
  194.74    4.88    0.00    4.88
  199.51    4.90    0.00    4.90
  204.28    4.93    0.00    4.93
  209.06    4.95    0.00    4.95
  213.83    4.97    0.00    4.97
  218.60    5.01    0.00    5.01
  228.15    5.06    0.00    5.06
  237.70    5.10    0.00    5.10
  247.25    5.15    0.00    5.15
  256.79    5.19    0.00    5.19
  266.34    5.24    0.00    5.24
   36.79    4.28    0.00    4.28
   39.88    4.31    0.00    4.31
   42.75    4.37    0.00    4.37
   45.61    4.42    0.00    4.42
   48.48    4.47    0.00    4.47
   51.34    4.52    0.00    4.52
   54.21    4.57    0.00    4.57
   57.08    4.61    0.00    4.61
   59.94    4.65    0.00    4.65
   62.81    4.68    0.00    4.68
   65.67    4.72    0.00    4.72
   70.45    4.75    0.00    4.75
   75.23    4.77    0.00    4.77
   80.00    4.78    0.00    4.78
   84.78    4.77    0.00    4.77
   89.55    4.75    0.00    4.75
   94.33    4.72    0.00    4.72
   99.11    4.68    0.00    4.68
  103.88    4.63    0.00    4.63
  108.66    4.57    0.00    4.57
  113.43    4.50    0.00    4.50
  165.76    4.74    0.00    4.74
  170.75    4.76    0.00    4.76
  175.52    4.79    0.00    4.79
  180.30    4.81    0.00    4.81
  185.08    4.83    0.00    4.83
  189.85    4.86    0.00    4.86
  194.63    4.88    0.00    4.88
  199.40    4.90    0.00    4.90
  204.18    4.93    0.00    4.93
  208.96    4.95    0.00    4.95
  213.73    4.97    0.00    4.97
  218.51    5.01    0.00    5.01
  228.06    5.06    0.00    5.06
  237.61    5.10    0.00    5.10
  247.16    5.15    0.00    5.15
  256.72    5.19    0.00    5.19
  266.27    5.24    0.00    5.24
   35.61    4.29    0.00    4.29
   37.16    4.28    0.00    4.28
   40.03    4.31    0.00    4.31
   42.89    4.36    0.00    4.36
   45.76    4.41    0.00    4.41
   48.62    4.47    0.00    4.47
   51.49    4.52    0.00    4.52
   54.35    4.57    0.00    4.57
   57.22    4.61    0.00    4.61
   60.08    4.65    0.00    4.65
   62.95    4.68    0.00    4.68
   65.81    4.72    0.00    4.72
   70.58    4.75    0.00    4.75
   75.36    4.77    0.00    4.77
   80.13    4.77    0.00    4.77
   84.91    4.77    0.00    4.77
   89.68    4.75    0.00    4.75
   94.45    4.72    0.00    4.72
   99.23    4.67    0.00    4.67
  104.00    4.63    0.00    4.63
  108.78    4.56    0.00    4.56
  113.55    4.50    0.00    4.50
  170.83    4.76    0.00    4.76
  175.62    4.79    0.00    4.79
  180.39    4.81    0.00    4.81
  185.16    4.83    0.00    4.83
  189.94    4.86    0.00    4.86
  194.71    4.88    0.00    4.88
  199.49    4.90    0.00    4.90
  204.26    4.93    0.00    4.93
  209.03    4.95    0.00    4.95
  213.81    4.97    0.00    4.97
  218.58    5.01    0.00    5.01
  228.13    5.06    0.00    5.06
  237.68    5.10    0.00    5.10
  247.23    5.15    0.00    5.15
  256.78    5.19    0.00    5.19
  266.32    5.24    0.00    5.24
   35.58    4.29    0.00    4.29
   37.29    4.28    0.00    4.28
   40.15    4.31    0.00    4.31
   43.01    4.36    0.00    4.36
   45.88    4.42    0.00    4.42
   48.74    4.47    0.00    4.47
   51.60    4.52    0.00    4.52
   54.47    4.57    0.00    4.57
   57.33    4.61    0.00    4.61
   60.20    4.65    0.00    4.65
   63.06    4.68    0.00    4.68
   65.92    4.72    0.00    4.72
   70.69    4.75    0.00    4.75
   75.47    4.77    0.00    4.77
   80.24    4.77    0.00    4.77
   85.01    4.77    0.00    4.77
   89.78    4.74    0.00    4.74
   94.56    4.71    0.00    4.71
   99.33    4.67    0.00    4.67
  104.10    4.61    0.00    4.61
  108.88    4.54    0.00    4.54
  113.65    4.49    0.00    4.49
  175.66    4.79    0.00    4.79
  180.45    4.81    0.00    4.81
  185.24    4.83    0.00    4.83
  190.01    4.86    0.00    4.86
  194.78    4.88    0.00    4.88
  199.55    4.90    0.00    4.90
  204.33    4.93    0.00    4.93
  209.10    4.95    0.00    4.95
  213.87    4.97    0.00    4.97
  218.64    5.01    0.00    5.01
  228.19    5.06    0.00    5.06
  237.73    5.10    0.00    5.10
  247.28    5.15    0.00    5.15
  256.82    5.19    0.00    5.19
  266.37    5.24    0.00    5.24
   35.52    4.28    0.00    4.28
   37.24    4.28    0.00    4.28
   40.10    4.31    0.00    4.31
   42.96    4.36    0.00    4.36
   45.83    4.42    0.00    4.42
   48.69    4.47    0.00    4.47
   51.55    4.52    0.00    4.52
   54.42    4.57    0.00    4.57
   57.28    4.61    0.00    4.61
   60.15    4.65    0.00    4.65
   63.01    4.68    0.00    4.68
   65.88    4.72    0.00    4.72
   70.65    4.75    0.00    4.75
   75.42    4.77    0.00    4.77
   80.19    4.77    0.00    4.77
   84.97    4.76    0.00    4.76
   89.74    4.74    0.00    4.74
   94.51    4.71    0.00    4.71
   99.29    4.66    0.00    4.66
  104.06    4.60    0.00    4.60
  108.83    4.52    0.00    4.52
  183.88    4.83    0.00    4.83
  189.98    4.86    0.00    4.86
  194.75    4.88    0.00    4.88
  199.53    4.90    0.00    4.90
  204.30    4.93    0.00    4.93
  209.07    4.95    0.00    4.95
  213.84    4.97    0.00    4.97
  218.62    5.01    0.00    5.01
  228.16    5.06    0.00    5.06
  237.71    5.10    0.00    5.10
  247.26    5.15    0.00    5.15
  256.80    5.19    0.00    5.19
  266.35    5.24    0.00    5.24
   35.46    4.28    0.00    4.28
   37.22    4.27    0.00    4.27
   40.08    4.31    0.00    4.31
   42.95    4.36    0.00    4.36
   45.81    4.42    0.00    4.42
   48.68    4.47    0.00    4.47
   51.54    4.52    0.00    4.52
   54.41    4.57    0.00    4.57
   57.27    4.61    0.00    4.61
   60.13    4.65    0.00    4.65
   63.00    4.68    0.00    4.68
   65.86    4.72    0.00    4.72
   70.63    4.75    0.00    4.75
   75.41    4.77    0.00    4.77
   80.18    4.77    0.00    4.77
   84.95    4.76    0.00    4.76
   89.73    4.74    0.00    4.74
   94.50    4.70    0.00    4.70
   99.28    4.65    0.00    4.65
  104.05    4.59    0.00    4.59
  108.82    4.50    0.00    4.50
  189.92    4.86    0.00    4.86
  194.74    4.88    0.00    4.88
  199.52    4.90    0.00    4.90
  204.29    4.93    0.00    4.93
  209.06    4.95    0.00    4.95
  213.84    4.97    0.00    4.97
  218.61    5.01    0.00    5.01
  228.16    5.06    0.00    5.06
  237.70    5.10    0.00    5.10
  247.25    5.15    0.00    5.15
  256.80    5.19    0.00    5.19
  266.34    5.23    0.00    5.23
   35.41    4.28    0.00    4.28
   37.29    4.27    0.00    4.27
   40.16    4.31    0.00    4.31
   43.02    4.36    0.00    4.36
   45.88    4.42    0.00    4.42
   48.75    4.47    0.00    4.47
   51.61    4.52    0.00    4.52
   54.47    4.57    0.00    4.57
   57.34    4.61    0.00    4.61
   60.20    4.65    0.00    4.65
   63.06    4.68    0.00    4.68
   65.93    4.72    0.00    4.72
   70.70    4.75    0.00    4.75
   75.47    4.77    0.00    4.77
   80.24    4.77    0.00    4.77
   85.02    4.76    0.00    4.76
   89.79    4.73    0.00    4.73
   94.56    4.70    0.00    4.70
   99.33    4.65    0.00    4.65
  104.11    4.58    0.00    4.58
  108.88    4.50    0.00    4.50
  194.75    4.88    0.00    4.88
  199.56    4.90    0.00    4.90
  204.33    4.93    0.00    4.93
  209.10    4.95    0.00    4.95
  213.87    4.97    0.00    4.97
  218.65    5.01    0.00    5.01
  228.19    5.06    0.00    5.06
  237.74    5.10    0.00    5.10
  247.28    5.15    0.00    5.15
  256.83    5.19    0.00    5.19
  266.37    5.23    0.00    5.23
   35.35    4.28    0.00    4.28
   37.34    4.27    0.00    4.27
   40.20    4.31    0.00    4.31
   43.06    4.36    0.00    4.36
   45.92    4.42    0.00    4.42
   48.79    4.47    0.00    4.47
   51.65    4.52    0.00    4.52
   54.51    4.57    0.00    4.57
   57.38    4.61    0.00    4.61
   60.24    4.65    0.00    4.65
   63.10    4.68    0.00    4.68
   65.97    4.72    0.00    4.72
   70.74    4.75    0.00    4.75
   75.51    4.77    0.00    4.77
   80.28    4.77    0.00    4.77
   85.05    4.76    0.00    4.76
   89.83    4.73    0.00    4.73
   94.60    4.69    0.00    4.69
   99.37    4.64    0.00    4.64
  104.14    4.58    0.00    4.58
  108.91    4.50    0.00    4.50
  204.35    4.93    0.00    4.93
  209.12    4.95    0.00    4.95
  213.90    4.97    0.00    4.97
  218.67    5.01    0.00    5.01
  228.21    5.06    0.00    5.06
  237.75    5.10    0.00    5.10
  247.30    5.15    0.00    5.15
  256.84    5.19    0.00    5.19
  266.39    5.23    0.00    5.23
   35.29    4.28    0.00    4.28
   37.24    4.27    0.00    4.27
   40.11    4.30    0.00    4.30
   42.97    4.36    0.00    4.36
   45.83    4.42    0.00    4.42
   48.70    4.47    0.00    4.47
   51.56    4.52    0.00    4.52
   54.42    4.57    0.00    4.57
   57.29    4.61    0.00    4.61
   60.15    4.65    0.00    4.65
   63.02    4.68    0.00    4.68
   65.88    4.72    0.00    4.72
   70.65    4.75    0.00    4.75
   75.43    4.77    0.00    4.77
   80.20    4.77    0.00    4.77
   84.97    4.76    0.00    4.76
   89.75    4.73    0.00    4.73
   94.52    4.69    0.00    4.69
   99.29    4.65    0.00    4.65
  104.07    4.58    0.00    4.58
  108.84    4.50    0.00    4.50
  209.10    4.95    0.00    4.95
  213.84    4.97    0.00    4.97
  218.62    5.01    0.00    5.01
  228.17    5.06    0.00    5.06
  237.71    5.10    0.00    5.10
  247.26    5.15    0.00    5.15
  256.81    5.19    0.00    5.19
  266.35    5.23    0.00    5.23
   35.21    4.27    0.00    4.27
   37.07    4.27    0.00    4.27
   39.94    4.30    0.00    4.30
   42.80    4.36    0.00    4.36
   45.67    4.41    0.00    4.41
   48.53    4.47    0.00    4.47
   51.40    4.52    0.00    4.52
   54.26    4.56    0.00    4.56
   57.13    4.61    0.00    4.61
   59.99    4.64    0.00    4.64
   62.86    4.68    0.00    4.68
   65.72    4.72    0.00    4.72
   70.50    4.75    0.00    4.75
   75.28    4.77    0.00    4.77
   80.05    4.77    0.00    4.77
   84.83    4.76    0.00    4.76
   89.60    4.73    0.00    4.73
   94.38    4.70    0.00    4.70
   99.15    4.65    0.00    4.65
  103.93    4.58    0.00    4.58
  108.70    4.50    0.00    4.50
  218.57    5.01    0.00    5.01
  228.09    5.06    0.00    5.06
  237.64    5.10    0.00    5.10
  247.19    5.15    0.00    5.15
  256.74    5.19    0.00    5.19
  266.29    5.23    0.00    5.23
   35.32    4.27    0.00    4.27
   37.08    4.27    0.00    4.27
   39.95    4.30    0.00    4.30
   42.81    4.35    0.00    4.35
   45.68    4.41    0.00    4.41
   48.54    4.46    0.00    4.46
   51.41    4.51    0.00    4.51
   54.27    4.56    0.00    4.56
   57.14    4.60    0.00    4.60
   60.00    4.64    0.00    4.64
   62.87    4.68    0.00    4.68
   65.73    4.72    0.00    4.72
   70.51    4.75    0.00    4.75
   75.28    4.77    0.00    4.77
   80.06    4.77    0.00    4.77
   84.83    4.76    0.00    4.76
   89.61    4.74    0.00    4.74
   94.39    4.70    0.00    4.70
   99.16    4.65    0.00    4.65
  103.94    4.59    0.00    4.59
  108.71    4.51    0.00    4.51
  230.03    5.06    0.00    5.06
  237.66    5.10    0.00    5.10
  247.19    5.15    0.00    5.15
  256.74    5.19    0.00    5.19
  266.29    5.23    0.00    5.23
   35.51    4.27    0.00    4.27
   37.16    4.27    0.00    4.27
   40.03    4.30    0.00    4.30
   42.89    4.35    0.00    4.35
   45.76    4.41    0.00    4.41
   48.62    4.46    0.00    4.46
   51.48    4.51    0.00    4.51
   54.35    4.56    0.00    4.56
   57.21    4.60    0.00    4.60
   60.08    4.64    0.00    4.64
   62.94    4.68    0.00    4.68
   65.81    4.72    0.00    4.72
   70.58    4.75    0.00    4.75
   75.36    4.77    0.00    4.77
   80.13    4.77    0.00    4.77
   84.90    4.76    0.00    4.76
   89.68    4.74    0.00    4.74
   94.45    4.70    0.00    4.70
   99.23    4.65    0.00    4.65
  104.00    4.60    0.00    4.60
  108.77    4.51    0.00    4.51
  245.33    5.14    0.00    5.14
  256.77    5.19    0.00    5.19
  266.32    5.23    0.00    5.23
   35.70    4.27    0.00    4.27
   37.16    4.27    0.00    4.27
   40.03    4.30    0.00    4.30
   42.89    4.35    0.00    4.35
   45.76    4.41    0.00    4.41
   48.62    4.46    0.00    4.46
   51.49    4.51    0.00    4.51
   54.35    4.56    0.00    4.56
   57.22    4.60    0.00    4.60
   60.08    4.64    0.00    4.64
   62.94    4.68    0.00    4.68
   65.81    4.72    0.00    4.72
   70.58    4.75    0.00    4.75
   75.36    4.77    0.00    4.77
   80.13    4.77    0.00    4.77
   84.91    4.76    0.00    4.76
   89.68    4.74    0.00    4.74
   94.45    4.70    0.00    4.70
   99.23    4.66    0.00    4.66
  104.00    4.60    0.00    4.60
  108.78    4.51    0.00    4.51
  256.77    5.19    0.00    5.19
  266.32    5.23    0.00    5.23
   35.89    4.26    0.00    4.26
   40.00    4.30    0.00    4.30
   42.87    4.35    0.00    4.35
   45.73    4.41    0.00    4.41
   48.60    4.46    0.00    4.46
   51.46    4.51    0.00    4.51
   54.33    4.56    0.00    4.56
   57.19    4.60    0.00    4.60
   60.06    4.64    0.00    4.64
   62.92    4.68    0.00    4.68
   65.79    4.72    0.00    4.72
   70.56    4.75    0.00    4.75
   75.34    4.77    0.00    4.77
   80.11    4.77    0.00    4.77
   84.89    4.77    0.00    4.77
   89.66    4.74    0.00    4.74
   94.43    4.71    0.00    4.71
   99.21    4.66    0.00    4.66
  103.98    4.60    0.00    4.60
  108.76    4.53    0.00    4.53
  113.53    4.49    0.00    4.49
   36.15    4.26    0.00    4.26
   40.10    4.30    0.00    4.30
   42.96    4.35    0.00    4.35
   45.83    4.41    0.00    4.41
   48.69    4.46    0.00    4.46
   51.56    4.51    0.00    4.51
   54.42    4.56    0.00    4.56
   57.28    4.60    0.00    4.60
   60.15    4.64    0.00    4.64
   63.01    4.68    0.00    4.68
   65.88    4.72    0.00    4.72
   70.65    4.75    0.00    4.75
   75.42    4.77    0.00    4.77
   80.19    4.77    0.00    4.77
   84.97    4.77    0.00    4.77
   89.74    4.74    0.00    4.74
   94.52    4.71    0.00    4.71
   99.29    4.67    0.00    4.67
  104.06    4.61    0.00    4.61
  108.83    4.54    0.00    4.54
  113.61    4.49    0.00    4.49
   36.04    4.26    0.00    4.26
   40.19    4.30    0.00    4.30
   43.05    4.35    0.00    4.35
   45.91    4.41    0.00    4.41
   48.77    4.46    0.00    4.46
   51.64    4.51    0.00    4.51
   54.50    4.56    0.00    4.56
   57.36    4.60    0.00    4.60
   60.23    4.64    0.00    4.64
   63.09    4.68    0.00    4.68
   65.95    4.71    0.00    4.71
   70.73    4.75    0.00    4.75
   75.50    4.77    0.00    4.77
   80.27    4.77    0.00    4.77
   85.04    4.77    0.00    4.77
   89.81    4.75    0.00    4.75
   94.59    4.71    0.00    4.71
   99.36    4.67    0.00    4.67
  104.13    4.62    0.00    4.62
  108.90    4.55    0.00    4.55
  113.67    4.50    0.00    4.50
   35.87    4.25    0.00    4.25
   40.16    4.29    0.00    4.29
   43.02    4.35    0.00    4.35
   45.89    4.41    0.00    4.41
   48.75    4.46    0.00    4.46
   51.61    4.51    0.00    4.51
   54.48    4.56    0.00    4.56
   57.34    4.60    0.00    4.60
   60.20    4.64    0.00    4.64
   63.07    4.67    0.00    4.67
   65.93    4.71    0.00    4.71
   70.70    4.75    0.00    4.75
   75.48    4.77    0.00    4.77
   80.25    4.78    0.00    4.78
   85.02    4.77    0.00    4.77
   89.79    4.75    0.00    4.75
   94.56    4.72    0.00    4.72
   99.34    4.68    0.00    4.68
  104.11    4.62    0.00    4.62
  108.88    4.56    0.00    4.56
  113.66    4.50    0.00    4.50
   35.69    4.26    0.00    4.26
   37.21    4.26    0.00    4.26
   40.08    4.29    0.00    4.29
   42.94    4.34    0.00    4.34
   45.80    4.40    0.00    4.40
   48.67    4.46    0.00    4.46
   51.53    4.51    0.00    4.51
   54.40    4.55    0.00    4.55
   57.26    4.60    0.00    4.60
   60.13    4.64    0.00    4.64
   62.99    4.67    0.00    4.67
   65.85    4.71    0.00    4.71
   70.63    4.75    0.00    4.75
   75.40    4.77    0.00    4.77
   80.17    4.78    0.00    4.78
   84.95    4.77    0.00    4.77
   89.72    4.75    0.00    4.75
   94.50    4.72    0.00    4.72
   99.27    4.68    0.00    4.68
  104.04    4.63    0.00    4.63
  108.82    4.57    0.00    4.57
  113.59    4.51    0.00    4.51
   35.51    4.26    0.00    4.26
   37.15    4.25    0.00    4.25
   40.02    4.28    0.00    4.28
   42.88    4.34    0.00    4.34
   45.75    4.40    0.00    4.40
   48.61    4.45    0.00    4.45
   51.48    4.50    0.00    4.50
   54.34    4.55    0.00    4.55
   57.21    4.60    0.00    4.60
   60.07    4.64    0.00    4.64
   62.94    4.67    0.00    4.67
   65.80    4.71    0.00    4.71
   70.57    4.75    0.00    4.75
   75.35    4.77    0.00    4.77
   80.12    4.78    0.00    4.78
   84.90    4.77    0.00    4.77
   89.67    4.76    0.00    4.76
   94.45    4.73    0.00    4.73
   99.22    4.69    0.00    4.69
  103.99    4.64    0.00    4.64
  108.77    4.59    0.00    4.59
  113.54    4.52    0.00    4.52
   35.33    4.26    0.00    4.26
   37.15    4.25    0.00    4.25
   40.01    4.28    0.00    4.28
   42.88    4.34    0.00    4.34
   45.74    4.39    0.00    4.39
   48.61    4.45    0.00    4.45
   51.47    4.50    0.00    4.50
   54.34    4.55    0.00    4.55
   57.20    4.60    0.00    4.60
   60.06    4.63    0.00    4.63
   62.93    4.67    0.00    4.67
   65.79    4.71    0.00    4.71
   70.57    4.75    0.00    4.75
   75.34    4.77    0.00    4.77
   80.12    4.78    0.00    4.78
   84.89    4.77    0.00    4.77
   89.67    4.76    0.00    4.76
   94.44    4.73    0.00    4.73
   99.22    4.69    0.00    4.69
  103.99    4.65    0.00    4.65
  108.76    4.59    0.00    4.59
  113.54    4.52    0.00    4.52
   35.15    4.26    0.00    4.26
   37.15    4.25    0.00    4.25
   40.02    4.28    0.00    4.28
   42.88    4.33    0.00    4.33
   45.75    4.39    0.00    4.39
   48.61    4.45    0.00    4.45
   51.48    4.50    0.00    4.50
   54.34    4.55    0.00    4.55
   57.20    4.59    0.00    4.59
   60.07    4.63    0.00    4.63
   62.93    4.67    0.00    4.67
   65.80    4.71    0.00    4.71
   70.57    4.75    0.00    4.75
   75.35    4.77    0.00    4.77
   80.12    4.78    0.00    4.78
   84.90    4.78    0.00    4.78
   89.67    4.76    0.00    4.76
   94.44    4.73    0.00    4.73
   99.22    4.69    0.00    4.69
  103.99    4.65    0.00    4.65
  108.77    4.59    0.00    4.59
  113.54    4.52    0.00    4.52
   34.94    4.25    0.00    4.25
   37.40    4.25    0.00    4.25
   40.26    4.28    0.00    4.28
   43.13    4.33    0.00    4.33
   45.99    4.39    0.00    4.39
   48.85    4.44    0.00    4.44
   51.71    4.49    0.00    4.49
   54.58    4.54    0.00    4.54
   57.44    4.59    0.00    4.59
   60.30    4.63    0.00    4.63
   63.16    4.67    0.00    4.67
   66.03    4.71    0.00    4.71
   70.80    4.75    0.00    4.75
   75.57    4.77    0.00    4.77
   80.34    4.78    0.00    4.78
   85.11    4.78    0.00    4.78
   89.88    4.77    0.00    4.77
   94.65    4.73    0.00    4.73
   99.42    4.69    0.00    4.69
  104.20    4.65    0.00    4.65
  108.97    4.59    0.00    4.59
  113.74    4.52    0.00    4.52
   34.79    4.23    0.00    4.23
   37.48    4.24    0.00    4.24
   40.40    4.27    0.00    4.27
   43.28    4.33    0.00    4.33
   46.13    4.39    0.00    4.39
   48.99    4.44    0.00    4.44
   51.86    4.49    0.00    4.49
   54.72    4.55    0.00    4.55
   57.58    4.60    0.00    4.60
   60.44    4.64    0.00    4.64
   63.30    4.67    0.00    4.67
   66.16    4.71    0.00    4.71
   70.93    4.75    0.00    4.75
   75.70    4.77    0.00    4.77
   80.47    4.78    0.00    4.78
   85.24    4.78    0.00    4.78
   90.01    4.77    0.00    4.77
   94.78    4.73    0.00    4.73
   99.55    4.69    0.00    4.69
  104.32    4.65    0.00    4.65
  109.08    4.59    0.00    4.59
  113.85    4.52    0.00    4.52
   34.60    4.24    0.00    4.24
   37.59    4.24    0.00    4.24
   40.45    4.27    0.00    4.27
   43.31    4.31    0.00    4.31
   46.16    4.39    0.00    4.39
   49.02    4.44    0.00    4.44
   51.84    4.49    0.00    4.49
   54.76    4.55    0.00    4.55
   57.62    4.60    0.00    4.60
   60.48    4.64    0.00    4.64
   63.34    4.67    0.00    4.67
   66.20    4.71    0.00    4.71
   70.97    4.75    0.00    4.75
   75.74    4.77    0.00    4.77
   80.51    4.79    0.00    4.79
   85.28    4.78    0.00    4.78
   90.04    4.77    0.00    4.77
   94.81    4.74    0.00    4.74
   99.58    4.70    0.00    4.70
  104.35    4.65    0.00    4.65
  109.12    4.59    0.00    4.59
  113.89    4.52    0.00    4.52
   34.41    4.24    0.00    4.24
   37.48    4.24    0.00    4.24
   40.34    4.27    0.00    4.27
   43.20    4.33    0.00    4.33
   46.07    4.39    0.00    4.39
   48.93    4.44    0.00    4.44
   51.79    4.47    0.00    4.47
   54.67    4.54    0.00    4.54
   57.47    4.59    0.00    4.59
   60.38    4.63    0.00    4.63
   63.24    4.67    0.00    4.67
   66.10    4.71    0.00    4.71
   70.87    4.75    0.00    4.75
   75.64    4.77    0.00    4.77
   80.41    4.79    0.00    4.79
   85.18    4.78    0.00    4.78
   89.95    4.77    0.00    4.77
   94.72    4.74    0.00    4.74
   99.49    4.70    0.00    4.70
  104.26    4.65    0.00    4.65
  109.03    4.59    0.00    4.59
  113.80    4.52    0.00    4.52
   34.23    4.24    0.00    4.24
   37.28    4.23    0.00    4.23
   40.15    4.26    0.00    4.26
   43.01    4.32    0.00    4.32
   45.88    4.38    0.00    4.38
   48.74    4.43    0.00    4.43
   51.60    4.49    0.00    4.49
   54.47    4.54    0.00    4.54
   57.33    4.57    0.00    4.57
   60.26    4.63    0.00    4.63
   63.06    4.67    0.00    4.67
   65.92    4.71    0.00    4.71
   70.69    4.75    0.00    4.75
   75.47    4.77    0.00    4.77
   80.24    4.79    0.00    4.79
   85.01    4.79    0.00    4.79
   89.78    4.77    0.00    4.77
   94.56    4.74    0.00    4.74
   99.33    4.70    0.00    4.70
  104.10    4.65    0.00    4.65
  108.87    4.59    0.00    4.59
  113.65    4.52    0.00    4.52
   34.04    4.23    0.00    4.23
   37.31    4.23    0.00    4.23
   40.18    4.26    0.00    4.26
   43.04    4.31    0.00    4.31
   45.91    4.37    0.00    4.37
   48.77    4.43    0.00    4.43
   51.63    4.49    0.00    4.49
   54.49    4.54    0.00    4.54
   57.36    4.58    0.00    4.58
   60.22    4.63    0.00    4.63
   63.09    4.66    0.00    4.66
   67.40    4.71    0.00    4.71
   70.72    4.75    0.00    4.75
   75.50    4.77    0.00    4.77
   80.27    4.79    0.00    4.79
   85.04    4.79    0.00    4.79
   89.81    4.77    0.00    4.77
   94.58    4.74    0.00    4.74
   99.35    4.70    0.00    4.70
  104.13    4.66    0.00    4.66
  108.90    4.59    0.00    4.59
  113.67    4.52    0.00    4.52
   33.85    4.22    0.00    4.22
   37.33    4.22    0.00    4.22
   40.19    4.25    0.00    4.25
   43.05    4.31    0.00    4.31
   45.92    4.37    0.00    4.37
   48.78    4.42    0.00    4.42
   51.64    4.48    0.00    4.48
   54.51    4.53    0.00    4.53
   57.37    4.58    0.00    4.58
   60.23    4.62    0.00    4.62
   63.09    4.66    0.00    4.66
   65.96    4.70    0.00    4.70
   70.73    4.75    0.00    4.75
   75.50    4.77    0.00    4.77
   80.27    4.79    0.00    4.79
   85.07    4.79    0.00    4.79
   89.82    4.78    0.00    4.78
   94.59    4.74    0.00    4.74
   99.36    4.70    0.00    4.70
  104.14    4.66    0.00    4.66
  108.91    4.60    0.00    4.60
  113.68    4.53    0.00    4.53
   33.66    4.19    0.00    4.19
   34.64    4.23    0.00    4.23
   37.50    4.22    0.00    4.22
   40.36    4.25    0.00    4.25
   43.23    4.31    0.00    4.31
   46.09    4.37    0.00    4.37
   48.95    4.42    0.00    4.42
   51.81    4.48    0.00    4.48
   54.67    4.53    0.00    4.53
   57.53    4.58    0.00    4.58
   60.40    4.62    0.00    4.62
   63.26    4.66    0.00    4.66
   66.12    4.71    0.00    4.71
   70.89    4.75    0.00    4.75
   75.66    4.77    0.00    4.77
   80.43    4.78    0.00    4.78
   85.20    4.78    0.00    4.78
   89.90    4.78    0.00    4.78
   92.81    4.74    0.00    4.74
   99.55    4.70    0.00    4.70
  104.28    4.66    0.00    4.66
  109.05    4.60    0.00    4.60
  113.82    4.52    0.00    4.52
   33.48    4.19    0.00    4.19
   34.77    4.23    0.00    4.23
   37.63    4.22    0.00    4.22
   40.49    4.25    0.00    4.25
   43.35    4.31    0.00    4.31
   46.22    4.37    0.00    4.37
   49.08    4.42    0.00    4.42
   51.94    4.48    0.00    4.48
   54.80    4.53    0.00    4.53
   57.66    4.58    0.00    4.58
   60.52    4.62    0.00    4.62
   63.38    4.66    0.00    4.66
   66.24    4.71    0.00    4.71
   71.01    4.75    0.00    4.75
   75.78    4.77    0.00    4.77
   80.55    4.79    0.00    4.79
   85.31    4.78    0.00    4.78
   90.08    4.77    0.00    4.77
   94.85    4.74    0.00    4.74
   99.62    4.72    0.00    4.72
  104.36    4.66    0.00    4.66
  109.17    4.59    0.00    4.59
  113.92    4.52    0.00    4.52
   33.29    4.19    0.00    4.19
   34.87    4.23    0.00    4.23
   37.73    4.22    0.00    4.22
   40.59    4.25    0.00    4.25
   43.45    4.30    0.00    4.30
   46.31    4.37    0.00    4.37
   49.17    4.43    0.00    4.43
   52.03    4.48    0.00    4.48
   54.89    4.53    0.00    4.53
   57.75    4.58    0.00    4.58
   60.61    4.62    0.00    4.62
   63.47    4.66    0.00    4.66
   66.33    4.71    0.00    4.71
   71.10    4.75    0.00    4.75
   75.87    4.77    0.00    4.77
   80.63    4.79    0.00    4.79
   85.40    4.78    0.00    4.78
   90.17    4.77    0.00    4.77
   94.93    4.74    0.00    4.74
   99.70    4.70    0.00    4.70
  104.47    4.65    0.00    4.65
  109.23    4.61    0.00    4.61
  113.97    4.53    0.00    4.53
   33.10    4.18    0.00    4.18
   34.92    4.23    0.00    4.23
   37.78    4.22    0.00    4.22
   40.64    4.25    0.00    4.25
   43.50    4.30    0.00    4.30
   46.36    4.36    0.00    4.36
   49.22    4.43    0.00    4.43
   52.08    4.48    0.00    4.48
   54.94    4.53    0.00    4.53
   57.80    4.58    0.00    4.58
   60.66    4.62    0.00    4.62
   63.52    4.66    0.00    4.66
   66.38    4.71    0.00    4.71
   71.14    4.75    0.00    4.75
   75.91    4.77    0.00    4.77
   80.67    4.79    0.00    4.79
   85.44    4.78    0.00    4.78
   90.20    4.77    0.00    4.77
   94.97    4.74    0.00    4.74
   99.74    4.70    0.00    4.70
  104.50    4.65    0.00    4.65
  109.27    4.59    0.00    4.59
  114.04    4.52    0.00    4.52
   32.91    4.18    0.00    4.18
   34.92    4.23    0.00    4.23
   37.78    4.21    0.00    4.21
   40.64    4.24    0.00    4.24
   43.50    4.30    0.00    4.30
   46.36    4.36    0.00    4.36
   49.22    4.42    0.00    4.42
   52.08    4.48    0.00    4.48
   54.94    4.53    0.00    4.53
   57.80    4.58    0.00    4.58
   60.66    4.62    0.00    4.62
   63.52    4.66    0.00    4.66
   66.38    4.71    0.00    4.71
   71.15    4.75    0.00    4.75
   75.91    4.77    0.00    4.77
   80.68    4.79    0.00    4.79
   85.44    4.78    0.00    4.78
   90.21    4.77    0.00    4.77
   94.98    4.74    0.00    4.74
   99.74    4.70    0.00    4.70
  104.51    4.65    0.00    4.65
  109.27    4.59    0.00    4.59
  114.04    4.52    0.00    4.52
   32.73    4.17    0.00    4.17
   34.95    4.22    0.00    4.22
   37.81    4.21    0.00    4.21
   40.67    4.24    0.00    4.24
   43.53    4.30    0.00    4.30
   46.39    4.36    0.00    4.36
   49.25    4.42    0.00    4.42
   52.11    4.47    0.00    4.47
   54.97    4.53    0.00    4.53
   57.83    4.57    0.00    4.57
   60.69    4.62    0.00    4.62
   63.55    4.66    0.00    4.66
   66.40    4.70    0.00    4.70
   71.17    4.75    0.00    4.75
   75.94    4.77    0.00    4.77
   80.70    4.79    0.00    4.79
   85.47    4.78    0.00    4.78
   90.23    4.77    0.00    4.77
   95.00    4.74    0.00    4.74
   99.76    4.70    0.00    4.70
  104.53    4.65    0.00    4.65
  109.30    4.59    0.00    4.59
  114.06    4.52    0.00    4.52
   32.54    4.17    0.00    4.17
   34.90    4.22    0.00    4.22
   37.76    4.20    0.00    4.20
   40.62    4.24    0.00    4.24
   43.48    4.29    0.00    4.29
   46.34    4.35    0.00    4.35
   49.20    4.42    0.00    4.42
   52.06    4.47    0.00    4.47
   54.92    4.52    0.00    4.52
   57.78    4.57    0.00    4.57
   60.64    4.61    0.00    4.61
   63.50    4.65    0.00    4.65
   66.36    4.70    0.00    4.70
   71.12    4.75    0.00    4.75
   75.89    4.77    0.00    4.77
   80.66    4.79    0.00    4.79
   85.42    4.78    0.00    4.78
   90.19    4.77    0.00    4.77
   94.96    4.74    0.00    4.74
   99.72    4.71    0.00    4.71
  104.49    4.65    0.00    4.65
  109.25    4.59    0.00    4.59
  114.02    4.52    0.00    4.52
   32.35    4.17    0.00    4.17
   34.85    4.21    0.00    4.21
   37.71    4.20    0.00    4.20
   40.57    4.23    0.00    4.23
   43.43    4.29    0.00    4.29
   46.29    4.35    0.00    4.35
   49.15    4.41    0.00    4.41
   52.01    4.47    0.00    4.47
   54.87    4.52    0.00    4.52
   57.73    4.57    0.00    4.57
   60.59    4.61    0.00    4.61
   63.45    4.65    0.00    4.65
   66.31    4.70    0.00    4.70
   71.08    4.75    0.00    4.75
   75.84    4.77    0.00    4.77
   80.61    4.79    0.00    4.79
   85.38    4.78    0.00    4.78
   90.15    4.77    0.00    4.77
   94.91    4.75    0.00    4.75
   99.68    4.71    0.00    4.71
  104.45    4.65    0.00    4.65
  109.21    4.59    0.00    4.59
  113.98    4.52    0.00    4.52
   32.09    4.16    0.00    4.16
   34.80    4.21    0.00    4.21
   37.66    4.20    0.00    4.20
   40.52    4.23    0.00    4.23
   43.38    4.29    0.00    4.29
   46.24    4.35    0.00    4.35
   49.10    4.41    0.00    4.41
   51.96    4.47    0.00    4.47
   54.82    4.52    0.00    4.52
   57.69    4.57    0.00    4.57
   60.55    4.61    0.00    4.61
   63.41    4.65    0.00    4.65
   66.27    4.70    0.00    4.70
   71.03    4.75    0.00    4.75
   75.80    4.77    0.00    4.77
   80.57    4.79    0.00    4.79
   85.34    4.78    0.00    4.78
   90.11    4.77    0.00    4.77
   94.87    4.75    0.00    4.75
   99.64    4.71    0.00    4.71
  104.41    4.65    0.00    4.65
  109.17    4.59    0.00    4.59
  113.94    4.52    0.00    4.52
   31.87    4.13    0.00    4.13
   32.94    4.17    0.00    4.17
   34.85    4.21    0.00    4.21
   37.71    4.19    0.00    4.19
   40.57    4.23    0.00    4.23
   43.43    4.28    0.00    4.28
   46.29    4.35    0.00    4.35
   49.15    4.41    0.00    4.41
   52.01    4.47    0.00    4.47
   54.87    4.52    0.00    4.52
   57.73    4.57    0.00    4.57
   60.59    4.61    0.00    4.61
   63.45    4.65    0.00    4.65
   66.31    4.70    0.00    4.70
   71.08    4.75    0.00    4.75
   75.84    4.77    0.00    4.77
   80.61    4.79    0.00    4.79
   85.38    4.78    0.00    4.78
   90.14    4.77    0.00    4.77
   94.91    4.75    0.00    4.75
   99.68    4.71    0.00    4.71
  104.44    4.65    0.00    4.65
  109.21    4.59    0.00    4.59
  113.98    4.52    0.00    4.52
   31.58    4.13    0.00    4.13
   33.00    4.17    0.00    4.17
   34.91    4.21    0.00    4.21
   37.77    4.19    0.00    4.19
   40.62    4.23    0.00    4.23
   43.48    4.28    0.00    4.28
   46.34    4.35    0.00    4.35
   49.20    4.41    0.00    4.41
   52.06    4.46    0.00    4.46
   54.92    4.52    0.00    4.52
   57.78    4.57    0.00    4.57
   60.64    4.61    0.00    4.61
   63.50    4.65    0.00    4.65
   66.36    4.70    0.00    4.70
   71.13    4.75    0.00    4.75
   75.89    4.77    0.00    4.77
   80.66    4.79    0.00    4.79
   85.43    4.78    0.00    4.78
   90.19    4.77    0.00    4.77
   94.96    4.74    0.00    4.74
   99.73    4.70    0.00    4.70
  104.49    4.65    0.00    4.65
  109.26    4.59    0.00    4.59
  114.03    4.52    0.00    4.52
   31.45    4.13    0.00    4.13
   32.99    4.16    0.00    4.16
   34.89    4.20    0.00    4.20
   37.75    4.19    0.00    4.19
   40.61    4.23    0.00    4.23
   43.47    4.28    0.00    4.28
   46.33    4.35    0.00    4.35
   49.19    4.41    0.00    4.41
   52.05    4.46    0.00    4.46
   54.91    4.52    0.00    4.52
   57.77    4.57    0.00    4.57
   60.63    4.61    0.00    4.61
   63.49    4.65    0.00    4.65
   66.35    4.70    0.00    4.70
   71.12    4.75    0.00    4.75
   75.88    4.77    0.00    4.77
   80.65    4.79    0.00    4.79
   85.42    4.78    0.00    4.78
   90.18    4.77    0.00    4.77
   94.95    4.74    0.00    4.74
   99.72    4.70    0.00    4.70
  104.48    4.65    0.00    4.65
  109.25    4.59    0.00    4.59
  114.02    4.52    0.00    4.52
   31.34    4.13    0.00    4.13
   33.02    4.16    0.00    4.16
   34.93    4.21    0.00    4.21
   37.79    4.19    0.00    4.19
   40.65    4.23    0.00    4.23
   43.51    4.28    0.00    4.28
   46.37    4.35    0.00    4.35
   49.23    4.41    0.00    4.41
   52.09    4.46    0.00    4.46
   54.95    4.52    0.00    4.52
   57.81    4.57    0.00    4.57
   60.67    4.61    0.00    4.61
   63.53    4.65    0.00    4.65
   66.39    4.70    0.00    4.70
   71.15    4.75    0.00    4.75
   75.92    4.77    0.00    4.77
   80.68    4.79    0.00    4.79
   85.45    4.78    0.00    4.78
   90.22    4.77    0.00    4.77
   94.98    4.74    0.00    4.74
   99.75    4.70    0.00    4.70
  104.51    4.64    0.00    4.64
  109.28    4.59    0.00    4.59
  114.05    4.52    0.00    4.52
   31.23    4.13    0.00    4.13
   33.12    4.17    0.00    4.17
   35.03    4.21    0.00    4.21
   37.89    4.20    0.00    4.20
   40.74    4.23    0.00    4.23
   43.60    4.28    0.00    4.28
   46.46    4.35    0.00    4.35
   49.32    4.41    0.00    4.41
   52.18    4.47    0.00    4.47
   55.04    4.52    0.00    4.52
   57.90    4.57    0.00    4.57
   60.76    4.61    0.00    4.61
   63.62    4.66    0.00    4.66
   66.47    4.70    0.00    4.70
   71.24    4.75    0.00    4.75
   76.00    4.78    0.00    4.78
   80.77    4.79    0.00    4.79
   85.53    4.78    0.00    4.78
   90.30    4.77    0.00    4.77
   95.06    4.74    0.00    4.74
   99.83    4.70    0.00    4.70
  104.59    4.64    0.00    4.64
  109.36    4.59    0.00    4.59
  114.12    4.52    0.00    4.52
   31.14    4.13    0.00    4.13
   33.01    4.17    0.00    4.17
   34.91    4.21    0.00    4.21
   37.77    4.19    0.00    4.19
   40.63    4.23    0.00    4.23
   43.49    4.28    0.00    4.28
   46.35    4.35    0.00    4.35
   49.21    4.41    0.00    4.41
   52.07    4.47    0.00    4.47
   54.93    4.52    0.00    4.52
   57.79    4.57    0.00    4.57
   60.65    4.61    0.00    4.61
   63.51    4.65    0.00    4.65
   66.37    4.70    0.00    4.70
   71.14    4.75    0.00    4.75
   75.90    4.78    0.00    4.78
   80.67    4.79    0.00    4.79
   85.43    4.78    0.00    4.78
   90.20    4.77    0.00    4.77
   94.97    4.74    0.00    4.74
   99.73    4.70    0.00    4.70
  104.50    4.64    0.00    4.64
  109.26    4.59    0.00    4.59
  114.03    4.52    0.00    4.52
   31.22    4.13    0.00    4.13
   32.88    4.17    0.00    4.17
   34.78    4.21    0.00    4.21
   37.65    4.19    0.00    4.19
   40.51    4.23    0.00    4.23
   43.37    4.28    0.00    4.28
   46.23    4.35    0.00    4.35
   49.09    4.41    0.00    4.41
   51.95    4.46    0.00    4.46
   54.81    4.52    0.00    4.52
   57.67    4.56    0.00    4.56
   60.53    4.61    0.00    4.61
   63.39    4.65    0.00    4.65
   66.25    4.70    0.00    4.70
   71.02    4.75    0.00    4.75
   75.79    4.77    0.00    4.77
   80.56    4.79    0.00    4.79
   85.32    4.78    0.00    4.78
   90.09    4.77    0.00    4.77
   94.86    4.74    0.00    4.74
   99.63    4.70    0.00    4.70
  104.39    4.64    0.00    4.64
  109.16    4.59    0.00    4.59
  113.93    4.51    0.00    4.51
   31.30    4.13    0.00    4.13
   32.81    4.17    0.00    4.17
   34.72    4.21    0.00    4.21
   37.58    4.19    0.00    4.19
   40.45    4.23    0.00    4.23
   43.31    4.28    0.00    4.28
   46.17    4.35    0.00    4.35
   49.03    4.40    0.00    4.40
   51.89    4.46    0.00    4.46
   54.75    4.51    0.00    4.51
   57.61    4.56    0.00    4.56
   60.47    4.61    0.00    4.61
   63.34    4.65    0.00    4.65
   66.20    4.70    0.00    4.70
   70.96    4.75    0.00    4.75
   75.73    4.77    0.00    4.77
   80.50    4.79    0.00    4.79
   85.27    4.78    0.00    4.78
   90.04    4.77    0.00    4.77
   94.81    4.74    0.00    4.74
   99.58    4.70    0.00    4.70
  104.34    4.64    0.00    4.64
  109.11    4.58    0.00    4.58
  113.88    4.50    0.00    4.50
   31.37    4.13    0.00    4.13
   32.78    4.17    0.00    4.17
   34.69    4.21    0.00    4.21
   37.55    4.19    0.00    4.19
   40.41    4.23    0.00    4.23
   43.27    4.28    0.00    4.28
   46.13    4.35    0.00    4.35
   48.99    4.40    0.00    4.40
   51.85    4.46    0.00    4.46
   54.72    4.51    0.00    4.51
   57.58    4.56    0.00    4.56
   60.44    4.61    0.00    4.61
   63.30    4.65    0.00    4.65
   66.16    4.70    0.00    4.70
   70.93    4.75    0.00    4.75
   75.70    4.77    0.00    4.77
   80.47    4.79    0.00    4.79
   85.24    4.78    0.00    4.78
   90.01    4.77    0.00    4.77
   94.78    4.74    0.00    4.74
   99.55    4.69    0.00    4.69
  104.31    4.64    0.00    4.64
  109.08    4.57    0.00    4.57
  113.85    4.50    0.00    4.50
   31.44    4.13    0.00    4.13
   32.74    4.17    0.00    4.17
   34.64    4.21    0.00    4.21
   37.51    4.19    0.00    4.19
   40.37    4.23    0.00    4.23
   43.23    4.28    0.00    4.28
   46.09    4.35    0.00    4.35
   48.95    4.40    0.00    4.40
   51.81    4.46    0.00    4.46
   54.68    4.51    0.00    4.51
   57.54    4.56    0.00    4.56
   60.40    4.61    0.00    4.61
   63.26    4.65    0.00    4.65
   66.12    4.70    0.00    4.70
   70.89    4.75    0.00    4.75
   75.66    4.77    0.00    4.77
   80.43    4.79    0.00    4.79
   85.20    4.78    0.00    4.78
   89.97    4.76    0.00    4.76
   94.74    4.73    0.00    4.73
   99.51    4.69    0.00    4.69
  104.28    4.64    0.00    4.64
  109.05    4.57    0.00    4.57
  113.82    4.50    0.00    4.50
   31.51    4.14    0.00    4.14
   32.76    4.17    0.00    4.17
   34.67    4.21    0.00    4.21
   37.53    4.19    0.00    4.19
   40.39    4.23    0.00    4.23
   43.25    4.28    0.00    4.28
   46.11    4.35    0.00    4.35
   48.97    4.40    0.00    4.40
   51.84    4.46    0.00    4.46
   54.70    4.52    0.00    4.52
   57.56    4.57    0.00    4.57
   60.42    4.61    0.00    4.61
   63.28    4.65    0.00    4.65
   66.14    4.70    0.00    4.70
   70.91    4.75    0.00    4.75
   75.68    4.77    0.00    4.77
   80.45    4.79    0.00    4.79
   85.22    4.78    0.00    4.78
   89.99    4.76    0.00    4.76
   94.76    4.73    0.00    4.73
   99.53    4.69    0.00    4.69
  104.30    4.64    0.00    4.64
  109.07    4.57    0.00    4.57
  113.84    4.50    0.00    4.50
   31.58    4.14    0.00    4.14
   32.84    4.17    0.00    4.17
   34.75    4.21    0.00    4.21
   37.61    4.19    0.00    4.19
   40.47    4.23    0.00    4.23
   43.34    4.28    0.00    4.28
   46.20    4.35    0.00    4.35
   49.06    4.40    0.00    4.40
   51.92    4.46    0.00    4.46
   54.78    4.52    0.00    4.52
   57.64    4.57    0.00    4.57
   60.50    4.61    0.00    4.61
   63.36    4.65    0.00    4.65
   66.22    4.70    0.00    4.70
   70.99    4.75    0.00    4.75
   75.76    4.77    0.00    4.77
   80.53    4.79    0.00    4.79
   85.30    4.78    0.00    4.78
   90.06    4.76    0.00    4.76
   94.83    4.73    0.00    4.73
   99.60    4.69    0.00    4.69
  104.37    4.63    0.00    4.63
  109.14    4.57    0.00    4.57
  113.91    4.50    0.00    4.50
   31.65    4.14    0.00    4.14
   32.92    4.17    0.00    4.17
   34.83    4.21    0.00    4.21
   37.69    4.20    0.00    4.20
   40.55    4.23    0.00    4.23
   43.41    4.29    0.00    4.29
   46.27    4.35    0.00    4.35
   49.13    4.40    0.00    4.40
   51.99    4.47    0.00    4.47
   54.85    4.52    0.00    4.52
   57.71    4.57    0.00    4.57
   60.57    4.61    0.00    4.61
   63.43    4.65    0.00    4.65
   66.29    4.70    0.00    4.70
   71.06    4.75    0.00    4.75
   75.82    4.77    0.00    4.77
   80.59    4.79    0.00    4.79
   85.36    4.78    0.00    4.78
   90.13    4.76    0.00    4.76
   94.89    4.73    0.00    4.73
   99.66    4.69    0.00    4.69
  104.43    4.63    0.00    4.63
  109.19    4.57    0.00    4.57
  113.96    4.50    0.00    4.50
   31.72    4.14    0.00    4.14
   32.94    4.17    0.00    4.17
   34.84    4.21    0.00    4.21
   37.70    4.20    0.00    4.20
   40.57    4.23    0.00    4.23
   43.43    4.29    0.00    4.29
   46.29    4.35    0.00    4.35
   49.15    4.41    0.00    4.41
   52.01    4.47    0.00    4.47
   54.87    4.52    0.00    4.52
   57.73    4.57    0.00    4.57
   60.59    4.61    0.00    4.61
   63.45    4.65    0.00    4.65
   66.31    4.70    0.00    4.70
   71.08    4.75    0.00    4.75
   75.84    4.77    0.00    4.77
   80.61    4.79    0.00    4.79
   85.38    4.78    0.00    4.78
   90.14    4.76    0.00    4.76
   94.91    4.73    0.00    4.73
   99.68    4.68    0.00    4.68
  104.44    4.63    0.00    4.63
  109.21    4.56    0.00    4.56
  113.98    4.50    0.00    4.50
   31.79    4.14    0.00    4.14
   32.95    4.17    0.00    4.17
   34.86    4.21    0.00    4.21
   37.72    4.20    0.00    4.20
   40.58    4.23    0.00    4.23
   43.44    4.29    0.00    4.29
   46.30    4.35    0.00    4.35
   49.16    4.42    0.00    4.42
   52.02    4.47    0.00    4.47
   54.88    4.52    0.00    4.52
   57.74    4.57    0.00    4.57
   60.60    4.61    0.00    4.61
   63.46    4.66    0.00    4.66
   66.32    4.70    0.00    4.70
   71.09    4.75    0.00    4.75
   75.86    4.77    0.00    4.77
   80.62    4.79    0.00    4.79
   85.39    4.78    0.00    4.78
   90.16    4.76    0.00    4.76
   94.92    4.73    0.00    4.73
   99.69    4.68    0.00    4.68
  104.46    4.63    0.00    4.63
  109.22    4.56    0.00    4.56
  113.99    4.50    0.00    4.50
   31.86    4.14    0.00    4.14
   32.95    4.17    0.00    4.17
   34.85    4.21    0.00    4.21
   37.71    4.20    0.00    4.20
   40.57    4.23    0.00    4.23
   43.44    4.29    0.00    4.29
   46.30    4.35    0.00    4.35
   49.16    4.42    0.00    4.42
   52.02    4.47    0.00    4.47
   54.88    4.52    0.00    4.52
   57.73    4.57    0.00    4.57
   60.60    4.61    0.00    4.61
   63.46    4.66    0.00    4.66
   66.32    4.70    0.00    4.70
   71.08    4.75    0.00    4.75
   75.85    4.77    0.00    4.77
   80.62    4.79    0.00    4.79
   85.38    4.78    0.00    4.78
   90.15    4.76    0.00    4.76
   94.92    4.73    0.00    4.73
   99.68    4.68    0.00    4.68
  104.45    4.62    0.00    4.62
  109.22    4.56    0.00    4.56
  113.98    4.50    0.00    4.50
   31.93    4.14    0.00    4.14
   32.89    4.17    0.00    4.17
   34.80    4.21    0.00    4.21
   37.66    4.20    0.00    4.20
   40.52    4.23    0.00    4.23
   43.38    4.29    0.00    4.29
   46.24    4.35    0.00    4.35
   49.10    4.41    0.00    4.41
   51.96    4.47    0.00    4.47
   54.82    4.52    0.00    4.52
   57.68    4.57    0.00    4.57
   60.54    4.61    0.00    4.61
   63.40    4.66    0.00    4.66
   66.27    4.71    0.00    4.71
   71.03    4.75    0.00    4.75
   75.80    4.77    0.00    4.77
   80.57    4.79    0.00    4.79
   85.34    4.78    0.00    4.78
   90.10    4.76    0.00    4.76
   94.87    4.73    0.00    4.73
   99.64    4.68    0.00    4.68
  104.41    4.62    0.00    4.62
  109.17    4.56    0.00    4.56
  113.94    4.50    0.00    4.50
   32.00    4.14    0.00    4.14
   32.97    4.17    0.00    4.17
   34.88    4.21    0.00    4.21
   37.73    4.20    0.00    4.20
   40.59    4.23    0.00    4.23
   43.45    4.29    0.00    4.29
   46.31    4.35    0.00    4.35
   49.17    4.42    0.00    4.42
   52.03    4.47    0.00    4.47
   54.90    4.52    0.00    4.52
   57.76    4.57    0.00    4.57
   60.62    4.62    0.00    4.62
   63.48    4.66    0.00    4.66
   66.33    4.71    0.00    4.71
   71.10    4.75    0.00    4.75
   75.87    4.77    0.00    4.77
   80.64    4.79    0.00    4.79
   85.40    4.78    0.00    4.78
   90.17    4.76    0.00    4.76
   94.94    4.73    0.00    4.73
   99.70    4.68    0.00    4.68
  104.47    4.62    0.00    4.62
  109.23    4.55    0.00    4.55
  114.00    4.50    0.00    4.50
   32.07    4.14    0.00    4.14
   33.05    4.17    0.00    4.17
   34.95    4.22    0.00    4.22
   37.81    4.21    0.00    4.21
   40.67    4.24    0.00    4.24
   43.53    4.29    0.00    4.29
   46.39    4.36    0.00    4.36
   49.25    4.42    0.00    4.42
   52.11    4.47    0.00    4.47
   54.97    4.53    0.00    4.53
   57.83    4.58    0.00    4.58
   60.69    4.62    0.00    4.62
   63.55    4.66    0.00    4.66
   66.41    4.71    0.00    4.71
   71.17    4.75    0.00    4.75
   75.94    4.77    0.00    4.77
   80.70    4.79    0.00    4.79
   85.47    4.78    0.00    4.78
   90.23    4.76    0.00    4.76
   95.00    4.72    0.00    4.72
   99.77    4.68    0.00    4.68
  104.53    4.62    0.00    4.62
  109.30    4.55    0.00    4.55
  114.06    4.50    0.00    4.50
   32.14    4.17    0.00    4.17
   34.97    4.22    0.00    4.22
   37.83    4.21    0.00    4.21
   40.69    4.24    0.00    4.24
   43.54    4.29    0.00    4.29
   46.40    4.36    0.00    4.36
   49.26    4.42    0.00    4.42
   52.12    4.47    0.00    4.47
   54.98    4.53    0.00    4.53
   57.84    4.58    0.00    4.58
   60.70    4.62    0.00    4.62
   63.56    4.66    0.00    4.66
   66.42    4.71    0.00    4.71
   71.18    4.75    0.00    4.75
   75.95    4.77    0.00    4.77
   80.72    4.79    0.00    4.79
   85.48    4.78    0.00    4.78
   90.25    4.76    0.00    4.76
   95.01    4.72    0.00    4.72
   99.78    4.67    0.00    4.67
  104.54    4.62    0.00    4.62
  109.31    4.55    0.00    4.55
  114.07    4.50    0.00    4.50
   32.22    4.17    0.00    4.17
   35.00    4.22    0.00    4.22
   37.86    4.21    0.00    4.21
   40.72    4.24    0.00    4.24
   43.58    4.29    0.00    4.29
   46.44    4.36    0.00    4.36
   49.30    4.42    0.00    4.42
   52.16    4.48    0.00    4.48
   55.01    4.53    0.00    4.53
   57.87    4.58    0.00    4.58
   60.73    4.62    0.00    4.62
   63.59    4.66    0.00    4.66
   66.45    4.71    0.00    4.71
   71.22    4.75    0.00    4.75
   75.98    4.77    0.00    4.77
   80.75    4.79    0.00    4.79
   85.51    4.78    0.00    4.78
   90.28    4.76    0.00    4.76
   95.04    4.72    0.00    4.72
   99.81    4.67    0.00    4.67
  104.57    4.61    0.00    4.61
  109.33    4.54    0.00    4.54
  114.10    4.49    0.00    4.49
   32.29    4.17    0.00    4.17
   35.03    4.22    0.00    4.22
   37.89    4.21    0.00    4.21
   40.75    4.24    0.00    4.24
   43.61    4.30    0.00    4.30
   46.47    4.36    0.00    4.36
   49.33    4.42    0.00    4.42
   52.19    4.48    0.00    4.48
   55.04    4.53    0.00    4.53
   57.90    4.58    0.00    4.58
   60.76    4.62    0.00    4.62
   63.62    4.66    0.00    4.66
   66.48    4.71    0.00    4.71
   71.24    4.75    0.00    4.75
   76.01    4.77    0.00    4.77
   80.77    4.79    0.00    4.79
   85.54    4.78    0.00    4.78
   90.30    4.75    0.00    4.75
   95.07    4.72    0.00    4.72
   99.83    4.67    0.00    4.67
  104.59    4.60    0.00    4.60
  109.36    4.54    0.00    4.54
  114.12    4.49    0.00    4.49
   32.36    4.17    0.00    4.17
   35.05    4.22    0.00    4.22
   37.91    4.21    0.00    4.21
   40.77    4.24    0.00    4.24
   43.63    4.30    0.00    4.30
   46.49    4.36    0.00    4.36
   49.34    4.42    0.00    4.42
   52.20    4.48    0.00    4.48
   55.06    4.53    0.00    4.53
   57.92    4.58    0.00    4.58
   60.78    4.62    0.00    4.62
   63.64    4.66    0.00    4.66
   66.50    4.71    0.00    4.71
   71.26    4.75    0.00    4.75
   76.03    4.77    0.00    4.77
   80.79    4.79    0.00    4.79
   85.55    4.78    0.00    4.78
   90.32    4.75    0.00    4.75
   95.08    4.72    0.00    4.72
   99.85    4.67    0.00    4.67
  104.61    4.60    0.00    4.60
  109.38    4.54    0.00    4.54
  114.14    4.49    0.00    4.49
   32.43    4.17    0.00    4.17
   35.10    4.22    0.00    4.22
   37.95    4.21    0.00    4.21
   40.81    4.24    0.00    4.24
   43.67    4.31    0.00    4.31
   46.53    4.36    0.00    4.36
   49.39    4.42    0.00    4.42
   52.24    4.48    0.00    4.48
   55.10    4.53    0.00    4.53
   57.96    4.58    0.00    4.58
   60.82    4.62    0.00    4.62
   63.68    4.66    0.00    4.66
   66.54    4.71    0.00    4.71
   71.30    4.75    0.00    4.75
   76.06    4.77    0.00    4.77
   80.83    4.79    0.00    4.79
   85.59    4.78    0.00    4.78
   90.36    4.75    0.00    4.75
   95.12    4.72    0.00    4.72
   99.88    4.67    0.00    4.67
  104.65    4.60    0.00    4.60
  109.41    4.54    0.00    4.54
  114.17    4.49    0.00    4.49
   32.50    4.17    0.00    4.17
   35.16    4.22    0.00    4.22
   38.02    4.21    0.00    4.21
   40.88    4.24    0.00    4.24
   43.74    4.31    0.00    4.31
   46.60    4.36    0.00    4.36
   49.45    4.42    0.00    4.42
   52.31    4.48    0.00    4.48
   55.17    4.53    0.00    4.53
   58.03    4.58    0.00    4.58
   60.88    4.62    0.00    4.62
   63.74    4.66    0.00    4.66
   66.60    4.71    0.00    4.71
   71.36    4.75    0.00    4.75
   76.13    4.77    0.00    4.77
   80.89    4.78    0.00    4.78
   85.65    4.77    0.00    4.77
   90.41    4.75    0.00    4.75
   95.18    4.71    0.00    4.71
   99.94    4.66    0.00    4.66
  104.70    4.60    0.00    4.60
  109.47    4.52    0.00    4.52
   32.57    4.17    0.00    4.17
   35.19    4.22    0.00    4.22
   38.04    4.21    0.00    4.21
   40.90    4.24    0.00    4.24
   43.76    4.31    0.00    4.31
   46.62    4.36    0.00    4.36
   49.47    4.43    0.00    4.43
   52.33    4.48    0.00    4.48
   55.19    4.53    0.00    4.53
   58.05    4.58    0.00    4.58
   60.90    4.62    0.00    4.62
   63.76    4.67    0.00    4.67
   66.62    4.71    0.00    4.71
   71.38    4.75    0.00    4.75
   76.14    4.77    0.00    4.77
   80.91    4.78    0.00    4.78
   85.67    4.77    0.00    4.77
   90.43    4.75    0.00    4.75
   95.19    4.71    0.00    4.71
   99.96    4.66    0.00    4.66
  104.72    4.60    0.00    4.60
  109.48    4.50    0.00    4.50
