0.0050 0.0050 1.0000 11.0000
0.0150 0.0050 1.0000 11.0000
0.0250 0.0050 1.0000 11.0000
0.0350 0.0050 1.0000 11.0000
0.0450 0.0050 1.0000 11.0000
0.0550 0.0050 1.0000 11.0000
0.0650 0.0050 1.0000 11.0000
0.0750 0.0050 1.0000 11.0000
0.0850 0.0050 1.0000 11.0000
0.0950 0.0050 1.0000 11.0000
0.1050 0.0050 1.0000 11.0000
0.1150 0.0050 1.0000 11.0000
0.1250 0.0050 1.0000 11.0000
0.1350 0.0050 1.0000 11.0000
0.1450 0.0050 1.0000 11.0000
0.1550 0.0050 1.0000 11.0000
0.1650 0.0050 1.0000 11.0000
0.1750 0.0050 1.0000 11.0000
0.1850 0.0050 1.0000 11.0000
0.1950 0.0050 1.0000 11.0000
0.2050 0.0050 1.0000 11.0000
0.2150 0.0050 1.0000 11.0000
0.2250 0.0050 1.0000 11.0000
0.2350 0.0050 1.0000 11.0000
0.2450 0.0050 1.0000 11.0000
0.2550 0.0050 1.0000 11.0000
0.2650 0.0050 1.0000 11.0000
0.2750 0.0050 1.0000 11.0000
0.2850 0.0050 1.0000 11.0000
0.2950 0.0050 1.0000 11.0000
0.3050 0.0050 1.0000 11.0000
0.3150 0.0050 1.0000 11.0000
0.3250 0.0050 1.0000 11.0000
0.3350 0.0050 1.0000 11.0000
0.3450 0.0050 1.0000 11.0000
0.3550 0.0050 1.0000 11.0000
0.3650 0.0050 1.0000 11.0000
0.3750 0.0050 1.0000 11.0000
0.3850 0.0050 1.0000 11.0000
0.3950 0.0050 1.0000 11.0000
0.4050 0.0050 1.0000 11.0000
0.4150 0.0050 1.0000 11.0000
0.4250 0.0050 1.0000 11.0000
0.4350 0.0050 1.0000 11.0000
0.4450 0.0050 1.0000 11.0000
0.4550 0.0050 1.0000 11.0000
0.4650 0.0050 1.0000 11.0000
0.4750 0.0050 1.0000 11.0000
0.4850 0.0050 1.0000 11.0000
0.4950 0.0050 1.0000 11.0000
0.5050 0.0050 1.0000 11.0000
0.5150 0.0050 1.0000 11.0000
0.5250 0.0050 1.0000 11.0000
0.5350 0.0050 1.0000 11.0000
0.5450 0.0050 1.0000 11.0000
0.5550 0.0050 1.0000 11.0000
0.5650 0.0050 1.0000 11.0000
0.5750 0.0050 1.0000 11.0000
0.5850 0.0050 1.0000 11.0000
0.5950 0.0050 1.0000 11.0000
0.6050 0.0050 1.0000 11.0000
0.6150 0.0050 1.0000 11.0000
0.6250 0.0050 1.0000 11.0000
0.6350 0.0050 1.0000 11.0000
0.6450 0.0050 1.0000 11.0000
0.6550 0.0050 1.0000 11.0000
0.6650 0.0050 1.0000 11.0000
0.6750 0.0050 1.0000 11.0000
0.6850 0.0050 1.0000 11.0000
0.6950 0.0050 1.0000 11.0000
0.7050 0.0050 1.0000 11.0000
0.7150 0.0050 1.0000 11.0000
0.7250 0.0050 1.0000 11.0000
0.7350 0.0050 1.0000 11.0000
0.7450 0.0050 1.0000 11.0000
0.7550 0.0050 1.0000 11.0000
0.7650 0.0050 1.0000 11.0000
0.7750 0.0050 1.0000 11.0000
0.7850 0.0050 1.0000 11.0000
0.7950 0.0050 1.0000 11.0000
0.8050 0.0050 1.0000 11.0000
0.8150 0.0050 1.0000 11.0000
0.8250 0.0050 1.0000 11.0000
0.8350 0.0050 1.0000 11.0000
0.8450 0.0050 1.0000 11.0000
0.8550 0.0050 1.0000 11.0000
0.8650 0.0050 1.0000 11.0000
0.8750 0.0050 1.0000 11.0000
0.8850 0.0050 1.0000 11.0000
0.8950 0.0050 1.0000 11.0000
0.9050 0.0050 1.0000 11.0000
0.9150 0.0050 1.0000 11.0000
0.9250 0.0050 1.0000 11.0000
0.9350 0.0050 1.0000 11.0000
0.9450 0.0050 1.0000 11.0000
0.9550 0.0050 1.0000 11.0000
0.9650 0.0050 1.0000 11.0000
0.9750 0.0050 1.0000 11.0000
0.9850 0.0050 1.0000 11.0000
0.9950 0.0050 1.0000 11.0000
0.0050 0.0150 1.0000 11.0000
0.0150 0.0150 1.0000 11.0000
0.0250 0.0150 1.0000 11.0000
0.0350 0.0150 1.0000 11.0000
0.0450 0.0150 1.0000 11.0000
0.0550 0.0150 1.0000 11.0000
0.0650 0.0150 1.0000 11.0000
0.0750 0.0150 1.0000 11.0000
0.0850 0.0150 1.0000 11.0000
0.0950 0.0150 1.0000 11.0000
0.1050 0.0150 1.0000 11.0000
0.1150 0.0150 1.0000 11.0000
0.1250 0.0150 1.0000 11.0000
0.1350 0.0150 1.0000 11.0000
0.1450 0.0150 1.0000 11.0000
0.1550 0.0150 1.0000 11.0000
0.1650 0.0150 1.0000 11.0000
0.1750 0.0150 1.0000 11.0000
0.1850 0.0150 1.0000 11.0000
0.1950 0.0150 1.0000 11.0000
0.2050 0.0150 1.0000 11.0000
0.2150 0.0150 1.0000 11.0000
0.2250 0.0150 1.0000 11.0000
0.2350 0.0150 1.0000 11.0000
0.2450 0.0150 1.0000 11.0000
0.2550 0.0150 1.0000 11.0000
0.2650 0.0150 1.0000 11.0000
0.2750 0.0150 1.0000 11.0000
0.2850 0.0150 1.0000 11.0000
0.2950 0.0150 1.0000 11.0000
0.3050 0.0150 1.0000 11.0000
0.3150 0.0150 1.0000 11.0000
0.3250 0.0150 1.0000 11.0000
0.3350 0.0150 1.0000 11.0000
0.3450 0.0150 1.0000 11.0000
0.3550 0.0150 1.0000 11.0000
0.3650 0.0150 1.0000 11.0000
0.3750 0.0150 1.0000 11.0000
0.3850 0.0150 1.0000 11.0000
0.3950 0.0150 1.0000 11.0000
0.4050 0.0150 1.0000 11.0000
0.4150 0.0150 1.0000 11.0000
0.4250 0.0150 1.0000 11.0000
0.4350 0.0150 1.0000 11.0000
0.4450 0.0150 1.0000 11.0000
0.4550 0.0150 1.0000 11.0000
0.4650 0.0150 1.0000 11.0000
0.4750 0.0150 1.0000 11.0000
0.4850 0.0150 1.0000 11.0000
0.4950 0.0150 1.0000 11.0000
0.5050 0.0150 1.0000 11.0000
0.5150 0.0150 1.0000 11.0000
0.5250 0.0150 1.0000 11.0000
0.5350 0.0150 1.0000 11.0000
0.5450 0.0150 1.0000 11.0000
0.5550 0.0150 1.0000 11.0000
0.5650 0.0150 1.0000 11.0000
0.5750 0.0150 1.0000 11.0000
0.5850 0.0150 1.0000 11.0000
0.5950 0.0150 1.0000 11.0000
0.6050 0.0150 1.0000 11.0000
0.6150 0.0150 1.0000 11.0000
0.6250 0.0150 1.0000 11.0000
0.6350 0.0150 1.0000 11.0000
0.6450 0.0150 1.0000 11.0000
0.6550 0.0150 1.0000 11.0000
0.6650 0.0150 1.0000 11.0000
0.6750 0.0150 1.0000 11.0000
0.6850 0.0150 1.0000 11.0000
0.6950 0.0150 1.0000 11.0000
0.7050 0.0150 1.0000 11.0000
0.7150 0.0150 1.0000 11.0000
0.7250 0.0150 1.0000 11.0000
0.7350 0.0150 1.0000 11.0000
0.7450 0.0150 1.0000 11.0000
0.7550 0.0150 1.0000 11.0000
0.7650 0.0150 1.0000 11.0000
0.7750 0.0150 1.0000 11.0000
0.7850 0.0150 1.0000 11.0000
0.7950 0.0150 1.0000 11.0000
0.8050 0.0150 1.0000 11.0000
0.8150 0.0150 1.0000 11.0000
0.8250 0.0150 1.0000 11.0000
0.8350 0.0150 1.0000 11.0000
0.8450 0.0150 1.0000 11.0000
0.8550 0.0150 1.0000 11.0000
0.8650 0.0150 1.0000 11.0000
0.8750 0.0150 1.0000 11.0000
0.8850 0.0150 1.0000 11.0000
0.8950 0.0150 1.0000 11.0000
0.9050 0.0150 1.0000 11.0000
0.9150 0.0150 1.0000 11.0000
0.9250 0.0150 1.0000 11.0000
0.9350 0.0150 1.0000 11.0000
0.9450 0.0150 1.0000 11.0000
0.9550 0.0150 1.0000 11.0000
0.9650 0.0150 1.0000 11.0000
0.9750 0.0150 1.0000 11.0000
0.9850 0.0150 1.0000 11.0000
0.9950 0.0150 1.0000 11.0000
0.0050 0.0250 1.0000 11.0000
0.0150 0.0250 1.0000 11.0000
0.0250 0.0250 1.0000 11.0000
0.0350 0.0250 1.0000 11.0000
0.0450 0.0250 1.0000 11.0000
0.0550 0.0250 1.0000 11.0000
0.0650 0.0250 1.0000 11.0000
0.0750 0.0250 1.0000 11.0000
0.0850 0.0250 1.0000 11.0000
0.0950 0.0250 1.0000 11.0000
0.1050 0.0250 1.0000 11.0000
0.1150 0.0250 1.0000 11.0000
0.1250 0.0250 1.0000 11.0000
0.1350 0.0250 1.0000 11.0000
0.1450 0.0250 1.0000 11.0000
0.1550 0.0250 1.0000 11.0000
0.1650 0.0250 1.0000 11.0000
0.1750 0.0250 1.0000 11.0000
0.1850 0.0250 1.0000 11.0000
0.1950 0.0250 1.0000 11.0000
0.2050 0.0250 1.0000 11.0000
0.2150 0.0250 1.0000 11.0000
0.2250 0.0250 1.0000 11.0000
0.2350 0.0250 1.0000 11.0000
0.2450 0.0250 1.0000 11.0000
0.2550 0.0250 1.0000 11.0000
0.2650 0.0250 1.0000 11.0000
0.2750 0.0250 1.0000 11.0000
0.2850 0.0250 1.0000 11.0000
0.2950 0.0250 1.0000 11.0000
0.3050 0.0250 1.0000 11.0000
0.3150 0.0250 1.0000 11.0000
0.3250 0.0250 1.0000 11.0000
0.3350 0.0250 1.0000 11.0000
0.3450 0.0250 1.0000 11.0000
0.3550 0.0250 1.0000 11.0000
0.3650 0.0250 1.0000 11.0000
0.3750 0.0250 1.0000 11.0000
0.3850 0.0250 1.0000 11.0000
0.3950 0.0250 1.0000 11.0000
0.4050 0.0250 1.0000 11.0000
0.4150 0.0250 1.0000 11.0000
0.4250 0.0250 1.0000 11.0000
0.4350 0.0250 1.0000 11.0000
0.4450 0.0250 1.0000 11.0000
0.4550 0.0250 1.0000 11.0000
0.4650 0.0250 1.0000 11.0000
0.4750 0.0250 1.0000 11.0000
0.4850 0.0250 1.0000 11.0000
0.4950 0.0250 1.0000 11.0000
0.5050 0.0250 1.0000 11.0000
0.5150 0.0250 1.0000 11.0000
0.5250 0.0250 1.0000 11.0000
0.5350 0.0250 1.0000 11.0000
0.5450 0.0250 1.0000 11.0000
0.5550 0.0250 1.0000 11.0000
0.5650 0.0250 1.0000 11.0000
0.5750 0.0250 1.0000 11.0000
0.5850 0.0250 1.0000 11.0000
0.5950 0.0250 1.0000 11.0000
0.6050 0.0250 1.0000 11.0000
0.6150 0.0250 1.0000 11.0000
0.6250 0.0250 1.0000 11.0000
0.6350 0.0250 1.0000 11.0000
0.6450 0.0250 1.0000 11.0000
0.6550 0.0250 1.0000 11.0000
0.6650 0.0250 1.0000 11.0000
0.6750 0.0250 1.0000 11.0000
0.6850 0.0250 1.0000 11.0000
0.6950 0.0250 1.0000 11.0000
0.7050 0.0250 1.0000 11.0000
0.7150 0.0250 1.0000 11.0000
0.7250 0.0250 1.0000 11.0000
0.7350 0.0250 1.0000 11.0000
0.7450 0.0250 1.0000 11.0000
0.7550 0.0250 1.0000 11.0000
0.7650 0.0250 1.0000 11.0000
0.7750 0.0250 1.0000 11.0000
0.7850 0.0250 1.0000 11.0000
0.7950 0.0250 1.0000 11.0000
0.8050 0.0250 1.0000 11.0000
0.8150 0.0250 1.0000 11.0000
0.8250 0.0250 1.0000 11.0000
0.8350 0.0250 1.0000 11.0000
0.8450 0.0250 1.0000 11.0000
0.8550 0.0250 1.0000 11.0000
0.8650 0.0250 1.0000 11.0000
0.8750 0.0250 1.0000 11.0000
0.8850 0.0250 1.0000 11.0000
0.8950 0.0250 1.0000 11.0000
0.9050 0.0250 1.0000 11.0000
0.9150 0.0250 1.0000 11.0000
0.9250 0.0250 1.0000 11.0000
0.9350 0.0250 1.0000 11.0000
0.9450 0.0250 1.0000 11.0000
0.9550 0.0250 1.0000 11.0000
0.9650 0.0250 1.0000 11.0000
0.9750 0.0250 1.0000 11.0000
0.9850 0.0250 1.0000 11.0000
0.9950 0.0250 1.0000 11.0000
0.0050 0.0350 1.0000 11.0000
0.0150 0.0350 1.0000 11.0000
0.0250 0.0350 1.0000 11.0000
0.0350 0.0350 1.0000 11.0000
0.0450 0.0350 1.0000 11.0000
0.0550 0.0350 1.0000 11.0000
0.0650 0.0350 1.0000 11.0000
0.0750 0.0350 1.0000 11.0000
0.0850 0.0350 1.0000 11.0000
0.0950 0.0350 1.0000 11.0000
0.1050 0.0350 1.0000 11.0000
0.1150 0.0350 1.0000 11.0000
0.1250 0.0350 1.0000 11.0000
0.1350 0.0350 1.0000 11.0000
0.1450 0.0350 1.0000 11.0000
0.1550 0.0350 1.0000 11.0000
0.1650 0.0350 1.0000 11.0000
0.1750 0.0350 1.0000 11.0000
0.1850 0.0350 1.0000 11.0000
0.1950 0.0350 1.0000 11.0000
0.2050 0.0350 1.0000 11.0000
0.2150 0.0350 1.0000 11.0000
0.2250 0.0350 1.0000 11.0000
0.2350 0.0350 1.0000 11.0000
0.2450 0.0350 1.0000 11.0000
0.2550 0.0350 1.0000 11.0000
0.2650 0.0350 1.0000 11.0000
0.2750 0.0350 1.0000 11.0000
0.2850 0.0350 1.0000 11.0000
0.2950 0.0350 1.0000 11.0000
0.3050 0.0350 1.0000 11.0000
0.3150 0.0350 1.0000 11.0000
0.3250 0.0350 1.0000 11.0000
0.3350 0.0350 1.0000 11.0000
0.3450 0.0350 1.0000 11.0000
0.3550 0.0350 1.0000 11.0000
0.3650 0.0350 1.0000 11.0000
0.3750 0.0350 1.0000 11.0000
0.3850 0.0350 1.0000 11.0000
0.3950 0.0350 1.0000 11.0000
0.4050 0.0350 1.0000 11.0000
0.4150 0.0350 1.0000 11.0000
0.4250 0.0350 1.0000 11.0000
0.4350 0.0350 1.0000 11.0000
0.4450 0.0350 1.0000 11.0000
0.4550 0.0350 1.0000 11.0000
0.4650 0.0350 1.0000 11.0000
0.4750 0.0350 1.0000 11.0000
0.4850 0.0350 1.0000 11.0000
0.4950 0.0350 1.0000 11.0000
0.5050 0.0350 1.0000 11.0000
0.5150 0.0350 1.0000 11.0000
0.5250 0.0350 1.0000 11.0000
0.5350 0.0350 1.0000 11.0000
0.5450 0.0350 1.0000 11.0000
0.5550 0.0350 1.0000 11.0000
0.5650 0.0350 1.0000 11.0000
0.5750 0.0350 1.0000 11.0000
0.5850 0.0350 1.0000 11.0000
0.5950 0.0350 1.0000 11.0000
0.6050 0.0350 1.0000 11.0000
0.6150 0.0350 1.0000 11.0000
0.6250 0.0350 1.0000 11.0000
0.6350 0.0350 1.0000 11.0000
0.6450 0.0350 1.0000 11.0000
0.6550 0.0350 1.0000 11.0000
0.6650 0.0350 1.0000 11.0000
0.6750 0.0350 1.0000 11.0000
0.6850 0.0350 1.0000 11.0000
0.6950 0.0350 1.0000 11.0000
0.7050 0.0350 1.0000 11.0000
0.7150 0.0350 1.0000 11.0000
0.7250 0.0350 1.0000 11.0000
0.7350 0.0350 1.0000 11.0000
0.7450 0.0350 1.0000 11.0000
0.7550 0.0350 1.0000 11.0000
0.7650 0.0350 1.0000 11.0000
0.7750 0.0350 1.0000 11.0000
0.7850 0.0350 1.0000 11.0000
0.7950 0.0350 1.0000 11.0000
0.8050 0.0350 1.0000 11.0000
0.8150 0.0350 1.0000 11.0000
0.8250 0.0350 1.0000 11.0000
0.8350 0.0350 1.0000 11.0000
0.8450 0.0350 1.0000 11.0000
0.8550 0.0350 1.0000 11.0000
0.8650 0.0350 1.0000 11.0000
0.8750 0.0350 1.0000 11.0000
0.8850 0.0350 1.0000 11.0000
0.8950 0.0350 1.0000 11.0000
0.9050 0.0350 1.0000 11.0000
0.9150 0.0350 1.0000 11.0000
0.9250 0.0350 1.0000 11.0000
0.9350 0.0350 1.0000 11.0000
0.9450 0.0350 1.0000 11.0000
0.9550 0.0350 1.0000 11.0000
0.9650 0.0350 1.0000 11.0000
0.9750 0.0350 1.0000 11.0000
0.9850 0.0350 1.0000 11.0000
0.9950 0.0350 1.0000 11.0000
0.0050 0.0450 1.0000 11.0000
0.0150 0.0450 1.0000 11.0000
0.0250 0.0450 1.0000 11.0000
0.0350 0.0450 1.0000 11.0000
0.0450 0.0450 1.0000 11.0000
0.0550 0.0450 1.0000 11.0000
0.0650 0.0450 1.0000 11.0000
0.0750 0.0450 1.0000 11.0000
0.0850 0.0450 1.0000 11.0000
0.0950 0.0450 1.0000 11.0000
0.1050 0.0450 1.0000 11.0000
0.1150 0.0450 1.0000 11.0000
0.1250 0.0450 1.0000 11.0000
0.1350 0.0450 1.0000 11.0000
0.1450 0.0450 1.0000 11.0000
0.1550 0.0450 1.0000 11.0000
0.1650 0.0450 1.0000 11.0000
0.1750 0.0450 1.0000 11.0000
0.1850 0.0450 1.0000 11.0000
0.1950 0.0450 1.0000 11.0000
0.2050 0.0450 1.0000 11.0000
0.2150 0.0450 1.0000 11.0000
0.2250 0.0450 1.0000 11.0000
0.2350 0.0450 1.0000 11.0000
0.2450 0.0450 1.0000 11.0000
0.2550 0.0450 1.0000 11.0000
0.2650 0.0450 1.0000 11.0000
0.2750 0.0450 1.0000 11.0000
0.2850 0.0450 1.0000 11.0000
0.2950 0.0450 1.0000 11.0000
0.3050 0.0450 1.0000 11.0000
0.3150 0.0450 1.0000 11.0000
0.3250 0.0450 1.0000 11.0000
0.3350 0.0450 1.0000 11.0000
0.3450 0.0450 1.0000 11.0000
0.3550 0.0450 1.0000 11.0000
0.3650 0.0450 1.0000 11.0000
0.3750 0.0450 1.0000 11.0000
0.3850 0.0450 1.0000 11.0000
0.3950 0.0450 1.0000 11.0000
0.4050 0.0450 1.0000 11.0000
0.4150 0.0450 1.0000 11.0000
0.4250 0.0450 1.0000 11.0000
0.4350 0.0450 1.0000 11.0000
0.4450 0.0450 1.0000 11.0000
0.4550 0.0450 1.0000 11.0000
0.4650 0.0450 1.0000 11.0000
0.4750 0.0450 1.0000 11.0000
0.4850 0.0450 1.0000 11.0000
0.4950 0.0450 1.0000 11.0000
0.5050 0.0450 1.0000 11.0000
0.5150 0.0450 1.0000 11.0000
0.5250 0.0450 1.0000 11.0000
0.5350 0.0450 1.0000 11.0000
0.5450 0.0450 1.0000 11.0000
0.5550 0.0450 1.0000 11.0000
0.5650 0.0450 1.0000 11.0000
0.5750 0.0450 1.0000 11.0000
0.5850 0.0450 1.0000 11.0000
0.5950 0.0450 1.0000 11.0000
0.6050 0.0450 1.0000 11.0000
0.6150 0.0450 1.0000 11.0000
0.6250 0.0450 1.0000 11.0000
0.6350 0.0450 1.0000 11.0000
0.6450 0.0450 1.0000 11.0000
0.6550 0.0450 1.0000 11.0000
0.6650 0.0450 1.0000 11.0000
0.6750 0.0450 1.0000 11.0000
0.6850 0.0450 1.0000 11.0000
0.6950 0.0450 1.0000 11.0000
0.7050 0.0450 1.0000 11.0000
0.7150 0.0450 1.0000 11.0000
0.7250 0.0450 1.0000 11.0000
0.7350 0.0450 1.0000 11.0000
0.7450 0.0450 1.0000 11.0000
0.7550 0.0450 1.0000 11.0000
0.7650 0.0450 1.0000 11.0000
0.7750 0.0450 1.0000 11.0000
0.7850 0.0450 1.0000 11.0000
0.7950 0.0450 1.0000 11.0000
0.8050 0.0450 1.0000 11.0000
0.8150 0.0450 1.0000 11.0000
0.8250 0.0450 1.0000 11.0000
0.8350 0.0450 1.0000 11.0000
0.8450 0.0450 1.0000 11.0000
0.8550 0.0450 1.0000 11.0000
0.8650 0.0450 1.0000 11.0000
0.8750 0.0450 1.0000 11.0000
0.8850 0.0450 1.0000 11.0000
0.8950 0.0450 1.0000 11.0000
0.9050 0.0450 1.0000 11.0000
0.9150 0.0450 1.0000 11.0000
0.9250 0.0450 1.0000 11.0000
0.9350 0.0450 1.0000 11.0000
0.9450 0.0450 1.0000 11.0000
0.9550 0.0450 1.0000 11.0000
0.9650 0.0450 1.0000 11.0000
0.9750 0.0450 1.0000 11.0000
0.9850 0.0450 1.0000 11.0000
0.9950 0.0450 1.0000 11.0000
0.0050 0.0550 1.0000 11.0000
0.0150 0.0550 1.0000 11.0000
0.0250 0.0550 1.0000 11.0000
0.0350 0.0550 1.0000 11.0000
0.0450 0.0550 1.0000 11.0000
0.0550 0.0550 1.0000 11.0000
0.0650 0.0550 1.0000 11.0000
0.0750 0.0550 1.0000 11.0000
0.0850 0.0550 1.0000 11.0000
0.0950 0.0550 1.0000 11.0000
0.1050 0.0550 1.0000 11.0000
0.1150 0.0550 1.0000 11.0000
0.1250 0.0550 1.0000 11.0000
0.1350 0.0550 1.0000 11.0000
0.1450 0.0550 1.0000 11.0000
0.1550 0.0550 1.0000 11.0000
0.1650 0.0550 1.0000 11.0000
0.1750 0.0550 1.0000 11.0000
0.1850 0.0550 1.0000 11.0000
0.1950 0.0550 1.0000 11.0000
0.2050 0.0550 1.0000 11.0000
0.2150 0.0550 1.0000 11.0000
0.2250 0.0550 1.0000 11.0000
0.2350 0.0550 1.0000 11.0000
0.2450 0.0550 1.0000 11.0000
0.2550 0.0550 1.0000 11.0000
0.2650 0.0550 1.0000 11.0000
0.2750 0.0550 1.0000 11.0000
0.2850 0.0550 1.0000 11.0000
0.2950 0.0550 1.0000 11.0000
0.3050 0.0550 1.0000 11.0000
0.3150 0.0550 1.0000 11.0000
0.3250 0.0550 1.0000 11.0000
0.3350 0.0550 1.0000 11.0000
0.3450 0.0550 1.0000 11.0000
0.3550 0.0550 1.0000 11.0000
0.3650 0.0550 1.0000 11.0000
0.3750 0.0550 1.0000 11.0000
0.3850 0.0550 1.0000 11.0000
0.3950 0.0550 1.0000 11.0000
0.4050 0.0550 1.0000 11.0000
0.4150 0.0550 1.0000 11.0000
0.4250 0.0550 1.0000 11.0000
0.4350 0.0550 1.0000 11.0000
0.4450 0.0550 1.0000 11.0000
0.4550 0.0550 1.0000 11.0000
0.4650 0.0550 1.0000 11.0000
0.4750 0.0550 1.0000 11.0000
0.4850 0.0550 1.0000 11.0000
0.4950 0.0550 1.0000 11.0000
0.5050 0.0550 1.0000 11.0000
0.5150 0.0550 1.0000 11.0000
0.5250 0.0550 1.0000 11.0000
0.5350 0.0550 1.0000 11.0000
0.5450 0.0550 1.0000 11.0000
0.5550 0.0550 1.0000 11.0000
0.5650 0.0550 1.0000 11.0000
0.5750 0.0550 1.0000 11.0000
0.5850 0.0550 1.0000 11.0000
0.5950 0.0550 1.0000 11.0000
0.6050 0.0550 1.0000 11.0000
0.6150 0.0550 1.0000 11.0000
0.6250 0.0550 1.0000 11.0000
0.6350 0.0550 1.0000 11.0000
0.6450 0.0550 1.0000 11.0000
0.6550 0.0550 1.0000 11.0000
0.6650 0.0550 1.0000 11.0000
0.6750 0.0550 1.0000 11.0000
0.6850 0.0550 1.0000 11.0000
0.6950 0.0550 1.0000 11.0000
0.7050 0.0550 1.0000 11.0000
0.7150 0.0550 1.0000 11.0000
0.7250 0.0550 1.0000 11.0000
0.7350 0.0550 1.0000 11.0000
0.7450 0.0550 1.0000 11.0000
0.7550 0.0550 1.0000 11.0000
0.7650 0.0550 1.0000 11.0000
0.7750 0.0550 1.0000 11.0000
0.7850 0.0550 1.0000 11.0000
0.7950 0.0550 1.0000 11.0000
0.8050 0.0550 1.0000 11.0000
0.8150 0.0550 1.0000 11.0000
0.8250 0.0550 1.0000 11.0000
0.8350 0.0550 1.0000 11.0000
0.8450 0.0550 1.0000 11.0000
0.8550 0.0550 1.0000 11.0000
0.8650 0.0550 1.0000 11.0000
0.8750 0.0550 1.0000 11.0000
0.8850 0.0550 1.0000 11.0000
0.8950 0.0550 1.0000 11.0000
0.9050 0.0550 1.0000 11.0000
0.9150 0.0550 1.0000 11.0000
0.9250 0.0550 1.0000 11.0000
0.9350 0.0550 1.0000 11.0000
0.9450 0.0550 1.0000 11.0000
0.9550 0.0550 1.0000 11.0000
0.9650 0.0550 1.0000 11.0000
0.9750 0.0550 1.0000 11.0000
0.9850 0.0550 1.0000 11.0000
0.9950 0.0550 1.0000 11.0000
0.0050 0.0650 1.0000 11.0000
0.0150 0.0650 1.0000 11.0000
0.0250 0.0650 1.0000 11.0000
0.0350 0.0650 1.0000 11.0000
0.0450 0.0650 1.0000 11.0000
0.0550 0.0650 1.0000 11.0000
0.0650 0.0650 1.0000 11.0000
0.0750 0.0650 1.0000 11.0000
0.0850 0.0650 1.0000 11.0000
0.0950 0.0650 1.0000 11.0000
0.1050 0.0650 1.0000 11.0000
0.1150 0.0650 1.0000 11.0000
0.1250 0.0650 1.0000 11.0000
0.1350 0.0650 1.0000 11.0000
0.1450 0.0650 1.0000 11.0000
0.1550 0.0650 1.0000 11.0000
0.1650 0.0650 1.0000 11.0000
0.1750 0.0650 1.0000 11.0000
0.1850 0.0650 1.0000 11.0000
0.1950 0.0650 1.0000 11.0000
0.2050 0.0650 1.0000 11.0000
0.2150 0.0650 1.0000 11.0000
0.2250 0.0650 1.0000 11.0000
0.2350 0.0650 1.0000 11.0000
0.2450 0.0650 1.0000 11.0000
0.2550 0.0650 1.0000 11.0000
0.2650 0.0650 1.0000 11.0000
0.2750 0.0650 1.0000 11.0000
0.2850 0.0650 1.0000 11.0000
0.2950 0.0650 1.0000 11.0000
0.3050 0.0650 1.0000 11.0000
0.3150 0.0650 1.0000 11.0000
0.3250 0.0650 1.0000 11.0000
0.3350 0.0650 1.0000 11.0000
0.3450 0.0650 1.0000 11.0000
0.3550 0.0650 1.0000 11.0000
0.3650 0.0650 1.0000 11.0000
0.3750 0.0650 1.0000 11.0000
0.3850 0.0650 1.0000 11.0000
0.3950 0.0650 1.0000 11.0000
0.4050 0.0650 1.0000 11.0000
0.4150 0.0650 1.0000 11.0000
0.4250 0.0650 1.0000 11.0000
0.4350 0.0650 1.0000 11.0000
0.4450 0.0650 1.0000 11.0000
0.4550 0.0650 1.0000 11.0000
0.4650 0.0650 1.0000 11.0000
0.4750 0.0650 1.0000 11.0000
0.4850 0.0650 1.0000 11.0000
0.4950 0.0650 1.0000 11.0000
0.5050 0.0650 1.0000 11.0000
0.5150 0.0650 1.0000 11.0000
0.5250 0.0650 1.0000 11.0000
0.5350 0.0650 1.0000 11.0000
0.5450 0.0650 1.0000 11.0000
0.5550 0.0650 1.0000 11.0000
0.5650 0.0650 1.0000 11.0000
0.5750 0.0650 1.0000 11.0000
0.5850 0.0650 1.0000 11.0000
0.5950 0.0650 1.0000 11.0000
0.6050 0.0650 1.0000 11.0000
0.6150 0.0650 1.0000 11.0000
0.6250 0.0650 1.0000 11.0000
0.6350 0.0650 1.0000 11.0000
0.6450 0.0650 1.0000 11.0000
0.6550 0.0650 1.0000 11.0000
0.6650 0.0650 1.0000 11.0000
0.6750 0.0650 1.0000 11.0000
0.6850 0.0650 1.0000 11.0000
0.6950 0.0650 1.0000 11.0000
0.7050 0.0650 1.0000 11.0000
0.7150 0.0650 1.0000 11.0000
0.7250 0.0650 1.0000 11.0000
0.7350 0.0650 1.0000 11.0000
0.7450 0.0650 1.0000 11.0000
0.7550 0.0650 1.0000 11.0000
0.7650 0.0650 1.0000 11.0000
0.7750 0.0650 1.0000 11.0000
0.7850 0.0650 1.0000 11.0000
0.7950 0.0650 1.0000 11.0000
0.8050 0.0650 1.0000 11.0000
0.8150 0.0650 1.0000 11.0000
0.8250 0.0650 1.0000 11.0000
0.8350 0.0650 1.0000 11.0000
0.8450 0.0650 1.0000 11.0000
0.8550 0.0650 1.0000 11.0000
0.8650 0.0650 1.0000 11.0000
0.8750 0.0650 1.0000 11.0000
0.8850 0.0650 1.0000 11.0000
0.8950 0.0650 1.0000 11.0000
0.9050 0.0650 1.0000 11.0000
0.9150 0.0650 1.0000 11.0000
0.9250 0.0650 1.0000 11.0000
0.9350 0.0650 1.0000 11.0000
0.9450 0.0650 1.0000 11.0000
0.9550 0.0650 1.0000 11.0000
0.9650 0.0650 1.0000 11.0000
0.9750 0.0650 1.0000 11.0000
0.9850 0.0650 1.0000 11.0000
0.9950 0.0650 1.0000 11.0000
0.0050 0.0750 1.0000 11.0000
0.0150 0.0750 1.0000 11.0000
0.0250 0.0750 1.0000 11.0000
0.0350 0.0750 1.0000 11.0000
0.0450 0.0750 1.0000 11.0000
0.0550 0.0750 1.0000 11.0000
0.0650 0.0750 1.0000 11.0000
0.0750 0.0750 1.0000 11.0000
0.0850 0.0750 1.0000 11.0000
0.0950 0.0750 1.0000 11.0000
0.1050 0.0750 1.0000 11.0000
0.1150 0.0750 1.0000 11.0000
0.1250 0.0750 1.0000 11.0000
0.1350 0.0750 1.0000 11.0000
0.1450 0.0750 1.0000 11.0000
0.1550 0.0750 1.0000 11.0000
0.1650 0.0750 1.0000 11.0000
0.1750 0.0750 1.0000 11.0000
0.1850 0.0750 1.0000 11.0000
0.1950 0.0750 1.0000 11.0000
0.2050 0.0750 1.0000 11.0000
0.2150 0.0750 1.0000 11.0000
0.2250 0.0750 1.0000 11.0000
0.2350 0.0750 1.0000 11.0000
0.2450 0.0750 1.0000 11.0000
0.2550 0.0750 1.0000 11.0000
0.2650 0.0750 1.0000 11.0000
0.2750 0.0750 1.0000 11.0000
0.2850 0.0750 1.0000 11.0000
0.2950 0.0750 1.0000 11.0000
0.3050 0.0750 1.0000 11.0000
0.3150 0.0750 1.0000 11.0000
0.3250 0.0750 1.0000 11.0000
0.3350 0.0750 1.0000 11.0000
0.3450 0.0750 1.0000 11.0000
0.3550 0.0750 1.0000 11.0000
0.3650 0.0750 1.0000 11.0000
0.3750 0.0750 1.0000 11.0000
0.3850 0.0750 1.0000 11.0000
0.3950 0.0750 1.0000 11.0000
0.4050 0.0750 1.0000 11.0000
0.4150 0.0750 1.0000 11.0000
0.4250 0.0750 1.0000 11.0000
0.4350 0.0750 1.0000 11.0000
0.4450 0.0750 1.0000 11.0000
0.4550 0.0750 1.0000 11.0000
0.4650 0.0750 1.0000 11.0000
0.4750 0.0750 1.0000 11.0000
0.4850 0.0750 1.0000 11.0000
0.4950 0.0750 1.0000 11.0000
0.5050 0.0750 1.0000 11.0000
0.5150 0.0750 1.0000 11.0000
0.5250 0.0750 1.0000 11.0000
0.5350 0.0750 1.0000 11.0000
0.5450 0.0750 1.0000 11.0000
0.5550 0.0750 1.0000 11.0000
0.5650 0.0750 1.0000 11.0000
0.5750 0.0750 1.0000 11.0000
0.5850 0.0750 1.0000 11.0000
0.5950 0.0750 1.0000 11.0000
0.6050 0.0750 1.0000 11.0000
0.6150 0.0750 1.0000 11.0000
0.6250 0.0750 1.0000 11.0000
0.6350 0.0750 1.0000 11.0000
0.6450 0.0750 1.0000 11.0000
0.6550 0.0750 1.0000 11.0000
0.6650 0.0750 1.0000 11.0000
0.6750 0.0750 1.0000 11.0000
0.6850 0.0750 1.0000 11.0000
0.6950 0.0750 1.0000 11.0000
0.7050 0.0750 1.0000 11.0000
0.7150 0.0750 1.0000 11.0000
0.7250 0.0750 1.0000 11.0000
0.7350 0.0750 1.0000 11.0000
0.7450 0.0750 1.0000 11.0000
0.7550 0.0750 1.0000 11.0000
0.7650 0.0750 1.0000 11.0000
0.7750 0.0750 1.0000 11.0000
0.7850 0.0750 1.0000 11.0000
0.7950 0.0750 1.0000 11.0000
0.8050 0.0750 1.0000 11.0000
0.8150 0.0750 1.0000 11.0000
0.8250 0.0750 1.0000 11.0000
0.8350 0.0750 1.0000 11.0000
0.8450 0.0750 1.0000 11.0000
0.8550 0.0750 1.0000 11.0000
0.8650 0.0750 1.0000 11.0000
0.8750 0.0750 1.0000 11.0000
0.8850 0.0750 1.0000 11.0000
0.8950 0.0750 1.0000 11.0000
0.9050 0.0750 1.0000 11.0000
0.9150 0.0750 1.0000 11.0000
0.9250 0.0750 1.0000 11.0000
0.9350 0.0750 1.0000 11.0000
0.9450 0.0750 1.0000 11.0000
0.9550 0.0750 1.0000 11.0000
0.9650 0.0750 1.0000 11.0000
0.9750 0.0750 1.0000 11.0000
0.9850 0.0750 1.0000 11.0000
0.9950 0.0750 1.0000 11.0000
0.0050 0.0850 1.0000 11.0000
0.0150 0.0850 1.0000 11.0000
0.0250 0.0850 1.0000 11.0000
0.0350 0.0850 1.0000 11.0000
0.0450 0.0850 1.0000 11.0000
0.0550 0.0850 1.0000 11.0000
0.0650 0.0850 1.0000 11.0000
0.0750 0.0850 1.0000 11.0000
0.0850 0.0850 1.0000 11.0000
0.0950 0.0850 1.0000 11.0000
0.1050 0.0850 1.0000 11.0000
0.1150 0.0850 1.0000 11.0000
0.1250 0.0850 1.0000 11.0000
0.1350 0.0850 1.0000 11.0000
0.1450 0.0850 1.0000 11.0000
0.1550 0.0850 1.0000 11.0000
0.1650 0.0850 1.0000 11.0000
0.1750 0.0850 1.0000 11.0000
0.1850 0.0850 1.0000 11.0000
0.1950 0.0850 1.0000 11.0000
0.2050 0.0850 1.0000 11.0000
0.2150 0.0850 1.0000 11.0000
0.2250 0.0850 1.0000 11.0000
0.2350 0.0850 1.0000 11.0000
0.2450 0.0850 1.0000 11.0000
0.2550 0.0850 1.0000 11.0000
0.2650 0.0850 1.0000 11.0000
0.2750 0.0850 1.0000 11.0000
0.2850 0.0850 1.0000 11.0000
0.2950 0.0850 1.0000 11.0000
0.3050 0.0850 1.0000 11.0000
0.3150 0.0850 1.0000 11.0000
0.3250 0.0850 1.0000 11.0000
0.3350 0.0850 1.0000 11.0000
0.3450 0.0850 1.0000 11.0000
0.3550 0.0850 1.0000 11.0000
0.3650 0.0850 1.0000 11.0000
0.3750 0.0850 1.0000 11.0000
0.3850 0.0850 1.0000 11.0000
0.3950 0.0850 1.0000 11.0000
0.4050 0.0850 1.0000 11.0000
0.4150 0.0850 1.0000 11.0000
0.4250 0.0850 1.0000 11.0000
0.4350 0.0850 1.0000 11.0000
0.4450 0.0850 1.0000 11.0000
0.4550 0.0850 1.0000 11.0000
0.4650 0.0850 1.0000 11.0000
0.4750 0.0850 1.0000 11.0000
0.4850 0.0850 1.0000 11.0000
0.4950 0.0850 1.0000 11.0000
0.5050 0.0850 1.0000 11.0000
0.5150 0.0850 1.0000 11.0000
0.5250 0.0850 1.0000 11.0000
0.5350 0.0850 1.0000 11.0000
0.5450 0.0850 1.0000 11.0000
0.5550 0.0850 1.0000 11.0000
0.5650 0.0850 1.0000 11.0000
0.5750 0.0850 1.0000 11.0000
0.5850 0.0850 1.0000 11.0000
0.5950 0.0850 1.0000 11.0000
0.6050 0.0850 1.0000 11.0000
0.6150 0.0850 1.0000 11.0000
0.6250 0.0850 1.0000 11.0000
0.6350 0.0850 1.0000 11.0000
0.6450 0.0850 1.0000 11.0000
0.6550 0.0850 1.0000 11.0000
0.6650 0.0850 1.0000 11.0000
0.6750 0.0850 1.0000 11.0000
0.6850 0.0850 1.0000 11.0000
0.6950 0.0850 1.0000 11.0000
0.7050 0.0850 1.0000 11.0000
0.7150 0.0850 1.0000 11.0000
0.7250 0.0850 1.0000 11.0000
0.7350 0.0850 1.0000 11.0000
0.7450 0.0850 1.0000 11.0000
0.7550 0.0850 1.0000 11.0000
0.7650 0.0850 1.0000 11.0000
0.7750 0.0850 1.0000 11.0000
0.7850 0.0850 1.0000 11.0000
0.7950 0.0850 1.0000 11.0000
0.8050 0.0850 1.0000 11.0000
0.8150 0.0850 1.0000 11.0000
0.8250 0.0850 1.0000 11.0000
0.8350 0.0850 1.0000 11.0000
0.8450 0.0850 1.0000 11.0000
0.8550 0.0850 1.0000 11.0000
0.8650 0.0850 1.0000 11.0000
0.8750 0.0850 1.0000 11.0000
0.8850 0.0850 1.0000 11.0000
0.8950 0.0850 1.0000 11.0000
0.9050 0.0850 1.0000 11.0000
0.9150 0.0850 1.0000 11.0000
0.9250 0.0850 1.0000 11.0000
0.9350 0.0850 1.0000 11.0000
0.9450 0.0850 1.0000 11.0000
0.9550 0.0850 1.0000 11.0000
0.9650 0.0850 1.0000 11.0000
0.9750 0.0850 1.0000 11.0000
0.9850 0.0850 1.0000 11.0000
0.9950 0.0850 1.0000 11.0000
0.0050 0.0950 1.0000 11.0000
0.0150 0.0950 1.0000 11.0000
0.0250 0.0950 1.0000 11.0000
0.0350 0.0950 1.0000 11.0000
0.0450 0.0950 1.0000 11.0000
0.0550 0.0950 1.0000 11.0000
0.0650 0.0950 1.0000 11.0000
0.0750 0.0950 1.0000 11.0000
0.0850 0.0950 1.0000 11.0000
0.0950 0.0950 1.0000 11.0000
0.1050 0.0950 1.0000 11.0000
0.1150 0.0950 1.0000 11.0000
0.1250 0.0950 1.0000 11.0000
0.1350 0.0950 1.0000 11.0000
0.1450 0.0950 1.0000 11.0000
0.1550 0.0950 1.0000 11.0000
0.1650 0.0950 1.0000 11.0000
0.1750 0.0950 1.0000 11.0000
0.1850 0.0950 1.0000 11.0000
0.1950 0.0950 1.0000 11.0000
0.2050 0.0950 1.0000 11.0000
0.2150 0.0950 1.0000 11.0000
0.2250 0.0950 1.0000 11.0000
0.2350 0.0950 1.0000 11.0000
0.2450 0.0950 1.0000 11.0000
0.2550 0.0950 1.0000 11.0000
0.2650 0.0950 1.0000 11.0000
0.2750 0.0950 1.0000 11.0000
0.2850 0.0950 1.0000 11.0000
0.2950 0.0950 1.0000 11.0000
0.3050 0.0950 1.0000 11.0000
0.3150 0.0950 1.0000 11.0000
0.3250 0.0950 1.0000 11.0000
0.3350 0.0950 1.0000 11.0000
0.3450 0.0950 1.0000 11.0000
0.3550 0.0950 1.0000 11.0000
0.3650 0.0950 1.0000 11.0000
0.3750 0.0950 1.0000 11.0000
0.3850 0.0950 1.0000 11.0000
0.3950 0.0950 1.0000 11.0000
0.4050 0.0950 1.0000 11.0000
0.4150 0.0950 1.0000 11.0000
0.4250 0.0950 1.0000 11.0000
0.4350 0.0950 1.0000 11.0000
0.4450 0.0950 1.0000 11.0000
0.4550 0.0950 1.0000 11.0000
0.4650 0.0950 1.0000 11.0000
0.4750 0.0950 1.0000 11.0000
0.4850 0.0950 1.0000 11.0000
0.4950 0.0950 1.0000 11.0000
0.5050 0.0950 1.0000 11.0000
0.5150 0.0950 1.0000 11.0000
0.5250 0.0950 1.0000 11.0000
0.5350 0.0950 1.0000 11.0000
0.5450 0.0950 1.0000 11.0000
0.5550 0.0950 1.0000 11.0000
0.5650 0.0950 1.0000 11.0000
0.5750 0.0950 1.0000 11.0000
0.5850 0.0950 1.0000 11.0000
0.5950 0.0950 1.0000 11.0000
0.6050 0.0950 1.0000 11.0000
0.6150 0.0950 1.0000 11.0000
0.6250 0.0950 1.0000 11.0000
0.6350 0.0950 1.0000 11.0000
0.6450 0.0950 1.0000 11.0000
0.6550 0.0950 1.0000 11.0000
0.6650 0.0950 1.0000 11.0000
0.6750 0.0950 1.0000 11.0000
0.6850 0.0950 1.0000 11.0000
0.6950 0.0950 1.0000 11.0000
0.7050 0.0950 1.0000 11.0000
0.7150 0.0950 1.0000 11.0000
0.7250 0.0950 1.0000 11.0000
0.7350 0.0950 1.0000 11.0000
0.7450 0.0950 1.0000 11.0000
0.7550 0.0950 1.0000 11.0000
0.7650 0.0950 1.0000 11.0000
0.7750 0.0950 1.0000 11.0000
0.7850 0.0950 1.0000 11.0000
0.7950 0.0950 1.0000 11.0000
0.8050 0.0950 1.0000 11.0000
0.8150 0.0950 1.0000 11.0000
0.8250 0.0950 1.0000 11.0000
0.8350 0.0950 1.0000 11.0000
0.8450 0.0950 1.0000 11.0000
0.8550 0.0950 1.0000 11.0000
0.8650 0.0950 1.0000 11.0000
0.8750 0.0950 1.0000 11.0000
0.8850 0.0950 1.0000 11.0000
0.8950 0.0950 1.0000 11.0000
0.9050 0.0950 1.0000 11.0000
0.9150 0.0950 1.0000 11.0000
0.9250 0.0950 1.0000 11.0000
0.9350 0.0950 1.0000 11.0000
0.9450 0.0950 1.0000 11.0000
0.9550 0.0950 1.0000 11.0000
0.9650 0.0950 1.0000 11.0000
0.9750 0.0950 1.0000 11.0000
0.9850 0.0950 1.0000 11.0000
0.9950 0.0950 1.0000 11.0000
0.0050 0.1050 1.0000 11.0000
0.0150 0.1050 1.0000 11.0000
0.0250 0.1050 1.0000 11.0000
0.0350 0.1050 1.0000 11.0000
0.0450 0.1050 1.0000 11.0000
0.0550 0.1050 1.0000 11.0000
0.0650 0.1050 1.0000 11.0000
0.0750 0.1050 1.0000 11.0000
0.0850 0.1050 1.0000 11.0000
0.0950 0.1050 1.0000 11.0000
0.1050 0.1050 1.0000 11.0000
0.1150 0.1050 1.0000 11.0000
0.1250 0.1050 1.0000 11.0000
0.1350 0.1050 1.0000 11.0000
0.1450 0.1050 1.0000 11.0000
0.1550 0.1050 1.0000 11.0000
0.1650 0.1050 1.0000 11.0000
0.1750 0.1050 1.0000 11.0000
0.1850 0.1050 1.0000 11.0000
0.1950 0.1050 1.0000 11.0000
0.2050 0.1050 1.0000 11.0000
0.2150 0.1050 1.0000 11.0000
0.2250 0.1050 1.0000 11.0000
0.2350 0.1050 1.0000 11.0000
0.2450 0.1050 1.0000 11.0000
0.2550 0.1050 1.0000 11.0000
0.2650 0.1050 1.0000 11.0000
0.2750 0.1050 1.0000 11.0000
0.2850 0.1050 1.0000 11.0000
0.2950 0.1050 1.0000 11.0000
0.3050 0.1050 1.0000 11.0000
0.3150 0.1050 1.0000 11.0000
0.3250 0.1050 1.0000 11.0000
0.3350 0.1050 1.0000 11.0000
0.3450 0.1050 1.0000 11.0000
0.3550 0.1050 1.0000 11.0000
0.3650 0.1050 1.0000 11.0000
0.3750 0.1050 1.0000 11.0000
0.3850 0.1050 1.0000 11.0000
0.3950 0.1050 1.0000 11.0000
0.4050 0.1050 1.0000 11.0000
0.4150 0.1050 1.0000 11.0000
0.4250 0.1050 1.0000 11.0000
0.4350 0.1050 1.0000 11.0000
0.4450 0.1050 1.0000 11.0000
0.4550 0.1050 1.0000 11.0000
0.4650 0.1050 1.0000 11.0000
0.4750 0.1050 1.0000 11.0000
0.4850 0.1050 1.0000 11.0000
0.4950 0.1050 1.0000 11.0000
0.5050 0.1050 1.0000 11.0000
0.5150 0.1050 1.0000 11.0000
0.5250 0.1050 1.0000 11.0000
0.5350 0.1050 1.0000 11.0000
0.5450 0.1050 1.0000 11.0000
0.5550 0.1050 1.0000 11.0000
0.5650 0.1050 1.0000 11.0000
0.5750 0.1050 1.0000 11.0000
0.5850 0.1050 1.0000 11.0000
0.5950 0.1050 1.0000 11.0000
0.6050 0.1050 1.0000 11.0000
0.6150 0.1050 1.0000 11.0000
0.6250 0.1050 1.0000 11.0000
0.6350 0.1050 1.0000 11.0000
0.6450 0.1050 1.0000 11.0000
0.6550 0.1050 1.0000 11.0000
0.6650 0.1050 1.0000 11.0000
0.6750 0.1050 1.0000 11.0000
0.6850 0.1050 1.0000 11.0000
0.6950 0.1050 1.0000 11.0000
0.7050 0.1050 1.0000 11.0000
0.7150 0.1050 1.0000 11.0000
0.7250 0.1050 1.0000 11.0000
0.7350 0.1050 1.0000 11.0000
0.7450 0.1050 1.0000 11.0000
0.7550 0.1050 1.0000 11.0000
0.7650 0.1050 1.0000 11.0000
0.7750 0.1050 1.0000 11.0000
0.7850 0.1050 1.0000 11.0000
0.7950 0.1050 1.0000 11.0000
0.8050 0.1050 1.0000 11.0000
0.8150 0.1050 1.0000 11.0000
0.8250 0.1050 1.0000 11.0000
0.8350 0.1050 1.0000 11.0000
0.8450 0.1050 1.0000 11.0000
0.8550 0.1050 1.0000 11.0000
0.8650 0.1050 1.0000 11.0000
0.8750 0.1050 1.0000 11.0000
0.8850 0.1050 1.0000 11.0000
0.8950 0.1050 1.0000 11.0000
0.9050 0.1050 1.0000 11.0000
0.9150 0.1050 1.0000 11.0000
0.9250 0.1050 1.0000 11.0000
0.9350 0.1050 1.0000 11.0000
0.9450 0.1050 1.0000 11.0000
0.9550 0.1050 1.0000 11.0000
0.9650 0.1050 1.0000 11.0000
0.9750 0.1050 1.0000 11.0000
0.9850 0.1050 1.0000 11.0000
0.9950 0.1050 1.0000 11.0000
0.0050 0.1150 1.0000 11.0000
0.0150 0.1150 1.0000 11.0000
0.0250 0.1150 1.0000 11.0000
0.0350 0.1150 1.0000 11.0000
0.0450 0.1150 1.0000 11.0000
0.0550 0.1150 1.0000 11.0000
0.0650 0.1150 1.0000 11.0000
0.0750 0.1150 1.0000 11.0000
0.0850 0.1150 1.0000 11.0000
0.0950 0.1150 1.0000 11.0000
0.1050 0.1150 1.0000 11.0000
0.1150 0.1150 1.0000 11.0000
0.1250 0.1150 1.0000 11.0000
0.1350 0.1150 1.0000 11.0000
0.1450 0.1150 1.0000 11.0000
0.1550 0.1150 1.0000 11.0000
0.1650 0.1150 1.0000 11.0000
0.1750 0.1150 1.0000 11.0000
0.1850 0.1150 1.0000 11.0000
0.1950 0.1150 1.0000 11.0000
0.2050 0.1150 1.0000 11.0000
0.2150 0.1150 1.0000 11.0000
0.2250 0.1150 1.0000 11.0000
0.2350 0.1150 1.0000 11.0000
0.2450 0.1150 1.0000 11.0000
0.2550 0.1150 1.0000 11.0000
0.2650 0.1150 1.0000 11.0000
0.2750 0.1150 1.0000 11.0000
0.2850 0.1150 1.0000 11.0000
0.2950 0.1150 1.0000 11.0000
0.3050 0.1150 1.0000 11.0000
0.3150 0.1150 1.0000 11.0000
0.3250 0.1150 1.0000 11.0000
0.3350 0.1150 1.0000 11.0000
0.3450 0.1150 1.0000 11.0000
0.3550 0.1150 1.0000 11.0000
0.3650 0.1150 1.0000 11.0000
0.3750 0.1150 1.0000 11.0000
0.3850 0.1150 1.0000 11.0000
0.3950 0.1150 1.0000 11.0000
0.4050 0.1150 1.0000 11.0000
0.4150 0.1150 1.0000 11.0000
0.4250 0.1150 1.0000 11.0000
0.4350 0.1150 1.0000 11.0000
0.4450 0.1150 1.0000 11.0000
0.4550 0.1150 1.0000 11.0000
0.4650 0.1150 1.0000 11.0000
0.4750 0.1150 1.0000 11.0000
0.4850 0.1150 1.0000 11.0000
0.4950 0.1150 1.0000 11.0000
0.5050 0.1150 1.0000 11.0000
0.5150 0.1150 1.0000 11.0000
0.5250 0.1150 1.0000 11.0000
0.5350 0.1150 1.0000 11.0000
0.5450 0.1150 1.0000 11.0000
0.5550 0.1150 1.0000 11.0000
0.5650 0.1150 1.0000 11.0000
0.5750 0.1150 1.0000 11.0000
0.5850 0.1150 1.0000 11.0000
0.5950 0.1150 1.0000 11.0000
0.6050 0.1150 1.0000 11.0000
0.6150 0.1150 1.0000 11.0000
0.6250 0.1150 1.0000 11.0000
0.6350 0.1150 1.0000 11.0000
0.6450 0.1150 1.0000 11.0000
0.6550 0.1150 1.0000 11.0000
0.6650 0.1150 1.0000 11.0000
0.6750 0.1150 1.0000 11.0000
0.6850 0.1150 1.0000 11.0000
0.6950 0.1150 1.0000 11.0000
0.7050 0.1150 1.0000 11.0000
0.7150 0.1150 1.0000 11.0000
0.7250 0.1150 1.0000 11.0000
0.7350 0.1150 1.0000 11.0000
0.7450 0.1150 1.0000 11.0000
0.7550 0.1150 1.0000 11.0000
0.7650 0.1150 1.0000 11.0000
0.7750 0.1150 1.0000 11.0000
0.7850 0.1150 1.0000 11.0000
0.7950 0.1150 1.0000 11.0000
0.8050 0.1150 1.0000 11.0000
0.8150 0.1150 1.0000 11.0000
0.8250 0.1150 1.0000 11.0000
0.8350 0.1150 1.0000 11.0000
0.8450 0.1150 1.0000 11.0000
0.8550 0.1150 1.0000 11.0000
0.8650 0.1150 1.0000 11.0000
0.8750 0.1150 1.0000 11.0000
0.8850 0.1150 1.0000 11.0000
0.8950 0.1150 1.0000 11.0000
0.9050 0.1150 1.0000 11.0000
0.9150 0.1150 1.0000 11.0000
0.9250 0.1150 1.0000 11.0000
0.9350 0.1150 1.0000 11.0000
0.9450 0.1150 1.0000 11.0000
0.9550 0.1150 1.0000 11.0000
0.9650 0.1150 1.0000 11.0000
0.9750 0.1150 1.0000 11.0000
0.9850 0.1150 1.0000 11.0000
0.9950 0.1150 1.0000 11.0000
0.0050 0.1250 1.0000 11.0000
0.0150 0.1250 1.0000 11.0000
0.0250 0.1250 1.0000 11.0000
0.0350 0.1250 1.0000 11.0000
0.0450 0.1250 1.0000 11.0000
0.0550 0.1250 1.0000 11.0000
0.0650 0.1250 1.0000 11.0000
0.0750 0.1250 1.0000 11.0000
0.0850 0.1250 1.0000 11.0000
0.0950 0.1250 1.0000 11.0000
0.1050 0.1250 1.0000 11.0000
0.1150 0.1250 1.0000 11.0000
0.1250 0.1250 1.0000 11.0000
0.1350 0.1250 1.0000 11.0000
0.1450 0.1250 1.0000 11.0000
0.1550 0.1250 1.0000 11.0000
0.1650 0.1250 1.0000 11.0000
0.1750 0.1250 1.0000 11.0000
0.1850 0.1250 1.0000 11.0000
0.1950 0.1250 1.0000 11.0000
0.2050 0.1250 1.0000 11.0000
0.2150 0.1250 1.0000 11.0000
0.2250 0.1250 1.0000 11.0000
0.2350 0.1250 1.0000 11.0000
0.2450 0.1250 1.0000 11.0000
0.2550 0.1250 1.0000 11.0000
0.2650 0.1250 1.0000 11.0000
0.2750 0.1250 1.0000 11.0000
0.2850 0.1250 1.0000 11.0000
0.2950 0.1250 1.0000 11.0000
0.3050 0.1250 1.0000 11.0000
0.3150 0.1250 1.0000 11.0000
0.3250 0.1250 1.0000 11.0000
0.3350 0.1250 1.0000 11.0000
0.3450 0.1250 1.0000 11.0000
0.3550 0.1250 1.0000 11.0000
0.3650 0.1250 1.0000 11.0000
0.3750 0.1250 1.0000 11.0000
0.3850 0.1250 1.0000 11.0000
0.3950 0.1250 1.0000 11.0000
0.4050 0.1250 1.0000 11.0000
0.4150 0.1250 1.0000 11.0000
0.4250 0.1250 1.0000 11.0000
0.4350 0.1250 1.0000 11.0000
0.4450 0.1250 1.0000 11.0000
0.4550 0.1250 1.0000 11.0000
0.4650 0.1250 1.0000 11.0000
0.4750 0.1250 1.0000 11.0000
0.4850 0.1250 1.0000 11.0000
0.4950 0.1250 1.0000 11.0000
0.5050 0.1250 1.0000 11.0000
0.5150 0.1250 1.0000 11.0000
0.5250 0.1250 1.0000 11.0000
0.5350 0.1250 1.0000 11.0000
0.5450 0.1250 1.0000 11.0000
0.5550 0.1250 1.0000 11.0000
0.5650 0.1250 1.0000 11.0000
0.5750 0.1250 1.0000 11.0000
0.5850 0.1250 1.0000 11.0000
0.5950 0.1250 1.0000 11.0000
0.6050 0.1250 1.0000 11.0000
0.6150 0.1250 1.0000 11.0000
0.6250 0.1250 1.0000 11.0000
0.6350 0.1250 1.0000 11.0000
0.6450 0.1250 1.0000 11.0000
0.6550 0.1250 1.0000 11.0000
0.6650 0.1250 1.0000 11.0000
0.6750 0.1250 1.0000 11.0000
0.6850 0.1250 1.0000 11.0000
0.6950 0.1250 1.0000 11.0000
0.7050 0.1250 1.0000 11.0000
0.7150 0.1250 1.0000 11.0000
0.7250 0.1250 1.0000 11.0000
0.7350 0.1250 1.0000 11.0000
0.7450 0.1250 1.0000 11.0000
0.7550 0.1250 1.0000 11.0000
0.7650 0.1250 1.0000 11.0000
0.7750 0.1250 1.0000 11.0000
0.7850 0.1250 1.0000 11.0000
0.7950 0.1250 1.0000 11.0000
0.8050 0.1250 1.0000 11.0000
0.8150 0.1250 1.0000 11.0000
0.8250 0.1250 1.0000 11.0000
0.8350 0.1250 1.0000 11.0000
0.8450 0.1250 1.0000 11.0000
0.8550 0.1250 1.0000 11.0000
0.8650 0.1250 1.0000 11.0000
0.8750 0.1250 1.0000 11.0000
0.8850 0.1250 1.0000 11.0000
0.8950 0.1250 1.0000 11.0000
0.9050 0.1250 1.0000 11.0000
0.9150 0.1250 1.0000 11.0000
0.9250 0.1250 1.0000 11.0000
0.9350 0.1250 1.0000 11.0000
0.9450 0.1250 1.0000 11.0000
0.9550 0.1250 1.0000 11.0000
0.9650 0.1250 1.0000 11.0000
0.9750 0.1250 1.0000 11.0000
0.9850 0.1250 1.0000 11.0000
0.9950 0.1250 1.0000 11.0000
0.0050 0.1350 1.0000 11.0000
0.0150 0.1350 1.0000 11.0000
0.0250 0.1350 1.0000 11.0000
0.0350 0.1350 1.0000 11.0000
0.0450 0.1350 1.0000 11.0000
0.0550 0.1350 1.0000 11.0000
0.0650 0.1350 1.0000 11.0000
0.0750 0.1350 1.0000 11.0000
0.0850 0.1350 1.0000 11.0000
0.0950 0.1350 1.0000 11.0000
0.1050 0.1350 1.0000 11.0000
0.1150 0.1350 1.0000 11.0000
0.1250 0.1350 1.0000 11.0000
0.1350 0.1350 1.0000 11.0000
0.1450 0.1350 1.0000 11.0000
0.1550 0.1350 1.0000 11.0000
0.1650 0.1350 1.0000 11.0000
0.1750 0.1350 1.0000 11.0000
0.1850 0.1350 1.0000 11.0000
0.1950 0.1350 1.0000 11.0000
0.2050 0.1350 1.0000 11.0000
0.2150 0.1350 1.0000 11.0000
0.2250 0.1350 1.0000 11.0000
0.2350 0.1350 1.0000 11.0000
0.2450 0.1350 1.0000 11.0000
0.2550 0.1350 1.0000 11.0000
0.2650 0.1350 1.0000 11.0000
0.2750 0.1350 1.0000 11.0000
0.2850 0.1350 1.0000 11.0000
0.2950 0.1350 1.0000 11.0000
0.3050 0.1350 1.0000 11.0000
0.3150 0.1350 1.0000 11.0000
0.3250 0.1350 1.0000 11.0000
0.3350 0.1350 1.0000 11.0000
0.3450 0.1350 1.0000 11.0000
0.3550 0.1350 1.0000 11.0000
0.3650 0.1350 1.0000 11.0000
0.3750 0.1350 1.0000 11.0000
0.3850 0.1350 1.0000 11.0000
0.3950 0.1350 1.0000 11.0000
0.4050 0.1350 1.0000 11.0000
0.4150 0.1350 1.0000 11.0000
0.4250 0.1350 1.0000 11.0000
0.4350 0.1350 1.0000 11.0000
0.4450 0.1350 1.0000 11.0000
0.4550 0.1350 1.0000 11.0000
0.4650 0.1350 1.0000 11.0000
0.4750 0.1350 1.0000 11.0000
0.4850 0.1350 1.0000 11.0000
0.4950 0.1350 1.0000 11.0000
0.5050 0.1350 1.0000 11.0000
0.5150 0.1350 1.0000 11.0000
0.5250 0.1350 1.0000 11.0000
0.5350 0.1350 1.0000 11.0000
0.5450 0.1350 1.0000 11.0000
0.5550 0.1350 1.0000 11.0000
0.5650 0.1350 1.0000 11.0000
0.5750 0.1350 1.0000 11.0000
0.5850 0.1350 1.0000 11.0000
0.5950 0.1350 1.0000 11.0000
0.6050 0.1350 1.0000 11.0000
0.6150 0.1350 1.0000 11.0000
0.6250 0.1350 1.0000 11.0000
0.6350 0.1350 1.0000 11.0000
0.6450 0.1350 1.0000 11.0000
0.6550 0.1350 1.0000 11.0000
0.6650 0.1350 1.0000 11.0000
0.6750 0.1350 1.0000 11.0000
0.6850 0.1350 1.0000 11.0000
0.6950 0.1350 1.0000 11.0000
0.7050 0.1350 1.0000 11.0000
0.7150 0.1350 1.0000 11.0000
0.7250 0.1350 1.0000 11.0000
0.7350 0.1350 1.0000 11.0000
0.7450 0.1350 1.0000 11.0000
0.7550 0.1350 1.0000 11.0000
0.7650 0.1350 1.0000 11.0000
0.7750 0.1350 1.0000 11.0000
0.7850 0.1350 1.0000 11.0000
0.7950 0.1350 1.0000 11.0000
0.8050 0.1350 1.0000 11.0000
0.8150 0.1350 1.0000 11.0000
0.8250 0.1350 1.0000 11.0000
0.8350 0.1350 1.0000 11.0000
0.8450 0.1350 1.0000 11.0000
0.8550 0.1350 1.0000 11.0000
0.8650 0.1350 1.0000 11.0000
0.8750 0.1350 1.0000 11.0000
0.8850 0.1350 1.0000 11.0000
0.8950 0.1350 1.0000 11.0000
0.9050 0.1350 1.0000 11.0000
0.9150 0.1350 1.0000 11.0000
0.9250 0.1350 1.0000 11.0000
0.9350 0.1350 1.0000 11.0000
0.9450 0.1350 1.0000 11.0000
0.9550 0.1350 1.0000 11.0000
0.9650 0.1350 1.0000 11.0000
0.9750 0.1350 1.0000 11.0000
0.9850 0.1350 1.0000 11.0000
0.9950 0.1350 1.0000 11.0000
0.0050 0.1450 1.0000 11.0000
0.0150 0.1450 1.0000 11.0000
0.0250 0.1450 1.0000 11.0000
0.0350 0.1450 1.0000 11.0000
0.0450 0.1450 1.0000 11.0000
0.0550 0.1450 1.0000 11.0000
0.0650 0.1450 1.0000 11.0000
0.0750 0.1450 1.0000 11.0000
0.0850 0.1450 1.0000 11.0000
0.0950 0.1450 1.0000 11.0000
0.1050 0.1450 1.0000 11.0000
0.1150 0.1450 1.0000 11.0000
0.1250 0.1450 1.0000 11.0000
0.1350 0.1450 1.0000 11.0000
0.1450 0.1450 1.0000 11.0000
0.1550 0.1450 1.0000 11.0000
0.1650 0.1450 1.0000 11.0000
0.1750 0.1450 1.0000 11.0000
0.1850 0.1450 1.0000 11.0000
0.1950 0.1450 1.0000 11.0000
0.2050 0.1450 1.0000 11.0000
0.2150 0.1450 1.0000 11.0000
0.2250 0.1450 1.0000 11.0000
0.2350 0.1450 1.0000 11.0000
0.2450 0.1450 1.0000 11.0000
0.2550 0.1450 1.0000 11.0000
0.2650 0.1450 1.0000 11.0000
0.2750 0.1450 1.0000 11.0000
0.2850 0.1450 1.0000 11.0000
0.2950 0.1450 1.0000 11.0000
0.3050 0.1450 1.0000 11.0000
0.3150 0.1450 1.0000 11.0000
0.3250 0.1450 1.0000 11.0000
0.3350 0.1450 1.0000 11.0000
0.3450 0.1450 1.0000 11.0000
0.3550 0.1450 1.0000 11.0000
0.3650 0.1450 1.0000 11.0000
0.3750 0.1450 1.0000 11.0000
0.3850 0.1450 1.0000 11.0000
0.3950 0.1450 1.0000 11.0000
0.4050 0.1450 1.0000 11.0000
0.4150 0.1450 1.0000 11.0000
0.4250 0.1450 1.0000 11.0000
0.4350 0.1450 1.0000 11.0000
0.4450 0.1450 1.0000 11.0000
0.4550 0.1450 1.0000 11.0000
0.4650 0.1450 1.0000 11.0000
0.4750 0.1450 1.0000 11.0000
0.4850 0.1450 1.0000 11.0000
0.4950 0.1450 1.0000 11.0000
0.5050 0.1450 1.0000 11.0000
0.5150 0.1450 1.0000 11.0000
0.5250 0.1450 1.0000 11.0000
0.5350 0.1450 1.0000 11.0000
0.5450 0.1450 1.0000 11.0000
0.5550 0.1450 1.0000 11.0000
0.5650 0.1450 1.0000 11.0000
0.5750 0.1450 1.0000 11.0000
0.5850 0.1450 1.0000 11.0000
0.5950 0.1450 1.0000 11.0000
0.6050 0.1450 1.0000 11.0000
0.6150 0.1450 1.0000 11.0000
0.6250 0.1450 1.0000 11.0000
0.6350 0.1450 1.0000 11.0000
0.6450 0.1450 1.0000 11.0000
0.6550 0.1450 1.0000 11.0000
0.6650 0.1450 1.0000 11.0000
0.6750 0.1450 1.0000 11.0000
0.6850 0.1450 1.0000 11.0000
0.6950 0.1450 1.0000 11.0000
0.7050 0.1450 1.0000 11.0000
0.7150 0.1450 1.0000 11.0000
0.7250 0.1450 1.0000 11.0000
0.7350 0.1450 1.0000 11.0000
0.7450 0.1450 1.0000 11.0000
0.7550 0.1450 1.0000 11.0000
0.7650 0.1450 1.0000 11.0000
0.7750 0.1450 1.0000 11.0000
0.7850 0.1450 1.0000 11.0000
0.7950 0.1450 1.0000 11.0000
0.8050 0.1450 1.0000 11.0000
0.8150 0.1450 1.0000 11.0000
0.8250 0.1450 1.0000 11.0000
0.8350 0.1450 1.0000 11.0000
0.8450 0.1450 1.0000 11.0000
0.8550 0.1450 1.0000 11.0000
0.8650 0.1450 1.0000 11.0000
0.8750 0.1450 1.0000 11.0000
0.8850 0.1450 1.0000 11.0000
0.8950 0.1450 1.0000 11.0000
0.9050 0.1450 1.0000 11.0000
0.9150 0.1450 1.0000 11.0000
0.9250 0.1450 1.0000 11.0000
0.9350 0.1450 1.0000 11.0000
0.9450 0.1450 1.0000 11.0000
0.9550 0.1450 1.0000 11.0000
0.9650 0.1450 1.0000 11.0000
0.9750 0.1450 1.0000 11.0000
0.9850 0.1450 1.0000 11.0000
0.9950 0.1450 1.0000 11.0000
0.0050 0.1550 1.0000 11.0000
0.0150 0.1550 1.0000 11.0000
0.0250 0.1550 1.0000 11.0000
0.0350 0.1550 1.0000 11.0000
0.0450 0.1550 1.0000 11.0000
0.0550 0.1550 1.0000 11.0000
0.0650 0.1550 1.0000 11.0000
0.0750 0.1550 1.0000 11.0000
0.0850 0.1550 1.0000 11.0000
0.0950 0.1550 1.0000 11.0000
0.1050 0.1550 1.0000 11.0000
0.1150 0.1550 1.0000 11.0000
0.1250 0.1550 1.0000 11.0000
0.1350 0.1550 1.0000 11.0000
0.1450 0.1550 1.0000 11.0000
0.1550 0.1550 1.0000 11.0000
0.1650 0.1550 1.0000 11.0000
0.1750 0.1550 1.0000 11.0000
0.1850 0.1550 1.0000 11.0000
0.1950 0.1550 1.0000 11.0000
0.2050 0.1550 1.0000 11.0000
0.2150 0.1550 1.0000 11.0000
0.2250 0.1550 1.0000 11.0000
0.2350 0.1550 1.0000 11.0000
0.2450 0.1550 1.0000 11.0000
0.2550 0.1550 1.0000 11.0000
0.2650 0.1550 1.0000 11.0000
0.2750 0.1550 1.0000 11.0000
0.2850 0.1550 1.0000 11.0000
0.2950 0.1550 1.0000 11.0000
0.3050 0.1550 1.0000 11.0000
0.3150 0.1550 1.0000 11.0000
0.3250 0.1550 1.0000 11.0000
0.3350 0.1550 1.0000 11.0000
0.3450 0.1550 1.0000 11.0000
0.3550 0.1550 1.0000 11.0000
0.3650 0.1550 1.0000 11.0000
0.3750 0.1550 1.0000 11.0000
0.3850 0.1550 1.0000 11.0000
0.3950 0.1550 1.0000 11.0000
0.4050 0.1550 1.0000 11.0000
0.4150 0.1550 1.0000 11.0000
0.4250 0.1550 1.0000 11.0000
0.4350 0.1550 1.0000 11.0000
0.4450 0.1550 1.0000 11.0000
0.4550 0.1550 1.0000 11.0000
0.4650 0.1550 1.0000 11.0000
0.4750 0.1550 1.0000 11.0000
0.4850 0.1550 1.0000 11.0000
0.4950 0.1550 1.0000 11.0000
0.5050 0.1550 1.0000 11.0000
0.5150 0.1550 1.0000 11.0000
0.5250 0.1550 1.0000 11.0000
0.5350 0.1550 1.0000 11.0000
0.5450 0.1550 1.0000 11.0000
0.5550 0.1550 1.0000 11.0000
0.5650 0.1550 1.0000 11.0000
0.5750 0.1550 1.0000 11.0000
0.5850 0.1550 1.0000 11.0000
0.5950 0.1550 1.0000 11.0000
0.6050 0.1550 1.0000 11.0000
0.6150 0.1550 1.0000 11.0000
0.6250 0.1550 1.0000 11.0000
0.6350 0.1550 1.0000 11.0000
0.6450 0.1550 1.0000 11.0000
0.6550 0.1550 1.0000 11.0000
0.6650 0.1550 1.0000 11.0000
0.6750 0.1550 1.0000 11.0000
0.6850 0.1550 1.0000 11.0000
0.6950 0.1550 1.0000 11.0000
0.7050 0.1550 1.0000 11.0000
0.7150 0.1550 1.0000 11.0000
0.7250 0.1550 1.0000 11.0000
0.7350 0.1550 1.0000 11.0000
0.7450 0.1550 1.0000 11.0000
0.7550 0.1550 1.0000 11.0000
0.7650 0.1550 1.0000 11.0000
0.7750 0.1550 1.0000 11.0000
0.7850 0.1550 1.0000 11.0000
0.7950 0.1550 1.0000 11.0000
0.8050 0.1550 1.0000 11.0000
0.8150 0.1550 1.0000 11.0000
0.8250 0.1550 1.0000 11.0000
0.8350 0.1550 1.0000 11.0000
0.8450 0.1550 1.0000 11.0000
0.8550 0.1550 1.0000 11.0000
0.8650 0.1550 1.0000 11.0000
0.8750 0.1550 1.0000 11.0000
0.8850 0.1550 1.0000 11.0000
0.8950 0.1550 1.0000 11.0000
0.9050 0.1550 1.0000 11.0000
0.9150 0.1550 1.0000 11.0000
0.9250 0.1550 1.0000 11.0000
0.9350 0.1550 1.0000 11.0000
0.9450 0.1550 1.0000 11.0000
0.9550 0.1550 1.0000 11.0000
0.9650 0.1550 1.0000 11.0000
0.9750 0.1550 1.0000 11.0000
0.9850 0.1550 1.0000 11.0000
0.9950 0.1550 1.0000 11.0000
0.0050 0.1650 1.0000 11.0000
0.0150 0.1650 1.0000 11.0000
0.0250 0.1650 1.0000 11.0000
0.0350 0.1650 1.0000 11.0000
0.0450 0.1650 1.0000 11.0000
0.0550 0.1650 1.0000 11.0000
0.0650 0.1650 1.0000 11.0000
0.0750 0.1650 1.0000 11.0000
0.0850 0.1650 1.0000 11.0000
0.0950 0.1650 1.0000 11.0000
0.1050 0.1650 1.0000 11.0000
0.1150 0.1650 1.0000 11.0000
0.1250 0.1650 1.0000 11.0000
0.1350 0.1650 1.0000 11.0000
0.1450 0.1650 1.0000 11.0000
0.1550 0.1650 1.0000 11.0000
0.1650 0.1650 1.0000 11.0000
0.1750 0.1650 1.0000 11.0000
0.1850 0.1650 1.0000 11.0000
0.1950 0.1650 1.0000 11.0000
0.2050 0.1650 1.0000 11.0000
0.2150 0.1650 1.0000 11.0000
0.2250 0.1650 1.0000 11.0000
0.2350 0.1650 1.0000 11.0000
0.2450 0.1650 1.0000 11.0000
0.2550 0.1650 1.0000 11.0000
0.2650 0.1650 1.0000 11.0000
0.2750 0.1650 1.0000 11.0000
0.2850 0.1650 1.0000 11.0000
0.2950 0.1650 1.0000 11.0000
0.3050 0.1650 1.0000 11.0000
0.3150 0.1650 1.0000 11.0000
0.3250 0.1650 1.0000 11.0000
0.3350 0.1650 1.0000 11.0000
0.3450 0.1650 1.0000 11.0000
0.3550 0.1650 1.0000 11.0000
0.3650 0.1650 1.0000 11.0000
0.3750 0.1650 1.0000 11.0000
0.3850 0.1650 1.0000 11.0000
0.3950 0.1650 1.0000 11.0000
0.4050 0.1650 1.0000 11.0000
0.4150 0.1650 1.0000 11.0000
0.4250 0.1650 1.0000 11.0000
0.4350 0.1650 1.0000 11.0000
0.4450 0.1650 1.0000 11.0000
0.4550 0.1650 1.0000 11.0000
0.4650 0.1650 1.0000 11.0000
0.4750 0.1650 1.0000 11.0000
0.4850 0.1650 1.0000 11.0000
0.4950 0.1650 1.0000 11.0000
0.5050 0.1650 1.0000 11.0000
0.5150 0.1650 1.0000 11.0000
0.5250 0.1650 1.0000 11.0000
0.5350 0.1650 1.0000 11.0000
0.5450 0.1650 1.0000 11.0000
0.5550 0.1650 1.0000 11.0000
0.5650 0.1650 1.0000 11.0000
0.5750 0.1650 1.0000 11.0000
0.5850 0.1650 1.0000 11.0000
0.5950 0.1650 1.0000 11.0000
0.6050 0.1650 1.0000 11.0000
0.6150 0.1650 1.0000 11.0000
0.6250 0.1650 1.0000 11.0000
0.6350 0.1650 1.0000 11.0000
0.6450 0.1650 1.0000 11.0000
0.6550 0.1650 1.0000 11.0000
0.6650 0.1650 1.0000 11.0000
0.6750 0.1650 1.0000 11.0000
0.6850 0.1650 1.0000 11.0000
0.6950 0.1650 1.0000 11.0000
0.7050 0.1650 1.0000 11.0000
0.7150 0.1650 1.0000 11.0000
0.7250 0.1650 1.0000 11.0000
0.7350 0.1650 1.0000 11.0000
0.7450 0.1650 1.0000 11.0000
0.7550 0.1650 1.0000 11.0000
0.7650 0.1650 1.0000 11.0000
0.7750 0.1650 1.0000 11.0000
0.7850 0.1650 1.0000 11.0000
0.7950 0.1650 1.0000 11.0000
0.8050 0.1650 1.0000 11.0000
0.8150 0.1650 1.0000 11.0000
0.8250 0.1650 1.0000 11.0000
0.8350 0.1650 1.0000 11.0000
0.8450 0.1650 1.0000 11.0000
0.8550 0.1650 1.0000 11.0000
0.8650 0.1650 1.0000 11.0000
0.8750 0.1650 1.0000 11.0000
0.8850 0.1650 1.0000 11.0000
0.8950 0.1650 1.0000 11.0000
0.9050 0.1650 1.0000 11.0000
0.9150 0.1650 1.0000 11.0000
0.9250 0.1650 1.0000 11.0000
0.9350 0.1650 1.0000 11.0000
0.9450 0.1650 1.0000 11.0000
0.9550 0.1650 1.0000 11.0000
0.9650 0.1650 1.0000 11.0000
0.9750 0.1650 1.0000 11.0000
0.9850 0.1650 1.0000 11.0000
0.9950 0.1650 1.0000 11.0000
0.0050 0.1750 1.0000 11.0000
0.0150 0.1750 1.0000 11.0000
0.0250 0.1750 1.0000 11.0000
0.0350 0.1750 1.0000 11.0000
0.0450 0.1750 1.0000 11.0000
0.0550 0.1750 1.0000 11.0000
0.0650 0.1750 1.0000 11.0000
0.0750 0.1750 1.0000 11.0000
0.0850 0.1750 1.0000 11.0000
0.0950 0.1750 1.0000 11.0000
0.1050 0.1750 1.0000 11.0000
0.1150 0.1750 1.0000 11.0000
0.1250 0.1750 1.0000 11.0000
0.1350 0.1750 1.0000 11.0000
0.1450 0.1750 1.0000 11.0000
0.1550 0.1750 1.0000 11.0000
0.1650 0.1750 1.0000 11.0000
0.1750 0.1750 1.0000 11.0000
0.1850 0.1750 1.0000 11.0000
0.1950 0.1750 1.0000 11.0000
0.2050 0.1750 1.0000 11.0000
0.2150 0.1750 1.0000 11.0000
0.2250 0.1750 1.0000 11.0000
0.2350 0.1750 1.0000 11.0000
0.2450 0.1750 1.0000 11.0000
0.2550 0.1750 1.0000 11.0000
0.2650 0.1750 1.0000 11.0000
0.2750 0.1750 1.0000 11.0000
0.2850 0.1750 1.0000 11.0000
0.2950 0.1750 1.0000 11.0000
0.3050 0.1750 1.0000 11.0000
0.3150 0.1750 1.0000 11.0000
0.3250 0.1750 1.0000 11.0000
0.3350 0.1750 1.0000 11.0000
0.3450 0.1750 1.0000 11.0000
0.3550 0.1750 1.0000 11.0000
0.3650 0.1750 1.0000 11.0000
0.3750 0.1750 1.0000 11.0000
0.3850 0.1750 1.0000 11.0000
0.3950 0.1750 1.0000 11.0000
0.4050 0.1750 1.0000 11.0000
0.4150 0.1750 1.0000 11.0000
0.4250 0.1750 1.0000 11.0000
0.4350 0.1750 1.0000 11.0000
0.4450 0.1750 1.0000 11.0000
0.4550 0.1750 1.0000 11.0000
0.4650 0.1750 1.0000 11.0000
0.4750 0.1750 1.0000 11.0000
0.4850 0.1750 1.0000 11.0000
0.4950 0.1750 1.0000 11.0000
0.5050 0.1750 1.0000 11.0000
0.5150 0.1750 1.0000 11.0000
0.5250 0.1750 1.0000 11.0000
0.5350 0.1750 1.0000 11.0000
0.5450 0.1750 1.0000 11.0000
0.5550 0.1750 1.0000 11.0000
0.5650 0.1750 1.0000 11.0000
0.5750 0.1750 1.0000 11.0000
0.5850 0.1750 1.0000 11.0000
0.5950 0.1750 1.0000 11.0000
0.6050 0.1750 1.0000 11.0000
0.6150 0.1750 1.0000 11.0000
0.6250 0.1750 1.0000 11.0000
0.6350 0.1750 1.0000 11.0000
0.6450 0.1750 1.0000 11.0000
0.6550 0.1750 1.0000 11.0000
0.6650 0.1750 1.0000 11.0000
0.6750 0.1750 1.0000 11.0000
0.6850 0.1750 1.0000 11.0000
0.6950 0.1750 1.0000 11.0000
0.7050 0.1750 1.0000 11.0000
0.7150 0.1750 1.0000 11.0000
0.7250 0.1750 1.0000 11.0000
0.7350 0.1750 1.0000 11.0000
0.7450 0.1750 1.0000 11.0000
0.7550 0.1750 1.0000 11.0000
0.7650 0.1750 1.0000 11.0000
0.7750 0.1750 1.0000 11.0000
0.7850 0.1750 1.0000 11.0000
0.7950 0.1750 1.0000 11.0000
0.8050 0.1750 1.0000 11.0000
0.8150 0.1750 1.0000 11.0000
0.8250 0.1750 1.0000 11.0000
0.8350 0.1750 1.0000 11.0000
0.8450 0.1750 1.0000 11.0000
0.8550 0.1750 1.0000 11.0000
0.8650 0.1750 1.0000 11.0000
0.8750 0.1750 1.0000 11.0000
0.8850 0.1750 1.0000 11.0000
0.8950 0.1750 1.0000 11.0000
0.9050 0.1750 1.0000 11.0000
0.9150 0.1750 1.0000 11.0000
0.9250 0.1750 1.0000 11.0000
0.9350 0.1750 1.0000 11.0000
0.9450 0.1750 1.0000 11.0000
0.9550 0.1750 1.0000 11.0000
0.9650 0.1750 1.0000 11.0000
0.9750 0.1750 1.0000 11.0000
0.9850 0.1750 1.0000 11.0000
0.9950 0.1750 1.0000 11.0000
0.0050 0.1850 1.0000 11.0000
0.0150 0.1850 1.0000 11.0000
0.0250 0.1850 1.0000 11.0000
0.0350 0.1850 1.0000 11.0000
0.0450 0.1850 1.0000 11.0000
0.0550 0.1850 1.0000 11.0000
0.0650 0.1850 1.0000 11.0000
0.0750 0.1850 1.0000 11.0000
0.0850 0.1850 1.0000 11.0000
0.0950 0.1850 1.0000 11.0000
0.1050 0.1850 1.0000 11.0000
0.1150 0.1850 1.0000 11.0000
0.1250 0.1850 1.0000 11.0000
0.1350 0.1850 1.0000 11.0000
0.1450 0.1850 1.0000 11.0000
0.1550 0.1850 1.0000 11.0000
0.1650 0.1850 1.0000 11.0000
0.1750 0.1850 1.0000 11.0000
0.1850 0.1850 1.0000 11.0000
0.1950 0.1850 1.0000 11.0000
0.2050 0.1850 1.0000 11.0000
0.2150 0.1850 1.0000 11.0000
0.2250 0.1850 1.0000 11.0000
0.2350 0.1850 1.0000 11.0000
0.2450 0.1850 1.0000 11.0000
0.2550 0.1850 1.0000 11.0000
0.2650 0.1850 1.0000 11.0000
0.2750 0.1850 1.0000 11.0000
0.2850 0.1850 1.0000 11.0000
0.2950 0.1850 1.0000 11.0000
0.3050 0.1850 1.0000 11.0000
0.3150 0.1850 1.0000 11.0000
0.3250 0.1850 1.0000 11.0000
0.3350 0.1850 1.0000 11.0000
0.3450 0.1850 1.0000 11.0000
0.3550 0.1850 1.0000 11.0000
0.3650 0.1850 1.0000 11.0000
0.3750 0.1850 1.0000 11.0000
0.3850 0.1850 1.0000 11.0000
0.3950 0.1850 1.0000 11.0000
0.4050 0.1850 1.0000 11.0000
0.4150 0.1850 1.0000 11.0000
0.4250 0.1850 1.0000 11.0000
0.4350 0.1850 1.0000 11.0000
0.4450 0.1850 1.0000 11.0000
0.4550 0.1850 1.0000 11.0000
0.4650 0.1850 1.0000 11.0000
0.4750 0.1850 1.0000 11.0000
0.4850 0.1850 1.0000 11.0000
0.4950 0.1850 1.0000 11.0000
0.5050 0.1850 1.0000 11.0000
0.5150 0.1850 1.0000 11.0000
0.5250 0.1850 1.0000 11.0000
0.5350 0.1850 1.0000 11.0000
0.5450 0.1850 1.0000 11.0000
0.5550 0.1850 1.0000 11.0000
0.5650 0.1850 1.0000 11.0000
0.5750 0.1850 1.0000 11.0000
0.5850 0.1850 1.0000 11.0000
0.5950 0.1850 1.0000 11.0000
0.6050 0.1850 1.0000 11.0000
0.6150 0.1850 1.0000 11.0000
0.6250 0.1850 1.0000 11.0000
0.6350 0.1850 1.0000 11.0000
0.6450 0.1850 1.0000 11.0000
0.6550 0.1850 1.0000 11.0000
0.6650 0.1850 1.0000 11.0000
0.6750 0.1850 1.0000 11.0000
0.6850 0.1850 1.0000 11.0000
0.6950 0.1850 1.0000 11.0000
0.7050 0.1850 1.0000 11.0000
0.7150 0.1850 1.0000 11.0000
0.7250 0.1850 1.0000 11.0000
0.7350 0.1850 1.0000 11.0000
0.7450 0.1850 1.0000 11.0000
0.7550 0.1850 1.0000 11.0000
0.7650 0.1850 1.0000 11.0000
0.7750 0.1850 1.0000 11.0000
0.7850 0.1850 1.0000 11.0000
0.7950 0.1850 1.0000 11.0000
0.8050 0.1850 1.0000 11.0000
0.8150 0.1850 1.0000 11.0000
0.8250 0.1850 1.0000 11.0000
0.8350 0.1850 1.0000 11.0000
0.8450 0.1850 1.0000 11.0000
0.8550 0.1850 1.0000 11.0000
0.8650 0.1850 1.0000 11.0000
0.8750 0.1850 1.0000 11.0000
0.8850 0.1850 1.0000 11.0000
0.8950 0.1850 1.0000 11.0000
0.9050 0.1850 1.0000 11.0000
0.9150 0.1850 1.0000 11.0000
0.9250 0.1850 1.0000 11.0000
0.9350 0.1850 1.0000 11.0000
0.9450 0.1850 1.0000 11.0000
0.9550 0.1850 1.0000 11.0000
0.9650 0.1850 1.0000 11.0000
0.9750 0.1850 1.0000 11.0000
0.9850 0.1850 1.0000 11.0000
0.9950 0.1850 1.0000 11.0000
0.0050 0.1950 1.0000 11.0000
0.0150 0.1950 1.0000 11.0000
0.0250 0.1950 1.0000 11.0000
0.0350 0.1950 1.0000 11.0000
0.0450 0.1950 1.0000 11.0000
0.0550 0.1950 1.0000 11.0000
0.0650 0.1950 1.0000 11.0000
0.0750 0.1950 1.0000 11.0000
0.0850 0.1950 1.0000 11.0000
0.0950 0.1950 1.0000 11.0000
0.1050 0.1950 1.0000 11.0000
0.1150 0.1950 1.0000 11.0000
0.1250 0.1950 1.0000 11.0000
0.1350 0.1950 1.0000 11.0000
0.1450 0.1950 1.0000 11.0000
0.1550 0.1950 1.0000 11.0000
0.1650 0.1950 1.0000 11.0000
0.1750 0.1950 1.0000 11.0000
0.1850 0.1950 1.0000 11.0000
0.1950 0.1950 1.0000 11.0000
0.2050 0.1950 1.0000 11.0000
0.2150 0.1950 1.0000 11.0000
0.2250 0.1950 1.0000 11.0000
0.2350 0.1950 1.0000 11.0000
0.2450 0.1950 1.0000 11.0000
0.2550 0.1950 1.0000 11.0000
0.2650 0.1950 1.0000 11.0000
0.2750 0.1950 1.0000 11.0000
0.2850 0.1950 1.0000 11.0000
0.2950 0.1950 1.0000 11.0000
0.3050 0.1950 1.0000 11.0000
0.3150 0.1950 1.0000 11.0000
0.3250 0.1950 1.0000 11.0000
0.3350 0.1950 1.0000 11.0000
0.3450 0.1950 1.0000 11.0000
0.3550 0.1950 1.0000 11.0000
0.3650 0.1950 1.0000 11.0000
0.3750 0.1950 1.0000 11.0000
0.3850 0.1950 1.0000 11.0000
0.3950 0.1950 1.0000 11.0000
0.4050 0.1950 1.0000 11.0000
0.4150 0.1950 1.0000 11.0000
0.4250 0.1950 1.0000 11.0000
0.4350 0.1950 1.0000 11.0000
0.4450 0.1950 1.0000 11.0000
0.4550 0.1950 1.0000 11.0000
0.4650 0.1950 1.0000 11.0000
0.4750 0.1950 1.0000 11.0000
0.4850 0.1950 1.0000 11.0000
0.4950 0.1950 1.0000 11.0000
0.5050 0.1950 1.0000 11.0000
0.5150 0.1950 1.0000 11.0000
0.5250 0.1950 1.0000 11.0000
0.5350 0.1950 1.0000 11.0000
0.5450 0.1950 1.0000 11.0000
0.5550 0.1950 1.0000 11.0000
0.5650 0.1950 1.0000 11.0000
0.5750 0.1950 1.0000 11.0000
0.5850 0.1950 1.0000 11.0000
0.5950 0.1950 1.0000 11.0000
0.6050 0.1950 1.0000 11.0000
0.6150 0.1950 1.0000 11.0000
0.6250 0.1950 1.0000 11.0000
0.6350 0.1950 1.0000 11.0000
0.6450 0.1950 1.0000 11.0000
0.6550 0.1950 1.0000 11.0000
0.6650 0.1950 1.0000 11.0000
0.6750 0.1950 1.0000 11.0000
0.6850 0.1950 1.0000 11.0000
0.6950 0.1950 1.0000 11.0000
0.7050 0.1950 1.0000 11.0000
0.7150 0.1950 1.0000 11.0000
0.7250 0.1950 1.0000 11.0000
0.7350 0.1950 1.0000 11.0000
0.7450 0.1950 1.0000 11.0000
0.7550 0.1950 1.0000 11.0000
0.7650 0.1950 1.0000 11.0000
0.7750 0.1950 1.0000 11.0000
0.7850 0.1950 1.0000 11.0000
0.7950 0.1950 1.0000 11.0000
0.8050 0.1950 1.0000 11.0000
0.8150 0.1950 1.0000 11.0000
0.8250 0.1950 1.0000 11.0000
0.8350 0.1950 1.0000 11.0000
0.8450 0.1950 1.0000 11.0000
0.8550 0.1950 1.0000 11.0000
0.8650 0.1950 1.0000 11.0000
0.8750 0.1950 1.0000 11.0000
0.8850 0.1950 1.0000 11.0000
0.8950 0.1950 1.0000 11.0000
0.9050 0.1950 1.0000 11.0000
0.9150 0.1950 1.0000 11.0000
0.9250 0.1950 1.0000 11.0000
0.9350 0.1950 1.0000 11.0000
0.9450 0.1950 1.0000 11.0000
0.9550 0.1950 1.0000 11.0000
0.9650 0.1950 1.0000 11.0000
0.9750 0.1950 1.0000 11.0000
0.9850 0.1950 1.0000 11.0000
0.9950 0.1950 1.0000 11.0000
0.0050 0.2050 1.0000 11.0000
0.0150 0.2050 1.0000 11.0000
0.0250 0.2050 1.0000 11.0000
0.0350 0.2050 1.0000 11.0000
0.0450 0.2050 1.0000 11.0000
0.0550 0.2050 1.0000 11.0000
0.0650 0.2050 1.0000 11.0000
0.0750 0.2050 1.0000 11.0000
0.0850 0.2050 1.0000 11.0000
0.0950 0.2050 1.0000 11.0000
0.1050 0.2050 1.0000 11.0000
0.1150 0.2050 1.0000 11.0000
0.1250 0.2050 1.0000 11.0000
0.1350 0.2050 1.0000 11.0000
0.1450 0.2050 1.0000 11.0000
0.1550 0.2050 1.0000 11.0000
0.1650 0.2050 1.0000 11.0000
0.1750 0.2050 1.0000 11.0000
0.1850 0.2050 1.0000 11.0000
0.1950 0.2050 1.0000 11.0000
0.2050 0.2050 1.0000 11.0000
0.2150 0.2050 1.0000 11.0000
0.2250 0.2050 1.0000 11.0000
0.2350 0.2050 1.0000 11.0000
0.2450 0.2050 1.0000 11.0000
0.2550 0.2050 1.0000 11.0000
0.2650 0.2050 1.0000 11.0000
0.2750 0.2050 1.0000 11.0000
0.2850 0.2050 1.0000 11.0000
0.2950 0.2050 1.0000 11.0000
0.3050 0.2050 1.0000 11.0000
0.3150 0.2050 1.0000 11.0000
0.3250 0.2050 1.0000 11.0000
0.3350 0.2050 1.0000 11.0000
0.3450 0.2050 1.0000 11.0000
0.3550 0.2050 1.0000 11.0000
0.3650 0.2050 1.0000 11.0000
0.3750 0.2050 1.0000 11.0000
0.3850 0.2050 1.0000 11.0000
0.3950 0.2050 1.0000 11.0000
0.4050 0.2050 1.0000 11.0000
0.4150 0.2050 1.0000 11.0000
0.4250 0.2050 1.0000 11.0000
0.4350 0.2050 1.0000 11.0000
0.4450 0.2050 1.0000 11.0000
0.4550 0.2050 1.0000 11.0000
0.4650 0.2050 1.0000 11.0000
0.4750 0.2050 1.0000 11.0000
0.4850 0.2050 1.0000 11.0000
0.4950 0.2050 1.0000 11.0000
0.5050 0.2050 1.0000 11.0000
0.5150 0.2050 1.0000 11.0000
0.5250 0.2050 1.0000 11.0000
0.5350 0.2050 1.0000 11.0000
0.5450 0.2050 1.0000 11.0000
0.5550 0.2050 1.0000 11.0000
0.5650 0.2050 1.0000 11.0000
0.5750 0.2050 1.0000 11.0000
0.5850 0.2050 1.0000 11.0000
0.5950 0.2050 1.0000 11.0000
0.6050 0.2050 1.0000 11.0000
0.6150 0.2050 1.0000 11.0000
0.6250 0.2050 1.0000 11.0000
0.6350 0.2050 1.0000 11.0000
0.6450 0.2050 1.0000 11.0000
0.6550 0.2050 1.0000 11.0000
0.6650 0.2050 1.0000 11.0000
0.6750 0.2050 1.0000 11.0000
0.6850 0.2050 1.0000 11.0000
0.6950 0.2050 1.0000 11.0000
0.7050 0.2050 1.0000 11.0000
0.7150 0.2050 1.0000 11.0000
0.7250 0.2050 1.0000 11.0000
0.7350 0.2050 1.0000 11.0000
0.7450 0.2050 1.0000 11.0000
0.7550 0.2050 1.0000 11.0000
0.7650 0.2050 1.0000 11.0000
0.7750 0.2050 1.0000 11.0000
0.7850 0.2050 1.0000 11.0000
0.7950 0.2050 1.0000 11.0000
0.8050 0.2050 1.0000 11.0000
0.8150 0.2050 1.0000 11.0000
0.8250 0.2050 1.0000 11.0000
0.8350 0.2050 1.0000 11.0000
0.8450 0.2050 1.0000 11.0000
0.8550 0.2050 1.0000 11.0000
0.8650 0.2050 1.0000 11.0000
0.8750 0.2050 1.0000 11.0000
0.8850 0.2050 1.0000 11.0000
0.8950 0.2050 1.0000 11.0000
0.9050 0.2050 1.0000 11.0000
0.9150 0.2050 1.0000 11.0000
0.9250 0.2050 1.0000 11.0000
0.9350 0.2050 1.0000 11.0000
0.9450 0.2050 1.0000 11.0000
0.9550 0.2050 1.0000 11.0000
0.9650 0.2050 1.0000 11.0000
0.9750 0.2050 1.0000 11.0000
0.9850 0.2050 1.0000 11.0000
0.9950 0.2050 1.0000 11.0000
0.0050 0.2150 1.0000 11.0000
0.0150 0.2150 1.0000 11.0000
0.0250 0.2150 1.0000 11.0000
0.0350 0.2150 1.0000 11.0000
0.0450 0.2150 1.0000 11.0000
0.0550 0.2150 1.0000 11.0000
0.0650 0.2150 1.0000 11.0000
0.0750 0.2150 1.0000 11.0000
0.0850 0.2150 1.0000 11.0000
0.0950 0.2150 1.0000 11.0000
0.1050 0.2150 1.0000 11.0000
0.1150 0.2150 1.0000 11.0000
0.1250 0.2150 1.0000 11.0000
0.1350 0.2150 1.0000 11.0000
0.1450 0.2150 1.0000 11.0000
0.1550 0.2150 1.0000 11.0000
0.1650 0.2150 1.0000 11.0000
0.1750 0.2150 1.0000 11.0000
0.1850 0.2150 1.0000 11.0000
0.1950 0.2150 1.0000 11.0000
0.2050 0.2150 1.0000 11.0000
0.2150 0.2150 1.0000 11.0000
0.2250 0.2150 1.0000 11.0000
0.2350 0.2150 1.0000 11.0000
0.2450 0.2150 1.0000 11.0000
0.2550 0.2150 1.0000 11.0000
0.2650 0.2150 1.0000 11.0000
0.2750 0.2150 1.0000 11.0000
0.2850 0.2150 1.0000 11.0000
0.2950 0.2150 1.0000 11.0000
0.3050 0.2150 1.0000 11.0000
0.3150 0.2150 1.0000 11.0000
0.3250 0.2150 1.0000 11.0000
0.3350 0.2150 1.0000 11.0000
0.3450 0.2150 1.0000 11.0000
0.3550 0.2150 1.0000 11.0000
0.3650 0.2150 1.0000 11.0000
0.3750 0.2150 1.0000 11.0000
0.3850 0.2150 1.0000 11.0000
0.3950 0.2150 1.0000 11.0000
0.4050 0.2150 1.0000 11.0000
0.4150 0.2150 1.0000 11.0000
0.4250 0.2150 1.0000 11.0000
0.4350 0.2150 1.0000 11.0000
0.4450 0.2150 1.0000 11.0000
0.4550 0.2150 1.0000 11.0000
0.4650 0.2150 1.0000 11.0000
0.4750 0.2150 1.0000 11.0000
0.4850 0.2150 1.0000 11.0000
0.4950 0.2150 1.0000 11.0000
0.5050 0.2150 1.0000 11.0000
0.5150 0.2150 1.0000 11.0000
0.5250 0.2150 1.0000 11.0000
0.5350 0.2150 1.0000 11.0000
0.5450 0.2150 1.0000 11.0000
0.5550 0.2150 1.0000 11.0000
0.5650 0.2150 1.0000 11.0000
0.5750 0.2150 1.0000 11.0000
0.5850 0.2150 1.0000 11.0000
0.5950 0.2150 1.0000 11.0000
0.6050 0.2150 1.0000 11.0000
0.6150 0.2150 1.0000 11.0000
0.6250 0.2150 1.0000 11.0000
0.6350 0.2150 1.0000 11.0000
0.6450 0.2150 1.0000 11.0000
0.6550 0.2150 1.0000 11.0000
0.6650 0.2150 1.0000 11.0000
0.6750 0.2150 1.0000 11.0000
0.6850 0.2150 1.0000 11.0000
0.6950 0.2150 1.0000 11.0000
0.7050 0.2150 1.0000 11.0000
0.7150 0.2150 1.0000 11.0000
0.7250 0.2150 1.0000 11.0000
0.7350 0.2150 1.0000 11.0000
0.7450 0.2150 1.0000 11.0000
0.7550 0.2150 1.0000 11.0000
0.7650 0.2150 1.0000 11.0000
0.7750 0.2150 1.0000 11.0000
0.7850 0.2150 1.0000 11.0000
0.7950 0.2150 1.0000 11.0000
0.8050 0.2150 1.0000 11.0000
0.8150 0.2150 1.0000 11.0000
0.8250 0.2150 1.0000 11.0000
0.8350 0.2150 1.0000 11.0000
0.8450 0.2150 1.0000 11.0000
0.8550 0.2150 1.0000 11.0000
0.8650 0.2150 1.0000 11.0000
0.8750 0.2150 1.0000 11.0000
0.8850 0.2150 1.0000 11.0000
0.8950 0.2150 1.0000 11.0000
0.9050 0.2150 1.0000 11.0000
0.9150 0.2150 1.0000 11.0000
0.9250 0.2150 1.0000 11.0000
0.9350 0.2150 1.0000 11.0000
0.9450 0.2150 1.0000 11.0000
0.9550 0.2150 1.0000 11.0000
0.9650 0.2150 1.0000 11.0000
0.9750 0.2150 1.0000 11.0000
0.9850 0.2150 1.0000 11.0000
0.9950 0.2150 1.0000 11.0000
0.0050 0.2250 1.0000 11.0000
0.0150 0.2250 1.0000 11.0000
0.0250 0.2250 1.0000 11.0000
0.0350 0.2250 1.0000 11.0000
0.0450 0.2250 1.0000 11.0000
0.0550 0.2250 1.0000 11.0000
0.0650 0.2250 1.0000 11.0000
0.0750 0.2250 1.0000 11.0000
0.0850 0.2250 1.0000 11.0000
0.0950 0.2250 1.0000 11.0000
0.1050 0.2250 1.0000 11.0000
0.1150 0.2250 1.0000 11.0000
0.1250 0.2250 1.0000 11.0000
0.1350 0.2250 1.0000 11.0000
0.1450 0.2250 1.0000 11.0000
0.1550 0.2250 1.0000 11.0000
0.1650 0.2250 1.0000 11.0000
0.1750 0.2250 1.0000 11.0000
0.1850 0.2250 1.0000 11.0000
0.1950 0.2250 1.0000 11.0000
0.2050 0.2250 1.0000 11.0000
0.2150 0.2250 1.0000 11.0000
0.2250 0.2250 1.0000 11.0000
0.2350 0.2250 1.0000 11.0000
0.2450 0.2250 1.0000 11.0000
0.2550 0.2250 1.0000 11.0000
0.2650 0.2250 1.0000 11.0000
0.2750 0.2250 1.0000 11.0000
0.2850 0.2250 1.0000 11.0000
0.2950 0.2250 1.0000 11.0000
0.3050 0.2250 1.0000 11.0000
0.3150 0.2250 1.0000 11.0000
0.3250 0.2250 1.0000 11.0000
0.3350 0.2250 1.0000 11.0000
0.3450 0.2250 1.0000 11.0000
0.3550 0.2250 1.0000 11.0000
0.3650 0.2250 1.0000 11.0000
0.3750 0.2250 1.0000 11.0000
0.3850 0.2250 1.0000 11.0000
0.3950 0.2250 1.0000 11.0000
0.4050 0.2250 1.0000 11.0000
0.4150 0.2250 1.0000 11.0000
0.4250 0.2250 1.0000 11.0000
0.4350 0.2250 1.0000 11.0000
0.4450 0.2250 1.0000 11.0000
0.4550 0.2250 1.0000 11.0000
0.4650 0.2250 1.0000 11.0000
0.4750 0.2250 1.0000 11.0000
0.4850 0.2250 1.0000 11.0000
0.4950 0.2250 1.0000 11.0000
0.5050 0.2250 1.0000 11.0000
0.5150 0.2250 1.0000 11.0000
0.5250 0.2250 1.0000 11.0000
0.5350 0.2250 1.0000 11.0000
0.5450 0.2250 1.0000 11.0000
0.5550 0.2250 1.0000 11.0000
0.5650 0.2250 1.0000 11.0000
0.5750 0.2250 1.0000 11.0000
0.5850 0.2250 1.0000 11.0000
0.5950 0.2250 1.0000 11.0000
0.6050 0.2250 1.0000 11.0000
0.6150 0.2250 1.0000 11.0000
0.6250 0.2250 1.0000 11.0000
0.6350 0.2250 1.0000 11.0000
0.6450 0.2250 1.0000 11.0000
0.6550 0.2250 1.0000 11.0000
0.6650 0.2250 1.0000 11.0000
0.6750 0.2250 1.0000 11.0000
0.6850 0.2250 1.0000 11.0000
0.6950 0.2250 1.0000 11.0000
0.7050 0.2250 1.0000 11.0000
0.7150 0.2250 1.0000 11.0000
0.7250 0.2250 1.0000 11.0000
0.7350 0.2250 1.0000 11.0000
0.7450 0.2250 1.0000 11.0000
0.7550 0.2250 1.0000 11.0000
0.7650 0.2250 1.0000 11.0000
0.7750 0.2250 1.0000 11.0000
0.7850 0.2250 1.0000 11.0000
0.7950 0.2250 1.0000 11.0000
0.8050 0.2250 1.0000 11.0000
0.8150 0.2250 1.0000 11.0000
0.8250 0.2250 1.0000 11.0000
0.8350 0.2250 1.0000 11.0000
0.8450 0.2250 1.0000 11.0000
0.8550 0.2250 1.0000 11.0000
0.8650 0.2250 1.0000 11.0000
0.8750 0.2250 1.0000 11.0000
0.8850 0.2250 1.0000 11.0000
0.8950 0.2250 1.0000 11.0000
0.9050 0.2250 1.0000 11.0000
0.9150 0.2250 1.0000 11.0000
0.9250 0.2250 1.0000 11.0000
0.9350 0.2250 1.0000 11.0000
0.9450 0.2250 1.0000 11.0000
0.9550 0.2250 1.0000 11.0000
0.9650 0.2250 1.0000 11.0000
0.9750 0.2250 1.0000 11.0000
0.9850 0.2250 1.0000 11.0000
0.9950 0.2250 1.0000 11.0000
0.0050 0.2350 1.0000 11.0000
0.0150 0.2350 1.0000 11.0000
0.0250 0.2350 1.0000 11.0000
0.0350 0.2350 1.0000 11.0000
0.0450 0.2350 1.0000 11.0000
0.0550 0.2350 1.0000 11.0000
0.0650 0.2350 1.0000 11.0000
0.0750 0.2350 1.0000 11.0000
0.0850 0.2350 1.0000 11.0000
0.0950 0.2350 1.0000 11.0000
0.1050 0.2350 1.0000 11.0000
0.1150 0.2350 1.0000 11.0000
0.1250 0.2350 1.0000 11.0000
0.1350 0.2350 1.0000 11.0000
0.1450 0.2350 1.0000 11.0000
0.1550 0.2350 1.0000 11.0000
0.1650 0.2350 1.0000 11.0000
0.1750 0.2350 1.0000 11.0000
0.1850 0.2350 1.0000 11.0000
0.1950 0.2350 1.0000 11.0000
0.2050 0.2350 1.0000 11.0000
0.2150 0.2350 1.0000 11.0000
0.2250 0.2350 1.0000 11.0000
0.2350 0.2350 1.0000 11.0000
0.2450 0.2350 1.0000 11.0000
0.2550 0.2350 1.0000 11.0000
0.2650 0.2350 1.0000 11.0000
0.2750 0.2350 1.0000 11.0000
0.2850 0.2350 1.0000 11.0000
0.2950 0.2350 1.0000 11.0000
0.3050 0.2350 1.0000 11.0000
0.3150 0.2350 1.0000 11.0000
0.3250 0.2350 1.0000 11.0000
0.3350 0.2350 1.0000 11.0000
0.3450 0.2350 1.0000 11.0000
0.3550 0.2350 1.0000 11.0000
0.3650 0.2350 1.0000 11.0000
0.3750 0.2350 1.0000 11.0000
0.3850 0.2350 1.0000 11.0000
0.3950 0.2350 1.0000 11.0000
0.4050 0.2350 1.0000 11.0000
0.4150 0.2350 1.0000 11.0000
0.4250 0.2350 1.0000 11.0000
0.4350 0.2350 1.0000 11.0000
0.4450 0.2350 1.0000 11.0000
0.4550 0.2350 1.0000 11.0000
0.4650 0.2350 1.0000 11.0000
0.4750 0.2350 1.0000 11.0000
0.4850 0.2350 1.0000 11.0000
0.4950 0.2350 1.0000 11.0000
0.5050 0.2350 1.0000 11.0000
0.5150 0.2350 1.0000 11.0000
0.5250 0.2350 1.0000 11.0000
0.5350 0.2350 1.0000 11.0000
0.5450 0.2350 1.0000 11.0000
0.5550 0.2350 1.0000 11.0000
0.5650 0.2350 1.0000 11.0000
0.5750 0.2350 1.0000 11.0000
0.5850 0.2350 1.0000 11.0000
0.5950 0.2350 1.0000 11.0000
0.6050 0.2350 1.0000 11.0000
0.6150 0.2350 1.0000 11.0000
0.6250 0.2350 1.0000 11.0000
0.6350 0.2350 1.0000 11.0000
0.6450 0.2350 1.0000 11.0000
0.6550 0.2350 1.0000 11.0000
0.6650 0.2350 1.0000 11.0000
0.6750 0.2350 1.0000 11.0000
0.6850 0.2350 1.0000 11.0000
0.6950 0.2350 1.0000 11.0000
0.7050 0.2350 1.0000 11.0000
0.7150 0.2350 1.0000 11.0000
0.7250 0.2350 1.0000 11.0000
0.7350 0.2350 1.0000 11.0000
0.7450 0.2350 1.0000 11.0000
0.7550 0.2350 1.0000 11.0000
0.7650 0.2350 1.0000 11.0000
0.7750 0.2350 1.0000 11.0000
0.7850 0.2350 1.0000 11.0000
0.7950 0.2350 1.0000 11.0000
0.8050 0.2350 1.0000 11.0000
0.8150 0.2350 1.0000 11.0000
0.8250 0.2350 1.0000 11.0000
0.8350 0.2350 1.0000 11.0000
0.8450 0.2350 1.0000 11.0000
0.8550 0.2350 1.0000 11.0000
0.8650 0.2350 1.0000 11.0000
0.8750 0.2350 1.0000 11.0000
0.8850 0.2350 1.0000 11.0000
0.8950 0.2350 1.0000 11.0000
0.9050 0.2350 1.0000 11.0000
0.9150 0.2350 1.0000 11.0000
0.9250 0.2350 1.0000 11.0000
0.9350 0.2350 1.0000 11.0000
0.9450 0.2350 1.0000 11.0000
0.9550 0.2350 1.0000 11.0000
0.9650 0.2350 1.0000 11.0000
0.9750 0.2350 1.0000 11.0000
0.9850 0.2350 1.0000 11.0000
0.9950 0.2350 1.0000 11.0000
0.0050 0.2450 1.0000 11.0000
0.0150 0.2450 1.0000 11.0000
0.0250 0.2450 1.0000 11.0000
0.0350 0.2450 1.0000 11.0000
0.0450 0.2450 1.0000 11.0000
0.0550 0.2450 1.0000 11.0000
0.0650 0.2450 1.0000 11.0000
0.0750 0.2450 1.0000 11.0000
0.0850 0.2450 1.0000 11.0000
0.0950 0.2450 1.0000 11.0000
0.1050 0.2450 1.0000 11.0000
0.1150 0.2450 1.0000 11.0000
0.1250 0.2450 1.0000 11.0000
0.1350 0.2450 1.0000 11.0000
0.1450 0.2450 1.0000 11.0000
0.1550 0.2450 1.0000 11.0000
0.1650 0.2450 1.0000 11.0000
0.1750 0.2450 1.0000 11.0000
0.1850 0.2450 1.0000 11.0000
0.1950 0.2450 1.0000 11.0000
0.2050 0.2450 1.0000 11.0000
0.2150 0.2450 1.0000 11.0000
0.2250 0.2450 1.0000 11.0000
0.2350 0.2450 1.0000 11.0000
0.2450 0.2450 1.0000 11.0000
0.2550 0.2450 1.0000 11.0000
0.2650 0.2450 1.0000 11.0000
0.2750 0.2450 1.0000 11.0000
0.2850 0.2450 1.0000 11.0000
0.2950 0.2450 1.0000 11.0000
0.3050 0.2450 1.0000 11.0000
0.3150 0.2450 1.0000 11.0000
0.3250 0.2450 1.0000 11.0000
0.3350 0.2450 1.0000 11.0000
0.3450 0.2450 1.0000 11.0000
0.3550 0.2450 1.0000 11.0000
0.3650 0.2450 1.0000 11.0000
0.3750 0.2450 1.0000 11.0000
0.3850 0.2450 1.0000 11.0000
0.3950 0.2450 1.0000 11.0000
0.4050 0.2450 1.0000 11.0000
0.4150 0.2450 1.0000 11.0000
0.4250 0.2450 1.0000 11.0000
0.4350 0.2450 1.0000 11.0000
0.4450 0.2450 1.0000 11.0000
0.4550 0.2450 1.0000 11.0000
0.4650 0.2450 1.0000 11.0000
0.4750 0.2450 1.0000 11.0000
0.4850 0.2450 1.0000 11.0000
0.4950 0.2450 1.0000 11.0000
0.5050 0.2450 1.0000 11.0000
0.5150 0.2450 1.0000 11.0000
0.5250 0.2450 1.0000 11.0000
0.5350 0.2450 1.0000 11.0000
0.5450 0.2450 1.0000 11.0000
0.5550 0.2450 1.0000 11.0000
0.5650 0.2450 1.0000 11.0000
0.5750 0.2450 1.0000 11.0000
0.5850 0.2450 1.0000 11.0000
0.5950 0.2450 1.0000 11.0000
0.6050 0.2450 1.0000 11.0000
0.6150 0.2450 1.0000 11.0000
0.6250 0.2450 1.0000 11.0000
0.6350 0.2450 1.0000 11.0000
0.6450 0.2450 1.0000 11.0000
0.6550 0.2450 1.0000 11.0000
0.6650 0.2450 1.0000 11.0000
0.6750 0.2450 1.0000 11.0000
0.6850 0.2450 1.0000 11.0000
0.6950 0.2450 1.0000 11.0000
0.7050 0.2450 1.0000 11.0000
0.7150 0.2450 1.0000 11.0000
0.7250 0.2450 1.0000 11.0000
0.7350 0.2450 1.0000 11.0000
0.7450 0.2450 1.0000 11.0000
0.7550 0.2450 1.0000 11.0000
0.7650 0.2450 1.0000 11.0000
0.7750 0.2450 1.0000 11.0000
0.7850 0.2450 1.0000 11.0000
0.7950 0.2450 1.0000 11.0000
0.8050 0.2450 1.0000 11.0000
0.8150 0.2450 1.0000 11.0000
0.8250 0.2450 1.0000 11.0000
0.8350 0.2450 1.0000 11.0000
0.8450 0.2450 1.0000 11.0000
0.8550 0.2450 1.0000 11.0000
0.8650 0.2450 1.0000 11.0000
0.8750 0.2450 1.0000 11.0000
0.8850 0.2450 1.0000 11.0000
0.8950 0.2450 1.0000 11.0000
0.9050 0.2450 1.0000 11.0000
0.9150 0.2450 1.0000 11.0000
0.9250 0.2450 1.0000 11.0000
0.9350 0.2450 1.0000 11.0000
0.9450 0.2450 1.0000 11.0000
0.9550 0.2450 1.0000 11.0000
0.9650 0.2450 1.0000 11.0000
0.9750 0.2450 1.0000 11.0000
0.9850 0.2450 1.0000 11.0000
0.9950 0.2450 1.0000 11.0000
0.0050 0.2550 1.0000 11.0000
0.0150 0.2550 1.0000 11.0000
0.0250 0.2550 1.0000 11.0000
0.0350 0.2550 1.0000 11.0000
0.0450 0.2550 1.0000 11.0000
0.0550 0.2550 1.0000 11.0000
0.0650 0.2550 1.0000 11.0000
0.0750 0.2550 1.0000 11.0000
0.0850 0.2550 1.0000 11.0000
0.0950 0.2550 1.0000 11.0000
0.1050 0.2550 1.0000 11.0000
0.1150 0.2550 1.0000 11.0000
0.1250 0.2550 1.0000 11.0000
0.1350 0.2550 1.0000 11.0000
0.1450 0.2550 1.0000 11.0000
0.1550 0.2550 1.0000 11.0000
0.1650 0.2550 1.0000 11.0000
0.1750 0.2550 1.0000 11.0000
0.1850 0.2550 1.0000 11.0000
0.1950 0.2550 1.0000 11.0000
0.2050 0.2550 1.0000 11.0000
0.2150 0.2550 1.0000 11.0000
0.2250 0.2550 1.0000 11.0000
0.2350 0.2550 1.0000 11.0000
0.2450 0.2550 1.0000 11.0000
0.2550 0.2550 1.0000 11.0000
0.2650 0.2550 1.0000 11.0000
0.2750 0.2550 1.0000 11.0000
0.2850 0.2550 1.0000 11.0000
0.2950 0.2550 1.0000 11.0000
0.3050 0.2550 1.0000 11.0000
0.3150 0.2550 1.0000 11.0000
0.3250 0.2550 1.0000 11.0000
0.3350 0.2550 1.0000 11.0000
0.3450 0.2550 1.0000 11.0000
0.3550 0.2550 1.0000 11.0000
0.3650 0.2550 1.0000 11.0000
0.3750 0.2550 1.0000 11.0000
0.3850 0.2550 1.0000 11.0000
0.3950 0.2550 1.0000 11.0000
0.4050 0.2550 1.0000 11.0000
0.4150 0.2550 1.0000 11.0000
0.4250 0.2550 1.0000 11.0000
0.4350 0.2550 1.0000 11.0000
0.4450 0.2550 1.0000 11.0000
0.4550 0.2550 1.0000 11.0000
0.4650 0.2550 1.0000 11.0000
0.4750 0.2550 1.0000 11.0000
0.4850 0.2550 1.0000 11.0000
0.4950 0.2550 1.0000 11.0000
0.5050 0.2550 1.0000 11.0000
0.5150 0.2550 1.0000 11.0000
0.5250 0.2550 1.0000 11.0000
0.5350 0.2550 1.0000 11.0000
0.5450 0.2550 1.0000 11.0000
0.5550 0.2550 1.0000 11.0000
0.5650 0.2550 1.0000 11.0000
0.5750 0.2550 1.0000 11.0000
0.5850 0.2550 1.0000 11.0000
0.5950 0.2550 1.0000 11.0000
0.6050 0.2550 1.0000 11.0000
0.6150 0.2550 1.0000 11.0000
0.6250 0.2550 1.0000 11.0000
0.6350 0.2550 1.0000 11.0000
0.6450 0.2550 1.0000 11.0000
0.6550 0.2550 1.0000 11.0000
0.6650 0.2550 1.0000 11.0000
0.6750 0.2550 1.0000 11.0000
0.6850 0.2550 1.0000 11.0000
0.6950 0.2550 1.0000 11.0000
0.7050 0.2550 1.0000 11.0000
0.7150 0.2550 1.0000 11.0000
0.7250 0.2550 1.0000 11.0000
0.7350 0.2550 1.0000 11.0000
0.7450 0.2550 1.0000 11.0000
0.7550 0.2550 1.0000 11.0000
0.7650 0.2550 1.0000 11.0000
0.7750 0.2550 1.0000 11.0000
0.7850 0.2550 1.0000 11.0000
0.7950 0.2550 1.0000 11.0000
0.8050 0.2550 1.0000 11.0000
0.8150 0.2550 1.0000 11.0000
0.8250 0.2550 1.0000 11.0000
0.8350 0.2550 1.0000 11.0000
0.8450 0.2550 1.0000 11.0000
0.8550 0.2550 1.0000 11.0000
0.8650 0.2550 1.0000 11.0000
0.8750 0.2550 1.0000 11.0000
0.8850 0.2550 1.0000 11.0000
0.8950 0.2550 1.0000 11.0000
0.9050 0.2550 1.0000 11.0000
0.9150 0.2550 1.0000 11.0000
0.9250 0.2550 1.0000 11.0000
0.9350 0.2550 1.0000 11.0000
0.9450 0.2550 1.0000 11.0000
0.9550 0.2550 1.0000 11.0000
0.9650 0.2550 1.0000 11.0000
0.9750 0.2550 1.0000 11.0000
0.9850 0.2550 1.0000 11.0000
0.9950 0.2550 1.0000 11.0000
0.0050 0.2650 1.0000 11.0000
0.0150 0.2650 1.0000 11.0000
0.0250 0.2650 1.0000 11.0000
0.0350 0.2650 1.0000 11.0000
0.0450 0.2650 1.0000 11.0000
0.0550 0.2650 1.0000 11.0000
0.0650 0.2650 1.0000 11.0000
0.0750 0.2650 1.0000 11.0000
0.0850 0.2650 1.0000 11.0000
0.0950 0.2650 1.0000 11.0000
0.1050 0.2650 1.0000 11.0000
0.1150 0.2650 1.0000 11.0000
0.1250 0.2650 1.0000 11.0000
0.1350 0.2650 1.0000 11.0000
0.1450 0.2650 1.0000 11.0000
0.1550 0.2650 1.0000 11.0000
0.1650 0.2650 1.0000 11.0000
0.1750 0.2650 1.0000 11.0000
0.1850 0.2650 1.0000 11.0000
0.1950 0.2650 1.0000 11.0000
0.2050 0.2650 1.0000 11.0000
0.2150 0.2650 1.0000 11.0000
0.2250 0.2650 1.0000 11.0000
0.2350 0.2650 1.0000 11.0000
0.2450 0.2650 1.0000 11.0000
0.2550 0.2650 1.0000 11.0000
0.2650 0.2650 1.0000 11.0000
0.2750 0.2650 1.0000 11.0000
0.2850 0.2650 1.0000 11.0000
0.2950 0.2650 1.0000 11.0000
0.3050 0.2650 1.0000 11.0000
0.3150 0.2650 1.0000 11.0000
0.3250 0.2650 1.0000 11.0000
0.3350 0.2650 1.0000 11.0000
0.3450 0.2650 1.0000 11.0000
0.3550 0.2650 1.0000 11.0000
0.3650 0.2650 1.0000 11.0000
0.3750 0.2650 1.0000 11.0000
0.3850 0.2650 1.0000 11.0000
0.3950 0.2650 1.0000 11.0000
0.4050 0.2650 1.0000 11.0000
0.4150 0.2650 1.0000 11.0000
0.4250 0.2650 1.0000 11.0000
0.4350 0.2650 1.0000 11.0000
0.4450 0.2650 1.0000 11.0000
0.4550 0.2650 1.0000 11.0000
0.4650 0.2650 1.0000 11.0000
0.4750 0.2650 1.0000 11.0000
0.4850 0.2650 1.0000 11.0000
0.4950 0.2650 1.0000 11.0000
0.5050 0.2650 1.0000 11.0000
0.5150 0.2650 1.0000 11.0000
0.5250 0.2650 1.0000 11.0000
0.5350 0.2650 1.0000 11.0000
0.5450 0.2650 1.0000 11.0000
0.5550 0.2650 1.0000 11.0000
0.5650 0.2650 1.0000 11.0000
0.5750 0.2650 1.0000 11.0000
0.5850 0.2650 1.0000 11.0000
0.5950 0.2650 1.0000 11.0000
0.6050 0.2650 1.0000 11.0000
0.6150 0.2650 1.0000 11.0000
0.6250 0.2650 1.0000 11.0000
0.6350 0.2650 1.0000 11.0000
0.6450 0.2650 1.0000 11.0000
0.6550 0.2650 1.0000 11.0000
0.6650 0.2650 1.0000 11.0000
0.6750 0.2650 1.0000 11.0000
0.6850 0.2650 1.0000 11.0000
0.6950 0.2650 1.0000 11.0000
0.7050 0.2650 1.0000 11.0000
0.7150 0.2650 1.0000 11.0000
0.7250 0.2650 1.0000 11.0000
0.7350 0.2650 1.0000 11.0000
0.7450 0.2650 1.0000 11.0000
0.7550 0.2650 1.0000 11.0000
0.7650 0.2650 1.0000 11.0000
0.7750 0.2650 1.0000 11.0000
0.7850 0.2650 1.0000 11.0000
0.7950 0.2650 1.0000 11.0000
0.8050 0.2650 1.0000 11.0000
0.8150 0.2650 1.0000 11.0000
0.8250 0.2650 1.0000 11.0000
0.8350 0.2650 1.0000 11.0000
0.8450 0.2650 1.0000 11.0000
0.8550 0.2650 1.0000 11.0000
0.8650 0.2650 1.0000 11.0000
0.8750 0.2650 1.0000 11.0000
0.8850 0.2650 1.0000 11.0000
0.8950 0.2650 1.0000 11.0000
0.9050 0.2650 1.0000 11.0000
0.9150 0.2650 1.0000 11.0000
0.9250 0.2650 1.0000 11.0000
0.9350 0.2650 1.0000 11.0000
0.9450 0.2650 1.0000 11.0000
0.9550 0.2650 1.0000 11.0000
0.9650 0.2650 1.0000 11.0000
0.9750 0.2650 1.0000 11.0000
0.9850 0.2650 1.0000 11.0000
0.9950 0.2650 1.0000 11.0000
0.0050 0.2750 1.0000 11.0000
0.0150 0.2750 1.0000 11.0000
0.0250 0.2750 1.0000 11.0000
0.0350 0.2750 1.0000 11.0000
0.0450 0.2750 1.0000 11.0000
0.0550 0.2750 1.0000 11.0000
0.0650 0.2750 1.0000 11.0000
0.0750 0.2750 1.0000 11.0000
0.0850 0.2750 1.0000 11.0000
0.0950 0.2750 1.0000 11.0000
0.1050 0.2750 1.0000 11.0000
0.1150 0.2750 1.0000 11.0000
0.1250 0.2750 1.0000 11.0000
0.1350 0.2750 1.0000 11.0000
0.1450 0.2750 1.0000 11.0000
0.1550 0.2750 1.0000 11.0000
0.1650 0.2750 1.0000 11.0000
0.1750 0.2750 1.0000 11.0000
0.1850 0.2750 1.0000 11.0000
0.1950 0.2750 1.0000 11.0000
0.2050 0.2750 1.0000 11.0000
0.2150 0.2750 1.0000 11.0000
0.2250 0.2750 1.0000 11.0000
0.2350 0.2750 1.0000 11.0000
0.2450 0.2750 1.0000 11.0000
0.2550 0.2750 1.0000 11.0000
0.2650 0.2750 1.0000 11.0000
0.2750 0.2750 1.0000 11.0000
0.2850 0.2750 1.0000 11.0000
0.2950 0.2750 1.0000 11.0000
0.3050 0.2750 1.0000 11.0000
0.3150 0.2750 1.0000 11.0000
0.3250 0.2750 1.0000 11.0000
0.3350 0.2750 1.0000 11.0000
0.3450 0.2750 1.0000 11.0000
0.3550 0.2750 1.0000 11.0000
0.3650 0.2750 1.0000 11.0000
0.3750 0.2750 1.0000 11.0000
0.3850 0.2750 1.0000 11.0000
0.3950 0.2750 1.0000 11.0000
0.4050 0.2750 1.0000 11.0000
0.4150 0.2750 1.0000 11.0000
0.4250 0.2750 1.0000 11.0000
0.4350 0.2750 1.0000 11.0000
0.4450 0.2750 1.0000 11.0000
0.4550 0.2750 1.0000 11.0000
0.4650 0.2750 1.0000 11.0000
0.4750 0.2750 1.0000 11.0000
0.4850 0.2750 1.0000 11.0000
0.4950 0.2750 1.0000 11.0000
0.5050 0.2750 1.0000 11.0000
0.5150 0.2750 1.0000 11.0000
0.5250 0.2750 1.0000 11.0000
0.5350 0.2750 1.0000 11.0000
0.5450 0.2750 1.0000 11.0000
0.5550 0.2750 1.0000 11.0000
0.5650 0.2750 1.0000 11.0000
0.5750 0.2750 1.0000 11.0000
0.5850 0.2750 1.0000 11.0000
0.5950 0.2750 1.0000 11.0000
0.6050 0.2750 1.0000 11.0000
0.6150 0.2750 1.0000 11.0000
0.6250 0.2750 1.0000 11.0000
0.6350 0.2750 1.0000 11.0000
0.6450 0.2750 1.0000 11.0000
0.6550 0.2750 1.0000 11.0000
0.6650 0.2750 1.0000 11.0000
0.6750 0.2750 1.0000 11.0000
0.6850 0.2750 1.0000 11.0000
0.6950 0.2750 1.0000 11.0000
0.7050 0.2750 1.0000 11.0000
0.7150 0.2750 1.0000 11.0000
0.7250 0.2750 1.0000 11.0000
0.7350 0.2750 1.0000 11.0000
0.7450 0.2750 1.0000 11.0000
0.7550 0.2750 1.0000 11.0000
0.7650 0.2750 1.0000 11.0000
0.7750 0.2750 1.0000 11.0000
0.7850 0.2750 1.0000 11.0000
0.7950 0.2750 1.0000 11.0000
0.8050 0.2750 1.0000 11.0000
0.8150 0.2750 1.0000 11.0000
0.8250 0.2750 1.0000 11.0000
0.8350 0.2750 1.0000 11.0000
0.8450 0.2750 1.0000 11.0000
0.8550 0.2750 1.0000 11.0000
0.8650 0.2750 1.0000 11.0000
0.8750 0.2750 1.0000 11.0000
0.8850 0.2750 1.0000 11.0000
0.8950 0.2750 1.0000 11.0000
0.9050 0.2750 1.0000 11.0000
0.9150 0.2750 1.0000 11.0000
0.9250 0.2750 1.0000 11.0000
0.9350 0.2750 1.0000 11.0000
0.9450 0.2750 1.0000 11.0000
0.9550 0.2750 1.0000 11.0000
0.9650 0.2750 1.0000 11.0000
0.9750 0.2750 1.0000 11.0000
0.9850 0.2750 1.0000 11.0000
0.9950 0.2750 1.0000 11.0000
0.0050 0.2850 1.0000 11.0000
0.0150 0.2850 1.0000 11.0000
0.0250 0.2850 1.0000 11.0000
0.0350 0.2850 1.0000 11.0000
0.0450 0.2850 1.0000 11.0000
0.0550 0.2850 1.0000 11.0000
0.0650 0.2850 1.0000 11.0000
0.0750 0.2850 1.0000 11.0000
0.0850 0.2850 1.0000 11.0000
0.0950 0.2850 1.0000 11.0000
0.1050 0.2850 1.0000 11.0000
0.1150 0.2850 1.0000 11.0000
0.1250 0.2850 1.0000 11.0000
0.1350 0.2850 1.0000 11.0000
0.1450 0.2850 1.0000 11.0000
0.1550 0.2850 1.0000 11.0000
0.1650 0.2850 1.0000 11.0000
0.1750 0.2850 1.0000 11.0000
0.1850 0.2850 1.0000 11.0000
0.1950 0.2850 1.0000 11.0000
0.2050 0.2850 1.0000 11.0000
0.2150 0.2850 1.0000 11.0000
0.2250 0.2850 1.0000 11.0000
0.2350 0.2850 1.0000 11.0000
0.2450 0.2850 1.0000 11.0000
0.2550 0.2850 1.0000 11.0000
0.2650 0.2850 1.0000 11.0000
0.2750 0.2850 1.0000 11.0000
0.2850 0.2850 1.0000 11.0000
0.2950 0.2850 1.0000 11.0000
0.3050 0.2850 1.0000 11.0000
0.3150 0.2850 1.0000 11.0000
0.3250 0.2850 1.0000 11.0000
0.3350 0.2850 1.0000 11.0000
0.3450 0.2850 1.0000 11.0000
0.3550 0.2850 1.0000 11.0000
0.3650 0.2850 1.0000 11.0000
0.3750 0.2850 1.0000 11.0000
0.3850 0.2850 1.0000 11.0000
0.3950 0.2850 1.0000 11.0000
0.4050 0.2850 1.0000 11.0000
0.4150 0.2850 1.0000 11.0000
0.4250 0.2850 1.0000 11.0000
0.4350 0.2850 1.0000 11.0000
0.4450 0.2850 1.0000 11.0000
0.4550 0.2850 1.0000 11.0000
0.4650 0.2850 1.0000 11.0000
0.4750 0.2850 1.0000 11.0000
0.4850 0.2850 1.0000 11.0000
0.4950 0.2850 1.0000 11.0000
0.5050 0.2850 1.0000 11.0000
0.5150 0.2850 1.0000 11.0000
0.5250 0.2850 1.0000 11.0000
0.5350 0.2850 1.0000 11.0000
0.5450 0.2850 1.0000 11.0000
0.5550 0.2850 1.0000 11.0000
0.5650 0.2850 1.0000 11.0000
0.5750 0.2850 1.0000 11.0000
0.5850 0.2850 1.0000 11.0000
0.5950 0.2850 1.0000 11.0000
0.6050 0.2850 1.0000 11.0000
0.6150 0.2850 1.0000 11.0000
0.6250 0.2850 1.0000 11.0000
0.6350 0.2850 1.0000 11.0000
0.6450 0.2850 1.0000 11.0000
0.6550 0.2850 1.0000 11.0000
0.6650 0.2850 1.0000 11.0000
0.6750 0.2850 1.0000 11.0000
0.6850 0.2850 1.0000 11.0000
0.6950 0.2850 1.0000 11.0000
0.7050 0.2850 1.0000 11.0000
0.7150 0.2850 1.0000 11.0000
0.7250 0.2850 1.0000 11.0000
0.7350 0.2850 1.0000 11.0000
0.7450 0.2850 1.0000 11.0000
0.7550 0.2850 1.0000 11.0000
0.7650 0.2850 1.0000 11.0000
0.7750 0.2850 1.0000 11.0000
0.7850 0.2850 1.0000 11.0000
0.7950 0.2850 1.0000 11.0000
0.8050 0.2850 1.0000 11.0000
0.8150 0.2850 1.0000 11.0000
0.8250 0.2850 1.0000 11.0000
0.8350 0.2850 1.0000 11.0000
0.8450 0.2850 1.0000 11.0000
0.8550 0.2850 1.0000 11.0000
0.8650 0.2850 1.0000 11.0000
0.8750 0.2850 1.0000 11.0000
0.8850 0.2850 1.0000 11.0000
0.8950 0.2850 1.0000 11.0000
0.9050 0.2850 1.0000 11.0000
0.9150 0.2850 1.0000 11.0000
0.9250 0.2850 1.0000 11.0000
0.9350 0.2850 1.0000 11.0000
0.9450 0.2850 1.0000 11.0000
0.9550 0.2850 1.0000 11.0000
0.9650 0.2850 1.0000 11.0000
0.9750 0.2850 1.0000 11.0000
0.9850 0.2850 1.0000 11.0000
0.9950 0.2850 1.0000 11.0000
0.0050 0.2950 1.0000 11.0000
0.0150 0.2950 1.0000 11.0000
0.0250 0.2950 1.0000 11.0000
0.0350 0.2950 1.0000 11.0000
0.0450 0.2950 1.0000 11.0000
0.0550 0.2950 1.0000 11.0000
0.0650 0.2950 1.0000 11.0000
0.0750 0.2950 1.0000 11.0000
0.0850 0.2950 1.0000 11.0000
0.0950 0.2950 1.0000 11.0000
0.1050 0.2950 1.0000 11.0000
0.1150 0.2950 1.0000 11.0000
0.1250 0.2950 1.0000 11.0000
0.1350 0.2950 1.0000 11.0000
0.1450 0.2950 1.0000 11.0000
0.1550 0.2950 1.0000 11.0000
0.1650 0.2950 1.0000 11.0000
0.1750 0.2950 1.0000 11.0000
0.1850 0.2950 1.0000 11.0000
0.1950 0.2950 1.0000 11.0000
0.2050 0.2950 1.0000 11.0000
0.2150 0.2950 1.0000 11.0000
0.2250 0.2950 1.0000 11.0000
0.2350 0.2950 1.0000 11.0000
0.2450 0.2950 1.0000 11.0000
0.2550 0.2950 1.0000 11.0000
0.2650 0.2950 1.0000 11.0000
0.2750 0.2950 1.0000 11.0000
0.2850 0.2950 1.0000 11.0000
0.2950 0.2950 1.0000 11.0000
0.3050 0.2950 1.0000 11.0000
0.3150 0.2950 1.0000 11.0000
0.3250 0.2950 1.0000 11.0000
0.3350 0.2950 1.0000 11.0000
0.3450 0.2950 1.0000 11.0000
0.3550 0.2950 1.0000 11.0000
0.3650 0.2950 1.0000 11.0000
0.3750 0.2950 1.0000 11.0000
0.3850 0.2950 1.0000 11.0000
0.3950 0.2950 1.0000 11.0000
0.4050 0.2950 1.0000 11.0000
0.4150 0.2950 1.0000 11.0000
0.4250 0.2950 1.0000 11.0000
0.4350 0.2950 1.0000 11.0000
0.4450 0.2950 1.0000 11.0000
0.4550 0.2950 1.0000 11.0000
0.4650 0.2950 1.0000 11.0000
0.4750 0.2950 1.0000 11.0000
0.4850 0.2950 1.0000 11.0000
0.4950 0.2950 1.0000 11.0000
0.5050 0.2950 1.0000 11.0000
0.5150 0.2950 1.0000 11.0000
0.5250 0.2950 1.0000 11.0000
0.5350 0.2950 1.0000 11.0000
0.5450 0.2950 1.0000 11.0000
0.5550 0.2950 1.0000 11.0000
0.5650 0.2950 1.0000 11.0000
0.5750 0.2950 1.0000 11.0000
0.5850 0.2950 1.0000 11.0000
0.5950 0.2950 1.0000 11.0000
0.6050 0.2950 1.0000 11.0000
0.6150 0.2950 1.0000 11.0000
0.6250 0.2950 1.0000 11.0000
0.6350 0.2950 1.0000 11.0000
0.6450 0.2950 1.0000 11.0000
0.6550 0.2950 1.0000 11.0000
0.6650 0.2950 1.0000 11.0000
0.6750 0.2950 1.0000 11.0000
0.6850 0.2950 1.0000 11.0000
0.6950 0.2950 1.0000 11.0000
0.7050 0.2950 1.0000 11.0000
0.7150 0.2950 1.0000 11.0000
0.7250 0.2950 1.0000 11.0000
0.7350 0.2950 1.0000 11.0000
0.7450 0.2950 1.0000 11.0000
0.7550 0.2950 1.0000 11.0000
0.7650 0.2950 1.0000 11.0000
0.7750 0.2950 1.0000 11.0000
0.7850 0.2950 1.0000 11.0000
0.7950 0.2950 1.0000 11.0000
0.8050 0.2950 1.0000 11.0000
0.8150 0.2950 1.0000 11.0000
0.8250 0.2950 1.0000 11.0000
0.8350 0.2950 1.0000 11.0000
0.8450 0.2950 1.0000 11.0000
0.8550 0.2950 1.0000 11.0000
0.8650 0.2950 1.0000 11.0000
0.8750 0.2950 1.0000 11.0000
0.8850 0.2950 1.0000 11.0000
0.8950 0.2950 1.0000 11.0000
0.9050 0.2950 1.0000 11.0000
0.9150 0.2950 1.0000 11.0000
0.9250 0.2950 1.0000 11.0000
0.9350 0.2950 1.0000 11.0000
0.9450 0.2950 1.0000 11.0000
0.9550 0.2950 1.0000 11.0000
0.9650 0.2950 1.0000 11.0000
0.9750 0.2950 1.0000 11.0000
0.9850 0.2950 1.0000 11.0000
0.9950 0.2950 1.0000 11.0000
0.0050 0.3050 1.0000 11.0000
0.0150 0.3050 1.0000 11.0000
0.0250 0.3050 1.0000 11.0000
0.0350 0.3050 1.0000 11.0000
0.0450 0.3050 1.0000 11.0000
0.0550 0.3050 1.0000 11.0000
0.0650 0.3050 1.0000 11.0000
0.0750 0.3050 1.0000 11.0000
0.0850 0.3050 1.0000 11.0000
0.0950 0.3050 1.0000 11.0000
0.1050 0.3050 1.0000 11.0000
0.1150 0.3050 1.0000 11.0000
0.1250 0.3050 1.0000 11.0000
0.1350 0.3050 1.0000 11.0000
0.1450 0.3050 1.0000 11.0000
0.1550 0.3050 1.0000 11.0000
0.1650 0.3050 1.0000 11.0000
0.1750 0.3050 1.0000 11.0000
0.1850 0.3050 1.0000 11.0000
0.1950 0.3050 1.0000 11.0000
0.2050 0.3050 1.0000 11.0000
0.2150 0.3050 1.0000 11.0000
0.2250 0.3050 1.0000 11.0000
0.2350 0.3050 1.0000 11.0000
0.2450 0.3050 1.0000 11.0000
0.2550 0.3050 1.0000 11.0000
0.2650 0.3050 1.0000 11.0000
0.2750 0.3050 1.0000 11.0000
0.2850 0.3050 1.0000 11.0000
0.2950 0.3050 1.0000 11.0000
0.3050 0.3050 1.0000 11.0000
0.3150 0.3050 1.0000 11.0000
0.3250 0.3050 1.0000 11.0000
0.3350 0.3050 1.0000 11.0000
0.3450 0.3050 1.0000 11.0000
0.3550 0.3050 1.0000 11.0000
0.3650 0.3050 1.0000 11.0000
0.3750 0.3050 1.0000 11.0000
0.3850 0.3050 1.0000 11.0000
0.3950 0.3050 1.0000 11.0000
0.4050 0.3050 1.0000 11.0000
0.4150 0.3050 1.0000 11.0000
0.4250 0.3050 1.0000 11.0000
0.4350 0.3050 1.0000 11.0000
0.4450 0.3050 1.0000 11.0000
0.4550 0.3050 1.0000 11.0000
0.4650 0.3050 1.0000 11.0000
0.4750 0.3050 1.0000 11.0000
0.4850 0.3050 1.0000 11.0000
0.4950 0.3050 1.0000 11.0000
0.5050 0.3050 1.0000 11.0000
0.5150 0.3050 1.0000 11.0000
0.5250 0.3050 1.0000 11.0000
0.5350 0.3050 1.0000 11.0000
0.5450 0.3050 1.0000 11.0000
0.5550 0.3050 1.0000 11.0000
0.5650 0.3050 1.0000 11.0000
0.5750 0.3050 1.0000 11.0000
0.5850 0.3050 1.0000 11.0000
0.5950 0.3050 1.0000 11.0000
0.6050 0.3050 1.0000 11.0000
0.6150 0.3050 1.0000 11.0000
0.6250 0.3050 1.0000 11.0000
0.6350 0.3050 1.0000 11.0000
0.6450 0.3050 1.0000 11.0000
0.6550 0.3050 1.0000 11.0000
0.6650 0.3050 1.0000 11.0000
0.6750 0.3050 1.0000 11.0000
0.6850 0.3050 1.0000 11.0000
0.6950 0.3050 1.0000 11.0000
0.7050 0.3050 1.0000 11.0000
0.7150 0.3050 1.0000 11.0000
0.7250 0.3050 1.0000 11.0000
0.7350 0.3050 1.0000 11.0000
0.7450 0.3050 1.0000 11.0000
0.7550 0.3050 1.0000 11.0000
0.7650 0.3050 1.0000 11.0000
0.7750 0.3050 1.0000 11.0000
0.7850 0.3050 1.0000 11.0000
0.7950 0.3050 1.0000 11.0000
0.8050 0.3050 1.0000 11.0000
0.8150 0.3050 1.0000 11.0000
0.8250 0.3050 1.0000 11.0000
0.8350 0.3050 1.0000 11.0000
0.8450 0.3050 1.0000 11.0000
0.8550 0.3050 1.0000 11.0000
0.8650 0.3050 1.0000 11.0000
0.8750 0.3050 1.0000 11.0000
0.8850 0.3050 1.0000 11.0000
0.8950 0.3050 1.0000 11.0000
0.9050 0.3050 1.0000 11.0000
0.9150 0.3050 1.0000 11.0000
0.9250 0.3050 1.0000 11.0000
0.9350 0.3050 1.0000 11.0000
0.9450 0.3050 1.0000 11.0000
0.9550 0.3050 1.0000 11.0000
0.9650 0.3050 1.0000 11.0000
0.9750 0.3050 1.0000 11.0000
0.9850 0.3050 1.0000 11.0000
0.9950 0.3050 1.0000 11.0000
0.0050 0.3150 1.0000 11.0000
0.0150 0.3150 1.0000 11.0000
0.0250 0.3150 1.0000 11.0000
0.0350 0.3150 1.0000 11.0000
0.0450 0.3150 1.0000 11.0000
0.0550 0.3150 1.0000 11.0000
0.0650 0.3150 1.0000 11.0000
0.0750 0.3150 1.0000 11.0000
0.0850 0.3150 1.0000 11.0000
0.0950 0.3150 1.0000 11.0000
0.1050 0.3150 1.0000 11.0000
0.1150 0.3150 1.0000 11.0000
0.1250 0.3150 1.0000 11.0000
0.1350 0.3150 1.0000 11.0000
0.1450 0.3150 1.0000 11.0000
0.1550 0.3150 1.0000 11.0000
0.1650 0.3150 1.0000 11.0000
0.1750 0.3150 1.0000 11.0000
0.1850 0.3150 1.0000 11.0000
0.1950 0.3150 1.0000 11.0000
0.2050 0.3150 1.0000 11.0000
0.2150 0.3150 1.0000 11.0000
0.2250 0.3150 1.0000 11.0000
0.2350 0.3150 1.0000 11.0000
0.2450 0.3150 1.0000 11.0000
0.2550 0.3150 1.0000 11.0000
0.2650 0.3150 1.0000 11.0000
0.2750 0.3150 1.0000 11.0000
0.2850 0.3150 1.0000 11.0000
0.2950 0.3150 1.0000 11.0000
0.3050 0.3150 1.0000 11.0000
0.3150 0.3150 1.0000 11.0000
0.3250 0.3150 1.0000 11.0000
0.3350 0.3150 1.0000 11.0000
0.3450 0.3150 1.0000 11.0000
0.3550 0.3150 1.0000 11.0000
0.3650 0.3150 1.0000 11.0000
0.3750 0.3150 1.0000 11.0000
0.3850 0.3150 1.0000 11.0000
0.3950 0.3150 1.0000 11.0000
0.4050 0.3150 1.0000 11.0000
0.4150 0.3150 1.0000 11.0000
0.4250 0.3150 1.0000 11.0000
0.4350 0.3150 1.0000 11.0000
0.4450 0.3150 1.0000 11.0000
0.4550 0.3150 1.0000 11.0000
0.4650 0.3150 1.0000 11.0000
0.4750 0.3150 1.0000 11.0000
0.4850 0.3150 1.0000 11.0000
0.4950 0.3150 1.0000 11.0000
0.5050 0.3150 1.0000 11.0000
0.5150 0.3150 1.0000 11.0000
0.5250 0.3150 1.0000 11.0000
0.5350 0.3150 1.0000 11.0000
0.5450 0.3150 1.0000 11.0000
0.5550 0.3150 1.0000 11.0000
0.5650 0.3150 1.0000 11.0000
0.5750 0.3150 1.0000 11.0000
0.5850 0.3150 1.0000 11.0000
0.5950 0.3150 1.0000 11.0000
0.6050 0.3150 1.0000 11.0000
0.6150 0.3150 1.0000 11.0000
0.6250 0.3150 1.0000 11.0000
0.6350 0.3150 1.0000 11.0000
0.6450 0.3150 1.0000 11.0000
0.6550 0.3150 1.0000 11.0000
0.6650 0.3150 1.0000 11.0000
0.6750 0.3150 1.0000 11.0000
0.6850 0.3150 1.0000 11.0000
0.6950 0.3150 1.0000 11.0000
0.7050 0.3150 1.0000 11.0000
0.7150 0.3150 1.0000 11.0000
0.7250 0.3150 1.0000 11.0000
0.7350 0.3150 1.0000 11.0000
0.7450 0.3150 1.0000 11.0000
0.7550 0.3150 1.0000 11.0000
0.7650 0.3150 1.0000 11.0000
0.7750 0.3150 1.0000 11.0000
0.7850 0.3150 1.0000 11.0000
0.7950 0.3150 1.0000 11.0000
0.8050 0.3150 1.0000 11.0000
0.8150 0.3150 1.0000 11.0000
0.8250 0.3150 1.0000 11.0000
0.8350 0.3150 1.0000 11.0000
0.8450 0.3150 1.0000 11.0000
0.8550 0.3150 1.0000 11.0000
0.8650 0.3150 1.0000 11.0000
0.8750 0.3150 1.0000 11.0000
0.8850 0.3150 1.0000 11.0000
0.8950 0.3150 1.0000 11.0000
0.9050 0.3150 1.0000 11.0000
0.9150 0.3150 1.0000 11.0000
0.9250 0.3150 1.0000 11.0000
0.9350 0.3150 1.0000 11.0000
0.9450 0.3150 1.0000 11.0000
0.9550 0.3150 1.0000 11.0000
0.9650 0.3150 1.0000 11.0000
0.9750 0.3150 1.0000 11.0000
0.9850 0.3150 1.0000 11.0000
0.9950 0.3150 1.0000 11.0000
0.0050 0.3250 1.0000 11.0000
0.0150 0.3250 1.0000 11.0000
0.0250 0.3250 1.0000 11.0000
0.0350 0.3250 1.0000 11.0000
0.0450 0.3250 1.0000 11.0000
0.0550 0.3250 1.0000 11.0000
0.0650 0.3250 1.0000 11.0000
0.0750 0.3250 1.0000 11.0000
0.0850 0.3250 1.0000 11.0000
0.0950 0.3250 1.0000 11.0000
0.1050 0.3250 1.0000 11.0000
0.1150 0.3250 1.0000 11.0000
0.1250 0.3250 1.0000 11.0000
0.1350 0.3250 1.0000 11.0000
0.1450 0.3250 1.0000 11.0000
0.1550 0.3250 1.0000 11.0000
0.1650 0.3250 1.0000 11.0000
0.1750 0.3250 1.0000 11.0000
0.1850 0.3250 1.0000 11.0000
0.1950 0.3250 1.0000 11.0000
0.2050 0.3250 1.0000 11.0000
0.2150 0.3250 1.0000 11.0000
0.2250 0.3250 1.0000 11.0000
0.2350 0.3250 1.0000 11.0000
0.2450 0.3250 1.0000 11.0000
0.2550 0.3250 1.0000 11.0000
0.2650 0.3250 1.0000 11.0000
0.2750 0.3250 1.0000 11.0000
0.2850 0.3250 1.0000 11.0000
0.2950 0.3250 1.0000 11.0000
0.3050 0.3250 1.0000 11.0000
0.3150 0.3250 1.0000 11.0000
0.3250 0.3250 1.0000 11.0000
0.3350 0.3250 1.0000 11.0000
0.3450 0.3250 1.0000 11.0000
0.3550 0.3250 1.0000 11.0000
0.3650 0.3250 1.0000 11.0000
0.3750 0.3250 1.0000 11.0000
0.3850 0.3250 1.0000 11.0000
0.3950 0.3250 1.0000 11.0000
0.4050 0.3250 1.0000 11.0000
0.4150 0.3250 1.0000 11.0000
0.4250 0.3250 1.0000 11.0000
0.4350 0.3250 1.0000 11.0000
0.4450 0.3250 1.0000 11.0000
0.4550 0.3250 1.0000 11.0000
0.4650 0.3250 1.0000 11.0000
0.4750 0.3250 1.0000 11.0000
0.4850 0.3250 1.0000 11.0000
0.4950 0.3250 1.0000 11.0000
0.5050 0.3250 1.0000 11.0000
0.5150 0.3250 1.0000 11.0000
0.5250 0.3250 1.0000 11.0000
0.5350 0.3250 1.0000 11.0000
0.5450 0.3250 1.0000 11.0000
0.5550 0.3250 1.0000 11.0000
0.5650 0.3250 1.0000 11.0000
0.5750 0.3250 1.0000 11.0000
0.5850 0.3250 1.0000 11.0000
0.5950 0.3250 1.0000 11.0000
0.6050 0.3250 1.0000 11.0000
0.6150 0.3250 1.0000 11.0000
0.6250 0.3250 1.0000 11.0000
0.6350 0.3250 1.0000 11.0000
0.6450 0.3250 1.0000 11.0000
0.6550 0.3250 1.0000 11.0000
0.6650 0.3250 1.0000 11.0000
0.6750 0.3250 1.0000 11.0000
0.6850 0.3250 1.0000 11.0000
0.6950 0.3250 1.0000 11.0000
0.7050 0.3250 1.0000 11.0000
0.7150 0.3250 1.0000 11.0000
0.7250 0.3250 1.0000 11.0000
0.7350 0.3250 1.0000 11.0000
0.7450 0.3250 1.0000 11.0000
0.7550 0.3250 1.0000 11.0000
0.7650 0.3250 1.0000 11.0000
0.7750 0.3250 1.0000 11.0000
0.7850 0.3250 1.0000 11.0000
0.7950 0.3250 1.0000 11.0000
0.8050 0.3250 1.0000 11.0000
0.8150 0.3250 1.0000 11.0000
0.8250 0.3250 1.0000 11.0000
0.8350 0.3250 1.0000 11.0000
0.8450 0.3250 1.0000 11.0000
0.8550 0.3250 1.0000 11.0000
0.8650 0.3250 1.0000 11.0000
0.8750 0.3250 1.0000 11.0000
0.8850 0.3250 1.0000 11.0000
0.8950 0.3250 1.0000 11.0000
0.9050 0.3250 1.0000 11.0000
0.9150 0.3250 1.0000 11.0000
0.9250 0.3250 1.0000 11.0000
0.9350 0.3250 1.0000 11.0000
0.9450 0.3250 1.0000 11.0000
0.9550 0.3250 1.0000 11.0000
0.9650 0.3250 1.0000 11.0000
0.9750 0.3250 1.0000 11.0000
0.9850 0.3250 1.0000 11.0000
0.9950 0.3250 1.0000 11.0000
0.0050 0.3350 1.0000 11.0000
0.0150 0.3350 1.0000 11.0000
0.0250 0.3350 1.0000 11.0000
0.0350 0.3350 1.0000 11.0000
0.0450 0.3350 1.0000 11.0000
0.0550 0.3350 1.0000 11.0000
0.0650 0.3350 1.0000 11.0000
0.0750 0.3350 1.0000 11.0000
0.0850 0.3350 1.0000 11.0000
0.0950 0.3350 1.0000 11.0000
0.1050 0.3350 1.0000 11.0000
0.1150 0.3350 1.0000 11.0000
0.1250 0.3350 1.0000 11.0000
0.1350 0.3350 1.0000 11.0000
0.1450 0.3350 1.0000 11.0000
0.1550 0.3350 1.0000 11.0000
0.1650 0.3350 1.0000 11.0000
0.1750 0.3350 1.0000 11.0000
0.1850 0.3350 1.0000 11.0000
0.1950 0.3350 1.0000 11.0000
0.2050 0.3350 1.0000 11.0000
0.2150 0.3350 1.0000 11.0000
0.2250 0.3350 1.0000 11.0000
0.2350 0.3350 1.0000 11.0000
0.2450 0.3350 1.0000 11.0000
0.2550 0.3350 1.0000 11.0000
0.2650 0.3350 1.0000 11.0000
0.2750 0.3350 1.0000 11.0000
0.2850 0.3350 1.0000 11.0000
0.2950 0.3350 1.0000 11.0000
0.3050 0.3350 1.0000 11.0000
0.3150 0.3350 1.0000 11.0000
0.3250 0.3350 1.0000 11.0000
0.3350 0.3350 1.0000 11.0000
0.3450 0.3350 1.0000 11.0000
0.3550 0.3350 1.0000 11.0000
0.3650 0.3350 1.0000 11.0000
0.3750 0.3350 1.0000 11.0000
0.3850 0.3350 1.0000 11.0000
0.3950 0.3350 1.0000 11.0000
0.4050 0.3350 1.0000 11.0000
0.4150 0.3350 1.0000 11.0000
0.4250 0.3350 1.0000 11.0000
0.4350 0.3350 1.0000 11.0000
0.4450 0.3350 1.0000 11.0000
0.4550 0.3350 1.0000 11.0000
0.4650 0.3350 1.0000 11.0000
0.4750 0.3350 1.0000 11.0000
0.4850 0.3350 1.0000 11.0000
0.4950 0.3350 1.0000 11.0000
0.5050 0.3350 1.0000 11.0000
0.5150 0.3350 1.0000 11.0000
0.5250 0.3350 1.0000 11.0000
0.5350 0.3350 1.0000 11.0000
0.5450 0.3350 1.0000 11.0000
0.5550 0.3350 1.0000 11.0000
0.5650 0.3350 1.0000 11.0000
0.5750 0.3350 1.0000 11.0000
0.5850 0.3350 1.0000 11.0000
0.5950 0.3350 1.0000 11.0000
0.6050 0.3350 1.0000 11.0000
0.6150 0.3350 1.0000 11.0000
0.6250 0.3350 1.0000 11.0000
0.6350 0.3350 1.0000 11.0000
0.6450 0.3350 1.0000 11.0000
0.6550 0.3350 1.0000 11.0000
0.6650 0.3350 1.0000 11.0000
0.6750 0.3350 1.0000 11.0000
0.6850 0.3350 1.0000 11.0000
0.6950 0.3350 1.0000 11.0000
0.7050 0.3350 1.0000 11.0000
0.7150 0.3350 1.0000 11.0000
0.7250 0.3350 1.0000 11.0000
0.7350 0.3350 1.0000 11.0000
0.7450 0.3350 1.0000 11.0000
0.7550 0.3350 1.0000 11.0000
0.7650 0.3350 1.0000 11.0000
0.7750 0.3350 1.0000 11.0000
0.7850 0.3350 1.0000 11.0000
0.7950 0.3350 1.0000 11.0000
0.8050 0.3350 1.0000 11.0000
0.8150 0.3350 1.0000 11.0000
0.8250 0.3350 1.0000 11.0000
0.8350 0.3350 1.0000 11.0000
0.8450 0.3350 1.0000 11.0000
0.8550 0.3350 1.0000 11.0000
0.8650 0.3350 1.0000 11.0000
0.8750 0.3350 1.0000 11.0000
0.8850 0.3350 1.0000 11.0000
0.8950 0.3350 1.0000 11.0000
0.9050 0.3350 1.0000 11.0000
0.9150 0.3350 1.0000 11.0000
0.9250 0.3350 1.0000 11.0000
0.9350 0.3350 1.0000 11.0000
0.9450 0.3350 1.0000 11.0000
0.9550 0.3350 1.0000 11.0000
0.9650 0.3350 1.0000 11.0000
0.9750 0.3350 1.0000 11.0000
0.9850 0.3350 1.0000 11.0000
0.9950 0.3350 1.0000 11.0000
0.0050 0.3450 1.0000 11.0000
0.0150 0.3450 1.0000 11.0000
0.0250 0.3450 1.0000 11.0000
0.0350 0.3450 1.0000 11.0000
0.0450 0.3450 1.0000 11.0000
0.0550 0.3450 1.0000 11.0000
0.0650 0.3450 1.0000 11.0000
0.0750 0.3450 1.0000 11.0000
0.0850 0.3450 1.0000 11.0000
0.0950 0.3450 1.0000 11.0000
0.1050 0.3450 1.0000 11.0000
0.1150 0.3450 1.0000 11.0000
0.1250 0.3450 1.0000 11.0000
0.1350 0.3450 1.0000 11.0000
0.1450 0.3450 1.0000 11.0000
0.1550 0.3450 1.0000 11.0000
0.1650 0.3450 1.0000 11.0000
0.1750 0.3450 1.0000 11.0000
0.1850 0.3450 1.0000 11.0000
0.1950 0.3450 1.0000 11.0000
0.2050 0.3450 1.0000 11.0000
0.2150 0.3450 1.0000 11.0000
0.2250 0.3450 1.0000 11.0000
0.2350 0.3450 1.0000 11.0000
0.2450 0.3450 1.0000 11.0000
0.2550 0.3450 1.0000 11.0000
0.2650 0.3450 1.0000 11.0000
0.2750 0.3450 1.0000 11.0000
0.2850 0.3450 1.0000 11.0000
0.2950 0.3450 1.0000 11.0000
0.3050 0.3450 1.0000 11.0000
0.3150 0.3450 1.0000 11.0000
0.3250 0.3450 1.0000 11.0000
0.3350 0.3450 1.0000 11.0000
0.3450 0.3450 1.0000 11.0000
0.3550 0.3450 1.0000 11.0000
0.3650 0.3450 1.0000 11.0000
0.3750 0.3450 1.0000 11.0000
0.3850 0.3450 1.0000 11.0000
0.3950 0.3450 1.0000 11.0000
0.4050 0.3450 1.0000 11.0000
0.4150 0.3450 1.0000 11.0000
0.4250 0.3450 1.0000 11.0000
0.4350 0.3450 1.0000 11.0000
0.4450 0.3450 1.0000 11.0000
0.4550 0.3450 1.0000 11.0000
0.4650 0.3450 1.0000 11.0000
0.4750 0.3450 1.0000 11.0000
0.4850 0.3450 1.0000 11.0000
0.4950 0.3450 1.0000 11.0000
0.5050 0.3450 1.0000 11.0000
0.5150 0.3450 1.0000 11.0000
0.5250 0.3450 1.0000 11.0000
0.5350 0.3450 1.0000 11.0000
0.5450 0.3450 1.0000 11.0000
0.5550 0.3450 1.0000 11.0000
0.5650 0.3450 1.0000 11.0000
0.5750 0.3450 1.0000 11.0000
0.5850 0.3450 1.0000 11.0000
0.5950 0.3450 1.0000 11.0000
0.6050 0.3450 1.0000 11.0000
0.6150 0.3450 1.0000 11.0000
0.6250 0.3450 1.0000 11.0000
0.6350 0.3450 1.0000 11.0000
0.6450 0.3450 1.0000 11.0000
0.6550 0.3450 1.0000 11.0000
0.6650 0.3450 1.0000 11.0000
0.6750 0.3450 1.0000 11.0000
0.6850 0.3450 1.0000 11.0000
0.6950 0.3450 1.0000 11.0000
0.7050 0.3450 1.0000 11.0000
0.7150 0.3450 1.0000 11.0000
0.7250 0.3450 1.0000 11.0000
0.7350 0.3450 1.0000 11.0000
0.7450 0.3450 1.0000 11.0000
0.7550 0.3450 1.0000 11.0000
0.7650 0.3450 1.0000 11.0000
0.7750 0.3450 1.0000 11.0000
0.7850 0.3450 1.0000 11.0000
0.7950 0.3450 1.0000 11.0000
0.8050 0.3450 1.0000 11.0000
0.8150 0.3450 1.0000 11.0000
0.8250 0.3450 1.0000 11.0000
0.8350 0.3450 1.0000 11.0000
0.8450 0.3450 1.0000 11.0000
0.8550 0.3450 1.0000 11.0000
0.8650 0.3450 1.0000 11.0000
0.8750 0.3450 1.0000 11.0000
0.8850 0.3450 1.0000 11.0000
0.8950 0.3450 1.0000 11.0000
0.9050 0.3450 1.0000 11.0000
0.9150 0.3450 1.0000 11.0000
0.9250 0.3450 1.0000 11.0000
0.9350 0.3450 1.0000 11.0000
0.9450 0.3450 1.0000 11.0000
0.9550 0.3450 1.0000 11.0000
0.9650 0.3450 1.0000 11.0000
0.9750 0.3450 1.0000 11.0000
0.9850 0.3450 1.0000 11.0000
0.9950 0.3450 1.0000 11.0000
0.0050 0.3550 1.0000 11.0000
0.0150 0.3550 1.0000 11.0000
0.0250 0.3550 1.0000 11.0000
0.0350 0.3550 1.0000 11.0000
0.0450 0.3550 1.0000 11.0000
0.0550 0.3550 1.0000 11.0000
0.0650 0.3550 1.0000 11.0000
0.0750 0.3550 1.0000 11.0000
0.0850 0.3550 1.0000 11.0000
0.0950 0.3550 1.0000 11.0000
0.1050 0.3550 1.0000 11.0000
0.1150 0.3550 1.0000 11.0000
0.1250 0.3550 1.0000 11.0000
0.1350 0.3550 1.0000 11.0000
0.1450 0.3550 1.0000 11.0000
0.1550 0.3550 1.0000 11.0000
0.1650 0.3550 1.0000 11.0000
0.1750 0.3550 1.0000 11.0000
0.1850 0.3550 1.0000 11.0000
0.1950 0.3550 1.0000 11.0000
0.2050 0.3550 1.0000 11.0000
0.2150 0.3550 1.0000 11.0000
0.2250 0.3550 1.0000 11.0000
0.2350 0.3550 1.0000 11.0000
0.2450 0.3550 1.0000 11.0000
0.2550 0.3550 1.0000 11.0000
0.2650 0.3550 1.0000 11.0000
0.2750 0.3550 1.0000 11.0000
0.2850 0.3550 1.0000 11.0000
0.2950 0.3550 1.0000 11.0000
0.3050 0.3550 1.0000 11.0000
0.3150 0.3550 1.0000 11.0000
0.3250 0.3550 1.0000 11.0000
0.3350 0.3550 1.0000 11.0000
0.3450 0.3550 1.0000 11.0000
0.3550 0.3550 1.0000 11.0000
0.3650 0.3550 1.0000 11.0000
0.3750 0.3550 1.0000 11.0000
0.3850 0.3550 1.0000 11.0000
0.3950 0.3550 1.0000 11.0000
0.4050 0.3550 1.0000 11.0000
0.4150 0.3550 1.0000 11.0000
0.4250 0.3550 1.0000 11.0000
0.4350 0.3550 1.0000 11.0000
0.4450 0.3550 1.0000 11.0000
0.4550 0.3550 1.0000 11.0000
0.4650 0.3550 1.0000 11.0000
0.4750 0.3550 1.0000 11.0000
0.4850 0.3550 1.0000 11.0000
0.4950 0.3550 1.0000 11.0000
0.5050 0.3550 1.0000 11.0000
0.5150 0.3550 1.0000 11.0000
0.5250 0.3550 1.0000 11.0000
0.5350 0.3550 1.0000 11.0000
0.5450 0.3550 1.0000 11.0000
0.5550 0.3550 1.0000 11.0000
0.5650 0.3550 1.0000 11.0000
0.5750 0.3550 1.0000 11.0000
0.5850 0.3550 1.0000 11.0000
0.5950 0.3550 1.0000 11.0000
0.6050 0.3550 1.0000 11.0000
0.6150 0.3550 1.0000 11.0000
0.6250 0.3550 1.0000 11.0000
0.6350 0.3550 1.0000 11.0000
0.6450 0.3550 1.0000 11.0000
0.6550 0.3550 1.0000 11.0000
0.6650 0.3550 1.0000 11.0000
0.6750 0.3550 1.0000 11.0000
0.6850 0.3550 1.0000 11.0000
0.6950 0.3550 1.0000 11.0000
0.7050 0.3550 1.0000 11.0000
0.7150 0.3550 1.0000 11.0000
0.7250 0.3550 1.0000 11.0000
0.7350 0.3550 1.0000 11.0000
0.7450 0.3550 1.0000 11.0000
0.7550 0.3550 1.0000 11.0000
0.7650 0.3550 1.0000 11.0000
0.7750 0.3550 1.0000 11.0000
0.7850 0.3550 1.0000 11.0000
0.7950 0.3550 1.0000 11.0000
0.8050 0.3550 1.0000 11.0000
0.8150 0.3550 1.0000 11.0000
0.8250 0.3550 1.0000 11.0000
0.8350 0.3550 1.0000 11.0000
0.8450 0.3550 1.0000 11.0000
0.8550 0.3550 1.0000 11.0000
0.8650 0.3550 1.0000 11.0000
0.8750 0.3550 1.0000 11.0000
0.8850 0.3550 1.0000 11.0000
0.8950 0.3550 1.0000 11.0000
0.9050 0.3550 1.0000 11.0000
0.9150 0.3550 1.0000 11.0000
0.9250 0.3550 1.0000 11.0000
0.9350 0.3550 1.0000 11.0000
0.9450 0.3550 1.0000 11.0000
0.9550 0.3550 1.0000 11.0000
0.9650 0.3550 1.0000 11.0000
0.9750 0.3550 1.0000 11.0000
0.9850 0.3550 1.0000 11.0000
0.9950 0.3550 1.0000 11.0000
0.0050 0.3650 1.0000 11.0000
0.0150 0.3650 1.0000 11.0000
0.0250 0.3650 1.0000 11.0000
0.0350 0.3650 1.0000 11.0000
0.0450 0.3650 1.0000 11.0000
0.0550 0.3650 1.0000 11.0000
0.0650 0.3650 1.0000 11.0000
0.0750 0.3650 1.0000 11.0000
0.0850 0.3650 1.0000 11.0000
0.0950 0.3650 1.0000 11.0000
0.1050 0.3650 1.0000 11.0000
0.1150 0.3650 1.0000 11.0000
0.1250 0.3650 1.0000 11.0000
0.1350 0.3650 1.0000 11.0000
0.1450 0.3650 1.0000 11.0000
0.1550 0.3650 1.0000 11.0000
0.1650 0.3650 1.0000 11.0000
0.1750 0.3650 1.0000 11.0000
0.1850 0.3650 1.0000 11.0000
0.1950 0.3650 1.0000 11.0000
0.2050 0.3650 1.0000 11.0000
0.2150 0.3650 1.0000 11.0000
0.2250 0.3650 1.0000 11.0000
0.2350 0.3650 1.0000 11.0000
0.2450 0.3650 1.0000 11.0000
0.2550 0.3650 1.0000 11.0000
0.2650 0.3650 1.0000 11.0000
0.2750 0.3650 1.0000 11.0000
0.2850 0.3650 1.0000 11.0000
0.2950 0.3650 1.0000 11.0000
0.3050 0.3650 1.0000 11.0000
0.3150 0.3650 1.0000 11.0000
0.3250 0.3650 1.0000 11.0000
0.3350 0.3650 1.0000 11.0000
0.3450 0.3650 1.0000 11.0000
0.3550 0.3650 1.0000 11.0000
0.3650 0.3650 1.0000 11.0000
0.3750 0.3650 1.0000 11.0000
0.3850 0.3650 1.0000 11.0000
0.3950 0.3650 1.0000 11.0000
0.4050 0.3650 1.0000 11.0000
0.4150 0.3650 1.0000 11.0000
0.4250 0.3650 1.0000 11.0000
0.4350 0.3650 1.0000 11.0000
0.4450 0.3650 1.0000 11.0000
0.4550 0.3650 1.0000 11.0000
0.4650 0.3650 1.0000 11.0000
0.4750 0.3650 1.0000 11.0000
0.4850 0.3650 1.0000 11.0000
0.4950 0.3650 1.0000 11.0000
0.5050 0.3650 1.0000 11.0000
0.5150 0.3650 1.0000 11.0000
0.5250 0.3650 1.0000 11.0000
0.5350 0.3650 1.0000 11.0000
0.5450 0.3650 1.0000 11.0000
0.5550 0.3650 1.0000 11.0000
0.5650 0.3650 1.0000 11.0000
0.5750 0.3650 1.0000 11.0000
0.5850 0.3650 1.0000 11.0000
0.5950 0.3650 1.0000 11.0000
0.6050 0.3650 1.0000 11.0000
0.6150 0.3650 1.0000 11.0000
0.6250 0.3650 1.0000 11.0000
0.6350 0.3650 1.0000 11.0000
0.6450 0.3650 1.0000 11.0000
0.6550 0.3650 1.0000 11.0000
0.6650 0.3650 1.0000 11.0000
0.6750 0.3650 1.0000 11.0000
0.6850 0.3650 1.0000 11.0000
0.6950 0.3650 1.0000 11.0000
0.7050 0.3650 1.0000 11.0000
0.7150 0.3650 1.0000 11.0000
0.7250 0.3650 1.0000 11.0000
0.7350 0.3650 1.0000 11.0000
0.7450 0.3650 1.0000 11.0000
0.7550 0.3650 1.0000 11.0000
0.7650 0.3650 1.0000 11.0000
0.7750 0.3650 1.0000 11.0000
0.7850 0.3650 1.0000 11.0000
0.7950 0.3650 1.0000 11.0000
0.8050 0.3650 1.0000 11.0000
0.8150 0.3650 1.0000 11.0000
0.8250 0.3650 1.0000 11.0000
0.8350 0.3650 1.0000 11.0000
0.8450 0.3650 1.0000 11.0000
0.8550 0.3650 1.0000 11.0000
0.8650 0.3650 1.0000 11.0000
0.8750 0.3650 1.0000 11.0000
0.8850 0.3650 1.0000 11.0000
0.8950 0.3650 1.0000 11.0000
0.9050 0.3650 1.0000 11.0000
0.9150 0.3650 1.0000 11.0000
0.9250 0.3650 1.0000 11.0000
0.9350 0.3650 1.0000 11.0000
0.9450 0.3650 1.0000 11.0000
0.9550 0.3650 1.0000 11.0000
0.9650 0.3650 1.0000 11.0000
0.9750 0.3650 1.0000 11.0000
0.9850 0.3650 1.0000 11.0000
0.9950 0.3650 1.0000 11.0000
0.0050 0.3750 1.0000 11.0000
0.0150 0.3750 1.0000 11.0000
0.0250 0.3750 1.0000 11.0000
0.0350 0.3750 1.0000 11.0000
0.0450 0.3750 1.0000 11.0000
0.0550 0.3750 1.0000 11.0000
0.0650 0.3750 1.0000 11.0000
0.0750 0.3750 1.0000 11.0000
0.0850 0.3750 1.0000 11.0000
0.0950 0.3750 1.0000 11.0000
0.1050 0.3750 1.0000 11.0000
0.1150 0.3750 1.0000 11.0000
0.1250 0.3750 1.0000 11.0000
0.1350 0.3750 1.0000 11.0000
0.1450 0.3750 1.0000 11.0000
0.1550 0.3750 1.0000 11.0000
0.1650 0.3750 1.0000 11.0000
0.1750 0.3750 1.0000 11.0000
0.1850 0.3750 1.0000 11.0000
0.1950 0.3750 1.0000 11.0000
0.2050 0.3750 1.0000 11.0000
0.2150 0.3750 1.0000 11.0000
0.2250 0.3750 1.0000 11.0000
0.2350 0.3750 1.0000 11.0000
0.2450 0.3750 1.0000 11.0000
0.2550 0.3750 1.0000 11.0000
0.2650 0.3750 1.0000 11.0000
0.2750 0.3750 1.0000 11.0000
0.2850 0.3750 1.0000 11.0000
0.2950 0.3750 1.0000 11.0000
0.3050 0.3750 1.0000 11.0000
0.3150 0.3750 1.0000 11.0000
0.3250 0.3750 1.0000 11.0000
0.3350 0.3750 1.0000 11.0000
0.3450 0.3750 1.0000 11.0000
0.3550 0.3750 1.0000 11.0000
0.3650 0.3750 1.0000 11.0000
0.3750 0.3750 1.0000 11.0000
0.3850 0.3750 1.0000 11.0000
0.3950 0.3750 1.0000 11.0000
0.4050 0.3750 1.0000 11.0000
0.4150 0.3750 1.0000 11.0000
0.4250 0.3750 1.0000 11.0000
0.4350 0.3750 1.0000 11.0000
0.4450 0.3750 1.0000 11.0000
0.4550 0.3750 1.0000 11.0000
0.4650 0.3750 1.0000 11.0000
0.4750 0.3750 1.0000 11.0000
0.4850 0.3750 1.0000 11.0000
0.4950 0.3750 1.0000 11.0000
0.5050 0.3750 1.0000 11.0000
0.5150 0.3750 1.0000 11.0000
0.5250 0.3750 1.0000 11.0000
0.5350 0.3750 1.0000 11.0000
0.5450 0.3750 1.0000 11.0000
0.5550 0.3750 1.0000 11.0000
0.5650 0.3750 1.0000 11.0000
0.5750 0.3750 1.0000 11.0000
0.5850 0.3750 1.0000 11.0000
0.5950 0.3750 1.0000 11.0000
0.6050 0.3750 1.0000 11.0000
0.6150 0.3750 1.0000 11.0000
0.6250 0.3750 1.0000 11.0000
0.6350 0.3750 1.0000 11.0000
0.6450 0.3750 1.0000 11.0000
0.6550 0.3750 1.0000 11.0000
0.6650 0.3750 1.0000 11.0000
0.6750 0.3750 1.0000 11.0000
0.6850 0.3750 1.0000 11.0000
0.6950 0.3750 1.0000 11.0000
0.7050 0.3750 1.0000 11.0000
0.7150 0.3750 1.0000 11.0000
0.7250 0.3750 1.0000 11.0000
0.7350 0.3750 1.0000 11.0000
0.7450 0.3750 1.0000 11.0000
0.7550 0.3750 1.0000 11.0000
0.7650 0.3750 1.0000 11.0000
0.7750 0.3750 1.0000 11.0000
0.7850 0.3750 1.0000 11.0000
0.7950 0.3750 1.0000 11.0000
0.8050 0.3750 1.0000 11.0000
0.8150 0.3750 1.0000 11.0000
0.8250 0.3750 1.0000 11.0000
0.8350 0.3750 1.0000 11.0000
0.8450 0.3750 1.0000 11.0000
0.8550 0.3750 1.0000 11.0000
0.8650 0.3750 1.0000 11.0000
0.8750 0.3750 1.0000 11.0000
0.8850 0.3750 1.0000 11.0000
0.8950 0.3750 1.0000 11.0000
0.9050 0.3750 1.0000 11.0000
0.9150 0.3750 1.0000 11.0000
0.9250 0.3750 1.0000 11.0000
0.9350 0.3750 1.0000 11.0000
0.9450 0.3750 1.0000 11.0000
0.9550 0.3750 1.0000 11.0000
0.9650 0.3750 1.0000 11.0000
0.9750 0.3750 1.0000 11.0000
0.9850 0.3750 1.0000 11.0000
0.9950 0.3750 1.0000 11.0000
0.0050 0.3850 1.0000 11.0000
0.0150 0.3850 1.0000 11.0000
0.0250 0.3850 1.0000 11.0000
0.0350 0.3850 1.0000 11.0000
0.0450 0.3850 1.0000 11.0000
0.0550 0.3850 1.0000 11.0000
0.0650 0.3850 1.0000 11.0000
0.0750 0.3850 1.0000 11.0000
0.0850 0.3850 1.0000 11.0000
0.0950 0.3850 1.0000 11.0000
0.1050 0.3850 1.0000 11.0000
0.1150 0.3850 1.0000 11.0000
0.1250 0.3850 1.0000 11.0000
0.1350 0.3850 1.0000 11.0000
0.1450 0.3850 1.0000 11.0000
0.1550 0.3850 1.0000 11.0000
0.1650 0.3850 1.0000 11.0000
0.1750 0.3850 1.0000 11.0000
0.1850 0.3850 1.0000 11.0000
0.1950 0.3850 1.0000 11.0000
0.2050 0.3850 1.0000 11.0000
0.2150 0.3850 1.0000 11.0000
0.2250 0.3850 1.0000 11.0000
0.2350 0.3850 1.0000 11.0000
0.2450 0.3850 1.0000 11.0000
0.2550 0.3850 1.0000 11.0000
0.2650 0.3850 1.0000 11.0000
0.2750 0.3850 1.0000 11.0000
0.2850 0.3850 1.0000 11.0000
0.2950 0.3850 1.0000 11.0000
0.3050 0.3850 1.0000 11.0000
0.3150 0.3850 1.0000 11.0000
0.3250 0.3850 1.0000 11.0000
0.3350 0.3850 1.0000 11.0000
0.3450 0.3850 1.0000 11.0000
0.3550 0.3850 1.0000 11.0000
0.3650 0.3850 1.0000 11.0000
0.3750 0.3850 1.0000 11.0000
0.3850 0.3850 1.0000 11.0000
0.3950 0.3850 1.0000 11.0000
0.4050 0.3850 1.0000 11.0000
0.4150 0.3850 1.0000 11.0000
0.4250 0.3850 1.0000 11.0000
0.4350 0.3850 1.0000 11.0000
0.4450 0.3850 1.0000 11.0000
0.4550 0.3850 1.0000 11.0000
0.4650 0.3850 1.0000 11.0000
0.4750 0.3850 1.0000 11.0000
0.4850 0.3850 1.0000 11.0000
0.4950 0.3850 1.0000 11.0000
0.5050 0.3850 1.0000 11.0000
0.5150 0.3850 1.0000 11.0000
0.5250 0.3850 1.0000 11.0000
0.5350 0.3850 1.0000 11.0000
0.5450 0.3850 1.0000 11.0000
0.5550 0.3850 1.0000 11.0000
0.5650 0.3850 1.0000 11.0000
0.5750 0.3850 1.0000 11.0000
0.5850 0.3850 1.0000 11.0000
0.5950 0.3850 1.0000 11.0000
0.6050 0.3850 1.0000 11.0000
0.6150 0.3850 1.0000 11.0000
0.6250 0.3850 1.0000 11.0000
0.6350 0.3850 1.0000 11.0000
0.6450 0.3850 1.0000 11.0000
0.6550 0.3850 1.0000 11.0000
0.6650 0.3850 1.0000 11.0000
0.6750 0.3850 1.0000 11.0000
0.6850 0.3850 1.0000 11.0000
0.6950 0.3850 1.0000 11.0000
0.7050 0.3850 1.0000 11.0000
0.7150 0.3850 1.0000 11.0000
0.7250 0.3850 1.0000 11.0000
0.7350 0.3850 1.0000 11.0000
0.7450 0.3850 1.0000 11.0000
0.7550 0.3850 1.0000 11.0000
0.7650 0.3850 1.0000 11.0000
0.7750 0.3850 1.0000 11.0000
0.7850 0.3850 1.0000 11.0000
0.7950 0.3850 1.0000 11.0000
0.8050 0.3850 1.0000 11.0000
0.8150 0.3850 1.0000 11.0000
0.8250 0.3850 1.0000 11.0000
0.8350 0.3850 1.0000 11.0000
0.8450 0.3850 1.0000 11.0000
0.8550 0.3850 1.0000 11.0000
0.8650 0.3850 1.0000 11.0000
0.8750 0.3850 1.0000 11.0000
0.8850 0.3850 1.0000 11.0000
0.8950 0.3850 1.0000 11.0000
0.9050 0.3850 1.0000 11.0000
0.9150 0.3850 1.0000 11.0000
0.9250 0.3850 1.0000 11.0000
0.9350 0.3850 1.0000 11.0000
0.9450 0.3850 1.0000 11.0000
0.9550 0.3850 1.0000 11.0000
0.9650 0.3850 1.0000 11.0000
0.9750 0.3850 1.0000 11.0000
0.9850 0.3850 1.0000 11.0000
0.9950 0.3850 1.0000 11.0000
0.0050 0.3950 1.0000 11.0000
0.0150 0.3950 1.0000 11.0000
0.0250 0.3950 1.0000 11.0000
0.0350 0.3950 1.0000 11.0000
0.0450 0.3950 1.0000 11.0000
0.0550 0.3950 1.0000 11.0000
0.0650 0.3950 1.0000 11.0000
0.0750 0.3950 1.0000 11.0000
0.0850 0.3950 1.0000 11.0000
0.0950 0.3950 1.0000 11.0000
0.1050 0.3950 1.0000 11.0000
0.1150 0.3950 1.0000 11.0000
0.1250 0.3950 1.0000 11.0000
0.1350 0.3950 1.0000 11.0000
0.1450 0.3950 1.0000 11.0000
0.1550 0.3950 1.0000 11.0000
0.1650 0.3950 1.0000 11.0000
0.1750 0.3950 1.0000 11.0000
0.1850 0.3950 1.0000 11.0000
0.1950 0.3950 1.0000 11.0000
0.2050 0.3950 1.0000 11.0000
0.2150 0.3950 1.0000 11.0000
0.2250 0.3950 1.0000 11.0000
0.2350 0.3950 1.0000 11.0000
0.2450 0.3950 1.0000 11.0000
0.2550 0.3950 1.0000 11.0000
0.2650 0.3950 1.0000 11.0000
0.2750 0.3950 1.0000 11.0000
0.2850 0.3950 1.0000 11.0000
0.2950 0.3950 1.0000 11.0000
0.3050 0.3950 1.0000 11.0000
0.3150 0.3950 1.0000 11.0000
0.3250 0.3950 1.0000 11.0000
0.3350 0.3950 1.0000 11.0000
0.3450 0.3950 1.0000 11.0000
0.3550 0.3950 1.0000 11.0000
0.3650 0.3950 1.0000 11.0000
0.3750 0.3950 1.0000 11.0000
0.3850 0.3950 1.0000 11.0000
0.3950 0.3950 1.0000 11.0000
0.4050 0.3950 1.0000 11.0000
0.4150 0.3950 1.0000 11.0000
0.4250 0.3950 1.0000 11.0000
0.4350 0.3950 1.0000 11.0000
0.4450 0.3950 1.0000 11.0000
0.4550 0.3950 1.0000 11.0000
0.4650 0.3950 1.0000 11.0000
0.4750 0.3950 1.0000 11.0000
0.4850 0.3950 1.0000 11.0000
0.4950 0.3950 1.0000 11.0000
0.5050 0.3950 1.0000 11.0000
0.5150 0.3950 1.0000 11.0000
0.5250 0.3950 1.0000 11.0000
0.5350 0.3950 1.0000 11.0000
0.5450 0.3950 1.0000 11.0000
0.5550 0.3950 1.0000 11.0000
0.5650 0.3950 1.0000 11.0000
0.5750 0.3950 1.0000 11.0000
0.5850 0.3950 1.0000 11.0000
0.5950 0.3950 1.0000 11.0000
0.6050 0.3950 1.0000 11.0000
0.6150 0.3950 1.0000 11.0000
0.6250 0.3950 1.0000 11.0000
0.6350 0.3950 1.0000 11.0000
0.6450 0.3950 1.0000 11.0000
0.6550 0.3950 1.0000 11.0000
0.6650 0.3950 1.0000 11.0000
0.6750 0.3950 1.0000 11.0000
0.6850 0.3950 1.0000 11.0000
0.6950 0.3950 1.0000 11.0000
0.7050 0.3950 1.0000 11.0000
0.7150 0.3950 1.0000 11.0000
0.7250 0.3950 1.0000 11.0000
0.7350 0.3950 1.0000 11.0000
0.7450 0.3950 1.0000 11.0000
0.7550 0.3950 1.0000 11.0000
0.7650 0.3950 1.0000 11.0000
0.7750 0.3950 1.0000 11.0000
0.7850 0.3950 1.0000 11.0000
0.7950 0.3950 1.0000 11.0000
0.8050 0.3950 1.0000 11.0000
0.8150 0.3950 1.0000 11.0000
0.8250 0.3950 1.0000 11.0000
0.8350 0.3950 1.0000 11.0000
0.8450 0.3950 1.0000 11.0000
0.8550 0.3950 1.0000 11.0000
0.8650 0.3950 1.0000 11.0000
0.8750 0.3950 1.0000 11.0000
0.8850 0.3950 1.0000 11.0000
0.8950 0.3950 1.0000 11.0000
0.9050 0.3950 1.0000 11.0000
0.9150 0.3950 1.0000 11.0000
0.9250 0.3950 1.0000 11.0000
0.9350 0.3950 1.0000 11.0000
0.9450 0.3950 1.0000 11.0000
0.9550 0.3950 1.0000 11.0000
0.9650 0.3950 1.0000 11.0000
0.9750 0.3950 1.0000 11.0000
0.9850 0.3950 1.0000 11.0000
0.9950 0.3950 1.0000 11.0000
0.0050 0.4050 1.0000 11.0000
0.0150 0.4050 1.0000 11.0000
0.0250 0.4050 1.0000 11.0000
0.0350 0.4050 1.0000 11.0000
0.0450 0.4050 1.0000 11.0000
0.0550 0.4050 1.0000 11.0000
0.0650 0.4050 1.0000 11.0000
0.0750 0.4050 1.0000 11.0000
0.0850 0.4050 1.0000 11.0000
0.0950 0.4050 1.0000 11.0000
0.1050 0.4050 1.0000 11.0000
0.1150 0.4050 1.0000 11.0000
0.1250 0.4050 1.0000 11.0000
0.1350 0.4050 1.0000 11.0000
0.1450 0.4050 1.0000 11.0000
0.1550 0.4050 1.0000 11.0000
0.1650 0.4050 1.0000 11.0000
0.1750 0.4050 1.0000 11.0000
0.1850 0.4050 1.0000 11.0000
0.1950 0.4050 1.0000 11.0000
0.2050 0.4050 1.0000 11.0000
0.2150 0.4050 1.0000 11.0000
0.2250 0.4050 1.0000 11.0000
0.2350 0.4050 1.0000 11.0000
0.2450 0.4050 1.0000 11.0000
0.2550 0.4050 1.0000 11.0000
0.2650 0.4050 1.0000 11.0000
0.2750 0.4050 1.0000 11.0000
0.2850 0.4050 1.0000 11.0000
0.2950 0.4050 1.0000 11.0000
0.3050 0.4050 1.0000 11.0000
0.3150 0.4050 1.0000 11.0000
0.3250 0.4050 1.0000 11.0000
0.3350 0.4050 1.0000 11.0000
0.3450 0.4050 1.0000 11.0000
0.3550 0.4050 1.0000 11.0000
0.3650 0.4050 1.0000 11.0000
0.3750 0.4050 1.0000 11.0000
0.3850 0.4050 1.0000 11.0000
0.3950 0.4050 1.0000 11.0000
0.4050 0.4050 1.0000 11.0000
0.4150 0.4050 1.0000 11.0000
0.4250 0.4050 1.0000 11.0000
0.4350 0.4050 1.0000 11.0000
0.4450 0.4050 1.0000 11.0000
0.4550 0.4050 1.0000 11.0000
0.4650 0.4050 1.0000 11.0000
0.4750 0.4050 1.0000 11.0000
0.4850 0.4050 1.0000 11.0000
0.4950 0.4050 1.0000 11.0000
0.5050 0.4050 1.0000 11.0000
0.5150 0.4050 1.0000 11.0000
0.5250 0.4050 1.0000 11.0000
0.5350 0.4050 1.0000 11.0000
0.5450 0.4050 1.0000 11.0000
0.5550 0.4050 1.0000 11.0000
0.5650 0.4050 1.0000 11.0000
0.5750 0.4050 1.0000 11.0000
0.5850 0.4050 1.0000 11.0000
0.5950 0.4050 1.0000 11.0000
0.6050 0.4050 1.0000 11.0000
0.6150 0.4050 1.0000 11.0000
0.6250 0.4050 1.0000 11.0000
0.6350 0.4050 1.0000 11.0000
0.6450 0.4050 1.0000 11.0000
0.6550 0.4050 1.0000 11.0000
0.6650 0.4050 1.0000 11.0000
0.6750 0.4050 1.0000 11.0000
0.6850 0.4050 1.0000 11.0000
0.6950 0.4050 1.0000 11.0000
0.7050 0.4050 1.0000 11.0000
0.7150 0.4050 1.0000 11.0000
0.7250 0.4050 1.0000 11.0000
0.7350 0.4050 1.0000 11.0000
0.7450 0.4050 1.0000 11.0000
0.7550 0.4050 1.0000 11.0000
0.7650 0.4050 1.0000 11.0000
0.7750 0.4050 1.0000 11.0000
0.7850 0.4050 1.0000 11.0000
0.7950 0.4050 1.0000 11.0000
0.8050 0.4050 1.0000 11.0000
0.8150 0.4050 1.0000 11.0000
0.8250 0.4050 1.0000 11.0000
0.8350 0.4050 1.0000 11.0000
0.8450 0.4050 1.0000 11.0000
0.8550 0.4050 1.0000 11.0000
0.8650 0.4050 1.0000 11.0000
0.8750 0.4050 1.0000 11.0000
0.8850 0.4050 1.0000 11.0000
0.8950 0.4050 1.0000 11.0000
0.9050 0.4050 1.0000 11.0000
0.9150 0.4050 1.0000 11.0000
0.9250 0.4050 1.0000 11.0000
0.9350 0.4050 1.0000 11.0000
0.9450 0.4050 1.0000 11.0000
0.9550 0.4050 1.0000 11.0000
0.9650 0.4050 1.0000 11.0000
0.9750 0.4050 1.0000 11.0000
0.9850 0.4050 1.0000 11.0000
0.9950 0.4050 1.0000 11.0000
0.0050 0.4150 1.0000 11.0000
0.0150 0.4150 1.0000 11.0000
0.0250 0.4150 1.0000 11.0000
0.0350 0.4150 1.0000 11.0000
0.0450 0.4150 1.0000 11.0000
0.0550 0.4150 1.0000 11.0000
0.0650 0.4150 1.0000 11.0000
0.0750 0.4150 1.0000 11.0000
0.0850 0.4150 1.0000 11.0000
0.0950 0.4150 1.0000 11.0000
0.1050 0.4150 1.0000 11.0000
0.1150 0.4150 1.0000 11.0000
0.1250 0.4150 1.0000 11.0000
0.1350 0.4150 1.0000 11.0000
0.1450 0.4150 1.0000 11.0000
0.1550 0.4150 1.0000 11.0000
0.1650 0.4150 1.0000 11.0000
0.1750 0.4150 1.0000 11.0000
0.1850 0.4150 1.0000 11.0000
0.1950 0.4150 1.0000 11.0000
0.2050 0.4150 1.0000 11.0000
0.2150 0.4150 1.0000 11.0000
0.2250 0.4150 1.0000 11.0000
0.2350 0.4150 1.0000 11.0000
0.2450 0.4150 1.0000 11.0000
0.2550 0.4150 1.0000 11.0000
0.2650 0.4150 1.0000 11.0000
0.2750 0.4150 1.0000 11.0000
0.2850 0.4150 1.0000 11.0000
0.2950 0.4150 1.0000 11.0000
0.3050 0.4150 1.0000 11.0000
0.3150 0.4150 1.0000 11.0000
0.3250 0.4150 1.0000 11.0000
0.3350 0.4150 1.0000 11.0000
0.3450 0.4150 1.0000 11.0000
0.3550 0.4150 1.0000 11.0000
0.3650 0.4150 1.0000 11.0000
0.3750 0.4150 1.0000 11.0000
0.3850 0.4150 1.0000 11.0000
0.3950 0.4150 1.0000 11.0000
0.4050 0.4150 1.0000 11.0000
0.4150 0.4150 1.0000 11.0000
0.4250 0.4150 1.0000 11.0000
0.4350 0.4150 1.0000 11.0000
0.4450 0.4150 1.0000 11.0000
0.4550 0.4150 1.0000 11.0000
0.4650 0.4150 1.0000 11.0000
0.4750 0.4150 1.0000 11.0000
0.4850 0.4150 1.0000 11.0000
0.4950 0.4150 1.0000 11.0000
0.5050 0.4150 1.0000 11.0000
0.5150 0.4150 1.0000 11.0000
0.5250 0.4150 1.0000 11.0000
0.5350 0.4150 1.0000 11.0000
0.5450 0.4150 1.0000 11.0000
0.5550 0.4150 1.0000 11.0000
0.5650 0.4150 1.0000 11.0000
0.5750 0.4150 1.0000 11.0000
0.5850 0.4150 1.0000 11.0000
0.5950 0.4150 1.0000 11.0000
0.6050 0.4150 1.0000 11.0000
0.6150 0.4150 1.0000 11.0000
0.6250 0.4150 1.0000 11.0000
0.6350 0.4150 1.0000 11.0000
0.6450 0.4150 1.0000 11.0000
0.6550 0.4150 1.0000 11.0000
0.6650 0.4150 1.0000 11.0000
0.6750 0.4150 1.0000 11.0000
0.6850 0.4150 1.0000 11.0000
0.6950 0.4150 1.0000 11.0000
0.7050 0.4150 1.0000 11.0000
0.7150 0.4150 1.0000 11.0000
0.7250 0.4150 1.0000 11.0000
0.7350 0.4150 1.0000 11.0000
0.7450 0.4150 1.0000 11.0000
0.7550 0.4150 1.0000 11.0000
0.7650 0.4150 1.0000 11.0000
0.7750 0.4150 1.0000 11.0000
0.7850 0.4150 1.0000 11.0000
0.7950 0.4150 1.0000 11.0000
0.8050 0.4150 1.0000 11.0000
0.8150 0.4150 1.0000 11.0000
0.8250 0.4150 1.0000 11.0000
0.8350 0.4150 1.0000 11.0000
0.8450 0.4150 1.0000 11.0000
0.8550 0.4150 1.0000 11.0000
0.8650 0.4150 1.0000 11.0000
0.8750 0.4150 1.0000 11.0000
0.8850 0.4150 1.0000 11.0000
0.8950 0.4150 1.0000 11.0000
0.9050 0.4150 1.0000 11.0000
0.9150 0.4150 1.0000 11.0000
0.9250 0.4150 1.0000 11.0000
0.9350 0.4150 1.0000 11.0000
0.9450 0.4150 1.0000 11.0000
0.9550 0.4150 1.0000 11.0000
0.9650 0.4150 1.0000 11.0000
0.9750 0.4150 1.0000 11.0000
0.9850 0.4150 1.0000 11.0000
0.9950 0.4150 1.0000 11.0000
0.0050 0.4250 1.0000 11.0000
0.0150 0.4250 1.0000 11.0000
0.0250 0.4250 1.0000 11.0000
0.0350 0.4250 1.0000 11.0000
0.0450 0.4250 1.0000 11.0000
0.0550 0.4250 1.0000 11.0000
0.0650 0.4250 1.0000 11.0000
0.0750 0.4250 1.0000 11.0000
0.0850 0.4250 1.0000 11.0000
0.0950 0.4250 1.0000 11.0000
0.1050 0.4250 1.0000 11.0000
0.1150 0.4250 1.0000 11.0000
0.1250 0.4250 1.0000 11.0000
0.1350 0.4250 1.0000 11.0000
0.1450 0.4250 1.0000 11.0000
0.1550 0.4250 1.0000 11.0000
0.1650 0.4250 1.0000 11.0000
0.1750 0.4250 1.0000 11.0000
0.1850 0.4250 1.0000 11.0000
0.1950 0.4250 1.0000 11.0000
0.2050 0.4250 1.0000 11.0000
0.2150 0.4250 1.0000 11.0000
0.2250 0.4250 1.0000 11.0000
0.2350 0.4250 1.0000 11.0000
0.2450 0.4250 1.0000 11.0000
0.2550 0.4250 1.0000 11.0000
0.2650 0.4250 1.0000 11.0000
0.2750 0.4250 1.0000 11.0000
0.2850 0.4250 1.0000 11.0000
0.2950 0.4250 1.0000 11.0000
0.3050 0.4250 1.0000 11.0000
0.3150 0.4250 1.0000 11.0000
0.3250 0.4250 1.0000 11.0000
0.3350 0.4250 1.0000 11.0000
0.3450 0.4250 1.0000 11.0000
0.3550 0.4250 1.0000 11.0000
0.3650 0.4250 1.0000 11.0000
0.3750 0.4250 1.0000 11.0000
0.3850 0.4250 1.0000 11.0000
0.3950 0.4250 1.0000 11.0000
0.4050 0.4250 1.0000 11.0000
0.4150 0.4250 1.0000 11.0000
0.4250 0.4250 1.0000 11.0000
0.4350 0.4250 1.0000 11.0000
0.4450 0.4250 1.0000 11.0000
0.4550 0.4250 1.0000 11.0000
0.4650 0.4250 1.0000 11.0000
0.4750 0.4250 1.0000 11.0000
0.4850 0.4250 1.0000 11.0000
0.4950 0.4250 1.0000 11.0000
0.5050 0.4250 1.0000 11.0000
0.5150 0.4250 1.0000 11.0000
0.5250 0.4250 1.0000 11.0000
0.5350 0.4250 1.0000 11.0000
0.5450 0.4250 1.0000 11.0000
0.5550 0.4250 1.0000 11.0000
0.5650 0.4250 1.0000 11.0000
0.5750 0.4250 1.0000 11.0000
0.5850 0.4250 1.0000 11.0000
0.5950 0.4250 1.0000 11.0000
0.6050 0.4250 1.0000 11.0000
0.6150 0.4250 1.0000 11.0000
0.6250 0.4250 1.0000 11.0000
0.6350 0.4250 1.0000 11.0000
0.6450 0.4250 1.0000 11.0000
0.6550 0.4250 1.0000 11.0000
0.6650 0.4250 1.0000 11.0000
0.6750 0.4250 1.0000 11.0000
0.6850 0.4250 1.0000 11.0000
0.6950 0.4250 1.0000 11.0000
0.7050 0.4250 1.0000 11.0000
0.7150 0.4250 1.0000 11.0000
0.7250 0.4250 1.0000 11.0000
0.7350 0.4250 1.0000 11.0000
0.7450 0.4250 1.0000 11.0000
0.7550 0.4250 1.0000 11.0000
0.7650 0.4250 1.0000 11.0000
0.7750 0.4250 1.0000 11.0000
0.7850 0.4250 1.0000 11.0000
0.7950 0.4250 1.0000 11.0000
0.8050 0.4250 1.0000 11.0000
0.8150 0.4250 1.0000 11.0000
0.8250 0.4250 1.0000 11.0000
0.8350 0.4250 1.0000 11.0000
0.8450 0.4250 1.0000 11.0000
0.8550 0.4250 1.0000 11.0000
0.8650 0.4250 1.0000 11.0000
0.8750 0.4250 1.0000 11.0000
0.8850 0.4250 1.0000 11.0000
0.8950 0.4250 1.0000 11.0000
0.9050 0.4250 1.0000 11.0000
0.9150 0.4250 1.0000 11.0000
0.9250 0.4250 1.0000 11.0000
0.9350 0.4250 1.0000 11.0000
0.9450 0.4250 1.0000 11.0000
0.9550 0.4250 1.0000 11.0000
0.9650 0.4250 1.0000 11.0000
0.9750 0.4250 1.0000 11.0000
0.9850 0.4250 1.0000 11.0000
0.9950 0.4250 1.0000 11.0000
0.0050 0.4350 1.0000 11.0000
0.0150 0.4350 1.0000 11.0000
0.0250 0.4350 1.0000 11.0000
0.0350 0.4350 1.0000 11.0000
0.0450 0.4350 1.0000 11.0000
0.0550 0.4350 1.0000 11.0000
0.0650 0.4350 1.0000 11.0000
0.0750 0.4350 1.0000 11.0000
0.0850 0.4350 1.0000 11.0000
0.0950 0.4350 1.0000 11.0000
0.1050 0.4350 1.0000 11.0000
0.1150 0.4350 1.0000 11.0000
0.1250 0.4350 1.0000 11.0000
0.1350 0.4350 1.0000 11.0000
0.1450 0.4350 1.0000 11.0000
0.1550 0.4350 1.0000 11.0000
0.1650 0.4350 1.0000 11.0000
0.1750 0.4350 1.0000 11.0000
0.1850 0.4350 1.0000 11.0000
0.1950 0.4350 1.0000 11.0000
0.2050 0.4350 1.0000 11.0000
0.2150 0.4350 1.0000 11.0000
0.2250 0.4350 1.0000 11.0000
0.2350 0.4350 1.0000 11.0000
0.2450 0.4350 1.0000 11.0000
0.2550 0.4350 1.0000 11.0000
0.2650 0.4350 1.0000 11.0000
0.2750 0.4350 1.0000 11.0000
0.2850 0.4350 1.0000 11.0000
0.2950 0.4350 1.0000 11.0000
0.3050 0.4350 1.0000 11.0000
0.3150 0.4350 1.0000 11.0000
0.3250 0.4350 1.0000 11.0000
0.3350 0.4350 1.0000 11.0000
0.3450 0.4350 1.0000 11.0000
0.3550 0.4350 1.0000 11.0000
0.3650 0.4350 1.0000 11.0000
0.3750 0.4350 1.0000 11.0000
0.3850 0.4350 1.0000 11.0000
0.3950 0.4350 1.0000 11.0000
0.4050 0.4350 1.0000 11.0000
0.4150 0.4350 1.0000 11.0000
0.4250 0.4350 1.0000 11.0000
0.4350 0.4350 1.0000 11.0000
0.4450 0.4350 1.0000 11.0000
0.4550 0.4350 1.0000 11.0000
0.4650 0.4350 1.0000 11.0000
0.4750 0.4350 1.0000 11.0000
0.4850 0.4350 1.0000 11.0000
0.4950 0.4350 1.0000 11.0000
0.5050 0.4350 1.0000 11.0000
0.5150 0.4350 1.0000 11.0000
0.5250 0.4350 1.0000 11.0000
0.5350 0.4350 1.0000 11.0000
0.5450 0.4350 1.0000 11.0000
0.5550 0.4350 1.0000 11.0000
0.5650 0.4350 1.0000 11.0000
0.5750 0.4350 1.0000 11.0000
0.5850 0.4350 1.0000 11.0000
0.5950 0.4350 1.0000 11.0000
0.6050 0.4350 1.0000 11.0000
0.6150 0.4350 1.0000 11.0000
0.6250 0.4350 1.0000 11.0000
0.6350 0.4350 1.0000 11.0000
0.6450 0.4350 1.0000 11.0000
0.6550 0.4350 1.0000 11.0000
0.6650 0.4350 1.0000 11.0000
0.6750 0.4350 1.0000 11.0000
0.6850 0.4350 1.0000 11.0000
0.6950 0.4350 1.0000 11.0000
0.7050 0.4350 1.0000 11.0000
0.7150 0.4350 1.0000 11.0000
0.7250 0.4350 1.0000 11.0000
0.7350 0.4350 1.0000 11.0000
0.7450 0.4350 1.0000 11.0000
0.7550 0.4350 1.0000 11.0000
0.7650 0.4350 1.0000 11.0000
0.7750 0.4350 1.0000 11.0000
0.7850 0.4350 1.0000 11.0000
0.7950 0.4350 1.0000 11.0000
0.8050 0.4350 1.0000 11.0000
0.8150 0.4350 1.0000 11.0000
0.8250 0.4350 1.0000 11.0000
0.8350 0.4350 1.0000 11.0000
0.8450 0.4350 1.0000 11.0000
0.8550 0.4350 1.0000 11.0000
0.8650 0.4350 1.0000 11.0000
0.8750 0.4350 1.0000 11.0000
0.8850 0.4350 1.0000 11.0000
0.8950 0.4350 1.0000 11.0000
0.9050 0.4350 1.0000 11.0000
0.9150 0.4350 1.0000 11.0000
0.9250 0.4350 1.0000 11.0000
0.9350 0.4350 1.0000 11.0000
0.9450 0.4350 1.0000 11.0000
0.9550 0.4350 1.0000 11.0000
0.9650 0.4350 1.0000 11.0000
0.9750 0.4350 1.0000 11.0000
0.9850 0.4350 1.0000 11.0000
0.9950 0.4350 1.0000 11.0000
0.0050 0.4450 1.0000 11.0000
0.0150 0.4450 1.0000 11.0000
0.0250 0.4450 1.0000 11.0000
0.0350 0.4450 1.0000 11.0000
0.0450 0.4450 1.0000 11.0000
0.0550 0.4450 1.0000 11.0000
0.0650 0.4450 1.0000 11.0000
0.0750 0.4450 1.0000 11.0000
0.0850 0.4450 1.0000 11.0000
0.0950 0.4450 1.0000 11.0000
0.1050 0.4450 1.0000 11.0000
0.1150 0.4450 1.0000 11.0000
0.1250 0.4450 1.0000 11.0000
0.1350 0.4450 1.0000 11.0000
0.1450 0.4450 1.0000 11.0000
0.1550 0.4450 1.0000 11.0000
0.1650 0.4450 1.0000 11.0000
0.1750 0.4450 1.0000 11.0000
0.1850 0.4450 1.0000 11.0000
0.1950 0.4450 1.0000 11.0000
0.2050 0.4450 1.0000 11.0000
0.2150 0.4450 1.0000 11.0000
0.2250 0.4450 1.0000 11.0000
0.2350 0.4450 1.0000 11.0000
0.2450 0.4450 1.0000 11.0000
0.2550 0.4450 1.0000 11.0000
0.2650 0.4450 1.0000 11.0000
0.2750 0.4450 1.0000 11.0000
0.2850 0.4450 1.0000 11.0000
0.2950 0.4450 1.0000 11.0000
0.3050 0.4450 1.0000 11.0000
0.3150 0.4450 1.0000 11.0000
0.3250 0.4450 1.0000 11.0000
0.3350 0.4450 1.0000 11.0000
0.3450 0.4450 1.0000 11.0000
0.3550 0.4450 1.0000 11.0000
0.3650 0.4450 1.0000 11.0000
0.3750 0.4450 1.0000 11.0000
0.3850 0.4450 1.0000 11.0000
0.3950 0.4450 1.0000 11.0000
0.4050 0.4450 1.0000 11.0000
0.4150 0.4450 1.0000 11.0000
0.4250 0.4450 1.0000 11.0000
0.4350 0.4450 1.0000 11.0000
0.4450 0.4450 1.0000 11.0000
0.4550 0.4450 1.0000 11.0000
0.4650 0.4450 1.0000 11.0000
0.4750 0.4450 1.0000 11.0000
0.4850 0.4450 1.0000 11.0000
0.4950 0.4450 1.0000 11.0000
0.5050 0.4450 1.0000 11.0000
0.5150 0.4450 1.0000 11.0000
0.5250 0.4450 1.0000 11.0000
0.5350 0.4450 1.0000 11.0000
0.5450 0.4450 1.0000 11.0000
0.5550 0.4450 1.0000 11.0000
0.5650 0.4450 1.0000 11.0000
0.5750 0.4450 1.0000 11.0000
0.5850 0.4450 1.0000 11.0000
0.5950 0.4450 1.0000 11.0000
0.6050 0.4450 1.0000 11.0000
0.6150 0.4450 1.0000 11.0000
0.6250 0.4450 1.0000 11.0000
0.6350 0.4450 1.0000 11.0000
0.6450 0.4450 1.0000 11.0000
0.6550 0.4450 1.0000 11.0000
0.6650 0.4450 1.0000 11.0000
0.6750 0.4450 1.0000 11.0000
0.6850 0.4450 1.0000 11.0000
0.6950 0.4450 1.0000 11.0000
0.7050 0.4450 1.0000 11.0000
0.7150 0.4450 1.0000 11.0000
0.7250 0.4450 1.0000 11.0000
0.7350 0.4450 1.0000 11.0000
0.7450 0.4450 1.0000 11.0000
0.7550 0.4450 1.0000 11.0000
0.7650 0.4450 1.0000 11.0000
0.7750 0.4450 1.0000 11.0000
0.7850 0.4450 1.0000 11.0000
0.7950 0.4450 1.0000 11.0000
0.8050 0.4450 1.0000 11.0000
0.8150 0.4450 1.0000 11.0000
0.8250 0.4450 1.0000 11.0000
0.8350 0.4450 1.0000 11.0000
0.8450 0.4450 1.0000 11.0000
0.8550 0.4450 1.0000 11.0000
0.8650 0.4450 1.0000 11.0000
0.8750 0.4450 1.0000 11.0000
0.8850 0.4450 1.0000 11.0000
0.8950 0.4450 1.0000 11.0000
0.9050 0.4450 1.0000 11.0000
0.9150 0.4450 1.0000 11.0000
0.9250 0.4450 1.0000 11.0000
0.9350 0.4450 1.0000 11.0000
0.9450 0.4450 1.0000 11.0000
0.9550 0.4450 1.0000 11.0000
0.9650 0.4450 1.0000 11.0000
0.9750 0.4450 1.0000 11.0000
0.9850 0.4450 1.0000 11.0000
0.9950 0.4450 1.0000 11.0000
0.0050 0.4550 1.0000 11.0000
0.0150 0.4550 1.0000 11.0000
0.0250 0.4550 1.0000 11.0000
0.0350 0.4550 1.0000 11.0000
0.0450 0.4550 1.0000 11.0000
0.0550 0.4550 1.0000 11.0000
0.0650 0.4550 1.0000 11.0000
0.0750 0.4550 1.0000 11.0000
0.0850 0.4550 1.0000 11.0000
0.0950 0.4550 1.0000 11.0000
0.1050 0.4550 1.0000 11.0000
0.1150 0.4550 1.0000 11.0000
0.1250 0.4550 1.0000 11.0000
0.1350 0.4550 1.0000 11.0000
0.1450 0.4550 1.0000 11.0000
0.1550 0.4550 1.0000 11.0000
0.1650 0.4550 1.0000 11.0000
0.1750 0.4550 1.0000 11.0000
0.1850 0.4550 1.0000 11.0000
0.1950 0.4550 1.0000 11.0000
0.2050 0.4550 1.0000 11.0000
0.2150 0.4550 1.0000 11.0000
0.2250 0.4550 1.0000 11.0000
0.2350 0.4550 1.0000 11.0000
0.2450 0.4550 1.0000 11.0000
0.2550 0.4550 1.0000 11.0000
0.2650 0.4550 1.0000 11.0000
0.2750 0.4550 1.0000 11.0000
0.2850 0.4550 1.0000 11.0000
0.2950 0.4550 1.0000 11.0000
0.3050 0.4550 1.0000 11.0000
0.3150 0.4550 1.0000 11.0000
0.3250 0.4550 1.0000 11.0000
0.3350 0.4550 1.0000 11.0000
0.3450 0.4550 1.0000 11.0000
0.3550 0.4550 1.0000 11.0000
0.3650 0.4550 1.0000 11.0000
0.3750 0.4550 1.0000 11.0000
0.3850 0.4550 1.0000 11.0000
0.3950 0.4550 1.0000 11.0000
0.4050 0.4550 1.0000 11.0000
0.4150 0.4550 1.0000 11.0000
0.4250 0.4550 1.0000 11.0000
0.4350 0.4550 1.0000 11.0000
0.4450 0.4550 1.0000 11.0000
0.4550 0.4550 1.0000 11.0000
0.4650 0.4550 1.0000 11.0000
0.4750 0.4550 1.0000 11.0000
0.4850 0.4550 1.0000 11.0000
0.4950 0.4550 1.0000 11.0000
0.5050 0.4550 1.0000 11.0000
0.5150 0.4550 1.0000 11.0000
0.5250 0.4550 1.0000 11.0000
0.5350 0.4550 1.0000 11.0000
0.5450 0.4550 1.0000 11.0000
0.5550 0.4550 1.0000 11.0000
0.5650 0.4550 1.0000 11.0000
0.5750 0.4550 1.0000 11.0000
0.5850 0.4550 1.0000 11.0000
0.5950 0.4550 1.0000 11.0000
0.6050 0.4550 1.0000 11.0000
0.6150 0.4550 1.0000 11.0000
0.6250 0.4550 1.0000 11.0000
0.6350 0.4550 1.0000 11.0000
0.6450 0.4550 1.0000 11.0000
0.6550 0.4550 1.0000 11.0000
0.6650 0.4550 1.0000 11.0000
0.6750 0.4550 1.0000 11.0000
0.6850 0.4550 1.0000 11.0000
0.6950 0.4550 1.0000 11.0000
0.7050 0.4550 1.0000 11.0000
0.7150 0.4550 1.0000 11.0000
0.7250 0.4550 1.0000 11.0000
0.7350 0.4550 1.0000 11.0000
0.7450 0.4550 1.0000 11.0000
0.7550 0.4550 1.0000 11.0000
0.7650 0.4550 1.0000 11.0000
0.7750 0.4550 1.0000 11.0000
0.7850 0.4550 1.0000 11.0000
0.7950 0.4550 1.0000 11.0000
0.8050 0.4550 1.0000 11.0000
0.8150 0.4550 1.0000 11.0000
0.8250 0.4550 1.0000 11.0000
0.8350 0.4550 1.0000 11.0000
0.8450 0.4550 1.0000 11.0000
0.8550 0.4550 1.0000 11.0000
0.8650 0.4550 1.0000 11.0000
0.8750 0.4550 1.0000 11.0000
0.8850 0.4550 1.0000 11.0000
0.8950 0.4550 1.0000 11.0000
0.9050 0.4550 1.0000 11.0000
0.9150 0.4550 1.0000 11.0000
0.9250 0.4550 1.0000 11.0000
0.9350 0.4550 1.0000 11.0000
0.9450 0.4550 1.0000 11.0000
0.9550 0.4550 1.0000 11.0000
0.9650 0.4550 1.0000 11.0000
0.9750 0.4550 1.0000 11.0000
0.9850 0.4550 1.0000 11.0000
0.9950 0.4550 1.0000 11.0000
0.0050 0.4650 1.0000 11.0000
0.0150 0.4650 1.0000 11.0000
0.0250 0.4650 1.0000 11.0000
0.0350 0.4650 1.0000 11.0000
0.0450 0.4650 1.0000 11.0000
0.0550 0.4650 1.0000 11.0000
0.0650 0.4650 1.0000 11.0000
0.0750 0.4650 1.0000 11.0000
0.0850 0.4650 1.0000 11.0000
0.0950 0.4650 1.0000 11.0000
0.1050 0.4650 1.0000 11.0000
0.1150 0.4650 1.0000 11.0000
0.1250 0.4650 1.0000 11.0000
0.1350 0.4650 1.0000 11.0000
0.1450 0.4650 1.0000 11.0000
0.1550 0.4650 1.0000 11.0000
0.1650 0.4650 1.0000 11.0000
0.1750 0.4650 1.0000 11.0000
0.1850 0.4650 1.0000 11.0000
0.1950 0.4650 1.0000 11.0000
0.2050 0.4650 1.0000 11.0000
0.2150 0.4650 1.0000 11.0000
0.2250 0.4650 1.0000 11.0000
0.2350 0.4650 1.0000 11.0000
0.2450 0.4650 1.0000 11.0000
0.2550 0.4650 1.0000 11.0000
0.2650 0.4650 1.0000 11.0000
0.2750 0.4650 1.0000 11.0000
0.2850 0.4650 1.0000 11.0000
0.2950 0.4650 1.0000 11.0000
0.3050 0.4650 1.0000 11.0000
0.3150 0.4650 1.0000 11.0000
0.3250 0.4650 1.0000 11.0000
0.3350 0.4650 1.0000 11.0000
0.3450 0.4650 1.0000 11.0000
0.3550 0.4650 1.0000 11.0000
0.3650 0.4650 1.0000 11.0000
0.3750 0.4650 1.0000 11.0000
0.3850 0.4650 1.0000 11.0000
0.3950 0.4650 1.0000 11.0000
0.4050 0.4650 1.0000 11.0000
0.4150 0.4650 1.0000 11.0000
0.4250 0.4650 1.0000 11.0000
0.4350 0.4650 1.0000 11.0000
0.4450 0.4650 1.0000 11.0000
0.4550 0.4650 1.0000 11.0000
0.4650 0.4650 1.0000 11.0000
0.4750 0.4650 1.0000 11.0000
0.4850 0.4650 1.0000 11.0000
0.4950 0.4650 1.0000 11.0000
0.5050 0.4650 1.0000 11.0000
0.5150 0.4650 1.0000 11.0000
0.5250 0.4650 1.0000 11.0000
0.5350 0.4650 1.0000 11.0000
0.5450 0.4650 1.0000 11.0000
0.5550 0.4650 1.0000 11.0000
0.5650 0.4650 1.0000 11.0000
0.5750 0.4650 1.0000 11.0000
0.5850 0.4650 1.0000 11.0000
0.5950 0.4650 1.0000 11.0000
0.6050 0.4650 1.0000 11.0000
0.6150 0.4650 1.0000 11.0000
0.6250 0.4650 1.0000 11.0000
0.6350 0.4650 1.0000 11.0000
0.6450 0.4650 1.0000 11.0000
0.6550 0.4650 1.0000 11.0000
0.6650 0.4650 1.0000 11.0000
0.6750 0.4650 1.0000 11.0000
0.6850 0.4650 1.0000 11.0000
0.6950 0.4650 1.0000 11.0000
0.7050 0.4650 1.0000 11.0000
0.7150 0.4650 1.0000 11.0000
0.7250 0.4650 1.0000 11.0000
0.7350 0.4650 1.0000 11.0000
0.7450 0.4650 1.0000 11.0000
0.7550 0.4650 1.0000 11.0000
0.7650 0.4650 1.0000 11.0000
0.7750 0.4650 1.0000 11.0000
0.7850 0.4650 1.0000 11.0000
0.7950 0.4650 1.0000 11.0000
0.8050 0.4650 1.0000 11.0000
0.8150 0.4650 1.0000 11.0000
0.8250 0.4650 1.0000 11.0000
0.8350 0.4650 1.0000 11.0000
0.8450 0.4650 1.0000 11.0000
0.8550 0.4650 1.0000 11.0000
0.8650 0.4650 1.0000 11.0000
0.8750 0.4650 1.0000 11.0000
0.8850 0.4650 1.0000 11.0000
0.8950 0.4650 1.0000 11.0000
0.9050 0.4650 1.0000 11.0000
0.9150 0.4650 1.0000 11.0000
0.9250 0.4650 1.0000 11.0000
0.9350 0.4650 1.0000 11.0000
0.9450 0.4650 1.0000 11.0000
0.9550 0.4650 1.0000 11.0000
0.9650 0.4650 1.0000 11.0000
0.9750 0.4650 1.0000 11.0000
0.9850 0.4650 1.0000 11.0000
0.9950 0.4650 1.0000 11.0000
0.0050 0.4750 1.0000 11.0000
0.0150 0.4750 1.0000 11.0000
0.0250 0.4750 1.0000 11.0000
0.0350 0.4750 1.0000 11.0000
0.0450 0.4750 1.0000 11.0000
0.0550 0.4750 1.0000 11.0000
0.0650 0.4750 1.0000 11.0000
0.0750 0.4750 1.0000 11.0000
0.0850 0.4750 1.0000 11.0000
0.0950 0.4750 1.0000 11.0000
0.1050 0.4750 1.0000 11.0000
0.1150 0.4750 1.0000 11.0000
0.1250 0.4750 1.0000 11.0000
0.1350 0.4750 1.0000 11.0000
0.1450 0.4750 1.0000 11.0000
0.1550 0.4750 1.0000 11.0000
0.1650 0.4750 1.0000 11.0000
0.1750 0.4750 1.0000 11.0000
0.1850 0.4750 1.0000 11.0000
0.1950 0.4750 1.0000 11.0000
0.2050 0.4750 1.0000 11.0000
0.2150 0.4750 1.0000 11.0000
0.2250 0.4750 1.0000 11.0000
0.2350 0.4750 1.0000 11.0000
0.2450 0.4750 1.0000 11.0000
0.2550 0.4750 1.0000 11.0000
0.2650 0.4750 1.0000 11.0000
0.2750 0.4750 1.0000 11.0000
0.2850 0.4750 1.0000 11.0000
0.2950 0.4750 1.0000 11.0000
0.3050 0.4750 1.0000 11.0000
0.3150 0.4750 1.0000 11.0000
0.3250 0.4750 1.0000 11.0000
0.3350 0.4750 1.0000 11.0000
0.3450 0.4750 1.0000 11.0000
0.3550 0.4750 1.0000 11.0000
0.3650 0.4750 1.0000 11.0000
0.3750 0.4750 1.0000 11.0000
0.3850 0.4750 1.0000 11.0000
0.3950 0.4750 1.0000 11.0000
0.4050 0.4750 1.0000 11.0000
0.4150 0.4750 1.0000 11.0000
0.4250 0.4750 1.0000 11.0000
0.4350 0.4750 1.0000 11.0000
0.4450 0.4750 1.0000 11.0000
0.4550 0.4750 1.0000 11.0000
0.4650 0.4750 1.0000 11.0000
0.4750 0.4750 1.0000 11.0000
0.4850 0.4750 1.0000 11.0000
0.4950 0.4750 1.0000 11.0000
0.5050 0.4750 1.0000 11.0000
0.5150 0.4750 1.0000 11.0000
0.5250 0.4750 1.0000 11.0000
0.5350 0.4750 1.0000 11.0000
0.5450 0.4750 1.0000 11.0000
0.5550 0.4750 1.0000 11.0000
0.5650 0.4750 1.0000 11.0000
0.5750 0.4750 1.0000 11.0000
0.5850 0.4750 1.0000 11.0000
0.5950 0.4750 1.0000 11.0000
0.6050 0.4750 1.0000 11.0000
0.6150 0.4750 1.0000 11.0000
0.6250 0.4750 1.0000 11.0000
0.6350 0.4750 1.0000 11.0000
0.6450 0.4750 1.0000 11.0000
0.6550 0.4750 1.0000 11.0000
0.6650 0.4750 1.0000 11.0000
0.6750 0.4750 1.0000 11.0000
0.6850 0.4750 1.0000 11.0000
0.6950 0.4750 1.0000 11.0000
0.7050 0.4750 1.0000 11.0000
0.7150 0.4750 1.0000 11.0000
0.7250 0.4750 1.0000 11.0000
0.7350 0.4750 1.0000 11.0000
0.7450 0.4750 1.0000 11.0000
0.7550 0.4750 1.0000 11.0000
0.7650 0.4750 1.0000 11.0000
0.7750 0.4750 1.0000 11.0000
0.7850 0.4750 1.0000 11.0000
0.7950 0.4750 1.0000 11.0000
0.8050 0.4750 1.0000 11.0000
0.8150 0.4750 1.0000 11.0000
0.8250 0.4750 1.0000 11.0000
0.8350 0.4750 1.0000 11.0000
0.8450 0.4750 1.0000 11.0000
0.8550 0.4750 1.0000 11.0000
0.8650 0.4750 1.0000 11.0000
0.8750 0.4750 1.0000 11.0000
0.8850 0.4750 1.0000 11.0000
0.8950 0.4750 1.0000 11.0000
0.9050 0.4750 1.0000 11.0000
0.9150 0.4750 1.0000 11.0000
0.9250 0.4750 1.0000 11.0000
0.9350 0.4750 1.0000 11.0000
0.9450 0.4750 1.0000 11.0000
0.9550 0.4750 1.0000 11.0000
0.9650 0.4750 1.0000 11.0000
0.9750 0.4750 1.0000 11.0000
0.9850 0.4750 1.0000 11.0000
0.9950 0.4750 1.0000 11.0000
0.0050 0.4850 1.0000 11.0000
0.0150 0.4850 1.0000 11.0000
0.0250 0.4850 1.0000 11.0000
0.0350 0.4850 1.0000 11.0000
0.0450 0.4850 1.0000 11.0000
0.0550 0.4850 1.0000 11.0000
0.0650 0.4850 1.0000 11.0000
0.0750 0.4850 1.0000 11.0000
0.0850 0.4850 1.0000 11.0000
0.0950 0.4850 1.0000 11.0000
0.1050 0.4850 1.0000 11.0000
0.1150 0.4850 1.0000 11.0000
0.1250 0.4850 1.0000 11.0000
0.1350 0.4850 1.0000 11.0000
0.1450 0.4850 1.0000 11.0000
0.1550 0.4850 1.0000 11.0000
0.1650 0.4850 1.0000 11.0000
0.1750 0.4850 1.0000 11.0000
0.1850 0.4850 1.0000 11.0000
0.1950 0.4850 1.0000 11.0000
0.2050 0.4850 1.0000 11.0000
0.2150 0.4850 1.0000 11.0000
0.2250 0.4850 1.0000 11.0000
0.2350 0.4850 1.0000 11.0000
0.2450 0.4850 1.0000 11.0000
0.2550 0.4850 1.0000 11.0000
0.2650 0.4850 1.0000 11.0000
0.2750 0.4850 1.0000 11.0000
0.2850 0.4850 1.0000 11.0000
0.2950 0.4850 1.0000 11.0000
0.3050 0.4850 1.0000 11.0000
0.3150 0.4850 1.0000 11.0000
0.3250 0.4850 1.0000 11.0000
0.3350 0.4850 1.0000 11.0000
0.3450 0.4850 1.0000 11.0000
0.3550 0.4850 1.0000 11.0000
0.3650 0.4850 1.0000 11.0000
0.3750 0.4850 1.0000 11.0000
0.3850 0.4850 1.0000 11.0000
0.3950 0.4850 1.0000 11.0000
0.4050 0.4850 1.0000 11.0000
0.4150 0.4850 1.0000 11.0000
0.4250 0.4850 1.0000 11.0000
0.4350 0.4850 1.0000 11.0000
0.4450 0.4850 1.0000 11.0000
0.4550 0.4850 1.0000 11.0000
0.4650 0.4850 1.0000 11.0000
0.4750 0.4850 1.0000 11.0000
0.4850 0.4850 1.0000 11.0000
0.4950 0.4850 1.0000 11.0000
0.5050 0.4850 1.0000 11.0000
0.5150 0.4850 1.0000 11.0000
0.5250 0.4850 1.0000 11.0000
0.5350 0.4850 1.0000 11.0000
0.5450 0.4850 1.0000 11.0000
0.5550 0.4850 1.0000 11.0000
0.5650 0.4850 1.0000 11.0000
0.5750 0.4850 1.0000 11.0000
0.5850 0.4850 1.0000 11.0000
0.5950 0.4850 1.0000 11.0000
0.6050 0.4850 1.0000 11.0000
0.6150 0.4850 1.0000 11.0000
0.6250 0.4850 1.0000 11.0000
0.6350 0.4850 1.0000 11.0000
0.6450 0.4850 1.0000 11.0000
0.6550 0.4850 1.0000 11.0000
0.6650 0.4850 1.0000 11.0000
0.6750 0.4850 1.0000 11.0000
0.6850 0.4850 1.0000 11.0000
0.6950 0.4850 1.0000 11.0000
0.7050 0.4850 1.0000 11.0000
0.7150 0.4850 1.0000 11.0000
0.7250 0.4850 1.0000 11.0000
0.7350 0.4850 1.0000 11.0000
0.7450 0.4850 1.0000 11.0000
0.7550 0.4850 1.0000 11.0000
0.7650 0.4850 1.0000 11.0000
0.7750 0.4850 1.0000 11.0000
0.7850 0.4850 1.0000 11.0000
0.7950 0.4850 1.0000 11.0000
0.8050 0.4850 1.0000 11.0000
0.8150 0.4850 1.0000 11.0000
0.8250 0.4850 1.0000 11.0000
0.8350 0.4850 1.0000 11.0000
0.8450 0.4850 1.0000 11.0000
0.8550 0.4850 1.0000 11.0000
0.8650 0.4850 1.0000 11.0000
0.8750 0.4850 1.0000 11.0000
0.8850 0.4850 1.0000 11.0000
0.8950 0.4850 1.0000 11.0000
0.9050 0.4850 1.0000 11.0000
0.9150 0.4850 1.0000 11.0000
0.9250 0.4850 1.0000 11.0000
0.9350 0.4850 1.0000 11.0000
0.9450 0.4850 1.0000 11.0000
0.9550 0.4850 1.0000 11.0000
0.9650 0.4850 1.0000 11.0000
0.9750 0.4850 1.0000 11.0000
0.9850 0.4850 1.0000 11.0000
0.9950 0.4850 1.0000 11.0000
0.0050 0.4950 1.0000 11.0000
0.0150 0.4950 1.0000 11.0000
0.0250 0.4950 1.0000 11.0000
0.0350 0.4950 1.0000 11.0000
0.0450 0.4950 1.0000 11.0000
0.0550 0.4950 1.0000 11.0000
0.0650 0.4950 1.0000 11.0000
0.0750 0.4950 1.0000 11.0000
0.0850 0.4950 1.0000 11.0000
0.0950 0.4950 1.0000 11.0000
0.1050 0.4950 1.0000 11.0000
0.1150 0.4950 1.0000 11.0000
0.1250 0.4950 1.0000 11.0000
0.1350 0.4950 1.0000 11.0000
0.1450 0.4950 1.0000 11.0000
0.1550 0.4950 1.0000 11.0000
0.1650 0.4950 1.0000 11.0000
0.1750 0.4950 1.0000 11.0000
0.1850 0.4950 1.0000 11.0000
0.1950 0.4950 1.0000 11.0000
0.2050 0.4950 1.0000 11.0000
0.2150 0.4950 1.0000 11.0000
0.2250 0.4950 1.0000 11.0000
0.2350 0.4950 1.0000 11.0000
0.2450 0.4950 1.0000 11.0000
0.2550 0.4950 1.0000 11.0000
0.2650 0.4950 1.0000 11.0000
0.2750 0.4950 1.0000 11.0000
0.2850 0.4950 1.0000 11.0000
0.2950 0.4950 1.0000 11.0000
0.3050 0.4950 1.0000 11.0000
0.3150 0.4950 1.0000 11.0000
0.3250 0.4950 1.0000 11.0000
0.3350 0.4950 1.0000 11.0000
0.3450 0.4950 1.0000 11.0000
0.3550 0.4950 1.0000 11.0000
0.3650 0.4950 1.0000 11.0000
0.3750 0.4950 1.0000 11.0000
0.3850 0.4950 1.0000 11.0000
0.3950 0.4950 1.0000 11.0000
0.4050 0.4950 1.0000 11.0000
0.4150 0.4950 1.0000 11.0000
0.4250 0.4950 1.0000 11.0000
0.4350 0.4950 1.0000 11.0000
0.4450 0.4950 1.0000 11.0000
0.4550 0.4950 1.0000 11.0000
0.4650 0.4950 1.0000 11.0000
0.4750 0.4950 1.0000 11.0000
0.4850 0.4950 1.0000 11.0000
0.4950 0.4950 1.0000 11.0000
0.5050 0.4950 1.0000 11.0000
0.5150 0.4950 1.0000 11.0000
0.5250 0.4950 1.0000 11.0000
0.5350 0.4950 1.0000 11.0000
0.5450 0.4950 1.0000 11.0000
0.5550 0.4950 1.0000 11.0000
0.5650 0.4950 1.0000 11.0000
0.5750 0.4950 1.0000 11.0000
0.5850 0.4950 1.0000 11.0000
0.5950 0.4950 1.0000 11.0000
0.6050 0.4950 1.0000 11.0000
0.6150 0.4950 1.0000 11.0000
0.6250 0.4950 1.0000 11.0000
0.6350 0.4950 1.0000 11.0000
0.6450 0.4950 1.0000 11.0000
0.6550 0.4950 1.0000 11.0000
0.6650 0.4950 1.0000 11.0000
0.6750 0.4950 1.0000 11.0000
0.6850 0.4950 1.0000 11.0000
0.6950 0.4950 1.0000 11.0000
0.7050 0.4950 1.0000 11.0000
0.7150 0.4950 1.0000 11.0000
0.7250 0.4950 1.0000 11.0000
0.7350 0.4950 1.0000 11.0000
0.7450 0.4950 1.0000 11.0000
0.7550 0.4950 1.0000 11.0000
0.7650 0.4950 1.0000 11.0000
0.7750 0.4950 1.0000 11.0000
0.7850 0.4950 1.0000 11.0000
0.7950 0.4950 1.0000 11.0000
0.8050 0.4950 1.0000 11.0000
0.8150 0.4950 1.0000 11.0000
0.8250 0.4950 1.0000 11.0000
0.8350 0.4950 1.0000 11.0000
0.8450 0.4950 1.0000 11.0000
0.8550 0.4950 1.0000 11.0000
0.8650 0.4950 1.0000 11.0000
0.8750 0.4950 1.0000 11.0000
0.8850 0.4950 1.0000 11.0000
0.8950 0.4950 1.0000 11.0000
0.9050 0.4950 1.0000 11.0000
0.9150 0.4950 1.0000 11.0000
0.9250 0.4950 1.0000 11.0000
0.9350 0.4950 1.0000 11.0000
0.9450 0.4950 1.0000 11.0000
0.9550 0.4950 1.0000 11.0000
0.9650 0.4950 1.0000 11.0000
0.9750 0.4950 1.0000 11.0000
0.9850 0.4950 1.0000 11.0000
0.9950 0.4950 1.0000 11.0000
0.0050 0.5050 1.0000 11.0000
0.0150 0.5050 1.0000 11.0000
0.0250 0.5050 1.0000 11.0000
0.0350 0.5050 1.0000 11.0000
0.0450 0.5050 1.0000 11.0000
0.0550 0.5050 1.0000 11.0000
0.0650 0.5050 1.0000 11.0000
0.0750 0.5050 1.0000 11.0000
0.0850 0.5050 1.0000 11.0000
0.0950 0.5050 1.0000 11.0000
0.1050 0.5050 1.0000 11.0000
0.1150 0.5050 1.0000 11.0000
0.1250 0.5050 1.0000 11.0000
0.1350 0.5050 1.0000 11.0000
0.1450 0.5050 1.0000 11.0000
0.1550 0.5050 1.0000 11.0000
0.1650 0.5050 1.0000 11.0000
0.1750 0.5050 1.0000 11.0000
0.1850 0.5050 1.0000 11.0000
0.1950 0.5050 1.0000 11.0000
0.2050 0.5050 1.0000 11.0000
0.2150 0.5050 1.0000 11.0000
0.2250 0.5050 1.0000 11.0000
0.2350 0.5050 1.0000 11.0000
0.2450 0.5050 1.0000 11.0000
0.2550 0.5050 1.0000 11.0000
0.2650 0.5050 1.0000 11.0000
0.2750 0.5050 1.0000 11.0000
0.2850 0.5050 1.0000 11.0000
0.2950 0.5050 1.0000 11.0000
0.3050 0.5050 1.0000 11.0000
0.3150 0.5050 1.0000 11.0000
0.3250 0.5050 1.0000 11.0000
0.3350 0.5050 1.0000 11.0000
0.3450 0.5050 1.0000 11.0000
0.3550 0.5050 1.0000 11.0000
0.3650 0.5050 1.0000 11.0000
0.3750 0.5050 1.0000 11.0000
0.3850 0.5050 1.0000 11.0000
0.3950 0.5050 1.0000 11.0000
0.4050 0.5050 1.0000 11.0000
0.4150 0.5050 1.0000 11.0000
0.4250 0.5050 1.0000 11.0000
0.4350 0.5050 1.0000 11.0000
0.4450 0.5050 1.0000 11.0000
0.4550 0.5050 1.0000 11.0000
0.4650 0.5050 1.0000 11.0000
0.4750 0.5050 1.0000 11.0000
0.4850 0.5050 1.0000 11.0000
0.4950 0.5050 1.0000 11.0000
0.5050 0.5050 1.0000 11.0000
0.5150 0.5050 1.0000 11.0000
0.5250 0.5050 1.0000 11.0000
0.5350 0.5050 1.0000 11.0000
0.5450 0.5050 1.0000 11.0000
0.5550 0.5050 1.0000 11.0000
0.5650 0.5050 1.0000 11.0000
0.5750 0.5050 1.0000 11.0000
0.5850 0.5050 1.0000 11.0000
0.5950 0.5050 1.0000 11.0000
0.6050 0.5050 1.0000 11.0000
0.6150 0.5050 1.0000 11.0000
0.6250 0.5050 1.0000 11.0000
0.6350 0.5050 1.0000 11.0000
0.6450 0.5050 1.0000 11.0000
0.6550 0.5050 1.0000 11.0000
0.6650 0.5050 1.0000 11.0000
0.6750 0.5050 1.0000 11.0000
0.6850 0.5050 1.0000 11.0000
0.6950 0.5050 1.0000 11.0000
0.7050 0.5050 1.0000 11.0000
0.7150 0.5050 1.0000 11.0000
0.7250 0.5050 1.0000 11.0000
0.7350 0.5050 1.0000 11.0000
0.7450 0.5050 1.0000 11.0000
0.7550 0.5050 1.0000 11.0000
0.7650 0.5050 1.0000 11.0000
0.7750 0.5050 1.0000 11.0000
0.7850 0.5050 1.0000 11.0000
0.7950 0.5050 1.0000 11.0000
0.8050 0.5050 1.0000 11.0000
0.8150 0.5050 1.0000 11.0000
0.8250 0.5050 1.0000 11.0000
0.8350 0.5050 1.0000 11.0000
0.8450 0.5050 1.0000 11.0000
0.8550 0.5050 1.0000 11.0000
0.8650 0.5050 1.0000 11.0000
0.8750 0.5050 1.0000 11.0000
0.8850 0.5050 1.0000 11.0000
0.8950 0.5050 1.0000 11.0000
0.9050 0.5050 1.0000 11.0000
0.9150 0.5050 1.0000 11.0000
0.9250 0.5050 1.0000 11.0000
0.9350 0.5050 1.0000 11.0000
0.9450 0.5050 1.0000 11.0000
0.9550 0.5050 1.0000 11.0000
0.9650 0.5050 1.0000 11.0000
0.9750 0.5050 1.0000 11.0000
0.9850 0.5050 1.0000 11.0000
0.9950 0.5050 1.0000 11.0000
0.0050 0.5150 1.0000 11.0000
0.0150 0.5150 1.0000 11.0000
0.0250 0.5150 1.0000 11.0000
0.0350 0.5150 1.0000 11.0000
0.0450 0.5150 1.0000 11.0000
0.0550 0.5150 1.0000 11.0000
0.0650 0.5150 1.0000 11.0000
0.0750 0.5150 1.0000 11.0000
0.0850 0.5150 1.0000 11.0000
0.0950 0.5150 1.0000 11.0000
0.1050 0.5150 1.0000 11.0000
0.1150 0.5150 1.0000 11.0000
0.1250 0.5150 1.0000 11.0000
0.1350 0.5150 1.0000 11.0000
0.1450 0.5150 1.0000 11.0000
0.1550 0.5150 1.0000 11.0000
0.1650 0.5150 1.0000 11.0000
0.1750 0.5150 1.0000 11.0000
0.1850 0.5150 1.0000 11.0000
0.1950 0.5150 1.0000 11.0000
0.2050 0.5150 1.0000 11.0000
0.2150 0.5150 1.0000 11.0000
0.2250 0.5150 1.0000 11.0000
0.2350 0.5150 1.0000 11.0000
0.2450 0.5150 1.0000 11.0000
0.2550 0.5150 1.0000 11.0000
0.2650 0.5150 1.0000 11.0000
0.2750 0.5150 1.0000 11.0000
0.2850 0.5150 1.0000 11.0000
0.2950 0.5150 1.0000 11.0000
0.3050 0.5150 1.0000 11.0000
0.3150 0.5150 1.0000 11.0000
0.3250 0.5150 1.0000 11.0000
0.3350 0.5150 1.0000 11.0000
0.3450 0.5150 1.0000 11.0000
0.3550 0.5150 1.0000 11.0000
0.3650 0.5150 1.0000 11.0000
0.3750 0.5150 1.0000 11.0000
0.3850 0.5150 1.0000 11.0000
0.3950 0.5150 1.0000 11.0000
0.4050 0.5150 1.0000 11.0000
0.4150 0.5150 1.0000 11.0000
0.4250 0.5150 1.0000 11.0000
0.4350 0.5150 1.0000 11.0000
0.4450 0.5150 1.0000 11.0000
0.4550 0.5150 1.0000 11.0000
0.4650 0.5150 1.0000 11.0000
0.4750 0.5150 1.0000 11.0000
0.4850 0.5150 1.0000 11.0000
0.4950 0.5150 1.0000 11.0000
0.5050 0.5150 1.0000 11.0000
0.5150 0.5150 1.0000 11.0000
0.5250 0.5150 1.0000 11.0000
0.5350 0.5150 1.0000 11.0000
0.5450 0.5150 1.0000 11.0000
0.5550 0.5150 1.0000 11.0000
0.5650 0.5150 1.0000 11.0000
0.5750 0.5150 1.0000 11.0000
0.5850 0.5150 1.0000 11.0000
0.5950 0.5150 1.0000 11.0000
0.6050 0.5150 1.0000 11.0000
0.6150 0.5150 1.0000 11.0000
0.6250 0.5150 1.0000 11.0000
0.6350 0.5150 1.0000 11.0000
0.6450 0.5150 1.0000 11.0000
0.6550 0.5150 1.0000 11.0000
0.6650 0.5150 1.0000 11.0000
0.6750 0.5150 1.0000 11.0000
0.6850 0.5150 1.0000 11.0000
0.6950 0.5150 1.0000 11.0000
0.7050 0.5150 1.0000 11.0000
0.7150 0.5150 1.0000 11.0000
0.7250 0.5150 1.0000 11.0000
0.7350 0.5150 1.0000 11.0000
0.7450 0.5150 1.0000 11.0000
0.7550 0.5150 1.0000 11.0000
0.7650 0.5150 1.0000 11.0000
0.7750 0.5150 1.0000 11.0000
0.7850 0.5150 1.0000 11.0000
0.7950 0.5150 1.0000 11.0000
0.8050 0.5150 1.0000 11.0000
0.8150 0.5150 1.0000 11.0000
0.8250 0.5150 1.0000 11.0000
0.8350 0.5150 1.0000 11.0000
0.8450 0.5150 1.0000 11.0000
0.8550 0.5150 1.0000 11.0000
0.8650 0.5150 1.0000 11.0000
0.8750 0.5150 1.0000 11.0000
0.8850 0.5150 1.0000 11.0000
0.8950 0.5150 1.0000 11.0000
0.9050 0.5150 1.0000 11.0000
0.9150 0.5150 1.0000 11.0000
0.9250 0.5150 1.0000 11.0000
0.9350 0.5150 1.0000 11.0000
0.9450 0.5150 1.0000 11.0000
0.9550 0.5150 1.0000 11.0000
0.9650 0.5150 1.0000 11.0000
0.9750 0.5150 1.0000 11.0000
0.9850 0.5150 1.0000 11.0000
0.9950 0.5150 1.0000 11.0000
0.0050 0.5250 1.0000 11.0000
0.0150 0.5250 1.0000 11.0000
0.0250 0.5250 1.0000 11.0000
0.0350 0.5250 1.0000 11.0000
0.0450 0.5250 1.0000 11.0000
0.0550 0.5250 1.0000 11.0000
0.0650 0.5250 1.0000 11.0000
0.0750 0.5250 1.0000 11.0000
0.0850 0.5250 1.0000 11.0000
0.0950 0.5250 1.0000 11.0000
0.1050 0.5250 1.0000 11.0000
0.1150 0.5250 1.0000 11.0000
0.1250 0.5250 1.0000 11.0000
0.1350 0.5250 1.0000 11.0000
0.1450 0.5250 1.0000 11.0000
0.1550 0.5250 1.0000 11.0000
0.1650 0.5250 1.0000 11.0000
0.1750 0.5250 1.0000 11.0000
0.1850 0.5250 1.0000 11.0000
0.1950 0.5250 1.0000 11.0000
0.2050 0.5250 1.0000 11.0000
0.2150 0.5250 1.0000 11.0000
0.2250 0.5250 1.0000 11.0000
0.2350 0.5250 1.0000 11.0000
0.2450 0.5250 1.0000 11.0000
0.2550 0.5250 1.0000 11.0000
0.2650 0.5250 1.0000 11.0000
0.2750 0.5250 1.0000 11.0000
0.2850 0.5250 1.0000 11.0000
0.2950 0.5250 1.0000 11.0000
0.3050 0.5250 1.0000 11.0000
0.3150 0.5250 1.0000 11.0000
0.3250 0.5250 1.0000 11.0000
0.3350 0.5250 1.0000 11.0000
0.3450 0.5250 1.0000 11.0000
0.3550 0.5250 1.0000 11.0000
0.3650 0.5250 1.0000 11.0000
0.3750 0.5250 1.0000 11.0000
0.3850 0.5250 1.0000 11.0000
0.3950 0.5250 1.0000 11.0000
0.4050 0.5250 1.0000 11.0000
0.4150 0.5250 1.0000 11.0000
0.4250 0.5250 1.0000 11.0000
0.4350 0.5250 1.0000 11.0000
0.4450 0.5250 1.0000 11.0000
0.4550 0.5250 1.0000 11.0000
0.4650 0.5250 1.0000 11.0000
0.4750 0.5250 1.0000 11.0000
0.4850 0.5250 1.0000 11.0000
0.4950 0.5250 1.0000 11.0000
0.5050 0.5250 1.0000 11.0000
0.5150 0.5250 1.0000 11.0000
0.5250 0.5250 1.0000 11.0000
0.5350 0.5250 1.0000 11.0000
0.5450 0.5250 1.0000 11.0000
0.5550 0.5250 1.0000 11.0000
0.5650 0.5250 1.0000 11.0000
0.5750 0.5250 1.0000 11.0000
0.5850 0.5250 1.0000 11.0000
0.5950 0.5250 1.0000 11.0000
0.6050 0.5250 1.0000 11.0000
0.6150 0.5250 1.0000 11.0000
0.6250 0.5250 1.0000 11.0000
0.6350 0.5250 1.0000 11.0000
0.6450 0.5250 1.0000 11.0000
0.6550 0.5250 1.0000 11.0000
0.6650 0.5250 1.0000 11.0000
0.6750 0.5250 1.0000 11.0000
0.6850 0.5250 1.0000 11.0000
0.6950 0.5250 1.0000 11.0000
0.7050 0.5250 1.0000 11.0000
0.7150 0.5250 1.0000 11.0000
0.7250 0.5250 1.0000 11.0000
0.7350 0.5250 1.0000 11.0000
0.7450 0.5250 1.0000 11.0000
0.7550 0.5250 1.0000 11.0000
0.7650 0.5250 1.0000 11.0000
0.7750 0.5250 1.0000 11.0000
0.7850 0.5250 1.0000 11.0000
0.7950 0.5250 1.0000 11.0000
0.8050 0.5250 1.0000 11.0000
0.8150 0.5250 1.0000 11.0000
0.8250 0.5250 1.0000 11.0000
0.8350 0.5250 1.0000 11.0000
0.8450 0.5250 1.0000 11.0000
0.8550 0.5250 1.0000 11.0000
0.8650 0.5250 1.0000 11.0000
0.8750 0.5250 1.0000 11.0000
0.8850 0.5250 1.0000 11.0000
0.8950 0.5250 1.0000 11.0000
0.9050 0.5250 1.0000 11.0000
0.9150 0.5250 1.0000 11.0000
0.9250 0.5250 1.0000 11.0000
0.9350 0.5250 1.0000 11.0000
0.9450 0.5250 1.0000 11.0000
0.9550 0.5250 1.0000 11.0000
0.9650 0.5250 1.0000 11.0000
0.9750 0.5250 1.0000 11.0000
0.9850 0.5250 1.0000 11.0000
0.9950 0.5250 1.0000 11.0000
0.0050 0.5350 1.0000 11.0000
0.0150 0.5350 1.0000 11.0000
0.0250 0.5350 1.0000 11.0000
0.0350 0.5350 1.0000 11.0000
0.0450 0.5350 1.0000 11.0000
0.0550 0.5350 1.0000 11.0000
0.0650 0.5350 1.0000 11.0000
0.0750 0.5350 1.0000 11.0000
0.0850 0.5350 1.0000 11.0000
0.0950 0.5350 1.0000 11.0000
0.1050 0.5350 1.0000 11.0000
0.1150 0.5350 1.0000 11.0000
0.1250 0.5350 1.0000 11.0000
0.1350 0.5350 1.0000 11.0000
0.1450 0.5350 1.0000 11.0000
0.1550 0.5350 1.0000 11.0000
0.1650 0.5350 1.0000 11.0000
0.1750 0.5350 1.0000 11.0000
0.1850 0.5350 1.0000 11.0000
0.1950 0.5350 1.0000 11.0000
0.2050 0.5350 1.0000 11.0000
0.2150 0.5350 1.0000 11.0000
0.2250 0.5350 1.0000 11.0000
0.2350 0.5350 1.0000 11.0000
0.2450 0.5350 1.0000 11.0000
0.2550 0.5350 1.0000 11.0000
0.2650 0.5350 1.0000 11.0000
0.2750 0.5350 1.0000 11.0000
0.2850 0.5350 1.0000 11.0000
0.2950 0.5350 1.0000 11.0000
0.3050 0.5350 1.0000 11.0000
0.3150 0.5350 1.0000 11.0000
0.3250 0.5350 1.0000 11.0000
0.3350 0.5350 1.0000 11.0000
0.3450 0.5350 1.0000 11.0000
0.3550 0.5350 1.0000 11.0000
0.3650 0.5350 1.0000 11.0000
0.3750 0.5350 1.0000 11.0000
0.3850 0.5350 1.0000 11.0000
0.3950 0.5350 1.0000 11.0000
0.4050 0.5350 1.0000 11.0000
0.4150 0.5350 1.0000 11.0000
0.4250 0.5350 1.0000 11.0000
0.4350 0.5350 1.0000 11.0000
0.4450 0.5350 1.0000 11.0000
0.4550 0.5350 1.0000 11.0000
0.4650 0.5350 1.0000 11.0000
0.4750 0.5350 1.0000 11.0000
0.4850 0.5350 1.0000 11.0000
0.4950 0.5350 1.0000 11.0000
0.5050 0.5350 1.0000 11.0000
0.5150 0.5350 1.0000 11.0000
0.5250 0.5350 1.0000 11.0000
0.5350 0.5350 1.0000 11.0000
0.5450 0.5350 1.0000 11.0000
0.5550 0.5350 1.0000 11.0000
0.5650 0.5350 1.0000 11.0000
0.5750 0.5350 1.0000 11.0000
0.5850 0.5350 1.0000 11.0000
0.5950 0.5350 1.0000 11.0000
0.6050 0.5350 1.0000 11.0000
0.6150 0.5350 1.0000 11.0000
0.6250 0.5350 1.0000 11.0000
0.6350 0.5350 1.0000 11.0000
0.6450 0.5350 1.0000 11.0000
0.6550 0.5350 1.0000 11.0000
0.6650 0.5350 1.0000 11.0000
0.6750 0.5350 1.0000 11.0000
0.6850 0.5350 1.0000 11.0000
0.6950 0.5350 1.0000 11.0000
0.7050 0.5350 1.0000 11.0000
0.7150 0.5350 1.0000 11.0000
0.7250 0.5350 1.0000 11.0000
0.7350 0.5350 1.0000 11.0000
0.7450 0.5350 1.0000 11.0000
0.7550 0.5350 1.0000 11.0000
0.7650 0.5350 1.0000 11.0000
0.7750 0.5350 1.0000 11.0000
0.7850 0.5350 1.0000 11.0000
0.7950 0.5350 1.0000 11.0000
0.8050 0.5350 1.0000 11.0000
0.8150 0.5350 1.0000 11.0000
0.8250 0.5350 1.0000 11.0000
0.8350 0.5350 1.0000 11.0000
0.8450 0.5350 1.0000 11.0000
0.8550 0.5350 1.0000 11.0000
0.8650 0.5350 1.0000 11.0000
0.8750 0.5350 1.0000 11.0000
0.8850 0.5350 1.0000 11.0000
0.8950 0.5350 1.0000 11.0000
0.9050 0.5350 1.0000 11.0000
0.9150 0.5350 1.0000 11.0000
0.9250 0.5350 1.0000 11.0000
0.9350 0.5350 1.0000 11.0000
0.9450 0.5350 1.0000 11.0000
0.9550 0.5350 1.0000 11.0000
0.9650 0.5350 1.0000 11.0000
0.9750 0.5350 1.0000 11.0000
0.9850 0.5350 1.0000 11.0000
0.9950 0.5350 1.0000 11.0000
0.0050 0.5450 1.0000 11.0000
0.0150 0.5450 1.0000 11.0000
0.0250 0.5450 1.0000 11.0000
0.0350 0.5450 1.0000 11.0000
0.0450 0.5450 1.0000 11.0000
0.0550 0.5450 1.0000 11.0000
0.0650 0.5450 1.0000 11.0000
0.0750 0.5450 1.0000 11.0000
0.0850 0.5450 1.0000 11.0000
0.0950 0.5450 1.0000 11.0000
0.1050 0.5450 1.0000 11.0000
0.1150 0.5450 1.0000 11.0000
0.1250 0.5450 1.0000 11.0000
0.1350 0.5450 1.0000 11.0000
0.1450 0.5450 1.0000 11.0000
0.1550 0.5450 1.0000 11.0000
0.1650 0.5450 1.0000 11.0000
0.1750 0.5450 1.0000 11.0000
0.1850 0.5450 1.0000 11.0000
0.1950 0.5450 1.0000 11.0000
0.2050 0.5450 1.0000 11.0000
0.2150 0.5450 1.0000 11.0000
0.2250 0.5450 1.0000 11.0000
0.2350 0.5450 1.0000 11.0000
0.2450 0.5450 1.0000 11.0000
0.2550 0.5450 1.0000 11.0000
0.2650 0.5450 1.0000 11.0000
0.2750 0.5450 1.0000 11.0000
0.2850 0.5450 1.0000 11.0000
0.2950 0.5450 1.0000 11.0000
0.3050 0.5450 1.0000 11.0000
0.3150 0.5450 1.0000 11.0000
0.3250 0.5450 1.0000 11.0000
0.3350 0.5450 1.0000 11.0000
0.3450 0.5450 1.0000 11.0000
0.3550 0.5450 1.0000 11.0000
0.3650 0.5450 1.0000 11.0000
0.3750 0.5450 1.0000 11.0000
0.3850 0.5450 1.0000 11.0000
0.3950 0.5450 1.0000 11.0000
0.4050 0.5450 1.0000 11.0000
0.4150 0.5450 1.0000 11.0000
0.4250 0.5450 1.0000 11.0000
0.4350 0.5450 1.0000 11.0000
0.4450 0.5450 1.0000 11.0000
0.4550 0.5450 1.0000 11.0000
0.4650 0.5450 1.0000 11.0000
0.4750 0.5450 1.0000 11.0000
0.4850 0.5450 1.0000 11.0000
0.4950 0.5450 1.0000 11.0000
0.5050 0.5450 1.0000 11.0000
0.5150 0.5450 1.0000 11.0000
0.5250 0.5450 1.0000 11.0000
0.5350 0.5450 1.0000 11.0000
0.5450 0.5450 1.0000 11.0000
0.5550 0.5450 1.0000 11.0000
0.5650 0.5450 1.0000 11.0000
0.5750 0.5450 1.0000 11.0000
0.5850 0.5450 1.0000 11.0000
0.5950 0.5450 1.0000 11.0000
0.6050 0.5450 1.0000 11.0000
0.6150 0.5450 1.0000 11.0000
0.6250 0.5450 1.0000 11.0000
0.6350 0.5450 1.0000 11.0000
0.6450 0.5450 1.0000 11.0000
0.6550 0.5450 1.0000 11.0000
0.6650 0.5450 1.0000 11.0000
0.6750 0.5450 1.0000 11.0000
0.6850 0.5450 1.0000 11.0000
0.6950 0.5450 1.0000 11.0000
0.7050 0.5450 1.0000 11.0000
0.7150 0.5450 1.0000 11.0000
0.7250 0.5450 1.0000 11.0000
0.7350 0.5450 1.0000 11.0000
0.7450 0.5450 1.0000 11.0000
0.7550 0.5450 1.0000 11.0000
0.7650 0.5450 1.0000 11.0000
0.7750 0.5450 1.0000 11.0000
0.7850 0.5450 1.0000 11.0000
0.7950 0.5450 1.0000 11.0000
0.8050 0.5450 1.0000 11.0000
0.8150 0.5450 1.0000 11.0000
0.8250 0.5450 1.0000 11.0000
0.8350 0.5450 1.0000 11.0000
0.8450 0.5450 1.0000 11.0000
0.8550 0.5450 1.0000 11.0000
0.8650 0.5450 1.0000 11.0000
0.8750 0.5450 1.0000 11.0000
0.8850 0.5450 1.0000 11.0000
0.8950 0.5450 1.0000 11.0000
0.9050 0.5450 1.0000 11.0000
0.9150 0.5450 1.0000 11.0000
0.9250 0.5450 1.0000 11.0000
0.9350 0.5450 1.0000 11.0000
0.9450 0.5450 1.0000 11.0000
0.9550 0.5450 1.0000 11.0000
0.9650 0.5450 1.0000 11.0000
0.9750 0.5450 1.0000 11.0000
0.9850 0.5450 1.0000 11.0000
0.9950 0.5450 1.0000 11.0000
0.0050 0.5550 1.0000 11.0000
0.0150 0.5550 1.0000 11.0000
0.0250 0.5550 1.0000 11.0000
0.0350 0.5550 1.0000 11.0000
0.0450 0.5550 1.0000 11.0000
0.0550 0.5550 1.0000 11.0000
0.0650 0.5550 1.0000 11.0000
0.0750 0.5550 1.0000 11.0000
0.0850 0.5550 1.0000 11.0000
0.0950 0.5550 1.0000 11.0000
0.1050 0.5550 1.0000 11.0000
0.1150 0.5550 1.0000 11.0000
0.1250 0.5550 1.0000 11.0000
0.1350 0.5550 1.0000 11.0000
0.1450 0.5550 1.0000 11.0000
0.1550 0.5550 1.0000 11.0000
0.1650 0.5550 1.0000 11.0000
0.1750 0.5550 1.0000 11.0000
0.1850 0.5550 1.0000 11.0000
0.1950 0.5550 1.0000 11.0000
0.2050 0.5550 1.0000 11.0000
0.2150 0.5550 1.0000 11.0000
0.2250 0.5550 1.0000 11.0000
0.2350 0.5550 1.0000 11.0000
0.2450 0.5550 1.0000 11.0000
0.2550 0.5550 1.0000 11.0000
0.2650 0.5550 1.0000 11.0000
0.2750 0.5550 1.0000 11.0000
0.2850 0.5550 1.0000 11.0000
0.2950 0.5550 1.0000 11.0000
0.3050 0.5550 1.0000 11.0000
0.3150 0.5550 1.0000 11.0000
0.3250 0.5550 1.0000 11.0000
0.3350 0.5550 1.0000 11.0000
0.3450 0.5550 1.0000 11.0000
0.3550 0.5550 1.0000 11.0000
0.3650 0.5550 1.0000 11.0000
0.3750 0.5550 1.0000 11.0000
0.3850 0.5550 1.0000 11.0000
0.3950 0.5550 1.0000 11.0000
0.4050 0.5550 1.0000 11.0000
0.4150 0.5550 1.0000 11.0000
0.4250 0.5550 1.0000 11.0000
0.4350 0.5550 1.0000 11.0000
0.4450 0.5550 1.0000 11.0000
0.4550 0.5550 1.0000 11.0000
0.4650 0.5550 1.0000 11.0000
0.4750 0.5550 1.0000 11.0000
0.4850 0.5550 1.0000 11.0000
0.4950 0.5550 1.0000 11.0000
0.5050 0.5550 1.0000 11.0000
0.5150 0.5550 1.0000 11.0000
0.5250 0.5550 1.0000 11.0000
0.5350 0.5550 1.0000 11.0000
0.5450 0.5550 1.0000 11.0000
0.5550 0.5550 1.0000 11.0000
0.5650 0.5550 1.0000 11.0000
0.5750 0.5550 1.0000 11.0000
0.5850 0.5550 1.0000 11.0000
0.5950 0.5550 1.0000 11.0000
0.6050 0.5550 1.0000 11.0000
0.6150 0.5550 1.0000 11.0000
0.6250 0.5550 1.0000 11.0000
0.6350 0.5550 1.0000 11.0000
0.6450 0.5550 1.0000 11.0000
0.6550 0.5550 1.0000 11.0000
0.6650 0.5550 1.0000 11.0000
0.6750 0.5550 1.0000 11.0000
0.6850 0.5550 1.0000 11.0000
0.6950 0.5550 1.0000 11.0000
0.7050 0.5550 1.0000 11.0000
0.7150 0.5550 1.0000 11.0000
0.7250 0.5550 1.0000 11.0000
0.7350 0.5550 1.0000 11.0000
0.7450 0.5550 1.0000 11.0000
0.7550 0.5550 1.0000 11.0000
0.7650 0.5550 1.0000 11.0000
0.7750 0.5550 1.0000 11.0000
0.7850 0.5550 1.0000 11.0000
0.7950 0.5550 1.0000 11.0000
0.8050 0.5550 1.0000 11.0000
0.8150 0.5550 1.0000 11.0000
0.8250 0.5550 1.0000 11.0000
0.8350 0.5550 1.0000 11.0000
0.8450 0.5550 1.0000 11.0000
0.8550 0.5550 1.0000 11.0000
0.8650 0.5550 1.0000 11.0000
0.8750 0.5550 1.0000 11.0000
0.8850 0.5550 1.0000 11.0000
0.8950 0.5550 1.0000 11.0000
0.9050 0.5550 1.0000 11.0000
0.9150 0.5550 1.0000 11.0000
0.9250 0.5550 1.0000 11.0000
0.9350 0.5550 1.0000 11.0000
0.9450 0.5550 1.0000 11.0000
0.9550 0.5550 1.0000 11.0000
0.9650 0.5550 1.0000 11.0000
0.9750 0.5550 1.0000 11.0000
0.9850 0.5550 1.0000 11.0000
0.9950 0.5550 1.0000 11.0000
0.0050 0.5650 1.0000 11.0000
0.0150 0.5650 1.0000 11.0000
0.0250 0.5650 1.0000 11.0000
0.0350 0.5650 1.0000 11.0000
0.0450 0.5650 1.0000 11.0000
0.0550 0.5650 1.0000 11.0000
0.0650 0.5650 1.0000 11.0000
0.0750 0.5650 1.0000 11.0000
0.0850 0.5650 1.0000 11.0000
0.0950 0.5650 1.0000 11.0000
0.1050 0.5650 1.0000 11.0000
0.1150 0.5650 1.0000 11.0000
0.1250 0.5650 1.0000 11.0000
0.1350 0.5650 1.0000 11.0000
0.1450 0.5650 1.0000 11.0000
0.1550 0.5650 1.0000 11.0000
0.1650 0.5650 1.0000 11.0000
0.1750 0.5650 1.0000 11.0000
0.1850 0.5650 1.0000 11.0000
0.1950 0.5650 1.0000 11.0000
0.2050 0.5650 1.0000 11.0000
0.2150 0.5650 1.0000 11.0000
0.2250 0.5650 1.0000 11.0000
0.2350 0.5650 1.0000 11.0000
0.2450 0.5650 1.0000 11.0000
0.2550 0.5650 1.0000 11.0000
0.2650 0.5650 1.0000 11.0000
0.2750 0.5650 1.0000 11.0000
0.2850 0.5650 1.0000 11.0000
0.2950 0.5650 1.0000 11.0000
0.3050 0.5650 1.0000 11.0000
0.3150 0.5650 1.0000 11.0000
0.3250 0.5650 1.0000 11.0000
0.3350 0.5650 1.0000 11.0000
0.3450 0.5650 1.0000 11.0000
0.3550 0.5650 1.0000 11.0000
0.3650 0.5650 1.0000 11.0000
0.3750 0.5650 1.0000 11.0000
0.3850 0.5650 1.0000 11.0000
0.3950 0.5650 1.0000 11.0000
0.4050 0.5650 1.0000 11.0000
0.4150 0.5650 1.0000 11.0000
0.4250 0.5650 1.0000 11.0000
0.4350 0.5650 1.0000 11.0000
0.4450 0.5650 1.0000 11.0000
0.4550 0.5650 1.0000 11.0000
0.4650 0.5650 1.0000 11.0000
0.4750 0.5650 1.0000 11.0000
0.4850 0.5650 1.0000 11.0000
0.4950 0.5650 1.0000 11.0000
0.5050 0.5650 1.0000 11.0000
0.5150 0.5650 1.0000 11.0000
0.5250 0.5650 1.0000 11.0000
0.5350 0.5650 1.0000 11.0000
0.5450 0.5650 1.0000 11.0000
0.5550 0.5650 1.0000 11.0000
0.5650 0.5650 1.0000 11.0000
0.5750 0.5650 1.0000 11.0000
0.5850 0.5650 1.0000 11.0000
0.5950 0.5650 1.0000 11.0000
0.6050 0.5650 1.0000 11.0000
0.6150 0.5650 1.0000 11.0000
0.6250 0.5650 1.0000 11.0000
0.6350 0.5650 1.0000 11.0000
0.6450 0.5650 1.0000 11.0000
0.6550 0.5650 1.0000 11.0000
0.6650 0.5650 1.0000 11.0000
0.6750 0.5650 1.0000 11.0000
0.6850 0.5650 1.0000 11.0000
0.6950 0.5650 1.0000 11.0000
0.7050 0.5650 1.0000 11.0000
0.7150 0.5650 1.0000 11.0000
0.7250 0.5650 1.0000 11.0000
0.7350 0.5650 1.0000 11.0000
0.7450 0.5650 1.0000 11.0000
0.7550 0.5650 1.0000 11.0000
0.7650 0.5650 1.0000 11.0000
0.7750 0.5650 1.0000 11.0000
0.7850 0.5650 1.0000 11.0000
0.7950 0.5650 1.0000 11.0000
0.8050 0.5650 1.0000 11.0000
0.8150 0.5650 1.0000 11.0000
0.8250 0.5650 1.0000 11.0000
0.8350 0.5650 1.0000 11.0000
0.8450 0.5650 1.0000 11.0000
0.8550 0.5650 1.0000 11.0000
0.8650 0.5650 1.0000 11.0000
0.8750 0.5650 1.0000 11.0000
0.8850 0.5650 1.0000 11.0000
0.8950 0.5650 1.0000 11.0000
0.9050 0.5650 1.0000 11.0000
0.9150 0.5650 1.0000 11.0000
0.9250 0.5650 1.0000 11.0000
0.9350 0.5650 1.0000 11.0000
0.9450 0.5650 1.0000 11.0000
0.9550 0.5650 1.0000 11.0000
0.9650 0.5650 1.0000 11.0000
0.9750 0.5650 1.0000 11.0000
0.9850 0.5650 1.0000 11.0000
0.9950 0.5650 1.0000 11.0000
0.0050 0.5750 1.0000 11.0000
0.0150 0.5750 1.0000 11.0000
0.0250 0.5750 1.0000 11.0000
0.0350 0.5750 1.0000 11.0000
0.0450 0.5750 1.0000 11.0000
0.0550 0.5750 1.0000 11.0000
0.0650 0.5750 1.0000 11.0000
0.0750 0.5750 1.0000 11.0000
0.0850 0.5750 1.0000 11.0000
0.0950 0.5750 1.0000 11.0000
0.1050 0.5750 1.0000 11.0000
0.1150 0.5750 1.0000 11.0000
0.1250 0.5750 1.0000 11.0000
0.1350 0.5750 1.0000 11.0000
0.1450 0.5750 1.0000 11.0000
0.1550 0.5750 1.0000 11.0000
0.1650 0.5750 1.0000 11.0000
0.1750 0.5750 1.0000 11.0000
0.1850 0.5750 1.0000 11.0000
0.1950 0.5750 1.0000 11.0000
0.2050 0.5750 1.0000 11.0000
0.2150 0.5750 1.0000 11.0000
0.2250 0.5750 1.0000 11.0000
0.2350 0.5750 1.0000 11.0000
0.2450 0.5750 1.0000 11.0000
0.2550 0.5750 1.0000 11.0000
0.2650 0.5750 1.0000 11.0000
0.2750 0.5750 1.0000 11.0000
0.2850 0.5750 1.0000 11.0000
0.2950 0.5750 1.0000 11.0000
0.3050 0.5750 1.0000 11.0000
0.3150 0.5750 1.0000 11.0000
0.3250 0.5750 1.0000 11.0000
0.3350 0.5750 1.0000 11.0000
0.3450 0.5750 1.0000 11.0000
0.3550 0.5750 1.0000 11.0000
0.3650 0.5750 1.0000 11.0000
0.3750 0.5750 1.0000 11.0000
0.3850 0.5750 1.0000 11.0000
0.3950 0.5750 1.0000 11.0000
0.4050 0.5750 1.0000 11.0000
0.4150 0.5750 1.0000 11.0000
0.4250 0.5750 1.0000 11.0000
0.4350 0.5750 1.0000 11.0000
0.4450 0.5750 1.0000 11.0000
0.4550 0.5750 1.0000 11.0000
0.4650 0.5750 1.0000 11.0000
0.4750 0.5750 1.0000 11.0000
0.4850 0.5750 1.0000 11.0000
0.4950 0.5750 1.0000 11.0000
0.5050 0.5750 1.0000 11.0000
0.5150 0.5750 1.0000 11.0000
0.5250 0.5750 1.0000 11.0000
0.5350 0.5750 1.0000 11.0000
0.5450 0.5750 1.0000 11.0000
0.5550 0.5750 1.0000 11.0000
0.5650 0.5750 1.0000 11.0000
0.5750 0.5750 1.0000 11.0000
0.5850 0.5750 1.0000 11.0000
0.5950 0.5750 1.0000 11.0000
0.6050 0.5750 1.0000 11.0000
0.6150 0.5750 1.0000 11.0000
0.6250 0.5750 1.0000 11.0000
0.6350 0.5750 1.0000 11.0000
0.6450 0.5750 1.0000 11.0000
0.6550 0.5750 1.0000 11.0000
0.6650 0.5750 1.0000 11.0000
0.6750 0.5750 1.0000 11.0000
0.6850 0.5750 1.0000 11.0000
0.6950 0.5750 1.0000 11.0000
0.7050 0.5750 1.0000 11.0000
0.7150 0.5750 1.0000 11.0000
0.7250 0.5750 1.0000 11.0000
0.7350 0.5750 1.0000 11.0000
0.7450 0.5750 1.0000 11.0000
0.7550 0.5750 1.0000 11.0000
0.7650 0.5750 1.0000 11.0000
0.7750 0.5750 1.0000 11.0000
0.7850 0.5750 1.0000 11.0000
0.7950 0.5750 1.0000 11.0000
0.8050 0.5750 1.0000 11.0000
0.8150 0.5750 1.0000 11.0000
0.8250 0.5750 1.0000 11.0000
0.8350 0.5750 1.0000 11.0000
0.8450 0.5750 1.0000 11.0000
0.8550 0.5750 1.0000 11.0000
0.8650 0.5750 1.0000 11.0000
0.8750 0.5750 1.0000 11.0000
0.8850 0.5750 1.0000 11.0000
0.8950 0.5750 1.0000 11.0000
0.9050 0.5750 1.0000 11.0000
0.9150 0.5750 1.0000 11.0000
0.9250 0.5750 1.0000 11.0000
0.9350 0.5750 1.0000 11.0000
0.9450 0.5750 1.0000 11.0000
0.9550 0.5750 1.0000 11.0000
0.9650 0.5750 1.0000 11.0000
0.9750 0.5750 1.0000 11.0000
0.9850 0.5750 1.0000 11.0000
0.9950 0.5750 1.0000 11.0000
0.0050 0.5850 1.0000 11.0000
0.0150 0.5850 1.0000 11.0000
0.0250 0.5850 1.0000 11.0000
0.0350 0.5850 1.0000 11.0000
0.0450 0.5850 1.0000 11.0000
0.0550 0.5850 1.0000 11.0000
0.0650 0.5850 1.0000 11.0000
0.0750 0.5850 1.0000 11.0000
0.0850 0.5850 1.0000 11.0000
0.0950 0.5850 1.0000 11.0000
0.1050 0.5850 1.0000 11.0000
0.1150 0.5850 1.0000 11.0000
0.1250 0.5850 1.0000 11.0000
0.1350 0.5850 1.0000 11.0000
0.1450 0.5850 1.0000 11.0000
0.1550 0.5850 1.0000 11.0000
0.1650 0.5850 1.0000 11.0000
0.1750 0.5850 1.0000 11.0000
0.1850 0.5850 1.0000 11.0000
0.1950 0.5850 1.0000 11.0000
0.2050 0.5850 1.0000 11.0000
0.2150 0.5850 1.0000 11.0000
0.2250 0.5850 1.0000 11.0000
0.2350 0.5850 1.0000 11.0000
0.2450 0.5850 1.0000 11.0000
0.2550 0.5850 1.0000 11.0000
0.2650 0.5850 1.0000 11.0000
0.2750 0.5850 1.0000 11.0000
0.2850 0.5850 1.0000 11.0000
0.2950 0.5850 1.0000 11.0000
0.3050 0.5850 1.0000 11.0000
0.3150 0.5850 1.0000 11.0000
0.3250 0.5850 1.0000 11.0000
0.3350 0.5850 1.0000 11.0000
0.3450 0.5850 1.0000 11.0000
0.3550 0.5850 1.0000 11.0000
0.3650 0.5850 1.0000 11.0000
0.3750 0.5850 1.0000 11.0000
0.3850 0.5850 1.0000 11.0000
0.3950 0.5850 1.0000 11.0000
0.4050 0.5850 1.0000 11.0000
0.4150 0.5850 1.0000 11.0000
0.4250 0.5850 1.0000 11.0000
0.4350 0.5850 1.0000 11.0000
0.4450 0.5850 1.0000 11.0000
0.4550 0.5850 1.0000 11.0000
0.4650 0.5850 1.0000 11.0000
0.4750 0.5850 1.0000 11.0000
0.4850 0.5850 1.0000 11.0000
0.4950 0.5850 1.0000 11.0000
0.5050 0.5850 1.0000 11.0000
0.5150 0.5850 1.0000 11.0000
0.5250 0.5850 1.0000 11.0000
0.5350 0.5850 1.0000 11.0000
0.5450 0.5850 1.0000 11.0000
0.5550 0.5850 1.0000 11.0000
0.5650 0.5850 1.0000 11.0000
0.5750 0.5850 1.0000 11.0000
0.5850 0.5850 1.0000 11.0000
0.5950 0.5850 1.0000 11.0000
0.6050 0.5850 1.0000 11.0000
0.6150 0.5850 1.0000 11.0000
0.6250 0.5850 1.0000 11.0000
0.6350 0.5850 1.0000 11.0000
0.6450 0.5850 1.0000 11.0000
0.6550 0.5850 1.0000 11.0000
0.6650 0.5850 1.0000 11.0000
0.6750 0.5850 1.0000 11.0000
0.6850 0.5850 1.0000 11.0000
0.6950 0.5850 1.0000 11.0000
0.7050 0.5850 1.0000 11.0000
0.7150 0.5850 1.0000 11.0000
0.7250 0.5850 1.0000 11.0000
0.7350 0.5850 1.0000 11.0000
0.7450 0.5850 1.0000 11.0000
0.7550 0.5850 1.0000 11.0000
0.7650 0.5850 1.0000 11.0000
0.7750 0.5850 1.0000 11.0000
0.7850 0.5850 1.0000 11.0000
0.7950 0.5850 1.0000 11.0000
0.8050 0.5850 1.0000 11.0000
0.8150 0.5850 1.0000 11.0000
0.8250 0.5850 1.0000 11.0000
0.8350 0.5850 1.0000 11.0000
0.8450 0.5850 1.0000 11.0000
0.8550 0.5850 1.0000 11.0000
0.8650 0.5850 1.0000 11.0000
0.8750 0.5850 1.0000 11.0000
0.8850 0.5850 1.0000 11.0000
0.8950 0.5850 1.0000 11.0000
0.9050 0.5850 1.0000 11.0000
0.9150 0.5850 1.0000 11.0000
0.9250 0.5850 1.0000 11.0000
0.9350 0.5850 1.0000 11.0000
0.9450 0.5850 1.0000 11.0000
0.9550 0.5850 1.0000 11.0000
0.9650 0.5850 1.0000 11.0000
0.9750 0.5850 1.0000 11.0000
0.9850 0.5850 1.0000 11.0000
0.9950 0.5850 1.0000 11.0000
0.0050 0.5950 1.0000 11.0000
0.0150 0.5950 1.0000 11.0000
0.0250 0.5950 1.0000 11.0000
0.0350 0.5950 1.0000 11.0000
0.0450 0.5950 1.0000 11.0000
0.0550 0.5950 1.0000 11.0000
0.0650 0.5950 1.0000 11.0000
0.0750 0.5950 1.0000 11.0000
0.0850 0.5950 1.0000 11.0000
0.0950 0.5950 1.0000 11.0000
0.1050 0.5950 1.0000 11.0000
0.1150 0.5950 1.0000 11.0000
0.1250 0.5950 1.0000 11.0000
0.1350 0.5950 1.0000 11.0000
0.1450 0.5950 1.0000 11.0000
0.1550 0.5950 1.0000 11.0000
0.1650 0.5950 1.0000 11.0000
0.1750 0.5950 1.0000 11.0000
0.1850 0.5950 1.0000 11.0000
0.1950 0.5950 1.0000 11.0000
0.2050 0.5950 1.0000 11.0000
0.2150 0.5950 1.0000 11.0000
0.2250 0.5950 1.0000 11.0000
0.2350 0.5950 1.0000 11.0000
0.2450 0.5950 1.0000 11.0000
0.2550 0.5950 1.0000 11.0000
0.2650 0.5950 1.0000 11.0000
0.2750 0.5950 1.0000 11.0000
0.2850 0.5950 1.0000 11.0000
0.2950 0.5950 1.0000 11.0000
0.3050 0.5950 1.0000 11.0000
0.3150 0.5950 1.0000 11.0000
0.3250 0.5950 1.0000 11.0000
0.3350 0.5950 1.0000 11.0000
0.3450 0.5950 1.0000 11.0000
0.3550 0.5950 1.0000 11.0000
0.3650 0.5950 1.0000 11.0000
0.3750 0.5950 1.0000 11.0000
0.3850 0.5950 1.0000 11.0000
0.3950 0.5950 1.0000 11.0000
0.4050 0.5950 1.0000 11.0000
0.4150 0.5950 1.0000 11.0000
0.4250 0.5950 1.0000 11.0000
0.4350 0.5950 1.0000 11.0000
0.4450 0.5950 1.0000 11.0000
0.4550 0.5950 1.0000 11.0000
0.4650 0.5950 1.0000 11.0000
0.4750 0.5950 1.0000 11.0000
0.4850 0.5950 1.0000 11.0000
0.4950 0.5950 1.0000 11.0000
0.5050 0.5950 1.0000 11.0000
0.5150 0.5950 1.0000 11.0000
0.5250 0.5950 1.0000 11.0000
0.5350 0.5950 1.0000 11.0000
0.5450 0.5950 1.0000 11.0000
0.5550 0.5950 1.0000 11.0000
0.5650 0.5950 1.0000 11.0000
0.5750 0.5950 1.0000 11.0000
0.5850 0.5950 1.0000 11.0000
0.5950 0.5950 1.0000 11.0000
0.6050 0.5950 1.0000 11.0000
0.6150 0.5950 1.0000 11.0000
0.6250 0.5950 1.0000 11.0000
0.6350 0.5950 1.0000 11.0000
0.6450 0.5950 1.0000 11.0000
0.6550 0.5950 1.0000 11.0000
0.6650 0.5950 1.0000 11.0000
0.6750 0.5950 1.0000 11.0000
0.6850 0.5950 1.0000 11.0000
0.6950 0.5950 1.0000 11.0000
0.7050 0.5950 1.0000 11.0000
0.7150 0.5950 1.0000 11.0000
0.7250 0.5950 1.0000 11.0000
0.7350 0.5950 1.0000 11.0000
0.7450 0.5950 1.0000 11.0000
0.7550 0.5950 1.0000 11.0000
0.7650 0.5950 1.0000 11.0000
0.7750 0.5950 1.0000 11.0000
0.7850 0.5950 1.0000 11.0000
0.7950 0.5950 1.0000 11.0000
0.8050 0.5950 1.0000 11.0000
0.8150 0.5950 1.0000 11.0000
0.8250 0.5950 1.0000 11.0000
0.8350 0.5950 1.0000 11.0000
0.8450 0.5950 1.0000 11.0000
0.8550 0.5950 1.0000 11.0000
0.8650 0.5950 1.0000 11.0000
0.8750 0.5950 1.0000 11.0000
0.8850 0.5950 1.0000 11.0000
0.8950 0.5950 1.0000 11.0000
0.9050 0.5950 1.0000 11.0000
0.9150 0.5950 1.0000 11.0000
0.9250 0.5950 1.0000 11.0000
0.9350 0.5950 1.0000 11.0000
0.9450 0.5950 1.0000 11.0000
0.9550 0.5950 1.0000 11.0000
0.9650 0.5950 1.0000 11.0000
0.9750 0.5950 1.0000 11.0000
0.9850 0.5950 1.0000 11.0000
0.9950 0.5950 1.0000 11.0000
0.0050 0.6050 1.0000 11.0000
0.0150 0.6050 1.0000 11.0000
0.0250 0.6050 1.0000 11.0000
0.0350 0.6050 1.0000 11.0000
0.0450 0.6050 1.0000 11.0000
0.0550 0.6050 1.0000 11.0000
0.0650 0.6050 1.0000 11.0000
0.0750 0.6050 1.0000 11.0000
0.0850 0.6050 1.0000 11.0000
0.0950 0.6050 1.0000 11.0000
0.1050 0.6050 1.0000 11.0000
0.1150 0.6050 1.0000 11.0000
0.1250 0.6050 1.0000 11.0000
0.1350 0.6050 1.0000 11.0000
0.1450 0.6050 1.0000 11.0000
0.1550 0.6050 1.0000 11.0000
0.1650 0.6050 1.0000 11.0000
0.1750 0.6050 1.0000 11.0000
0.1850 0.6050 1.0000 11.0000
0.1950 0.6050 1.0000 11.0000
0.2050 0.6050 1.0000 11.0000
0.2150 0.6050 1.0000 11.0000
0.2250 0.6050 1.0000 11.0000
0.2350 0.6050 1.0000 11.0000
0.2450 0.6050 1.0000 11.0000
0.2550 0.6050 1.0000 11.0000
0.2650 0.6050 1.0000 11.0000
0.2750 0.6050 1.0000 11.0000
0.2850 0.6050 1.0000 11.0000
0.2950 0.6050 1.0000 11.0000
0.3050 0.6050 1.0000 11.0000
0.3150 0.6050 1.0000 11.0000
0.3250 0.6050 1.0000 11.0000
0.3350 0.6050 1.0000 11.0000
0.3450 0.6050 1.0000 11.0000
0.3550 0.6050 1.0000 11.0000
0.3650 0.6050 1.0000 11.0000
0.3750 0.6050 1.0000 11.0000
0.3850 0.6050 1.0000 11.0000
0.3950 0.6050 1.0000 11.0000
0.4050 0.6050 1.0000 11.0000
0.4150 0.6050 1.0000 11.0000
0.4250 0.6050 1.0000 11.0000
0.4350 0.6050 1.0000 11.0000
0.4450 0.6050 1.0000 11.0000
0.4550 0.6050 1.0000 11.0000
0.4650 0.6050 1.0000 11.0000
0.4750 0.6050 1.0000 11.0000
0.4850 0.6050 1.0000 11.0000
0.4950 0.6050 1.0000 11.0000
0.5050 0.6050 1.0000 11.0000
0.5150 0.6050 1.0000 11.0000
0.5250 0.6050 1.0000 11.0000
0.5350 0.6050 1.0000 11.0000
0.5450 0.6050 1.0000 11.0000
0.5550 0.6050 1.0000 11.0000
0.5650 0.6050 1.0000 11.0000
0.5750 0.6050 1.0000 11.0000
0.5850 0.6050 1.0000 11.0000
0.5950 0.6050 1.0000 11.0000
0.6050 0.6050 1.0000 11.0000
0.6150 0.6050 1.0000 11.0000
0.6250 0.6050 1.0000 11.0000
0.6350 0.6050 1.0000 11.0000
0.6450 0.6050 1.0000 11.0000
0.6550 0.6050 1.0000 11.0000
0.6650 0.6050 1.0000 11.0000
0.6750 0.6050 1.0000 11.0000
0.6850 0.6050 1.0000 11.0000
0.6950 0.6050 1.0000 11.0000
0.7050 0.6050 1.0000 11.0000
0.7150 0.6050 1.0000 11.0000
0.7250 0.6050 1.0000 11.0000
0.7350 0.6050 1.0000 11.0000
0.7450 0.6050 1.0000 11.0000
0.7550 0.6050 1.0000 11.0000
0.7650 0.6050 1.0000 11.0000
0.7750 0.6050 1.0000 11.0000
0.7850 0.6050 1.0000 11.0000
0.7950 0.6050 1.0000 11.0000
0.8050 0.6050 1.0000 11.0000
0.8150 0.6050 1.0000 11.0000
0.8250 0.6050 1.0000 11.0000
0.8350 0.6050 1.0000 11.0000
0.8450 0.6050 1.0000 11.0000
0.8550 0.6050 1.0000 11.0000
0.8650 0.6050 1.0000 11.0000
0.8750 0.6050 1.0000 11.0000
0.8850 0.6050 1.0000 11.0000
0.8950 0.6050 1.0000 11.0000
0.9050 0.6050 1.0000 11.0000
0.9150 0.6050 1.0000 11.0000
0.9250 0.6050 1.0000 11.0000
0.9350 0.6050 1.0000 11.0000
0.9450 0.6050 1.0000 11.0000
0.9550 0.6050 1.0000 11.0000
0.9650 0.6050 1.0000 11.0000
0.9750 0.6050 1.0000 11.0000
0.9850 0.6050 1.0000 11.0000
0.9950 0.6050 1.0000 11.0000
0.0050 0.6150 1.0000 11.0000
0.0150 0.6150 1.0000 11.0000
0.0250 0.6150 1.0000 11.0000
0.0350 0.6150 1.0000 11.0000
0.0450 0.6150 1.0000 11.0000
0.0550 0.6150 1.0000 11.0000
0.0650 0.6150 1.0000 11.0000
0.0750 0.6150 1.0000 11.0000
0.0850 0.6150 1.0000 11.0000
0.0950 0.6150 1.0000 11.0000
0.1050 0.6150 1.0000 11.0000
0.1150 0.6150 1.0000 11.0000
0.1250 0.6150 1.0000 11.0000
0.1350 0.6150 1.0000 11.0000
0.1450 0.6150 1.0000 11.0000
0.1550 0.6150 1.0000 11.0000
0.1650 0.6150 1.0000 11.0000
0.1750 0.6150 1.0000 11.0000
0.1850 0.6150 1.0000 11.0000
0.1950 0.6150 1.0000 11.0000
0.2050 0.6150 1.0000 11.0000
0.2150 0.6150 1.0000 11.0000
0.2250 0.6150 1.0000 11.0000
0.2350 0.6150 1.0000 11.0000
0.2450 0.6150 1.0000 11.0000
0.2550 0.6150 1.0000 11.0000
0.2650 0.6150 1.0000 11.0000
0.2750 0.6150 1.0000 11.0000
0.2850 0.6150 1.0000 11.0000
0.2950 0.6150 1.0000 11.0000
0.3050 0.6150 1.0000 11.0000
0.3150 0.6150 1.0000 11.0000
0.3250 0.6150 1.0000 11.0000
0.3350 0.6150 1.0000 11.0000
0.3450 0.6150 1.0000 11.0000
0.3550 0.6150 1.0000 11.0000
0.3650 0.6150 1.0000 11.0000
0.3750 0.6150 1.0000 11.0000
0.3850 0.6150 1.0000 11.0000
0.3950 0.6150 1.0000 11.0000
0.4050 0.6150 1.0000 11.0000
0.4150 0.6150 1.0000 11.0000
0.4250 0.6150 1.0000 11.0000
0.4350 0.6150 1.0000 11.0000
0.4450 0.6150 1.0000 11.0000
0.4550 0.6150 1.0000 11.0000
0.4650 0.6150 1.0000 11.0000
0.4750 0.6150 1.0000 11.0000
0.4850 0.6150 1.0000 11.0000
0.4950 0.6150 1.0000 11.0000
0.5050 0.6150 1.0000 11.0000
0.5150 0.6150 1.0000 11.0000
0.5250 0.6150 1.0000 11.0000
0.5350 0.6150 1.0000 11.0000
0.5450 0.6150 1.0000 11.0000
0.5550 0.6150 1.0000 11.0000
0.5650 0.6150 1.0000 11.0000
0.5750 0.6150 1.0000 11.0000
0.5850 0.6150 1.0000 11.0000
0.5950 0.6150 1.0000 11.0000
0.6050 0.6150 1.0000 11.0000
0.6150 0.6150 1.0000 11.0000
0.6250 0.6150 1.0000 11.0000
0.6350 0.6150 1.0000 11.0000
0.6450 0.6150 1.0000 11.0000
0.6550 0.6150 1.0000 11.0000
0.6650 0.6150 1.0000 11.0000
0.6750 0.6150 1.0000 11.0000
0.6850 0.6150 1.0000 11.0000
0.6950 0.6150 1.0000 11.0000
0.7050 0.6150 1.0000 11.0000
0.7150 0.6150 1.0000 11.0000
0.7250 0.6150 1.0000 11.0000
0.7350 0.6150 1.0000 11.0000
0.7450 0.6150 1.0000 11.0000
0.7550 0.6150 1.0000 11.0000
0.7650 0.6150 1.0000 11.0000
0.7750 0.6150 1.0000 11.0000
0.7850 0.6150 1.0000 11.0000
0.7950 0.6150 1.0000 11.0000
0.8050 0.6150 1.0000 11.0000
0.8150 0.6150 1.0000 11.0000
0.8250 0.6150 1.0000 11.0000
0.8350 0.6150 1.0000 11.0000
0.8450 0.6150 1.0000 11.0000
0.8550 0.6150 1.0000 11.0000
0.8650 0.6150 1.0000 11.0000
0.8750 0.6150 1.0000 11.0000
0.8850 0.6150 1.0000 11.0000
0.8950 0.6150 1.0000 11.0000
0.9050 0.6150 1.0000 11.0000
0.9150 0.6150 1.0000 11.0000
0.9250 0.6150 1.0000 11.0000
0.9350 0.6150 1.0000 11.0000
0.9450 0.6150 1.0000 11.0000
0.9550 0.6150 1.0000 11.0000
0.9650 0.6150 1.0000 11.0000
0.9750 0.6150 1.0000 11.0000
0.9850 0.6150 1.0000 11.0000
0.9950 0.6150 1.0000 11.0000
0.0050 0.6250 1.0000 11.0000
0.0150 0.6250 1.0000 11.0000
0.0250 0.6250 1.0000 11.0000
0.0350 0.6250 1.0000 11.0000
0.0450 0.6250 1.0000 11.0000
0.0550 0.6250 1.0000 11.0000
0.0650 0.6250 1.0000 11.0000
0.0750 0.6250 1.0000 11.0000
0.0850 0.6250 1.0000 11.0000
0.0950 0.6250 1.0000 11.0000
0.1050 0.6250 1.0000 11.0000
0.1150 0.6250 1.0000 11.0000
0.1250 0.6250 1.0000 11.0000
0.1350 0.6250 1.0000 11.0000
0.1450 0.6250 1.0000 11.0000
0.1550 0.6250 1.0000 11.0000
0.1650 0.6250 1.0000 11.0000
0.1750 0.6250 1.0000 11.0000
0.1850 0.6250 1.0000 11.0000
0.1950 0.6250 1.0000 11.0000
0.2050 0.6250 1.0000 11.0000
0.2150 0.6250 1.0000 11.0000
0.2250 0.6250 1.0000 11.0000
0.2350 0.6250 1.0000 11.0000
0.2450 0.6250 1.0000 11.0000
0.2550 0.6250 1.0000 11.0000
0.2650 0.6250 1.0000 11.0000
0.2750 0.6250 1.0000 11.0000
0.2850 0.6250 1.0000 11.0000
0.2950 0.6250 1.0000 11.0000
0.3050 0.6250 1.0000 11.0000
0.3150 0.6250 1.0000 11.0000
0.3250 0.6250 1.0000 11.0000
0.3350 0.6250 1.0000 11.0000
0.3450 0.6250 1.0000 11.0000
0.3550 0.6250 1.0000 11.0000
0.3650 0.6250 1.0000 11.0000
0.3750 0.6250 1.0000 11.0000
0.3850 0.6250 1.0000 11.0000
0.3950 0.6250 1.0000 11.0000
0.4050 0.6250 1.0000 11.0000
0.4150 0.6250 1.0000 11.0000
0.4250 0.6250 1.0000 11.0000
0.4350 0.6250 1.0000 11.0000
0.4450 0.6250 1.0000 11.0000
0.4550 0.6250 1.0000 11.0000
0.4650 0.6250 1.0000 11.0000
0.4750 0.6250 1.0000 11.0000
0.4850 0.6250 1.0000 11.0000
0.4950 0.6250 1.0000 11.0000
0.5050 0.6250 1.0000 11.0000
0.5150 0.6250 1.0000 11.0000
0.5250 0.6250 1.0000 11.0000
0.5350 0.6250 1.0000 11.0000
0.5450 0.6250 1.0000 11.0000
0.5550 0.6250 1.0000 11.0000
0.5650 0.6250 1.0000 11.0000
0.5750 0.6250 1.0000 11.0000
0.5850 0.6250 1.0000 11.0000
0.5950 0.6250 1.0000 11.0000
0.6050 0.6250 1.0000 11.0000
0.6150 0.6250 1.0000 11.0000
0.6250 0.6250 1.0000 11.0000
0.6350 0.6250 1.0000 11.0000
0.6450 0.6250 1.0000 11.0000
0.6550 0.6250 1.0000 11.0000
0.6650 0.6250 1.0000 11.0000
0.6750 0.6250 1.0000 11.0000
0.6850 0.6250 1.0000 11.0000
0.6950 0.6250 1.0000 11.0000
0.7050 0.6250 1.0000 11.0000
0.7150 0.6250 1.0000 11.0000
0.7250 0.6250 1.0000 11.0000
0.7350 0.6250 1.0000 11.0000
0.7450 0.6250 1.0000 11.0000
0.7550 0.6250 1.0000 11.0000
0.7650 0.6250 1.0000 11.0000
0.7750 0.6250 1.0000 11.0000
0.7850 0.6250 1.0000 11.0000
0.7950 0.6250 1.0000 11.0000
0.8050 0.6250 1.0000 11.0000
0.8150 0.6250 1.0000 11.0000
0.8250 0.6250 1.0000 11.0000
0.8350 0.6250 1.0000 11.0000
0.8450 0.6250 1.0000 11.0000
0.8550 0.6250 1.0000 11.0000
0.8650 0.6250 1.0000 11.0000
0.8750 0.6250 1.0000 11.0000
0.8850 0.6250 1.0000 11.0000
0.8950 0.6250 1.0000 11.0000
0.9050 0.6250 1.0000 11.0000
0.9150 0.6250 1.0000 11.0000
0.9250 0.6250 1.0000 11.0000
0.9350 0.6250 1.0000 11.0000
0.9450 0.6250 1.0000 11.0000
0.9550 0.6250 1.0000 11.0000
0.9650 0.6250 1.0000 11.0000
0.9750 0.6250 1.0000 11.0000
0.9850 0.6250 1.0000 11.0000
0.9950 0.6250 1.0000 11.0000
0.0050 0.6350 1.0000 11.0000
0.0150 0.6350 1.0000 11.0000
0.0250 0.6350 1.0000 11.0000
0.0350 0.6350 1.0000 11.0000
0.0450 0.6350 1.0000 11.0000
0.0550 0.6350 1.0000 11.0000
0.0650 0.6350 1.0000 11.0000
0.0750 0.6350 1.0000 11.0000
0.0850 0.6350 1.0000 11.0000
0.0950 0.6350 1.0000 11.0000
0.1050 0.6350 1.0000 11.0000
0.1150 0.6350 1.0000 11.0000
0.1250 0.6350 1.0000 11.0000
0.1350 0.6350 1.0000 11.0000
0.1450 0.6350 1.0000 11.0000
0.1550 0.6350 1.0000 11.0000
0.1650 0.6350 1.0000 11.0000
0.1750 0.6350 1.0000 11.0000
0.1850 0.6350 1.0000 11.0000
0.1950 0.6350 1.0000 11.0000
0.2050 0.6350 1.0000 11.0000
0.2150 0.6350 1.0000 11.0000
0.2250 0.6350 1.0000 11.0000
0.2350 0.6350 1.0000 11.0000
0.2450 0.6350 1.0000 11.0000
0.2550 0.6350 1.0000 11.0000
0.2650 0.6350 1.0000 11.0000
0.2750 0.6350 1.0000 11.0000
0.2850 0.6350 1.0000 11.0000
0.2950 0.6350 1.0000 11.0000
0.3050 0.6350 1.0000 11.0000
0.3150 0.6350 1.0000 11.0000
0.3250 0.6350 1.0000 11.0000
0.3350 0.6350 1.0000 11.0000
0.3450 0.6350 1.0000 11.0000
0.3550 0.6350 1.0000 11.0000
0.3650 0.6350 1.0000 11.0000
0.3750 0.6350 1.0000 11.0000
0.3850 0.6350 1.0000 11.0000
0.3950 0.6350 1.0000 11.0000
0.4050 0.6350 1.0000 11.0000
0.4150 0.6350 1.0000 11.0000
0.4250 0.6350 1.0000 11.0000
0.4350 0.6350 1.0000 11.0000
0.4450 0.6350 1.0000 11.0000
0.4550 0.6350 1.0000 11.0000
0.4650 0.6350 1.0000 11.0000
0.4750 0.6350 1.0000 11.0000
0.4850 0.6350 1.0000 11.0000
0.4950 0.6350 1.0000 11.0000
0.5050 0.6350 1.0000 11.0000
0.5150 0.6350 1.0000 11.0000
0.5250 0.6350 1.0000 11.0000
0.5350 0.6350 1.0000 11.0000
0.5450 0.6350 1.0000 11.0000
0.5550 0.6350 1.0000 11.0000
0.5650 0.6350 1.0000 11.0000
0.5750 0.6350 1.0000 11.0000
0.5850 0.6350 1.0000 11.0000
0.5950 0.6350 1.0000 11.0000
0.6050 0.6350 1.0000 11.0000
0.6150 0.6350 1.0000 11.0000
0.6250 0.6350 1.0000 11.0000
0.6350 0.6350 1.0000 11.0000
0.6450 0.6350 1.0000 11.0000
0.6550 0.6350 1.0000 11.0000
0.6650 0.6350 1.0000 11.0000
0.6750 0.6350 1.0000 11.0000
0.6850 0.6350 1.0000 11.0000
0.6950 0.6350 1.0000 11.0000
0.7050 0.6350 1.0000 11.0000
0.7150 0.6350 1.0000 11.0000
0.7250 0.6350 1.0000 11.0000
0.7350 0.6350 1.0000 11.0000
0.7450 0.6350 1.0000 11.0000
0.7550 0.6350 1.0000 11.0000
0.7650 0.6350 1.0000 11.0000
0.7750 0.6350 1.0000 11.0000
0.7850 0.6350 1.0000 11.0000
0.7950 0.6350 1.0000 11.0000
0.8050 0.6350 1.0000 11.0000
0.8150 0.6350 1.0000 11.0000
0.8250 0.6350 1.0000 11.0000
0.8350 0.6350 1.0000 11.0000
0.8450 0.6350 1.0000 11.0000
0.8550 0.6350 1.0000 11.0000
0.8650 0.6350 1.0000 11.0000
0.8750 0.6350 1.0000 11.0000
0.8850 0.6350 1.0000 11.0000
0.8950 0.6350 1.0000 11.0000
0.9050 0.6350 1.0000 11.0000
0.9150 0.6350 1.0000 11.0000
0.9250 0.6350 1.0000 11.0000
0.9350 0.6350 1.0000 11.0000
0.9450 0.6350 1.0000 11.0000
0.9550 0.6350 1.0000 11.0000
0.9650 0.6350 1.0000 11.0000
0.9750 0.6350 1.0000 11.0000
0.9850 0.6350 1.0000 11.0000
0.9950 0.6350 1.0000 11.0000
0.0050 0.6450 1.0000 11.0000
0.0150 0.6450 1.0000 11.0000
0.0250 0.6450 1.0000 11.0000
0.0350 0.6450 1.0000 11.0000
0.0450 0.6450 1.0000 11.0000
0.0550 0.6450 1.0000 11.0000
0.0650 0.6450 1.0000 11.0000
0.0750 0.6450 1.0000 11.0000
0.0850 0.6450 1.0000 11.0000
0.0950 0.6450 1.0000 11.0000
0.1050 0.6450 1.0000 11.0000
0.1150 0.6450 1.0000 11.0000
0.1250 0.6450 1.0000 11.0000
0.1350 0.6450 1.0000 11.0000
0.1450 0.6450 1.0000 11.0000
0.1550 0.6450 1.0000 11.0000
0.1650 0.6450 1.0000 11.0000
0.1750 0.6450 1.0000 11.0000
0.1850 0.6450 1.0000 11.0000
0.1950 0.6450 1.0000 11.0000
0.2050 0.6450 1.0000 11.0000
0.2150 0.6450 1.0000 11.0000
0.2250 0.6450 1.0000 11.0000
0.2350 0.6450 1.0000 11.0000
0.2450 0.6450 1.0000 11.0000
0.2550 0.6450 1.0000 11.0000
0.2650 0.6450 1.0000 11.0000
0.2750 0.6450 1.0000 11.0000
0.2850 0.6450 1.0000 11.0000
0.2950 0.6450 1.0000 11.0000
0.3050 0.6450 1.0000 11.0000
0.3150 0.6450 1.0000 11.0000
0.3250 0.6450 1.0000 11.0000
0.3350 0.6450 1.0000 11.0000
0.3450 0.6450 1.0000 11.0000
0.3550 0.6450 1.0000 11.0000
0.3650 0.6450 1.0000 11.0000
0.3750 0.6450 1.0000 11.0000
0.3850 0.6450 1.0000 11.0000
0.3950 0.6450 1.0000 11.0000
0.4050 0.6450 1.0000 11.0000
0.4150 0.6450 1.0000 11.0000
0.4250 0.6450 1.0000 11.0000
0.4350 0.6450 1.0000 11.0000
0.4450 0.6450 1.0000 11.0000
0.4550 0.6450 1.0000 11.0000
0.4650 0.6450 1.0000 11.0000
0.4750 0.6450 1.0000 11.0000
0.4850 0.6450 1.0000 11.0000
0.4950 0.6450 1.0000 11.0000
0.5050 0.6450 1.0000 11.0000
0.5150 0.6450 1.0000 11.0000
0.5250 0.6450 1.0000 11.0000
0.5350 0.6450 1.0000 11.0000
0.5450 0.6450 1.0000 11.0000
0.5550 0.6450 1.0000 11.0000
0.5650 0.6450 1.0000 11.0000
0.5750 0.6450 1.0000 11.0000
0.5850 0.6450 1.0000 11.0000
0.5950 0.6450 1.0000 11.0000
0.6050 0.6450 1.0000 11.0000
0.6150 0.6450 1.0000 11.0000
0.6250 0.6450 1.0000 11.0000
0.6350 0.6450 1.0000 11.0000
0.6450 0.6450 1.0000 11.0000
0.6550 0.6450 1.0000 11.0000
0.6650 0.6450 1.0000 11.0000
0.6750 0.6450 1.0000 11.0000
0.6850 0.6450 1.0000 11.0000
0.6950 0.6450 1.0000 11.0000
0.7050 0.6450 1.0000 11.0000
0.7150 0.6450 1.0000 11.0000
0.7250 0.6450 1.0000 11.0000
0.7350 0.6450 1.0000 11.0000
0.7450 0.6450 1.0000 11.0000
0.7550 0.6450 1.0000 11.0000
0.7650 0.6450 1.0000 11.0000
0.7750 0.6450 1.0000 11.0000
0.7850 0.6450 1.0000 11.0000
0.7950 0.6450 1.0000 11.0000
0.8050 0.6450 1.0000 11.0000
0.8150 0.6450 1.0000 11.0000
0.8250 0.6450 1.0000 11.0000
0.8350 0.6450 1.0000 11.0000
0.8450 0.6450 1.0000 11.0000
0.8550 0.6450 1.0000 11.0000
0.8650 0.6450 1.0000 11.0000
0.8750 0.6450 1.0000 11.0000
0.8850 0.6450 1.0000 11.0000
0.8950 0.6450 1.0000 11.0000
0.9050 0.6450 1.0000 11.0000
0.9150 0.6450 1.0000 11.0000
0.9250 0.6450 1.0000 11.0000
0.9350 0.6450 1.0000 11.0000
0.9450 0.6450 1.0000 11.0000
0.9550 0.6450 1.0000 11.0000
0.9650 0.6450 1.0000 11.0000
0.9750 0.6450 1.0000 11.0000
0.9850 0.6450 1.0000 11.0000
0.9950 0.6450 1.0000 11.0000
0.0050 0.6550 1.0000 11.0000
0.0150 0.6550 1.0000 11.0000
0.0250 0.6550 1.0000 11.0000
0.0350 0.6550 1.0000 11.0000
0.0450 0.6550 1.0000 11.0000
0.0550 0.6550 1.0000 11.0000
0.0650 0.6550 1.0000 11.0000
0.0750 0.6550 1.0000 11.0000
0.0850 0.6550 1.0000 11.0000
0.0950 0.6550 1.0000 11.0000
0.1050 0.6550 1.0000 11.0000
0.1150 0.6550 1.0000 11.0000
0.1250 0.6550 1.0000 11.0000
0.1350 0.6550 1.0000 11.0000
0.1450 0.6550 1.0000 11.0000
0.1550 0.6550 1.0000 11.0000
0.1650 0.6550 1.0000 11.0000
0.1750 0.6550 1.0000 11.0000
0.1850 0.6550 1.0000 11.0000
0.1950 0.6550 1.0000 11.0000
0.2050 0.6550 1.0000 11.0000
0.2150 0.6550 1.0000 11.0000
0.2250 0.6550 1.0000 11.0000
0.2350 0.6550 1.0000 11.0000
0.2450 0.6550 1.0000 11.0000
0.2550 0.6550 1.0000 11.0000
0.2650 0.6550 1.0000 11.0000
0.2750 0.6550 1.0000 11.0000
0.2850 0.6550 1.0000 11.0000
0.2950 0.6550 1.0000 11.0000
0.3050 0.6550 1.0000 11.0000
0.3150 0.6550 1.0000 11.0000
0.3250 0.6550 1.0000 11.0000
0.3350 0.6550 1.0000 11.0000
0.3450 0.6550 1.0000 11.0000
0.3550 0.6550 1.0000 11.0000
0.3650 0.6550 1.0000 11.0000
0.3750 0.6550 1.0000 11.0000
0.3850 0.6550 1.0000 11.0000
0.3950 0.6550 1.0000 11.0000
0.4050 0.6550 1.0000 11.0000
0.4150 0.6550 1.0000 11.0000
0.4250 0.6550 1.0000 11.0000
0.4350 0.6550 1.0000 11.0000
0.4450 0.6550 1.0000 11.0000
0.4550 0.6550 1.0000 11.0000
0.4650 0.6550 1.0000 11.0000
0.4750 0.6550 1.0000 11.0000
0.4850 0.6550 1.0000 11.0000
0.4950 0.6550 1.0000 11.0000
0.5050 0.6550 1.0000 11.0000
0.5150 0.6550 1.0000 11.0000
0.5250 0.6550 1.0000 11.0000
0.5350 0.6550 1.0000 11.0000
0.5450 0.6550 1.0000 11.0000
0.5550 0.6550 1.0000 11.0000
0.5650 0.6550 1.0000 11.0000
0.5750 0.6550 1.0000 11.0000
0.5850 0.6550 1.0000 11.0000
0.5950 0.6550 1.0000 11.0000
0.6050 0.6550 1.0000 11.0000
0.6150 0.6550 1.0000 11.0000
0.6250 0.6550 1.0000 11.0000
0.6350 0.6550 1.0000 11.0000
0.6450 0.6550 1.0000 11.0000
0.6550 0.6550 1.0000 11.0000
0.6650 0.6550 1.0000 11.0000
0.6750 0.6550 1.0000 11.0000
0.6850 0.6550 1.0000 11.0000
0.6950 0.6550 1.0000 11.0000
0.7050 0.6550 1.0000 11.0000
0.7150 0.6550 1.0000 11.0000
0.7250 0.6550 1.0000 11.0000
0.7350 0.6550 1.0000 11.0000
0.7450 0.6550 1.0000 11.0000
0.7550 0.6550 1.0000 11.0000
0.7650 0.6550 1.0000 11.0000
0.7750 0.6550 1.0000 11.0000
0.7850 0.6550 1.0000 11.0000
0.7950 0.6550 1.0000 11.0000
0.8050 0.6550 1.0000 11.0000
0.8150 0.6550 1.0000 11.0000
0.8250 0.6550 1.0000 11.0000
0.8350 0.6550 1.0000 11.0000
0.8450 0.6550 1.0000 11.0000
0.8550 0.6550 1.0000 11.0000
0.8650 0.6550 1.0000 11.0000
0.8750 0.6550 1.0000 11.0000
0.8850 0.6550 1.0000 11.0000
0.8950 0.6550 1.0000 11.0000
0.9050 0.6550 1.0000 11.0000
0.9150 0.6550 1.0000 11.0000
0.9250 0.6550 1.0000 11.0000
0.9350 0.6550 1.0000 11.0000
0.9450 0.6550 1.0000 11.0000
0.9550 0.6550 1.0000 11.0000
0.9650 0.6550 1.0000 11.0000
0.9750 0.6550 1.0000 11.0000
0.9850 0.6550 1.0000 11.0000
0.9950 0.6550 1.0000 11.0000
0.0050 0.6650 1.0000 11.0000
0.0150 0.6650 1.0000 11.0000
0.0250 0.6650 1.0000 11.0000
0.0350 0.6650 1.0000 11.0000
0.0450 0.6650 1.0000 11.0000
0.0550 0.6650 1.0000 11.0000
0.0650 0.6650 1.0000 11.0000
0.0750 0.6650 1.0000 11.0000
0.0850 0.6650 1.0000 11.0000
0.0950 0.6650 1.0000 11.0000
0.1050 0.6650 1.0000 11.0000
0.1150 0.6650 1.0000 11.0000
0.1250 0.6650 1.0000 11.0000
0.1350 0.6650 1.0000 11.0000
0.1450 0.6650 1.0000 11.0000
0.1550 0.6650 1.0000 11.0000
0.1650 0.6650 1.0000 11.0000
0.1750 0.6650 1.0000 11.0000
0.1850 0.6650 1.0000 11.0000
0.1950 0.6650 1.0000 11.0000
0.2050 0.6650 1.0000 11.0000
0.2150 0.6650 1.0000 11.0000
0.2250 0.6650 1.0000 11.0000
0.2350 0.6650 1.0000 11.0000
0.2450 0.6650 1.0000 11.0000
0.2550 0.6650 1.0000 11.0000
0.2650 0.6650 1.0000 11.0000
0.2750 0.6650 1.0000 11.0000
0.2850 0.6650 1.0000 11.0000
0.2950 0.6650 1.0000 11.0000
0.3050 0.6650 1.0000 11.0000
0.3150 0.6650 1.0000 11.0000
0.3250 0.6650 1.0000 11.0000
0.3350 0.6650 1.0000 11.0000
0.3450 0.6650 1.0000 11.0000
0.3550 0.6650 1.0000 11.0000
0.3650 0.6650 1.0000 11.0000
0.3750 0.6650 1.0000 11.0000
0.3850 0.6650 1.0000 11.0000
0.3950 0.6650 1.0000 11.0000
0.4050 0.6650 1.0000 11.0000
0.4150 0.6650 1.0000 11.0000
0.4250 0.6650 1.0000 11.0000
0.4350 0.6650 1.0000 11.0000
0.4450 0.6650 1.0000 11.0000
0.4550 0.6650 1.0000 11.0000
0.4650 0.6650 1.0000 11.0000
0.4750 0.6650 1.0000 11.0000
0.4850 0.6650 1.0000 11.0000
0.4950 0.6650 1.0000 11.0000
0.5050 0.6650 1.0000 11.0000
0.5150 0.6650 1.0000 11.0000
0.5250 0.6650 1.0000 11.0000
0.5350 0.6650 1.0000 11.0000
0.5450 0.6650 1.0000 11.0000
0.5550 0.6650 1.0000 11.0000
0.5650 0.6650 1.0000 11.0000
0.5750 0.6650 1.0000 11.0000
0.5850 0.6650 1.0000 11.0000
0.5950 0.6650 1.0000 11.0000
0.6050 0.6650 1.0000 11.0000
0.6150 0.6650 1.0000 11.0000
0.6250 0.6650 1.0000 11.0000
0.6350 0.6650 1.0000 11.0000
0.6450 0.6650 1.0000 11.0000
0.6550 0.6650 1.0000 11.0000
0.6650 0.6650 1.0000 11.0000
0.6750 0.6650 1.0000 11.0000
0.6850 0.6650 1.0000 11.0000
0.6950 0.6650 1.0000 11.0000
0.7050 0.6650 1.0000 11.0000
0.7150 0.6650 1.0000 11.0000
0.7250 0.6650 1.0000 11.0000
0.7350 0.6650 1.0000 11.0000
0.7450 0.6650 1.0000 11.0000
0.7550 0.6650 1.0000 11.0000
0.7650 0.6650 1.0000 11.0000
0.7750 0.6650 1.0000 11.0000
0.7850 0.6650 1.0000 11.0000
0.7950 0.6650 1.0000 11.0000
0.8050 0.6650 1.0000 11.0000
0.8150 0.6650 1.0000 11.0000
0.8250 0.6650 1.0000 11.0000
0.8350 0.6650 1.0000 11.0000
0.8450 0.6650 1.0000 11.0000
0.8550 0.6650 1.0000 11.0000
0.8650 0.6650 1.0000 11.0000
0.8750 0.6650 1.0000 11.0000
0.8850 0.6650 1.0000 11.0000
0.8950 0.6650 1.0000 11.0000
0.9050 0.6650 1.0000 11.0000
0.9150 0.6650 1.0000 11.0000
0.9250 0.6650 1.0000 11.0000
0.9350 0.6650 1.0000 11.0000
0.9450 0.6650 1.0000 11.0000
0.9550 0.6650 1.0000 11.0000
0.9650 0.6650 1.0000 11.0000
0.9750 0.6650 1.0000 11.0000
0.9850 0.6650 1.0000 11.0000
0.9950 0.6650 1.0000 11.0000
0.0050 0.6750 1.0000 11.0000
0.0150 0.6750 1.0000 11.0000
0.0250 0.6750 1.0000 11.0000
0.0350 0.6750 1.0000 11.0000
0.0450 0.6750 1.0000 11.0000
0.0550 0.6750 1.0000 11.0000
0.0650 0.6750 1.0000 11.0000
0.0750 0.6750 1.0000 11.0000
0.0850 0.6750 1.0000 11.0000
0.0950 0.6750 1.0000 11.0000
0.1050 0.6750 1.0000 11.0000
0.1150 0.6750 1.0000 11.0000
0.1250 0.6750 1.0000 11.0000
0.1350 0.6750 1.0000 11.0000
0.1450 0.6750 1.0000 11.0000
0.1550 0.6750 1.0000 11.0000
0.1650 0.6750 1.0000 11.0000
0.1750 0.6750 1.0000 11.0000
0.1850 0.6750 1.0000 11.0000
0.1950 0.6750 1.0000 11.0000
0.2050 0.6750 1.0000 11.0000
0.2150 0.6750 1.0000 11.0000
0.2250 0.6750 1.0000 11.0000
0.2350 0.6750 1.0000 11.0000
0.2450 0.6750 1.0000 11.0000
0.2550 0.6750 1.0000 11.0000
0.2650 0.6750 1.0000 11.0000
0.2750 0.6750 1.0000 11.0000
0.2850 0.6750 1.0000 11.0000
0.2950 0.6750 1.0000 11.0000
0.3050 0.6750 1.0000 11.0000
0.3150 0.6750 1.0000 11.0000
0.3250 0.6750 1.0000 11.0000
0.3350 0.6750 1.0000 11.0000
0.3450 0.6750 1.0000 11.0000
0.3550 0.6750 1.0000 11.0000
0.3650 0.6750 1.0000 11.0000
0.3750 0.6750 1.0000 11.0000
0.3850 0.6750 1.0000 11.0000
0.3950 0.6750 1.0000 11.0000
0.4050 0.6750 1.0000 11.0000
0.4150 0.6750 1.0000 11.0000
0.4250 0.6750 1.0000 11.0000
0.4350 0.6750 1.0000 11.0000
0.4450 0.6750 1.0000 11.0000
0.4550 0.6750 1.0000 11.0000
0.4650 0.6750 1.0000 11.0000
0.4750 0.6750 1.0000 11.0000
0.4850 0.6750 1.0000 11.0000
0.4950 0.6750 1.0000 11.0000
0.5050 0.6750 1.0000 11.0000
0.5150 0.6750 1.0000 11.0000
0.5250 0.6750 1.0000 11.0000
0.5350 0.6750 1.0000 11.0000
0.5450 0.6750 1.0000 11.0000
0.5550 0.6750 1.0000 11.0000
0.5650 0.6750 1.0000 11.0000
0.5750 0.6750 1.0000 11.0000
0.5850 0.6750 1.0000 11.0000
0.5950 0.6750 1.0000 11.0000
0.6050 0.6750 1.0000 11.0000
0.6150 0.6750 1.0000 11.0000
0.6250 0.6750 1.0000 11.0000
0.6350 0.6750 1.0000 11.0000
0.6450 0.6750 1.0000 11.0000
0.6550 0.6750 1.0000 11.0000
0.6650 0.6750 1.0000 11.0000
0.6750 0.6750 1.0000 11.0000
0.6850 0.6750 1.0000 11.0000
0.6950 0.6750 1.0000 11.0000
0.7050 0.6750 1.0000 11.0000
0.7150 0.6750 1.0000 11.0000
0.7250 0.6750 1.0000 11.0000
0.7350 0.6750 1.0000 11.0000
0.7450 0.6750 1.0000 11.0000
0.7550 0.6750 1.0000 11.0000
0.7650 0.6750 1.0000 11.0000
0.7750 0.6750 1.0000 11.0000
0.7850 0.6750 1.0000 11.0000
0.7950 0.6750 1.0000 11.0000
0.8050 0.6750 1.0000 11.0000
0.8150 0.6750 1.0000 11.0000
0.8250 0.6750 1.0000 11.0000
0.8350 0.6750 1.0000 11.0000
0.8450 0.6750 1.0000 11.0000
0.8550 0.6750 1.0000 11.0000
0.8650 0.6750 1.0000 11.0000
0.8750 0.6750 1.0000 11.0000
0.8850 0.6750 1.0000 11.0000
0.8950 0.6750 1.0000 11.0000
0.9050 0.6750 1.0000 11.0000
0.9150 0.6750 1.0000 11.0000
0.9250 0.6750 1.0000 11.0000
0.9350 0.6750 1.0000 11.0000
0.9450 0.6750 1.0000 11.0000
0.9550 0.6750 1.0000 11.0000
0.9650 0.6750 1.0000 11.0000
0.9750 0.6750 1.0000 11.0000
0.9850 0.6750 1.0000 11.0000
0.9950 0.6750 1.0000 11.0000
0.0050 0.6850 1.0000 11.0000
0.0150 0.6850 1.0000 11.0000
0.0250 0.6850 1.0000 11.0000
0.0350 0.6850 1.0000 11.0000
0.0450 0.6850 1.0000 11.0000
0.0550 0.6850 1.0000 11.0000
0.0650 0.6850 1.0000 11.0000
0.0750 0.6850 1.0000 11.0000
0.0850 0.6850 1.0000 11.0000
0.0950 0.6850 1.0000 11.0000
0.1050 0.6850 1.0000 11.0000
0.1150 0.6850 1.0000 11.0000
0.1250 0.6850 1.0000 11.0000
0.1350 0.6850 1.0000 11.0000
0.1450 0.6850 1.0000 11.0000
0.1550 0.6850 1.0000 11.0000
0.1650 0.6850 1.0000 11.0000
0.1750 0.6850 1.0000 11.0000
0.1850 0.6850 1.0000 11.0000
0.1950 0.6850 1.0000 11.0000
0.2050 0.6850 1.0000 11.0000
0.2150 0.6850 1.0000 11.0000
0.2250 0.6850 1.0000 11.0000
0.2350 0.6850 1.0000 11.0000
0.2450 0.6850 1.0000 11.0000
0.2550 0.6850 1.0000 11.0000
0.2650 0.6850 1.0000 11.0000
0.2750 0.6850 1.0000 11.0000
0.2850 0.6850 1.0000 11.0000
0.2950 0.6850 1.0000 11.0000
0.3050 0.6850 1.0000 11.0000
0.3150 0.6850 1.0000 11.0000
0.3250 0.6850 1.0000 11.0000
0.3350 0.6850 1.0000 11.0000
0.3450 0.6850 1.0000 11.0000
0.3550 0.6850 1.0000 11.0000
0.3650 0.6850 1.0000 11.0000
0.3750 0.6850 1.0000 11.0000
0.3850 0.6850 1.0000 11.0000
0.3950 0.6850 1.0000 11.0000
0.4050 0.6850 1.0000 11.0000
0.4150 0.6850 1.0000 11.0000
0.4250 0.6850 1.0000 11.0000
0.4350 0.6850 1.0000 11.0000
0.4450 0.6850 1.0000 11.0000
0.4550 0.6850 1.0000 11.0000
0.4650 0.6850 1.0000 11.0000
0.4750 0.6850 1.0000 11.0000
0.4850 0.6850 1.0000 11.0000
0.4950 0.6850 1.0000 11.0000
0.5050 0.6850 1.0000 11.0000
0.5150 0.6850 1.0000 11.0000
0.5250 0.6850 1.0000 11.0000
0.5350 0.6850 1.0000 11.0000
0.5450 0.6850 1.0000 11.0000
0.5550 0.6850 1.0000 11.0000
0.5650 0.6850 1.0000 11.0000
0.5750 0.6850 1.0000 11.0000
0.5850 0.6850 1.0000 11.0000
0.5950 0.6850 1.0000 11.0000
0.6050 0.6850 1.0000 11.0000
0.6150 0.6850 1.0000 11.0000
0.6250 0.6850 1.0000 11.0000
0.6350 0.6850 1.0000 11.0000
0.6450 0.6850 1.0000 11.0000
0.6550 0.6850 1.0000 11.0000
0.6650 0.6850 1.0000 11.0000
0.6750 0.6850 1.0000 11.0000
0.6850 0.6850 1.0000 11.0000
0.6950 0.6850 1.0000 11.0000
0.7050 0.6850 1.0000 11.0000
0.7150 0.6850 1.0000 11.0000
0.7250 0.6850 1.0000 11.0000
0.7350 0.6850 1.0000 11.0000
0.7450 0.6850 1.0000 11.0000
0.7550 0.6850 1.0000 11.0000
0.7650 0.6850 1.0000 11.0000
0.7750 0.6850 1.0000 11.0000
0.7850 0.6850 1.0000 11.0000
0.7950 0.6850 1.0000 11.0000
0.8050 0.6850 1.0000 11.0000
0.8150 0.6850 1.0000 11.0000
0.8250 0.6850 1.0000 11.0000
0.8350 0.6850 1.0000 11.0000
0.8450 0.6850 1.0000 11.0000
0.8550 0.6850 1.0000 11.0000
0.8650 0.6850 1.0000 11.0000
0.8750 0.6850 1.0000 11.0000
0.8850 0.6850 1.0000 11.0000
0.8950 0.6850 1.0000 11.0000
0.9050 0.6850 1.0000 11.0000
0.9150 0.6850 1.0000 11.0000
0.9250 0.6850 1.0000 11.0000
0.9350 0.6850 1.0000 11.0000
0.9450 0.6850 1.0000 11.0000
0.9550 0.6850 1.0000 11.0000
0.9650 0.6850 1.0000 11.0000
0.9750 0.6850 1.0000 11.0000
0.9850 0.6850 1.0000 11.0000
0.9950 0.6850 1.0000 11.0000
0.0050 0.6950 1.0000 11.0000
0.0150 0.6950 1.0000 11.0000
0.0250 0.6950 1.0000 11.0000
0.0350 0.6950 1.0000 11.0000
0.0450 0.6950 1.0000 11.0000
0.0550 0.6950 1.0000 11.0000
0.0650 0.6950 1.0000 11.0000
0.0750 0.6950 1.0000 11.0000
0.0850 0.6950 1.0000 11.0000
0.0950 0.6950 1.0000 11.0000
0.1050 0.6950 1.0000 11.0000
0.1150 0.6950 1.0000 11.0000
0.1250 0.6950 1.0000 11.0000
0.1350 0.6950 1.0000 11.0000
0.1450 0.6950 1.0000 11.0000
0.1550 0.6950 1.0000 11.0000
0.1650 0.6950 1.0000 11.0000
0.1750 0.6950 1.0000 11.0000
0.1850 0.6950 1.0000 11.0000
0.1950 0.6950 1.0000 11.0000
0.2050 0.6950 1.0000 11.0000
0.2150 0.6950 1.0000 11.0000
0.2250 0.6950 1.0000 11.0000
0.2350 0.6950 1.0000 11.0000
0.2450 0.6950 1.0000 11.0000
0.2550 0.6950 1.0000 11.0000
0.2650 0.6950 1.0000 11.0000
0.2750 0.6950 1.0000 11.0000
0.2850 0.6950 1.0000 11.0000
0.2950 0.6950 1.0000 11.0000
0.3050 0.6950 1.0000 11.0000
0.3150 0.6950 1.0000 11.0000
0.3250 0.6950 1.0000 11.0000
0.3350 0.6950 1.0000 11.0000
0.3450 0.6950 1.0000 11.0000
0.3550 0.6950 1.0000 11.0000
0.3650 0.6950 1.0000 11.0000
0.3750 0.6950 1.0000 11.0000
0.3850 0.6950 1.0000 11.0000
0.3950 0.6950 1.0000 11.0000
0.4050 0.6950 1.0000 11.0000
0.4150 0.6950 1.0000 11.0000
0.4250 0.6950 1.0000 11.0000
0.4350 0.6950 1.0000 11.0000
0.4450 0.6950 1.0000 11.0000
0.4550 0.6950 1.0000 11.0000
0.4650 0.6950 1.0000 11.0000
0.4750 0.6950 1.0000 11.0000
0.4850 0.6950 1.0000 11.0000
0.4950 0.6950 1.0000 11.0000
0.5050 0.6950 1.0000 11.0000
0.5150 0.6950 1.0000 11.0000
0.5250 0.6950 1.0000 11.0000
0.5350 0.6950 1.0000 11.0000
0.5450 0.6950 1.0000 11.0000
0.5550 0.6950 1.0000 11.0000
0.5650 0.6950 1.0000 11.0000
0.5750 0.6950 1.0000 11.0000
0.5850 0.6950 1.0000 11.0000
0.5950 0.6950 1.0000 11.0000
0.6050 0.6950 1.0000 11.0000
0.6150 0.6950 1.0000 11.0000
0.6250 0.6950 1.0000 11.0000
0.6350 0.6950 1.0000 11.0000
0.6450 0.6950 1.0000 11.0000
0.6550 0.6950 1.0000 11.0000
0.6650 0.6950 1.0000 11.0000
0.6750 0.6950 1.0000 11.0000
0.6850 0.6950 1.0000 11.0000
0.6950 0.6950 1.0000 11.0000
0.7050 0.6950 1.0000 11.0000
0.7150 0.6950 1.0000 11.0000
0.7250 0.6950 1.0000 11.0000
0.7350 0.6950 1.0000 11.0000
0.7450 0.6950 1.0000 11.0000
0.7550 0.6950 1.0000 11.0000
0.7650 0.6950 1.0000 11.0000
0.7750 0.6950 1.0000 11.0000
0.7850 0.6950 1.0000 11.0000
0.7950 0.6950 1.0000 11.0000
0.8050 0.6950 1.0000 11.0000
0.8150 0.6950 1.0000 11.0000
0.8250 0.6950 1.0000 11.0000
0.8350 0.6950 1.0000 11.0000
0.8450 0.6950 1.0000 11.0000
0.8550 0.6950 1.0000 11.0000
0.8650 0.6950 1.0000 11.0000
0.8750 0.6950 1.0000 11.0000
0.8850 0.6950 1.0000 11.0000
0.8950 0.6950 1.0000 11.0000
0.9050 0.6950 1.0000 11.0000
0.9150 0.6950 1.0000 11.0000
0.9250 0.6950 1.0000 11.0000
0.9350 0.6950 1.0000 11.0000
0.9450 0.6950 1.0000 11.0000
0.9550 0.6950 1.0000 11.0000
0.9650 0.6950 1.0000 11.0000
0.9750 0.6950 1.0000 11.0000
0.9850 0.6950 1.0000 11.0000
0.9950 0.6950 1.0000 11.0000
0.0050 0.7050 1.0000 11.0000
0.0150 0.7050 1.0000 11.0000
0.0250 0.7050 1.0000 11.0000
0.0350 0.7050 1.0000 11.0000
0.0450 0.7050 1.0000 11.0000
0.0550 0.7050 1.0000 11.0000
0.0650 0.7050 1.0000 11.0000
0.0750 0.7050 1.0000 11.0000
0.0850 0.7050 1.0000 11.0000
0.0950 0.7050 1.0000 11.0000
0.1050 0.7050 1.0000 11.0000
0.1150 0.7050 1.0000 11.0000
0.1250 0.7050 1.0000 11.0000
0.1350 0.7050 1.0000 11.0000
0.1450 0.7050 1.0000 11.0000
0.1550 0.7050 1.0000 11.0000
0.1650 0.7050 1.0000 11.0000
0.1750 0.7050 1.0000 11.0000
0.1850 0.7050 1.0000 11.0000
0.1950 0.7050 1.0000 11.0000
0.2050 0.7050 1.0000 11.0000
0.2150 0.7050 1.0000 11.0000
0.2250 0.7050 1.0000 11.0000
0.2350 0.7050 1.0000 11.0000
0.2450 0.7050 1.0000 11.0000
0.2550 0.7050 1.0000 11.0000
0.2650 0.7050 1.0000 11.0000
0.2750 0.7050 1.0000 11.0000
0.2850 0.7050 1.0000 11.0000
0.2950 0.7050 1.0000 11.0000
0.3050 0.7050 1.0000 11.0000
0.3150 0.7050 1.0000 11.0000
0.3250 0.7050 1.0000 11.0000
0.3350 0.7050 1.0000 11.0000
0.3450 0.7050 1.0000 11.0000
0.3550 0.7050 1.0000 11.0000
0.3650 0.7050 1.0000 11.0000
0.3750 0.7050 1.0000 11.0000
0.3850 0.7050 1.0000 11.0000
0.3950 0.7050 1.0000 11.0000
0.4050 0.7050 1.0000 11.0000
0.4150 0.7050 1.0000 11.0000
0.4250 0.7050 1.0000 11.0000
0.4350 0.7050 1.0000 11.0000
0.4450 0.7050 1.0000 11.0000
0.4550 0.7050 1.0000 11.0000
0.4650 0.7050 1.0000 11.0000
0.4750 0.7050 1.0000 11.0000
0.4850 0.7050 1.0000 11.0000
0.4950 0.7050 1.0000 11.0000
0.5050 0.7050 1.0000 11.0000
0.5150 0.7050 1.0000 11.0000
0.5250 0.7050 1.0000 11.0000
0.5350 0.7050 1.0000 11.0000
0.5450 0.7050 1.0000 11.0000
0.5550 0.7050 1.0000 11.0000
0.5650 0.7050 1.0000 11.0000
0.5750 0.7050 1.0000 11.0000
0.5850 0.7050 1.0000 11.0000
0.5950 0.7050 1.0000 11.0000
0.6050 0.7050 1.0000 11.0000
0.6150 0.7050 1.0000 11.0000
0.6250 0.7050 1.0000 11.0000
0.6350 0.7050 1.0000 11.0000
0.6450 0.7050 1.0000 11.0000
0.6550 0.7050 1.0000 11.0000
0.6650 0.7050 1.0000 11.0000
0.6750 0.7050 1.0000 11.0000
0.6850 0.7050 1.0000 11.0000
0.6950 0.7050 1.0000 11.0000
0.7050 0.7050 1.0000 11.0000
0.7150 0.7050 1.0000 11.0000
0.7250 0.7050 1.0000 11.0000
0.7350 0.7050 1.0000 11.0000
0.7450 0.7050 1.0000 11.0000
0.7550 0.7050 1.0000 11.0000
0.7650 0.7050 1.0000 11.0000
0.7750 0.7050 1.0000 11.0000
0.7850 0.7050 1.0000 11.0000
0.7950 0.7050 1.0000 11.0000
0.8050 0.7050 1.0000 11.0000
0.8150 0.7050 1.0000 11.0000
0.8250 0.7050 1.0000 11.0000
0.8350 0.7050 1.0000 11.0000
0.8450 0.7050 1.0000 11.0000
0.8550 0.7050 1.0000 11.0000
0.8650 0.7050 1.0000 11.0000
0.8750 0.7050 1.0000 11.0000
0.8850 0.7050 1.0000 11.0000
0.8950 0.7050 1.0000 11.0000
0.9050 0.7050 1.0000 11.0000
0.9150 0.7050 1.0000 11.0000
0.9250 0.7050 1.0000 11.0000
0.9350 0.7050 1.0000 11.0000
0.9450 0.7050 1.0000 11.0000
0.9550 0.7050 1.0000 11.0000
0.9650 0.7050 1.0000 11.0000
0.9750 0.7050 1.0000 11.0000
0.9850 0.7050 1.0000 11.0000
0.9950 0.7050 1.0000 11.0000
0.0050 0.7150 1.0000 11.0000
0.0150 0.7150 1.0000 11.0000
0.0250 0.7150 1.0000 11.0000
0.0350 0.7150 1.0000 11.0000
0.0450 0.7150 1.0000 11.0000
0.0550 0.7150 1.0000 11.0000
0.0650 0.7150 1.0000 11.0000
0.0750 0.7150 1.0000 11.0000
0.0850 0.7150 1.0000 11.0000
0.0950 0.7150 1.0000 11.0000
0.1050 0.7150 1.0000 11.0000
0.1150 0.7150 1.0000 11.0000
0.1250 0.7150 1.0000 11.0000
0.1350 0.7150 1.0000 11.0000
0.1450 0.7150 1.0000 11.0000
0.1550 0.7150 1.0000 11.0000
0.1650 0.7150 1.0000 11.0000
0.1750 0.7150 1.0000 11.0000
0.1850 0.7150 1.0000 11.0000
0.1950 0.7150 1.0000 11.0000
0.2050 0.7150 1.0000 11.0000
0.2150 0.7150 1.0000 11.0000
0.2250 0.7150 1.0000 11.0000
0.2350 0.7150 1.0000 11.0000
0.2450 0.7150 1.0000 11.0000
0.2550 0.7150 1.0000 11.0000
0.2650 0.7150 1.0000 11.0000
0.2750 0.7150 1.0000 11.0000
0.2850 0.7150 1.0000 11.0000
0.2950 0.7150 1.0000 11.0000
0.3050 0.7150 1.0000 11.0000
0.3150 0.7150 1.0000 11.0000
0.3250 0.7150 1.0000 11.0000
0.3350 0.7150 1.0000 11.0000
0.3450 0.7150 1.0000 11.0000
0.3550 0.7150 1.0000 11.0000
0.3650 0.7150 1.0000 11.0000
0.3750 0.7150 1.0000 11.0000
0.3850 0.7150 1.0000 11.0000
0.3950 0.7150 1.0000 11.0000
0.4050 0.7150 1.0000 11.0000
0.4150 0.7150 1.0000 11.0000
0.4250 0.7150 1.0000 11.0000
0.4350 0.7150 1.0000 11.0000
0.4450 0.7150 1.0000 11.0000
0.4550 0.7150 1.0000 11.0000
0.4650 0.7150 1.0000 11.0000
0.4750 0.7150 1.0000 11.0000
0.4850 0.7150 1.0000 11.0000
0.4950 0.7150 1.0000 11.0000
0.5050 0.7150 1.0000 11.0000
0.5150 0.7150 1.0000 11.0000
0.5250 0.7150 1.0000 11.0000
0.5350 0.7150 1.0000 11.0000
0.5450 0.7150 1.0000 11.0000
0.5550 0.7150 1.0000 11.0000
0.5650 0.7150 1.0000 11.0000
0.5750 0.7150 1.0000 11.0000
0.5850 0.7150 1.0000 11.0000
0.5950 0.7150 1.0000 11.0000
0.6050 0.7150 1.0000 11.0000
0.6150 0.7150 1.0000 11.0000
0.6250 0.7150 1.0000 11.0000
0.6350 0.7150 1.0000 11.0000
0.6450 0.7150 1.0000 11.0000
0.6550 0.7150 1.0000 11.0000
0.6650 0.7150 1.0000 11.0000
0.6750 0.7150 1.0000 11.0000
0.6850 0.7150 1.0000 11.0000
0.6950 0.7150 1.0000 11.0000
0.7050 0.7150 1.0000 11.0000
0.7150 0.7150 1.0000 11.0000
0.7250 0.7150 1.0000 11.0000
0.7350 0.7150 1.0000 11.0000
0.7450 0.7150 1.0000 11.0000
0.7550 0.7150 1.0000 11.0000
0.7650 0.7150 1.0000 11.0000
0.7750 0.7150 1.0000 11.0000
0.7850 0.7150 1.0000 11.0000
0.7950 0.7150 1.0000 11.0000
0.8050 0.7150 1.0000 11.0000
0.8150 0.7150 1.0000 11.0000
0.8250 0.7150 1.0000 11.0000
0.8350 0.7150 1.0000 11.0000
0.8450 0.7150 1.0000 11.0000
0.8550 0.7150 1.0000 11.0000
0.8650 0.7150 1.0000 11.0000
0.8750 0.7150 1.0000 11.0000
0.8850 0.7150 1.0000 11.0000
0.8950 0.7150 1.0000 11.0000
0.9050 0.7150 1.0000 11.0000
0.9150 0.7150 1.0000 11.0000
0.9250 0.7150 1.0000 11.0000
0.9350 0.7150 1.0000 11.0000
0.9450 0.7150 1.0000 11.0000
0.9550 0.7150 1.0000 11.0000
0.9650 0.7150 1.0000 11.0000
0.9750 0.7150 1.0000 11.0000
0.9850 0.7150 1.0000 11.0000
0.9950 0.7150 1.0000 11.0000
0.0050 0.7250 1.0000 11.0000
0.0150 0.7250 1.0000 11.0000
0.0250 0.7250 1.0000 11.0000
0.0350 0.7250 1.0000 11.0000
0.0450 0.7250 1.0000 11.0000
0.0550 0.7250 1.0000 11.0000
0.0650 0.7250 1.0000 11.0000
0.0750 0.7250 1.0000 11.0000
0.0850 0.7250 1.0000 11.0000
0.0950 0.7250 1.0000 11.0000
0.1050 0.7250 1.0000 11.0000
0.1150 0.7250 1.0000 11.0000
0.1250 0.7250 1.0000 11.0000
0.1350 0.7250 1.0000 11.0000
0.1450 0.7250 1.0000 11.0000
0.1550 0.7250 1.0000 11.0000
0.1650 0.7250 1.0000 11.0000
0.1750 0.7250 1.0000 11.0000
0.1850 0.7250 1.0000 11.0000
0.1950 0.7250 1.0000 11.0000
0.2050 0.7250 1.0000 11.0000
0.2150 0.7250 1.0000 11.0000
0.2250 0.7250 1.0000 11.0000
0.2350 0.7250 1.0000 11.0000
0.2450 0.7250 1.0000 11.0000
0.2550 0.7250 1.0000 11.0000
0.2650 0.7250 1.0000 11.0000
0.2750 0.7250 1.0000 11.0000
0.2850 0.7250 1.0000 11.0000
0.2950 0.7250 1.0000 11.0000
0.3050 0.7250 1.0000 11.0000
0.3150 0.7250 1.0000 11.0000
0.3250 0.7250 1.0000 11.0000
0.3350 0.7250 1.0000 11.0000
0.3450 0.7250 1.0000 11.0000
0.3550 0.7250 1.0000 11.0000
0.3650 0.7250 1.0000 11.0000
0.3750 0.7250 1.0000 11.0000
0.3850 0.7250 1.0000 11.0000
0.3950 0.7250 1.0000 11.0000
0.4050 0.7250 1.0000 11.0000
0.4150 0.7250 1.0000 11.0000
0.4250 0.7250 1.0000 11.0000
0.4350 0.7250 1.0000 11.0000
0.4450 0.7250 1.0000 11.0000
0.4550 0.7250 1.0000 11.0000
0.4650 0.7250 1.0000 11.0000
0.4750 0.7250 1.0000 11.0000
0.4850 0.7250 1.0000 11.0000
0.4950 0.7250 1.0000 11.0000
0.5050 0.7250 1.0000 11.0000
0.5150 0.7250 1.0000 11.0000
0.5250 0.7250 1.0000 11.0000
0.5350 0.7250 1.0000 11.0000
0.5450 0.7250 1.0000 11.0000
0.5550 0.7250 1.0000 11.0000
0.5650 0.7250 1.0000 11.0000
0.5750 0.7250 1.0000 11.0000
0.5850 0.7250 1.0000 11.0000
0.5950 0.7250 1.0000 11.0000
0.6050 0.7250 1.0000 11.0000
0.6150 0.7250 1.0000 11.0000
0.6250 0.7250 1.0000 11.0000
0.6350 0.7250 1.0000 11.0000
0.6450 0.7250 1.0000 11.0000
0.6550 0.7250 1.0000 11.0000
0.6650 0.7250 1.0000 11.0000
0.6750 0.7250 1.0000 11.0000
0.6850 0.7250 1.0000 11.0000
0.6950 0.7250 1.0000 11.0000
0.7050 0.7250 1.0000 11.0000
0.7150 0.7250 1.0000 11.0000
0.7250 0.7250 1.0000 11.0000
0.7350 0.7250 1.0000 11.0000
0.7450 0.7250 1.0000 11.0000
0.7550 0.7250 1.0000 11.0000
0.7650 0.7250 1.0000 11.0000
0.7750 0.7250 1.0000 11.0000
0.7850 0.7250 1.0000 11.0000
0.7950 0.7250 1.0000 11.0000
0.8050 0.7250 1.0000 11.0000
0.8150 0.7250 1.0000 11.0000
0.8250 0.7250 1.0000 11.0000
0.8350 0.7250 1.0000 11.0000
0.8450 0.7250 1.0000 11.0000
0.8550 0.7250 1.0000 11.0000
0.8650 0.7250 1.0000 11.0000
0.8750 0.7250 1.0000 11.0000
0.8850 0.7250 1.0000 11.0000
0.8950 0.7250 1.0000 11.0000
0.9050 0.7250 1.0000 11.0000
0.9150 0.7250 1.0000 11.0000
0.9250 0.7250 1.0000 11.0000
0.9350 0.7250 1.0000 11.0000
0.9450 0.7250 1.0000 11.0000
0.9550 0.7250 1.0000 11.0000
0.9650 0.7250 1.0000 11.0000
0.9750 0.7250 1.0000 11.0000
0.9850 0.7250 1.0000 11.0000
0.9950 0.7250 1.0000 11.0000
0.0050 0.7350 1.0000 11.0000
0.0150 0.7350 1.0000 11.0000
0.0250 0.7350 1.0000 11.0000
0.0350 0.7350 1.0000 11.0000
0.0450 0.7350 1.0000 11.0000
0.0550 0.7350 1.0000 11.0000
0.0650 0.7350 1.0000 11.0000
0.0750 0.7350 1.0000 11.0000
0.0850 0.7350 1.0000 11.0000
0.0950 0.7350 1.0000 11.0000
0.1050 0.7350 1.0000 11.0000
0.1150 0.7350 1.0000 11.0000
0.1250 0.7350 1.0000 11.0000
0.1350 0.7350 1.0000 11.0000
0.1450 0.7350 1.0000 11.0000
0.1550 0.7350 1.0000 11.0000
0.1650 0.7350 1.0000 11.0000
0.1750 0.7350 1.0000 11.0000
0.1850 0.7350 1.0000 11.0000
0.1950 0.7350 1.0000 11.0000
0.2050 0.7350 1.0000 11.0000
0.2150 0.7350 1.0000 11.0000
0.2250 0.7350 1.0000 11.0000
0.2350 0.7350 1.0000 11.0000
0.2450 0.7350 1.0000 11.0000
0.2550 0.7350 1.0000 11.0000
0.2650 0.7350 1.0000 11.0000
0.2750 0.7350 1.0000 11.0000
0.2850 0.7350 1.0000 11.0000
0.2950 0.7350 1.0000 11.0000
0.3050 0.7350 1.0000 11.0000
0.3150 0.7350 1.0000 11.0000
0.3250 0.7350 1.0000 11.0000
0.3350 0.7350 1.0000 11.0000
0.3450 0.7350 1.0000 11.0000
0.3550 0.7350 1.0000 11.0000
0.3650 0.7350 1.0000 11.0000
0.3750 0.7350 1.0000 11.0000
0.3850 0.7350 1.0000 11.0000
0.3950 0.7350 1.0000 11.0000
0.4050 0.7350 1.0000 11.0000
0.4150 0.7350 1.0000 11.0000
0.4250 0.7350 1.0000 11.0000
0.4350 0.7350 1.0000 11.0000
0.4450 0.7350 1.0000 11.0000
0.4550 0.7350 1.0000 11.0000
0.4650 0.7350 1.0000 11.0000
0.4750 0.7350 1.0000 11.0000
0.4850 0.7350 1.0000 11.0000
0.4950 0.7350 1.0000 11.0000
0.5050 0.7350 1.0000 11.0000
0.5150 0.7350 1.0000 11.0000
0.5250 0.7350 1.0000 11.0000
0.5350 0.7350 1.0000 11.0000
0.5450 0.7350 1.0000 11.0000
0.5550 0.7350 1.0000 11.0000
0.5650 0.7350 1.0000 11.0000
0.5750 0.7350 1.0000 11.0000
0.5850 0.7350 1.0000 11.0000
0.5950 0.7350 1.0000 11.0000
0.6050 0.7350 1.0000 11.0000
0.6150 0.7350 1.0000 11.0000
0.6250 0.7350 1.0000 11.0000
0.6350 0.7350 1.0000 11.0000
0.6450 0.7350 1.0000 11.0000
0.6550 0.7350 1.0000 11.0000
0.6650 0.7350 1.0000 11.0000
0.6750 0.7350 1.0000 11.0000
0.6850 0.7350 1.0000 11.0000
0.6950 0.7350 1.0000 11.0000
0.7050 0.7350 1.0000 11.0000
0.7150 0.7350 1.0000 11.0000
0.7250 0.7350 1.0000 11.0000
0.7350 0.7350 1.0000 11.0000
0.7450 0.7350 1.0000 11.0000
0.7550 0.7350 1.0000 11.0000
0.7650 0.7350 1.0000 11.0000
0.7750 0.7350 1.0000 11.0000
0.7850 0.7350 1.0000 11.0000
0.7950 0.7350 1.0000 11.0000
0.8050 0.7350 1.0000 11.0000
0.8150 0.7350 1.0000 11.0000
0.8250 0.7350 1.0000 11.0000
0.8350 0.7350 1.0000 11.0000
0.8450 0.7350 1.0000 11.0000
0.8550 0.7350 1.0000 11.0000
0.8650 0.7350 1.0000 11.0000
0.8750 0.7350 1.0000 11.0000
0.8850 0.7350 1.0000 11.0000
0.8950 0.7350 1.0000 11.0000
0.9050 0.7350 1.0000 11.0000
0.9150 0.7350 1.0000 11.0000
0.9250 0.7350 1.0000 11.0000
0.9350 0.7350 1.0000 11.0000
0.9450 0.7350 1.0000 11.0000
0.9550 0.7350 1.0000 11.0000
0.9650 0.7350 1.0000 11.0000
0.9750 0.7350 1.0000 11.0000
0.9850 0.7350 1.0000 11.0000
0.9950 0.7350 1.0000 11.0000
0.0050 0.7450 1.0000 11.0000
0.0150 0.7450 1.0000 11.0000
0.0250 0.7450 1.0000 11.0000
0.0350 0.7450 1.0000 11.0000
0.0450 0.7450 1.0000 11.0000
0.0550 0.7450 1.0000 11.0000
0.0650 0.7450 1.0000 11.0000
0.0750 0.7450 1.0000 11.0000
0.0850 0.7450 1.0000 11.0000
0.0950 0.7450 1.0000 11.0000
0.1050 0.7450 1.0000 11.0000
0.1150 0.7450 1.0000 11.0000
0.1250 0.7450 1.0000 11.0000
0.1350 0.7450 1.0000 11.0000
0.1450 0.7450 1.0000 11.0000
0.1550 0.7450 1.0000 11.0000
0.1650 0.7450 1.0000 11.0000
0.1750 0.7450 1.0000 11.0000
0.1850 0.7450 1.0000 11.0000
0.1950 0.7450 1.0000 11.0000
0.2050 0.7450 1.0000 11.0000
0.2150 0.7450 1.0000 11.0000
0.2250 0.7450 1.0000 11.0000
0.2350 0.7450 1.0000 11.0000
0.2450 0.7450 1.0000 11.0000
0.2550 0.7450 1.0000 11.0000
0.2650 0.7450 1.0000 11.0000
0.2750 0.7450 1.0000 11.0000
0.2850 0.7450 1.0000 11.0000
0.2950 0.7450 1.0000 11.0000
0.3050 0.7450 1.0000 11.0000
0.3150 0.7450 1.0000 11.0000
0.3250 0.7450 1.0000 11.0000
0.3350 0.7450 1.0000 11.0000
0.3450 0.7450 1.0000 11.0000
0.3550 0.7450 1.0000 11.0000
0.3650 0.7450 1.0000 11.0000
0.3750 0.7450 1.0000 11.0000
0.3850 0.7450 1.0000 11.0000
0.3950 0.7450 1.0000 11.0000
0.4050 0.7450 1.0000 11.0000
0.4150 0.7450 1.0000 11.0000
0.4250 0.7450 1.0000 11.0000
0.4350 0.7450 1.0000 11.0000
0.4450 0.7450 1.0000 11.0000
0.4550 0.7450 1.0000 11.0000
0.4650 0.7450 1.0000 11.0000
0.4750 0.7450 1.0000 11.0000
0.4850 0.7450 1.0000 11.0000
0.4950 0.7450 1.0000 11.0000
0.5050 0.7450 1.0000 11.0000
0.5150 0.7450 1.0000 11.0000
0.5250 0.7450 1.0000 11.0000
0.5350 0.7450 1.0000 11.0000
0.5450 0.7450 1.0000 11.0000
0.5550 0.7450 1.0000 11.0000
0.5650 0.7450 1.0000 11.0000
0.5750 0.7450 1.0000 11.0000
0.5850 0.7450 1.0000 11.0000
0.5950 0.7450 1.0000 11.0000
0.6050 0.7450 1.0000 11.0000
0.6150 0.7450 1.0000 11.0000
0.6250 0.7450 1.0000 11.0000
0.6350 0.7450 1.0000 11.0000
0.6450 0.7450 1.0000 11.0000
0.6550 0.7450 1.0000 11.0000
0.6650 0.7450 1.0000 11.0000
0.6750 0.7450 1.0000 11.0000
0.6850 0.7450 1.0000 11.0000
0.6950 0.7450 1.0000 11.0000
0.7050 0.7450 1.0000 11.0000
0.7150 0.7450 1.0000 11.0000
0.7250 0.7450 1.0000 11.0000
0.7350 0.7450 1.0000 11.0000
0.7450 0.7450 1.0000 11.0000
0.7550 0.7450 1.0000 11.0000
0.7650 0.7450 1.0000 11.0000
0.7750 0.7450 1.0000 11.0000
0.7850 0.7450 1.0000 11.0000
0.7950 0.7450 1.0000 11.0000
0.8050 0.7450 1.0000 11.0000
0.8150 0.7450 1.0000 11.0000
0.8250 0.7450 1.0000 11.0000
0.8350 0.7450 1.0000 11.0000
0.8450 0.7450 1.0000 11.0000
0.8550 0.7450 1.0000 11.0000
0.8650 0.7450 1.0000 11.0000
0.8750 0.7450 1.0000 11.0000
0.8850 0.7450 1.0000 11.0000
0.8950 0.7450 1.0000 11.0000
0.9050 0.7450 1.0000 11.0000
0.9150 0.7450 1.0000 11.0000
0.9250 0.7450 1.0000 11.0000
0.9350 0.7450 1.0000 11.0000
0.9450 0.7450 1.0000 11.0000
0.9550 0.7450 1.0000 11.0000
0.9650 0.7450 1.0000 11.0000
0.9750 0.7450 1.0000 11.0000
0.9850 0.7450 1.0000 11.0000
0.9950 0.7450 1.0000 11.0000
0.0050 0.7550 1.0000 11.0000
0.0150 0.7550 1.0000 11.0000
0.0250 0.7550 1.0000 11.0000
0.0350 0.7550 1.0000 11.0000
0.0450 0.7550 1.0000 11.0000
0.0550 0.7550 1.0000 11.0000
0.0650 0.7550 1.0000 11.0000
0.0750 0.7550 1.0000 11.0000
0.0850 0.7550 1.0000 11.0000
0.0950 0.7550 1.0000 11.0000
0.1050 0.7550 1.0000 11.0000
0.1150 0.7550 1.0000 11.0000
0.1250 0.7550 1.0000 11.0000
0.1350 0.7550 1.0000 11.0000
0.1450 0.7550 1.0000 11.0000
0.1550 0.7550 1.0000 11.0000
0.1650 0.7550 1.0000 11.0000
0.1750 0.7550 1.0000 11.0000
0.1850 0.7550 1.0000 11.0000
0.1950 0.7550 1.0000 11.0000
0.2050 0.7550 1.0000 11.0000
0.2150 0.7550 1.0000 11.0000
0.2250 0.7550 1.0000 11.0000
0.2350 0.7550 1.0000 11.0000
0.2450 0.7550 1.0000 11.0000
0.2550 0.7550 1.0000 11.0000
0.2650 0.7550 1.0000 11.0000
0.2750 0.7550 1.0000 11.0000
0.2850 0.7550 1.0000 11.0000
0.2950 0.7550 1.0000 11.0000
0.3050 0.7550 1.0000 11.0000
0.3150 0.7550 1.0000 11.0000
0.3250 0.7550 1.0000 11.0000
0.3350 0.7550 1.0000 11.0000
0.3450 0.7550 1.0000 11.0000
0.3550 0.7550 1.0000 11.0000
0.3650 0.7550 1.0000 11.0000
0.3750 0.7550 1.0000 11.0000
0.3850 0.7550 1.0000 11.0000
0.3950 0.7550 1.0000 11.0000
0.4050 0.7550 1.0000 11.0000
0.4150 0.7550 1.0000 11.0000
0.4250 0.7550 1.0000 11.0000
0.4350 0.7550 1.0000 11.0000
0.4450 0.7550 1.0000 11.0000
0.4550 0.7550 1.0000 11.0000
0.4650 0.7550 1.0000 11.0000
0.4750 0.7550 1.0000 11.0000
0.4850 0.7550 1.0000 11.0000
0.4950 0.7550 1.0000 11.0000
0.5050 0.7550 1.0000 11.0000
0.5150 0.7550 1.0000 11.0000
0.5250 0.7550 1.0000 11.0000
0.5350 0.7550 1.0000 11.0000
0.5450 0.7550 1.0000 11.0000
0.5550 0.7550 1.0000 11.0000
0.5650 0.7550 1.0000 11.0000
0.5750 0.7550 1.0000 11.0000
0.5850 0.7550 1.0000 11.0000
0.5950 0.7550 1.0000 11.0000
0.6050 0.7550 1.0000 11.0000
0.6150 0.7550 1.0000 11.0000
0.6250 0.7550 1.0000 11.0000
0.6350 0.7550 1.0000 11.0000
0.6450 0.7550 1.0000 11.0000
0.6550 0.7550 1.0000 11.0000
0.6650 0.7550 1.0000 11.0000
0.6750 0.7550 1.0000 11.0000
0.6850 0.7550 1.0000 11.0000
0.6950 0.7550 1.0000 11.0000
0.7050 0.7550 1.0000 11.0000
0.7150 0.7550 1.0000 11.0000
0.7250 0.7550 1.0000 11.0000
0.7350 0.7550 1.0000 11.0000
0.7450 0.7550 1.0000 11.0000
0.7550 0.7550 1.0000 11.0000
0.7650 0.7550 1.0000 11.0000
0.7750 0.7550 1.0000 11.0000
0.7850 0.7550 1.0000 11.0000
0.7950 0.7550 1.0000 11.0000
0.8050 0.7550 1.0000 11.0000
0.8150 0.7550 1.0000 11.0000
0.8250 0.7550 1.0000 11.0000
0.8350 0.7550 1.0000 11.0000
0.8450 0.7550 1.0000 11.0000
0.8550 0.7550 1.0000 11.0000
0.8650 0.7550 1.0000 11.0000
0.8750 0.7550 1.0000 11.0000
0.8850 0.7550 1.0000 11.0000
0.8950 0.7550 1.0000 11.0000
0.9050 0.7550 1.0000 11.0000
0.9150 0.7550 1.0000 11.0000
0.9250 0.7550 1.0000 11.0000
0.9350 0.7550 1.0000 11.0000
0.9450 0.7550 1.0000 11.0000
0.9550 0.7550 1.0000 11.0000
0.9650 0.7550 1.0000 11.0000
0.9750 0.7550 1.0000 11.0000
0.9850 0.7550 1.0000 11.0000
0.9950 0.7550 1.0000 11.0000
0.0050 0.7650 1.0000 11.0000
0.0150 0.7650 1.0000 11.0000
0.0250 0.7650 1.0000 11.0000
0.0350 0.7650 1.0000 11.0000
0.0450 0.7650 1.0000 11.0000
0.0550 0.7650 1.0000 11.0000
0.0650 0.7650 1.0000 11.0000
0.0750 0.7650 1.0000 11.0000
0.0850 0.7650 1.0000 11.0000
0.0950 0.7650 1.0000 11.0000
0.1050 0.7650 1.0000 11.0000
0.1150 0.7650 1.0000 11.0000
0.1250 0.7650 1.0000 11.0000
0.1350 0.7650 1.0000 11.0000
0.1450 0.7650 1.0000 11.0000
0.1550 0.7650 1.0000 11.0000
0.1650 0.7650 1.0000 11.0000
0.1750 0.7650 1.0000 11.0000
0.1850 0.7650 1.0000 11.0000
0.1950 0.7650 1.0000 11.0000
0.2050 0.7650 1.0000 11.0000
0.2150 0.7650 1.0000 11.0000
0.2250 0.7650 1.0000 11.0000
0.2350 0.7650 1.0000 11.0000
0.2450 0.7650 1.0000 11.0000
0.2550 0.7650 1.0000 11.0000
0.2650 0.7650 1.0000 11.0000
0.2750 0.7650 1.0000 11.0000
0.2850 0.7650 1.0000 11.0000
0.2950 0.7650 1.0000 11.0000
0.3050 0.7650 1.0000 11.0000
0.3150 0.7650 1.0000 11.0000
0.3250 0.7650 1.0000 11.0000
0.3350 0.7650 1.0000 11.0000
0.3450 0.7650 1.0000 11.0000
0.3550 0.7650 1.0000 11.0000
0.3650 0.7650 1.0000 11.0000
0.3750 0.7650 1.0000 11.0000
0.3850 0.7650 1.0000 11.0000
0.3950 0.7650 1.0000 11.0000
0.4050 0.7650 1.0000 11.0000
0.4150 0.7650 1.0000 11.0000
0.4250 0.7650 1.0000 11.0000
0.4350 0.7650 1.0000 11.0000
0.4450 0.7650 1.0000 11.0000
0.4550 0.7650 1.0000 11.0000
0.4650 0.7650 1.0000 11.0000
0.4750 0.7650 1.0000 11.0000
0.4850 0.7650 1.0000 11.0000
0.4950 0.7650 1.0000 11.0000
0.5050 0.7650 1.0000 11.0000
0.5150 0.7650 1.0000 11.0000
0.5250 0.7650 1.0000 11.0000
0.5350 0.7650 1.0000 11.0000
0.5450 0.7650 1.0000 11.0000
0.5550 0.7650 1.0000 11.0000
0.5650 0.7650 1.0000 11.0000
0.5750 0.7650 1.0000 11.0000
0.5850 0.7650 1.0000 11.0000
0.5950 0.7650 1.0000 11.0000
0.6050 0.7650 1.0000 11.0000
0.6150 0.7650 1.0000 11.0000
0.6250 0.7650 1.0000 11.0000
0.6350 0.7650 1.0000 11.0000
0.6450 0.7650 1.0000 11.0000
0.6550 0.7650 1.0000 11.0000
0.6650 0.7650 1.0000 11.0000
0.6750 0.7650 1.0000 11.0000
0.6850 0.7650 1.0000 11.0000
0.6950 0.7650 1.0000 11.0000
0.7050 0.7650 1.0000 11.0000
0.7150 0.7650 1.0000 11.0000
0.7250 0.7650 1.0000 11.0000
0.7350 0.7650 1.0000 11.0000
0.7450 0.7650 1.0000 11.0000
0.7550 0.7650 1.0000 11.0000
0.7650 0.7650 1.0000 11.0000
0.7750 0.7650 1.0000 11.0000
0.7850 0.7650 1.0000 11.0000
0.7950 0.7650 1.0000 11.0000
0.8050 0.7650 1.0000 11.0000
0.8150 0.7650 1.0000 11.0000
0.8250 0.7650 1.0000 11.0000
0.8350 0.7650 1.0000 11.0000
0.8450 0.7650 1.0000 11.0000
0.8550 0.7650 1.0000 11.0000
0.8650 0.7650 1.0000 11.0000
0.8750 0.7650 1.0000 11.0000
0.8850 0.7650 1.0000 11.0000
0.8950 0.7650 1.0000 11.0000
0.9050 0.7650 1.0000 11.0000
0.9150 0.7650 1.0000 11.0000
0.9250 0.7650 1.0000 11.0000
0.9350 0.7650 1.0000 11.0000
0.9450 0.7650 1.0000 11.0000
0.9550 0.7650 1.0000 11.0000
0.9650 0.7650 1.0000 11.0000
0.9750 0.7650 1.0000 11.0000
0.9850 0.7650 1.0000 11.0000
0.9950 0.7650 1.0000 11.0000
0.0050 0.7750 1.0000 11.0000
0.0150 0.7750 1.0000 11.0000
0.0250 0.7750 1.0000 11.0000
0.0350 0.7750 1.0000 11.0000
0.0450 0.7750 1.0000 11.0000
0.0550 0.7750 1.0000 11.0000
0.0650 0.7750 1.0000 11.0000
0.0750 0.7750 1.0000 11.0000
0.0850 0.7750 1.0000 11.0000
0.0950 0.7750 1.0000 11.0000
0.1050 0.7750 1.0000 11.0000
0.1150 0.7750 1.0000 11.0000
0.1250 0.7750 1.0000 11.0000
0.1350 0.7750 1.0000 11.0000
0.1450 0.7750 1.0000 11.0000
0.1550 0.7750 1.0000 11.0000
0.1650 0.7750 1.0000 11.0000
0.1750 0.7750 1.0000 11.0000
0.1850 0.7750 1.0000 11.0000
0.1950 0.7750 1.0000 11.0000
0.2050 0.7750 1.0000 11.0000
0.2150 0.7750 1.0000 11.0000
0.2250 0.7750 1.0000 11.0000
0.2350 0.7750 1.0000 11.0000
0.2450 0.7750 1.0000 11.0000
0.2550 0.7750 1.0000 11.0000
0.2650 0.7750 1.0000 11.0000
0.2750 0.7750 1.0000 11.0000
0.2850 0.7750 1.0000 11.0000
0.2950 0.7750 1.0000 11.0000
0.3050 0.7750 1.0000 11.0000
0.3150 0.7750 1.0000 11.0000
0.3250 0.7750 1.0000 11.0000
0.3350 0.7750 1.0000 11.0000
0.3450 0.7750 1.0000 11.0000
0.3550 0.7750 1.0000 11.0000
0.3650 0.7750 1.0000 11.0000
0.3750 0.7750 1.0000 11.0000
0.3850 0.7750 1.0000 11.0000
0.3950 0.7750 1.0000 11.0000
0.4050 0.7750 1.0000 11.0000
0.4150 0.7750 1.0000 11.0000
0.4250 0.7750 1.0000 11.0000
0.4350 0.7750 1.0000 11.0000
0.4450 0.7750 1.0000 11.0000
0.4550 0.7750 1.0000 11.0000
0.4650 0.7750 1.0000 11.0000
0.4750 0.7750 1.0000 11.0000
0.4850 0.7750 1.0000 11.0000
0.4950 0.7750 1.0000 11.0000
0.5050 0.7750 1.0000 11.0000
0.5150 0.7750 1.0000 11.0000
0.5250 0.7750 1.0000 11.0000
0.5350 0.7750 1.0000 11.0000
0.5450 0.7750 1.0000 11.0000
0.5550 0.7750 1.0000 11.0000
0.5650 0.7750 1.0000 11.0000
0.5750 0.7750 1.0000 11.0000
0.5850 0.7750 1.0000 11.0000
0.5950 0.7750 1.0000 11.0000
0.6050 0.7750 1.0000 11.0000
0.6150 0.7750 1.0000 11.0000
0.6250 0.7750 1.0000 11.0000
0.6350 0.7750 1.0000 11.0000
0.6450 0.7750 1.0000 11.0000
0.6550 0.7750 1.0000 11.0000
0.6650 0.7750 1.0000 11.0000
0.6750 0.7750 1.0000 11.0000
0.6850 0.7750 1.0000 11.0000
0.6950 0.7750 1.0000 11.0000
0.7050 0.7750 1.0000 11.0000
0.7150 0.7750 1.0000 11.0000
0.7250 0.7750 1.0000 11.0000
0.7350 0.7750 1.0000 11.0000
0.7450 0.7750 1.0000 11.0000
0.7550 0.7750 1.0000 11.0000
0.7650 0.7750 1.0000 11.0000
0.7750 0.7750 1.0000 11.0000
0.7850 0.7750 1.0000 11.0000
0.7950 0.7750 1.0000 11.0000
0.8050 0.7750 1.0000 11.0000
0.8150 0.7750 1.0000 11.0000
0.8250 0.7750 1.0000 11.0000
0.8350 0.7750 1.0000 11.0000
0.8450 0.7750 1.0000 11.0000
0.8550 0.7750 1.0000 11.0000
0.8650 0.7750 1.0000 11.0000
0.8750 0.7750 1.0000 11.0000
0.8850 0.7750 1.0000 11.0000
0.8950 0.7750 1.0000 11.0000
0.9050 0.7750 1.0000 11.0000
0.9150 0.7750 1.0000 11.0000
0.9250 0.7750 1.0000 11.0000
0.9350 0.7750 1.0000 11.0000
0.9450 0.7750 1.0000 11.0000
0.9550 0.7750 1.0000 11.0000
0.9650 0.7750 1.0000 11.0000
0.9750 0.7750 1.0000 11.0000
0.9850 0.7750 1.0000 11.0000
0.9950 0.7750 1.0000 11.0000
0.0050 0.7850 1.0000 11.0000
0.0150 0.7850 1.0000 11.0000
0.0250 0.7850 1.0000 11.0000
0.0350 0.7850 1.0000 11.0000
0.0450 0.7850 1.0000 11.0000
0.0550 0.7850 1.0000 11.0000
0.0650 0.7850 1.0000 11.0000
0.0750 0.7850 1.0000 11.0000
0.0850 0.7850 1.0000 11.0000
0.0950 0.7850 1.0000 11.0000
0.1050 0.7850 1.0000 11.0000
0.1150 0.7850 1.0000 11.0000
0.1250 0.7850 1.0000 11.0000
0.1350 0.7850 1.0000 11.0000
0.1450 0.7850 1.0000 11.0000
0.1550 0.7850 1.0000 11.0000
0.1650 0.7850 1.0000 11.0000
0.1750 0.7850 1.0000 11.0000
0.1850 0.7850 1.0000 11.0000
0.1950 0.7850 1.0000 11.0000
0.2050 0.7850 1.0000 11.0000
0.2150 0.7850 1.0000 11.0000
0.2250 0.7850 1.0000 11.0000
0.2350 0.7850 1.0000 11.0000
0.2450 0.7850 1.0000 11.0000
0.2550 0.7850 1.0000 11.0000
0.2650 0.7850 1.0000 11.0000
0.2750 0.7850 1.0000 11.0000
0.2850 0.7850 1.0000 11.0000
0.2950 0.7850 1.0000 11.0000
0.3050 0.7850 1.0000 11.0000
0.3150 0.7850 1.0000 11.0000
0.3250 0.7850 1.0000 11.0000
0.3350 0.7850 1.0000 11.0000
0.3450 0.7850 1.0000 11.0000
0.3550 0.7850 1.0000 11.0000
0.3650 0.7850 1.0000 11.0000
0.3750 0.7850 1.0000 11.0000
0.3850 0.7850 1.0000 11.0000
0.3950 0.7850 1.0000 11.0000
0.4050 0.7850 1.0000 11.0000
0.4150 0.7850 1.0000 11.0000
0.4250 0.7850 1.0000 11.0000
0.4350 0.7850 1.0000 11.0000
0.4450 0.7850 1.0000 11.0000
0.4550 0.7850 1.0000 11.0000
0.4650 0.7850 1.0000 11.0000
0.4750 0.7850 1.0000 11.0000
0.4850 0.7850 1.0000 11.0000
0.4950 0.7850 1.0000 11.0000
0.5050 0.7850 1.0000 11.0000
0.5150 0.7850 1.0000 11.0000
0.5250 0.7850 1.0000 11.0000
0.5350 0.7850 1.0000 11.0000
0.5450 0.7850 1.0000 11.0000
0.5550 0.7850 1.0000 11.0000
0.5650 0.7850 1.0000 11.0000
0.5750 0.7850 1.0000 11.0000
0.5850 0.7850 1.0000 11.0000
0.5950 0.7850 1.0000 11.0000
0.6050 0.7850 1.0000 11.0000
0.6150 0.7850 1.0000 11.0000
0.6250 0.7850 1.0000 11.0000
0.6350 0.7850 1.0000 11.0000
0.6450 0.7850 1.0000 11.0000
0.6550 0.7850 1.0000 11.0000
0.6650 0.7850 1.0000 11.0000
0.6750 0.7850 1.0000 11.0000
0.6850 0.7850 1.0000 11.0000
0.6950 0.7850 1.0000 11.0000
0.7050 0.7850 1.0000 11.0000
0.7150 0.7850 1.0000 11.0000
0.7250 0.7850 1.0000 11.0000
0.7350 0.7850 1.0000 11.0000
0.7450 0.7850 1.0000 11.0000
0.7550 0.7850 1.0000 11.0000
0.7650 0.7850 1.0000 11.0000
0.7750 0.7850 1.0000 11.0000
0.7850 0.7850 1.0000 11.0000
0.7950 0.7850 1.0000 11.0000
0.8050 0.7850 1.0000 11.0000
0.8150 0.7850 1.0000 11.0000
0.8250 0.7850 1.0000 11.0000
0.8350 0.7850 1.0000 11.0000
0.8450 0.7850 1.0000 11.0000
0.8550 0.7850 1.0000 11.0000
0.8650 0.7850 1.0000 11.0000
0.8750 0.7850 1.0000 11.0000
0.8850 0.7850 1.0000 11.0000
0.8950 0.7850 1.0000 11.0000
0.9050 0.7850 1.0000 11.0000
0.9150 0.7850 1.0000 11.0000
0.9250 0.7850 1.0000 11.0000
0.9350 0.7850 1.0000 11.0000
0.9450 0.7850 1.0000 11.0000
0.9550 0.7850 1.0000 11.0000
0.9650 0.7850 1.0000 11.0000
0.9750 0.7850 1.0000 11.0000
0.9850 0.7850 1.0000 11.0000
0.9950 0.7850 1.0000 11.0000
0.0050 0.7950 1.0000 11.0000
0.0150 0.7950 1.0000 11.0000
0.0250 0.7950 1.0000 11.0000
0.0350 0.7950 1.0000 11.0000
0.0450 0.7950 1.0000 11.0000
0.0550 0.7950 1.0000 11.0000
0.0650 0.7950 1.0000 11.0000
0.0750 0.7950 1.0000 11.0000
0.0850 0.7950 1.0000 11.0000
0.0950 0.7950 1.0000 11.0000
0.1050 0.7950 1.0000 11.0000
0.1150 0.7950 1.0000 11.0000
0.1250 0.7950 1.0000 11.0000
0.1350 0.7950 1.0000 11.0000
0.1450 0.7950 1.0000 11.0000
0.1550 0.7950 1.0000 11.0000
0.1650 0.7950 1.0000 11.0000
0.1750 0.7950 1.0000 11.0000
0.1850 0.7950 1.0000 11.0000
0.1950 0.7950 1.0000 11.0000
0.2050 0.7950 1.0000 11.0000
0.2150 0.7950 1.0000 11.0000
0.2250 0.7950 1.0000 11.0000
0.2350 0.7950 1.0000 11.0000
0.2450 0.7950 1.0000 11.0000
0.2550 0.7950 1.0000 11.0000
0.2650 0.7950 1.0000 11.0000
0.2750 0.7950 1.0000 11.0000
0.2850 0.7950 1.0000 11.0000
0.2950 0.7950 1.0000 11.0000
0.3050 0.7950 1.0000 11.0000
0.3150 0.7950 1.0000 11.0000
0.3250 0.7950 1.0000 11.0000
0.3350 0.7950 1.0000 11.0000
0.3450 0.7950 1.0000 11.0000
0.3550 0.7950 1.0000 11.0000
0.3650 0.7950 1.0000 11.0000
0.3750 0.7950 1.0000 11.0000
0.3850 0.7950 1.0000 11.0000
0.3950 0.7950 1.0000 11.0000
0.4050 0.7950 1.0000 11.0000
0.4150 0.7950 1.0000 11.0000
0.4250 0.7950 1.0000 11.0000
0.4350 0.7950 1.0000 11.0000
0.4450 0.7950 1.0000 11.0000
0.4550 0.7950 1.0000 11.0000
0.4650 0.7950 1.0000 11.0000
0.4750 0.7950 1.0000 11.0000
0.4850 0.7950 1.0000 11.0000
0.4950 0.7950 1.0000 11.0000
0.5050 0.7950 1.0000 11.0000
0.5150 0.7950 1.0000 11.0000
0.5250 0.7950 1.0000 11.0000
0.5350 0.7950 1.0000 11.0000
0.5450 0.7950 1.0000 11.0000
0.5550 0.7950 1.0000 11.0000
0.5650 0.7950 1.0000 11.0000
0.5750 0.7950 1.0000 11.0000
0.5850 0.7950 1.0000 11.0000
0.5950 0.7950 1.0000 11.0000
0.6050 0.7950 1.0000 11.0000
0.6150 0.7950 1.0000 11.0000
0.6250 0.7950 1.0000 11.0000
0.6350 0.7950 1.0000 11.0000
0.6450 0.7950 1.0000 11.0000
0.6550 0.7950 1.0000 11.0000
0.6650 0.7950 1.0000 11.0000
0.6750 0.7950 1.0000 11.0000
0.6850 0.7950 1.0000 11.0000
0.6950 0.7950 1.0000 11.0000
0.7050 0.7950 1.0000 11.0000
0.7150 0.7950 1.0000 11.0000
0.7250 0.7950 1.0000 11.0000
0.7350 0.7950 1.0000 11.0000
0.7450 0.7950 1.0000 11.0000
0.7550 0.7950 1.0000 11.0000
0.7650 0.7950 1.0000 11.0000
0.7750 0.7950 1.0000 11.0000
0.7850 0.7950 1.0000 11.0000
0.7950 0.7950 1.0000 11.0000
0.8050 0.7950 1.0000 11.0000
0.8150 0.7950 1.0000 11.0000
0.8250 0.7950 1.0000 11.0000
0.8350 0.7950 1.0000 11.0000
0.8450 0.7950 1.0000 11.0000
0.8550 0.7950 1.0000 11.0000
0.8650 0.7950 1.0000 11.0000
0.8750 0.7950 1.0000 11.0000
0.8850 0.7950 1.0000 11.0000
0.8950 0.7950 1.0000 11.0000
0.9050 0.7950 1.0000 11.0000
0.9150 0.7950 1.0000 11.0000
0.9250 0.7950 1.0000 11.0000
0.9350 0.7950 1.0000 11.0000
0.9450 0.7950 1.0000 11.0000
0.9550 0.7950 1.0000 11.0000
0.9650 0.7950 1.0000 11.0000
0.9750 0.7950 1.0000 11.0000
0.9850 0.7950 1.0000 11.0000
0.9950 0.7950 1.0000 11.0000
0.0050 0.8050 1.0000 11.0000
0.0150 0.8050 1.0000 11.0000
0.0250 0.8050 1.0000 11.0000
0.0350 0.8050 1.0000 11.0000
0.0450 0.8050 1.0000 11.0000
0.0550 0.8050 1.0000 11.0000
0.0650 0.8050 1.0000 11.0000
0.0750 0.8050 1.0000 11.0000
0.0850 0.8050 1.0000 11.0000
0.0950 0.8050 1.0000 11.0000
0.1050 0.8050 1.0000 11.0000
0.1150 0.8050 1.0000 11.0000
0.1250 0.8050 1.0000 11.0000
0.1350 0.8050 1.0000 11.0000
0.1450 0.8050 1.0000 11.0000
0.1550 0.8050 1.0000 11.0000
0.1650 0.8050 1.0000 11.0000
0.1750 0.8050 1.0000 11.0000
0.1850 0.8050 1.0000 11.0000
0.1950 0.8050 1.0000 11.0000
0.2050 0.8050 1.0000 11.0000
0.2150 0.8050 1.0000 11.0000
0.2250 0.8050 1.0000 11.0000
0.2350 0.8050 1.0000 11.0000
0.2450 0.8050 1.0000 11.0000
0.2550 0.8050 1.0000 11.0000
0.2650 0.8050 1.0000 11.0000
0.2750 0.8050 1.0000 11.0000
0.2850 0.8050 1.0000 11.0000
0.2950 0.8050 1.0000 11.0000
0.3050 0.8050 1.0000 11.0000
0.3150 0.8050 1.0000 11.0000
0.3250 0.8050 1.0000 11.0000
0.3350 0.8050 1.0000 11.0000
0.3450 0.8050 1.0000 11.0000
0.3550 0.8050 1.0000 11.0000
0.3650 0.8050 1.0000 11.0000
0.3750 0.8050 1.0000 11.0000
0.3850 0.8050 1.0000 11.0000
0.3950 0.8050 1.0000 11.0000
0.4050 0.8050 1.0000 11.0000
0.4150 0.8050 1.0000 11.0000
0.4250 0.8050 1.0000 11.0000
0.4350 0.8050 1.0000 11.0000
0.4450 0.8050 1.0000 11.0000
0.4550 0.8050 1.0000 11.0000
0.4650 0.8050 1.0000 11.0000
0.4750 0.8050 1.0000 11.0000
0.4850 0.8050 1.0000 11.0000
0.4950 0.8050 1.0000 11.0000
0.5050 0.8050 1.0000 11.0000
0.5150 0.8050 1.0000 11.0000
0.5250 0.8050 1.0000 11.0000
0.5350 0.8050 1.0000 11.0000
0.5450 0.8050 1.0000 11.0000
0.5550 0.8050 1.0000 11.0000
0.5650 0.8050 1.0000 11.0000
0.5750 0.8050 1.0000 11.0000
0.5850 0.8050 1.0000 11.0000
0.5950 0.8050 1.0000 11.0000
0.6050 0.8050 1.0000 11.0000
0.6150 0.8050 1.0000 11.0000
0.6250 0.8050 1.0000 11.0000
0.6350 0.8050 1.0000 11.0000
0.6450 0.8050 1.0000 11.0000
0.6550 0.8050 1.0000 11.0000
0.6650 0.8050 1.0000 11.0000
0.6750 0.8050 1.0000 11.0000
0.6850 0.8050 1.0000 11.0000
0.6950 0.8050 1.0000 11.0000
0.7050 0.8050 1.0000 11.0000
0.7150 0.8050 1.0000 11.0000
0.7250 0.8050 1.0000 11.0000
0.7350 0.8050 1.0000 11.0000
0.7450 0.8050 1.0000 11.0000
0.7550 0.8050 1.0000 11.0000
0.7650 0.8050 1.0000 11.0000
0.7750 0.8050 1.0000 11.0000
0.7850 0.8050 1.0000 11.0000
0.7950 0.8050 1.0000 11.0000
0.8050 0.8050 1.0000 11.0000
0.8150 0.8050 1.0000 11.0000
0.8250 0.8050 1.0000 11.0000
0.8350 0.8050 1.0000 11.0000
0.8450 0.8050 1.0000 11.0000
0.8550 0.8050 1.0000 11.0000
0.8650 0.8050 1.0000 11.0000
0.8750 0.8050 1.0000 11.0000
0.8850 0.8050 1.0000 11.0000
0.8950 0.8050 1.0000 11.0000
0.9050 0.8050 1.0000 11.0000
0.9150 0.8050 1.0000 11.0000
0.9250 0.8050 1.0000 11.0000
0.9350 0.8050 1.0000 11.0000
0.9450 0.8050 1.0000 11.0000
0.9550 0.8050 1.0000 11.0000
0.9650 0.8050 1.0000 11.0000
0.9750 0.8050 1.0000 11.0000
0.9850 0.8050 1.0000 11.0000
0.9950 0.8050 1.0000 11.0000
0.0050 0.8150 1.0000 11.0000
0.0150 0.8150 1.0000 11.0000
0.0250 0.8150 1.0000 11.0000
0.0350 0.8150 1.0000 11.0000
0.0450 0.8150 1.0000 11.0000
0.0550 0.8150 1.0000 11.0000
0.0650 0.8150 1.0000 11.0000
0.0750 0.8150 1.0000 11.0000
0.0850 0.8150 1.0000 11.0000
0.0950 0.8150 1.0000 11.0000
0.1050 0.8150 1.0000 11.0000
0.1150 0.8150 1.0000 11.0000
0.1250 0.8150 1.0000 11.0000
0.1350 0.8150 1.0000 11.0000
0.1450 0.8150 1.0000 11.0000
0.1550 0.8150 1.0000 11.0000
0.1650 0.8150 1.0000 11.0000
0.1750 0.8150 1.0000 11.0000
0.1850 0.8150 1.0000 11.0000
0.1950 0.8150 1.0000 11.0000
0.2050 0.8150 1.0000 11.0000
0.2150 0.8150 1.0000 11.0000
0.2250 0.8150 1.0000 11.0000
0.2350 0.8150 1.0000 11.0000
0.2450 0.8150 1.0000 11.0000
0.2550 0.8150 1.0000 11.0000
0.2650 0.8150 1.0000 11.0000
0.2750 0.8150 1.0000 11.0000
0.2850 0.8150 1.0000 11.0000
0.2950 0.8150 1.0000 11.0000
0.3050 0.8150 1.0000 11.0000
0.3150 0.8150 1.0000 11.0000
0.3250 0.8150 1.0000 11.0000
0.3350 0.8150 1.0000 11.0000
0.3450 0.8150 1.0000 11.0000
0.3550 0.8150 1.0000 11.0000
0.3650 0.8150 1.0000 11.0000
0.3750 0.8150 1.0000 11.0000
0.3850 0.8150 1.0000 11.0000
0.3950 0.8150 1.0000 11.0000
0.4050 0.8150 1.0000 11.0000
0.4150 0.8150 1.0000 11.0000
0.4250 0.8150 1.0000 11.0000
0.4350 0.8150 1.0000 11.0000
0.4450 0.8150 1.0000 11.0000
0.4550 0.8150 1.0000 11.0000
0.4650 0.8150 1.0000 11.0000
0.4750 0.8150 1.0000 11.0000
0.4850 0.8150 1.0000 11.0000
0.4950 0.8150 1.0000 11.0000
0.5050 0.8150 1.0000 11.0000
0.5150 0.8150 1.0000 11.0000
0.5250 0.8150 1.0000 11.0000
0.5350 0.8150 1.0000 11.0000
0.5450 0.8150 1.0000 11.0000
0.5550 0.8150 1.0000 11.0000
0.5650 0.8150 1.0000 11.0000
0.5750 0.8150 1.0000 11.0000
0.5850 0.8150 1.0000 11.0000
0.5950 0.8150 1.0000 11.0000
0.6050 0.8150 1.0000 11.0000
0.6150 0.8150 1.0000 11.0000
0.6250 0.8150 1.0000 11.0000
0.6350 0.8150 1.0000 11.0000
0.6450 0.8150 1.0000 11.0000
0.6550 0.8150 1.0000 11.0000
0.6650 0.8150 1.0000 11.0000
0.6750 0.8150 1.0000 11.0000
0.6850 0.8150 1.0000 11.0000
0.6950 0.8150 1.0000 11.0000
0.7050 0.8150 1.0000 11.0000
0.7150 0.8150 1.0000 11.0000
0.7250 0.8150 1.0000 11.0000
0.7350 0.8150 1.0000 11.0000
0.7450 0.8150 1.0000 11.0000
0.7550 0.8150 1.0000 11.0000
0.7650 0.8150 1.0000 11.0000
0.7750 0.8150 1.0000 11.0000
0.7850 0.8150 1.0000 11.0000
0.7950 0.8150 1.0000 11.0000
0.8050 0.8150 1.0000 11.0000
0.8150 0.8150 1.0000 11.0000
0.8250 0.8150 1.0000 11.0000
0.8350 0.8150 1.0000 11.0000
0.8450 0.8150 1.0000 11.0000
0.8550 0.8150 1.0000 11.0000
0.8650 0.8150 1.0000 11.0000
0.8750 0.8150 1.0000 11.0000
0.8850 0.8150 1.0000 11.0000
0.8950 0.8150 1.0000 11.0000
0.9050 0.8150 1.0000 11.0000
0.9150 0.8150 1.0000 11.0000
0.9250 0.8150 1.0000 11.0000
0.9350 0.8150 1.0000 11.0000
0.9450 0.8150 1.0000 11.0000
0.9550 0.8150 1.0000 11.0000
0.9650 0.8150 1.0000 11.0000
0.9750 0.8150 1.0000 11.0000
0.9850 0.8150 1.0000 11.0000
0.9950 0.8150 1.0000 11.0000
0.0050 0.8250 1.0000 11.0000
0.0150 0.8250 1.0000 11.0000
0.0250 0.8250 1.0000 11.0000
0.0350 0.8250 1.0000 11.0000
0.0450 0.8250 1.0000 11.0000
0.0550 0.8250 1.0000 11.0000
0.0650 0.8250 1.0000 11.0000
0.0750 0.8250 1.0000 11.0000
0.0850 0.8250 1.0000 11.0000
0.0950 0.8250 1.0000 11.0000
0.1050 0.8250 1.0000 11.0000
0.1150 0.8250 1.0000 11.0000
0.1250 0.8250 1.0000 11.0000
0.1350 0.8250 1.0000 11.0000
0.1450 0.8250 1.0000 11.0000
0.1550 0.8250 1.0000 11.0000
0.1650 0.8250 1.0000 11.0000
0.1750 0.8250 1.0000 11.0000
0.1850 0.8250 1.0000 11.0000
0.1950 0.8250 1.0000 11.0000
0.2050 0.8250 1.0000 11.0000
0.2150 0.8250 1.0000 11.0000
0.2250 0.8250 1.0000 11.0000
0.2350 0.8250 1.0000 11.0000
0.2450 0.8250 1.0000 11.0000
0.2550 0.8250 1.0000 11.0000
0.2650 0.8250 1.0000 11.0000
0.2750 0.8250 1.0000 11.0000
0.2850 0.8250 1.0000 11.0000
0.2950 0.8250 1.0000 11.0000
0.3050 0.8250 1.0000 11.0000
0.3150 0.8250 1.0000 11.0000
0.3250 0.8250 1.0000 11.0000
0.3350 0.8250 1.0000 11.0000
0.3450 0.8250 1.0000 11.0000
0.3550 0.8250 1.0000 11.0000
0.3650 0.8250 1.0000 11.0000
0.3750 0.8250 1.0000 11.0000
0.3850 0.8250 1.0000 11.0000
0.3950 0.8250 1.0000 11.0000
0.4050 0.8250 1.0000 11.0000
0.4150 0.8250 1.0000 11.0000
0.4250 0.8250 1.0000 11.0000
0.4350 0.8250 1.0000 11.0000
0.4450 0.8250 1.0000 11.0000
0.4550 0.8250 1.0000 11.0000
0.4650 0.8250 1.0000 11.0000
0.4750 0.8250 1.0000 11.0000
0.4850 0.8250 1.0000 11.0000
0.4950 0.8250 1.0000 11.0000
0.5050 0.8250 1.0000 11.0000
0.5150 0.8250 1.0000 11.0000
0.5250 0.8250 1.0000 11.0000
0.5350 0.8250 1.0000 11.0000
0.5450 0.8250 1.0000 11.0000
0.5550 0.8250 1.0000 11.0000
0.5650 0.8250 1.0000 11.0000
0.5750 0.8250 1.0000 11.0000
0.5850 0.8250 1.0000 11.0000
0.5950 0.8250 1.0000 11.0000
0.6050 0.8250 1.0000 11.0000
0.6150 0.8250 1.0000 11.0000
0.6250 0.8250 1.0000 11.0000
0.6350 0.8250 1.0000 11.0000
0.6450 0.8250 1.0000 11.0000
0.6550 0.8250 1.0000 11.0000
0.6650 0.8250 1.0000 11.0000
0.6750 0.8250 1.0000 11.0000
0.6850 0.8250 1.0000 11.0000
0.6950 0.8250 1.0000 11.0000
0.7050 0.8250 1.0000 11.0000
0.7150 0.8250 1.0000 11.0000
0.7250 0.8250 1.0000 11.0000
0.7350 0.8250 1.0000 11.0000
0.7450 0.8250 1.0000 11.0000
0.7550 0.8250 1.0000 11.0000
0.7650 0.8250 1.0000 11.0000
0.7750 0.8250 1.0000 11.0000
0.7850 0.8250 1.0000 11.0000
0.7950 0.8250 1.0000 11.0000
0.8050 0.8250 1.0000 11.0000
0.8150 0.8250 1.0000 11.0000
0.8250 0.8250 1.0000 11.0000
0.8350 0.8250 1.0000 11.0000
0.8450 0.8250 1.0000 11.0000
0.8550 0.8250 1.0000 11.0000
0.8650 0.8250 1.0000 11.0000
0.8750 0.8250 1.0000 11.0000
0.8850 0.8250 1.0000 11.0000
0.8950 0.8250 1.0000 11.0000
0.9050 0.8250 1.0000 11.0000
0.9150 0.8250 1.0000 11.0000
0.9250 0.8250 1.0000 11.0000
0.9350 0.8250 1.0000 11.0000
0.9450 0.8250 1.0000 11.0000
0.9550 0.8250 1.0000 11.0000
0.9650 0.8250 1.0000 11.0000
0.9750 0.8250 1.0000 11.0000
0.9850 0.8250 1.0000 11.0000
0.9950 0.8250 1.0000 11.0000
0.0050 0.8350 1.0000 11.0000
0.0150 0.8350 1.0000 11.0000
0.0250 0.8350 1.0000 11.0000
0.0350 0.8350 1.0000 11.0000
0.0450 0.8350 1.0000 11.0000
0.0550 0.8350 1.0000 11.0000
0.0650 0.8350 1.0000 11.0000
0.0750 0.8350 1.0000 11.0000
0.0850 0.8350 1.0000 11.0000
0.0950 0.8350 1.0000 11.0000
0.1050 0.8350 1.0000 11.0000
0.1150 0.8350 1.0000 11.0000
0.1250 0.8350 1.0000 11.0000
0.1350 0.8350 1.0000 11.0000
0.1450 0.8350 1.0000 11.0000
0.1550 0.8350 1.0000 11.0000
0.1650 0.8350 1.0000 11.0000
0.1750 0.8350 1.0000 11.0000
0.1850 0.8350 1.0000 11.0000
0.1950 0.8350 1.0000 11.0000
0.2050 0.8350 1.0000 11.0000
0.2150 0.8350 1.0000 11.0000
0.2250 0.8350 1.0000 11.0000
0.2350 0.8350 1.0000 11.0000
0.2450 0.8350 1.0000 11.0000
0.2550 0.8350 1.0000 11.0000
0.2650 0.8350 1.0000 11.0000
0.2750 0.8350 1.0000 11.0000
0.2850 0.8350 1.0000 11.0000
0.2950 0.8350 1.0000 11.0000
0.3050 0.8350 1.0000 11.0000
0.3150 0.8350 1.0000 11.0000
0.3250 0.8350 1.0000 11.0000
0.3350 0.8350 1.0000 11.0000
0.3450 0.8350 1.0000 11.0000
0.3550 0.8350 1.0000 11.0000
0.3650 0.8350 1.0000 11.0000
0.3750 0.8350 1.0000 11.0000
0.3850 0.8350 1.0000 11.0000
0.3950 0.8350 1.0000 11.0000
0.4050 0.8350 1.0000 11.0000
0.4150 0.8350 1.0000 11.0000
0.4250 0.8350 1.0000 11.0000
0.4350 0.8350 1.0000 11.0000
0.4450 0.8350 1.0000 11.0000
0.4550 0.8350 1.0000 11.0000
0.4650 0.8350 1.0000 11.0000
0.4750 0.8350 1.0000 11.0000
0.4850 0.8350 1.0000 11.0000
0.4950 0.8350 1.0000 11.0000
0.5050 0.8350 1.0000 11.0000
0.5150 0.8350 1.0000 11.0000
0.5250 0.8350 1.0000 11.0000
0.5350 0.8350 1.0000 11.0000
0.5450 0.8350 1.0000 11.0000
0.5550 0.8350 1.0000 11.0000
0.5650 0.8350 1.0000 11.0000
0.5750 0.8350 1.0000 11.0000
0.5850 0.8350 1.0000 11.0000
0.5950 0.8350 1.0000 11.0000
0.6050 0.8350 1.0000 11.0000
0.6150 0.8350 1.0000 11.0000
0.6250 0.8350 1.0000 11.0000
0.6350 0.8350 1.0000 11.0000
0.6450 0.8350 1.0000 11.0000
0.6550 0.8350 1.0000 11.0000
0.6650 0.8350 1.0000 11.0000
0.6750 0.8350 1.0000 11.0000
0.6850 0.8350 1.0000 11.0000
0.6950 0.8350 1.0000 11.0000
0.7050 0.8350 1.0000 11.0000
0.7150 0.8350 1.0000 11.0000
0.7250 0.8350 1.0000 11.0000
0.7350 0.8350 1.0000 11.0000
0.7450 0.8350 1.0000 11.0000
0.7550 0.8350 1.0000 11.0000
0.7650 0.8350 1.0000 11.0000
0.7750 0.8350 1.0000 11.0000
0.7850 0.8350 1.0000 11.0000
0.7950 0.8350 1.0000 11.0000
0.8050 0.8350 1.0000 11.0000
0.8150 0.8350 1.0000 11.0000
0.8250 0.8350 1.0000 11.0000
0.8350 0.8350 1.0000 11.0000
0.8450 0.8350 1.0000 11.0000
0.8550 0.8350 1.0000 11.0000
0.8650 0.8350 1.0000 11.0000
0.8750 0.8350 1.0000 11.0000
0.8850 0.8350 1.0000 11.0000
0.8950 0.8350 1.0000 11.0000
0.9050 0.8350 1.0000 11.0000
0.9150 0.8350 1.0000 11.0000
0.9250 0.8350 1.0000 11.0000
0.9350 0.8350 1.0000 11.0000
0.9450 0.8350 1.0000 11.0000
0.9550 0.8350 1.0000 11.0000
0.9650 0.8350 1.0000 11.0000
0.9750 0.8350 1.0000 11.0000
0.9850 0.8350 1.0000 11.0000
0.9950 0.8350 1.0000 11.0000
0.0050 0.8450 1.0000 11.0000
0.0150 0.8450 1.0000 11.0000
0.0250 0.8450 1.0000 11.0000
0.0350 0.8450 1.0000 11.0000
0.0450 0.8450 1.0000 11.0000
0.0550 0.8450 1.0000 11.0000
0.0650 0.8450 1.0000 11.0000
0.0750 0.8450 1.0000 11.0000
0.0850 0.8450 1.0000 11.0000
0.0950 0.8450 1.0000 11.0000
0.1050 0.8450 1.0000 11.0000
0.1150 0.8450 1.0000 11.0000
0.1250 0.8450 1.0000 11.0000
0.1350 0.8450 1.0000 11.0000
0.1450 0.8450 1.0000 11.0000
0.1550 0.8450 1.0000 11.0000
0.1650 0.8450 1.0000 11.0000
0.1750 0.8450 1.0000 11.0000
0.1850 0.8450 1.0000 11.0000
0.1950 0.8450 1.0000 11.0000
0.2050 0.8450 1.0000 11.0000
0.2150 0.8450 1.0000 11.0000
0.2250 0.8450 1.0000 11.0000
0.2350 0.8450 1.0000 11.0000
0.2450 0.8450 1.0000 11.0000
0.2550 0.8450 1.0000 11.0000
0.2650 0.8450 1.0000 11.0000
0.2750 0.8450 1.0000 11.0000
0.2850 0.8450 1.0000 11.0000
0.2950 0.8450 1.0000 11.0000
0.3050 0.8450 1.0000 11.0000
0.3150 0.8450 1.0000 11.0000
0.3250 0.8450 1.0000 11.0000
0.3350 0.8450 1.0000 11.0000
0.3450 0.8450 1.0000 11.0000
0.3550 0.8450 1.0000 11.0000
0.3650 0.8450 1.0000 11.0000
0.3750 0.8450 1.0000 11.0000
0.3850 0.8450 1.0000 11.0000
0.3950 0.8450 1.0000 11.0000
0.4050 0.8450 1.0000 11.0000
0.4150 0.8450 1.0000 11.0000
0.4250 0.8450 1.0000 11.0000
0.4350 0.8450 1.0000 11.0000
0.4450 0.8450 1.0000 11.0000
0.4550 0.8450 1.0000 11.0000
0.4650 0.8450 1.0000 11.0000
0.4750 0.8450 1.0000 11.0000
0.4850 0.8450 1.0000 11.0000
0.4950 0.8450 1.0000 11.0000
0.5050 0.8450 1.0000 11.0000
0.5150 0.8450 1.0000 11.0000
0.5250 0.8450 1.0000 11.0000
0.5350 0.8450 1.0000 11.0000
0.5450 0.8450 1.0000 11.0000
0.5550 0.8450 1.0000 11.0000
0.5650 0.8450 1.0000 11.0000
0.5750 0.8450 1.0000 11.0000
0.5850 0.8450 1.0000 11.0000
0.5950 0.8450 1.0000 11.0000
0.6050 0.8450 1.0000 11.0000
0.6150 0.8450 1.0000 11.0000
0.6250 0.8450 1.0000 11.0000
0.6350 0.8450 1.0000 11.0000
0.6450 0.8450 1.0000 11.0000
0.6550 0.8450 1.0000 11.0000
0.6650 0.8450 1.0000 11.0000
0.6750 0.8450 1.0000 11.0000
0.6850 0.8450 1.0000 11.0000
0.6950 0.8450 1.0000 11.0000
0.7050 0.8450 1.0000 11.0000
0.7150 0.8450 1.0000 11.0000
0.7250 0.8450 1.0000 11.0000
0.7350 0.8450 1.0000 11.0000
0.7450 0.8450 1.0000 11.0000
0.7550 0.8450 1.0000 11.0000
0.7650 0.8450 1.0000 11.0000
0.7750 0.8450 1.0000 11.0000
0.7850 0.8450 1.0000 11.0000
0.7950 0.8450 1.0000 11.0000
0.8050 0.8450 1.0000 11.0000
0.8150 0.8450 1.0000 11.0000
0.8250 0.8450 1.0000 11.0000
0.8350 0.8450 1.0000 11.0000
0.8450 0.8450 1.0000 11.0000
0.8550 0.8450 1.0000 11.0000
0.8650 0.8450 1.0000 11.0000
0.8750 0.8450 1.0000 11.0000
0.8850 0.8450 1.0000 11.0000
0.8950 0.8450 1.0000 11.0000
0.9050 0.8450 1.0000 11.0000
0.9150 0.8450 1.0000 11.0000
0.9250 0.8450 1.0000 11.0000
0.9350 0.8450 1.0000 11.0000
0.9450 0.8450 1.0000 11.0000
0.9550 0.8450 1.0000 11.0000
0.9650 0.8450 1.0000 11.0000
0.9750 0.8450 1.0000 11.0000
0.9850 0.8450 1.0000 11.0000
0.9950 0.8450 1.0000 11.0000
0.0050 0.8550 1.0000 11.0000
0.0150 0.8550 1.0000 11.0000
0.0250 0.8550 1.0000 11.0000
0.0350 0.8550 1.0000 11.0000
0.0450 0.8550 1.0000 11.0000
0.0550 0.8550 1.0000 11.0000
0.0650 0.8550 1.0000 11.0000
0.0750 0.8550 1.0000 11.0000
0.0850 0.8550 1.0000 11.0000
0.0950 0.8550 1.0000 11.0000
0.1050 0.8550 1.0000 11.0000
0.1150 0.8550 1.0000 11.0000
0.1250 0.8550 1.0000 11.0000
0.1350 0.8550 1.0000 11.0000
0.1450 0.8550 1.0000 11.0000
0.1550 0.8550 1.0000 11.0000
0.1650 0.8550 1.0000 11.0000
0.1750 0.8550 1.0000 11.0000
0.1850 0.8550 1.0000 11.0000
0.1950 0.8550 1.0000 11.0000
0.2050 0.8550 1.0000 11.0000
0.2150 0.8550 1.0000 11.0000
0.2250 0.8550 1.0000 11.0000
0.2350 0.8550 1.0000 11.0000
0.2450 0.8550 1.0000 11.0000
0.2550 0.8550 1.0000 11.0000
0.2650 0.8550 1.0000 11.0000
0.2750 0.8550 1.0000 11.0000
0.2850 0.8550 1.0000 11.0000
0.2950 0.8550 1.0000 11.0000
0.3050 0.8550 1.0000 11.0000
0.3150 0.8550 1.0000 11.0000
0.3250 0.8550 1.0000 11.0000
0.3350 0.8550 1.0000 11.0000
0.3450 0.8550 1.0000 11.0000
0.3550 0.8550 1.0000 11.0000
0.3650 0.8550 1.0000 11.0000
0.3750 0.8550 1.0000 11.0000
0.3850 0.8550 1.0000 11.0000
0.3950 0.8550 1.0000 11.0000
0.4050 0.8550 1.0000 11.0000
0.4150 0.8550 1.0000 11.0000
0.4250 0.8550 1.0000 11.0000
0.4350 0.8550 1.0000 11.0000
0.4450 0.8550 1.0000 11.0000
0.4550 0.8550 1.0000 11.0000
0.4650 0.8550 1.0000 11.0000
0.4750 0.8550 1.0000 11.0000
0.4850 0.8550 1.0000 11.0000
0.4950 0.8550 1.0000 11.0000
0.5050 0.8550 1.0000 11.0000
0.5150 0.8550 1.0000 11.0000
0.5250 0.8550 1.0000 11.0000
0.5350 0.8550 1.0000 11.0000
0.5450 0.8550 1.0000 11.0000
0.5550 0.8550 1.0000 11.0000
0.5650 0.8550 1.0000 11.0000
0.5750 0.8550 1.0000 11.0000
0.5850 0.8550 1.0000 11.0000
0.5950 0.8550 1.0000 11.0000
0.6050 0.8550 1.0000 11.0000
0.6150 0.8550 1.0000 11.0000
0.6250 0.8550 1.0000 11.0000
0.6350 0.8550 1.0000 11.0000
0.6450 0.8550 1.0000 11.0000
0.6550 0.8550 1.0000 11.0000
0.6650 0.8550 1.0000 11.0000
0.6750 0.8550 1.0000 11.0000
0.6850 0.8550 1.0000 11.0000
0.6950 0.8550 1.0000 11.0000
0.7050 0.8550 1.0000 11.0000
0.7150 0.8550 1.0000 11.0000
0.7250 0.8550 1.0000 11.0000
0.7350 0.8550 1.0000 11.0000
0.7450 0.8550 1.0000 11.0000
0.7550 0.8550 1.0000 11.0000
0.7650 0.8550 1.0000 11.0000
0.7750 0.8550 1.0000 11.0000
0.7850 0.8550 1.0000 11.0000
0.7950 0.8550 1.0000 11.0000
0.8050 0.8550 1.0000 11.0000
0.8150 0.8550 1.0000 11.0000
0.8250 0.8550 1.0000 11.0000
0.8350 0.8550 1.0000 11.0000
0.8450 0.8550 1.0000 11.0000
0.8550 0.8550 1.0000 11.0000
0.8650 0.8550 1.0000 11.0000
0.8750 0.8550 1.0000 11.0000
0.8850 0.8550 1.0000 11.0000
0.8950 0.8550 1.0000 11.0000
0.9050 0.8550 1.0000 11.0000
0.9150 0.8550 1.0000 11.0000
0.9250 0.8550 1.0000 11.0000
0.9350 0.8550 1.0000 11.0000
0.9450 0.8550 1.0000 11.0000
0.9550 0.8550 1.0000 11.0000
0.9650 0.8550 1.0000 11.0000
0.9750 0.8550 1.0000 11.0000
0.9850 0.8550 1.0000 11.0000
0.9950 0.8550 1.0000 11.0000
0.0050 0.8650 1.0000 11.0000
0.0150 0.8650 1.0000 11.0000
0.0250 0.8650 1.0000 11.0000
0.0350 0.8650 1.0000 11.0000
0.0450 0.8650 1.0000 11.0000
0.0550 0.8650 1.0000 11.0000
0.0650 0.8650 1.0000 11.0000
0.0750 0.8650 1.0000 11.0000
0.0850 0.8650 1.0000 11.0000
0.0950 0.8650 1.0000 11.0000
0.1050 0.8650 1.0000 11.0000
0.1150 0.8650 1.0000 11.0000
0.1250 0.8650 1.0000 11.0000
0.1350 0.8650 1.0000 11.0000
0.1450 0.8650 1.0000 11.0000
0.1550 0.8650 1.0000 11.0000
0.1650 0.8650 1.0000 11.0000
0.1750 0.8650 1.0000 11.0000
0.1850 0.8650 1.0000 11.0000
0.1950 0.8650 1.0000 11.0000
0.2050 0.8650 1.0000 11.0000
0.2150 0.8650 1.0000 11.0000
0.2250 0.8650 1.0000 11.0000
0.2350 0.8650 1.0000 11.0000
0.2450 0.8650 1.0000 11.0000
0.2550 0.8650 1.0000 11.0000
0.2650 0.8650 1.0000 11.0000
0.2750 0.8650 1.0000 11.0000
0.2850 0.8650 1.0000 11.0000
0.2950 0.8650 1.0000 11.0000
0.3050 0.8650 1.0000 11.0000
0.3150 0.8650 1.0000 11.0000
0.3250 0.8650 1.0000 11.0000
0.3350 0.8650 1.0000 11.0000
0.3450 0.8650 1.0000 11.0000
0.3550 0.8650 1.0000 11.0000
0.3650 0.8650 1.0000 11.0000
0.3750 0.8650 1.0000 11.0000
0.3850 0.8650 1.0000 11.0000
0.3950 0.8650 1.0000 11.0000
0.4050 0.8650 1.0000 11.0000
0.4150 0.8650 1.0000 11.0000
0.4250 0.8650 1.0000 11.0000
0.4350 0.8650 1.0000 11.0000
0.4450 0.8650 1.0000 11.0000
0.4550 0.8650 1.0000 11.0000
0.4650 0.8650 1.0000 11.0000
0.4750 0.8650 1.0000 11.0000
0.4850 0.8650 1.0000 11.0000
0.4950 0.8650 1.0000 11.0000
0.5050 0.8650 1.0000 11.0000
0.5150 0.8650 1.0000 11.0000
0.5250 0.8650 1.0000 11.0000
0.5350 0.8650 1.0000 11.0000
0.5450 0.8650 1.0000 11.0000
0.5550 0.8650 1.0000 11.0000
0.5650 0.8650 1.0000 11.0000
0.5750 0.8650 1.0000 11.0000
0.5850 0.8650 1.0000 11.0000
0.5950 0.8650 1.0000 11.0000
0.6050 0.8650 1.0000 11.0000
0.6150 0.8650 1.0000 11.0000
0.6250 0.8650 1.0000 11.0000
0.6350 0.8650 1.0000 11.0000
0.6450 0.8650 1.0000 11.0000
0.6550 0.8650 1.0000 11.0000
0.6650 0.8650 1.0000 11.0000
0.6750 0.8650 1.0000 11.0000
0.6850 0.8650 1.0000 11.0000
0.6950 0.8650 1.0000 11.0000
0.7050 0.8650 1.0000 11.0000
0.7150 0.8650 1.0000 11.0000
0.7250 0.8650 1.0000 11.0000
0.7350 0.8650 1.0000 11.0000
0.7450 0.8650 1.0000 11.0000
0.7550 0.8650 1.0000 11.0000
0.7650 0.8650 1.0000 11.0000
0.7750 0.8650 1.0000 11.0000
0.7850 0.8650 1.0000 11.0000
0.7950 0.8650 1.0000 11.0000
0.8050 0.8650 1.0000 11.0000
0.8150 0.8650 1.0000 11.0000
0.8250 0.8650 1.0000 11.0000
0.8350 0.8650 1.0000 11.0000
0.8450 0.8650 1.0000 11.0000
0.8550 0.8650 1.0000 11.0000
0.8650 0.8650 1.0000 11.0000
0.8750 0.8650 1.0000 11.0000
0.8850 0.8650 1.0000 11.0000
0.8950 0.8650 1.0000 11.0000
0.9050 0.8650 1.0000 11.0000
0.9150 0.8650 1.0000 11.0000
0.9250 0.8650 1.0000 11.0000
0.9350 0.8650 1.0000 11.0000
0.9450 0.8650 1.0000 11.0000
0.9550 0.8650 1.0000 11.0000
0.9650 0.8650 1.0000 11.0000
0.9750 0.8650 1.0000 11.0000
0.9850 0.8650 1.0000 11.0000
0.9950 0.8650 1.0000 11.0000
0.0050 0.8750 1.0000 11.0000
0.0150 0.8750 1.0000 11.0000
0.0250 0.8750 1.0000 11.0000
0.0350 0.8750 1.0000 11.0000
0.0450 0.8750 1.0000 11.0000
0.0550 0.8750 1.0000 11.0000
0.0650 0.8750 1.0000 11.0000
0.0750 0.8750 1.0000 11.0000
0.0850 0.8750 1.0000 11.0000
0.0950 0.8750 1.0000 11.0000
0.1050 0.8750 1.0000 11.0000
0.1150 0.8750 1.0000 11.0000
0.1250 0.8750 1.0000 11.0000
0.1350 0.8750 1.0000 11.0000
0.1450 0.8750 1.0000 11.0000
0.1550 0.8750 1.0000 11.0000
0.1650 0.8750 1.0000 11.0000
0.1750 0.8750 1.0000 11.0000
0.1850 0.8750 1.0000 11.0000
0.1950 0.8750 1.0000 11.0000
0.2050 0.8750 1.0000 11.0000
0.2150 0.8750 1.0000 11.0000
0.2250 0.8750 1.0000 11.0000
0.2350 0.8750 1.0000 11.0000
0.2450 0.8750 1.0000 11.0000
0.2550 0.8750 1.0000 11.0000
0.2650 0.8750 1.0000 11.0000
0.2750 0.8750 1.0000 11.0000
0.2850 0.8750 1.0000 11.0000
0.2950 0.8750 1.0000 11.0000
0.3050 0.8750 1.0000 11.0000
0.3150 0.8750 1.0000 11.0000
0.3250 0.8750 1.0000 11.0000
0.3350 0.8750 1.0000 11.0000
0.3450 0.8750 1.0000 11.0000
0.3550 0.8750 1.0000 11.0000
0.3650 0.8750 1.0000 11.0000
0.3750 0.8750 1.0000 11.0000
0.3850 0.8750 1.0000 11.0000
0.3950 0.8750 1.0000 11.0000
0.4050 0.8750 1.0000 11.0000
0.4150 0.8750 1.0000 11.0000
0.4250 0.8750 1.0000 11.0000
0.4350 0.8750 1.0000 11.0000
0.4450 0.8750 1.0000 11.0000
0.4550 0.8750 1.0000 11.0000
0.4650 0.8750 1.0000 11.0000
0.4750 0.8750 1.0000 11.0000
0.4850 0.8750 1.0000 11.0000
0.4950 0.8750 1.0000 11.0000
0.5050 0.8750 1.0000 11.0000
0.5150 0.8750 1.0000 11.0000
0.5250 0.8750 1.0000 11.0000
0.5350 0.8750 1.0000 11.0000
0.5450 0.8750 1.0000 11.0000
0.5550 0.8750 1.0000 11.0000
0.5650 0.8750 1.0000 11.0000
0.5750 0.8750 1.0000 11.0000
0.5850 0.8750 1.0000 11.0000
0.5950 0.8750 1.0000 11.0000
0.6050 0.8750 1.0000 11.0000
0.6150 0.8750 1.0000 11.0000
0.6250 0.8750 1.0000 11.0000
0.6350 0.8750 1.0000 11.0000
0.6450 0.8750 1.0000 11.0000
0.6550 0.8750 1.0000 11.0000
0.6650 0.8750 1.0000 11.0000
0.6750 0.8750 1.0000 11.0000
0.6850 0.8750 1.0000 11.0000
0.6950 0.8750 1.0000 11.0000
0.7050 0.8750 1.0000 11.0000
0.7150 0.8750 1.0000 11.0000
0.7250 0.8750 1.0000 11.0000
0.7350 0.8750 1.0000 11.0000
0.7450 0.8750 1.0000 11.0000
0.7550 0.8750 1.0000 11.0000
0.7650 0.8750 1.0000 11.0000
0.7750 0.8750 1.0000 11.0000
0.7850 0.8750 1.0000 11.0000
0.7950 0.8750 1.0000 11.0000
0.8050 0.8750 1.0000 11.0000
0.8150 0.8750 1.0000 11.0000
0.8250 0.8750 1.0000 11.0000
0.8350 0.8750 1.0000 11.0000
0.8450 0.8750 1.0000 11.0000
0.8550 0.8750 1.0000 11.0000
0.8650 0.8750 1.0000 11.0000
0.8750 0.8750 1.0000 11.0000
0.8850 0.8750 1.0000 11.0000
0.8950 0.8750 1.0000 11.0000
0.9050 0.8750 1.0000 11.0000
0.9150 0.8750 1.0000 11.0000
0.9250 0.8750 1.0000 11.0000
0.9350 0.8750 1.0000 11.0000
0.9450 0.8750 1.0000 11.0000
0.9550 0.8750 1.0000 11.0000
0.9650 0.8750 1.0000 11.0000
0.9750 0.8750 1.0000 11.0000
0.9850 0.8750 1.0000 11.0000
0.9950 0.8750 1.0000 11.0000
0.0050 0.8850 1.0000 11.0000
0.0150 0.8850 1.0000 11.0000
0.0250 0.8850 1.0000 11.0000
0.0350 0.8850 1.0000 11.0000
0.0450 0.8850 1.0000 11.0000
0.0550 0.8850 1.0000 11.0000
0.0650 0.8850 1.0000 11.0000
0.0750 0.8850 1.0000 11.0000
0.0850 0.8850 1.0000 11.0000
0.0950 0.8850 1.0000 11.0000
0.1050 0.8850 1.0000 11.0000
0.1150 0.8850 1.0000 11.0000
0.1250 0.8850 1.0000 11.0000
0.1350 0.8850 1.0000 11.0000
0.1450 0.8850 1.0000 11.0000
0.1550 0.8850 1.0000 11.0000
0.1650 0.8850 1.0000 11.0000
0.1750 0.8850 1.0000 11.0000
0.1850 0.8850 1.0000 11.0000
0.1950 0.8850 1.0000 11.0000
0.2050 0.8850 1.0000 11.0000
0.2150 0.8850 1.0000 11.0000
0.2250 0.8850 1.0000 11.0000
0.2350 0.8850 1.0000 11.0000
0.2450 0.8850 1.0000 11.0000
0.2550 0.8850 1.0000 11.0000
0.2650 0.8850 1.0000 11.0000
0.2750 0.8850 1.0000 11.0000
0.2850 0.8850 1.0000 11.0000
0.2950 0.8850 1.0000 11.0000
0.3050 0.8850 1.0000 11.0000
0.3150 0.8850 1.0000 11.0000
0.3250 0.8850 1.0000 11.0000
0.3350 0.8850 1.0000 11.0000
0.3450 0.8850 1.0000 11.0000
0.3550 0.8850 1.0000 11.0000
0.3650 0.8850 1.0000 11.0000
0.3750 0.8850 1.0000 11.0000
0.3850 0.8850 1.0000 11.0000
0.3950 0.8850 1.0000 11.0000
0.4050 0.8850 1.0000 11.0000
0.4150 0.8850 1.0000 11.0000
0.4250 0.8850 1.0000 11.0000
0.4350 0.8850 1.0000 11.0000
0.4450 0.8850 1.0000 11.0000
0.4550 0.8850 1.0000 11.0000
0.4650 0.8850 1.0000 11.0000
0.4750 0.8850 1.0000 11.0000
0.4850 0.8850 1.0000 11.0000
0.4950 0.8850 1.0000 11.0000
0.5050 0.8850 1.0000 11.0000
0.5150 0.8850 1.0000 11.0000
0.5250 0.8850 1.0000 11.0000
0.5350 0.8850 1.0000 11.0000
0.5450 0.8850 1.0000 11.0000
0.5550 0.8850 1.0000 11.0000
0.5650 0.8850 1.0000 11.0000
0.5750 0.8850 1.0000 11.0000
0.5850 0.8850 1.0000 11.0000
0.5950 0.8850 1.0000 11.0000
0.6050 0.8850 1.0000 11.0000
0.6150 0.8850 1.0000 11.0000
0.6250 0.8850 1.0000 11.0000
0.6350 0.8850 1.0000 11.0000
0.6450 0.8850 1.0000 11.0000
0.6550 0.8850 1.0000 11.0000
0.6650 0.8850 1.0000 11.0000
0.6750 0.8850 1.0000 11.0000
0.6850 0.8850 1.0000 11.0000
0.6950 0.8850 1.0000 11.0000
0.7050 0.8850 1.0000 11.0000
0.7150 0.8850 1.0000 11.0000
0.7250 0.8850 1.0000 11.0000
0.7350 0.8850 1.0000 11.0000
0.7450 0.8850 1.0000 11.0000
0.7550 0.8850 1.0000 11.0000
0.7650 0.8850 1.0000 11.0000
0.7750 0.8850 1.0000 11.0000
0.7850 0.8850 1.0000 11.0000
0.7950 0.8850 1.0000 11.0000
0.8050 0.8850 1.0000 11.0000
0.8150 0.8850 1.0000 11.0000
0.8250 0.8850 1.0000 11.0000
0.8350 0.8850 1.0000 11.0000
0.8450 0.8850 1.0000 11.0000
0.8550 0.8850 1.0000 11.0000
0.8650 0.8850 1.0000 11.0000
0.8750 0.8850 1.0000 11.0000
0.8850 0.8850 1.0000 11.0000
0.8950 0.8850 1.0000 11.0000
0.9050 0.8850 1.0000 11.0000
0.9150 0.8850 1.0000 11.0000
0.9250 0.8850 1.0000 11.0000
0.9350 0.8850 1.0000 11.0000
0.9450 0.8850 1.0000 11.0000
0.9550 0.8850 1.0000 11.0000
0.9650 0.8850 1.0000 11.0000
0.9750 0.8850 1.0000 11.0000
0.9850 0.8850 1.0000 11.0000
0.9950 0.8850 1.0000 11.0000
0.0050 0.8950 1.0000 11.0000
0.0150 0.8950 1.0000 11.0000
0.0250 0.8950 1.0000 11.0000
0.0350 0.8950 1.0000 11.0000
0.0450 0.8950 1.0000 11.0000
0.0550 0.8950 1.0000 11.0000
0.0650 0.8950 1.0000 11.0000
0.0750 0.8950 1.0000 11.0000
0.0850 0.8950 1.0000 11.0000
0.0950 0.8950 1.0000 11.0000
0.1050 0.8950 1.0000 11.0000
0.1150 0.8950 1.0000 11.0000
0.1250 0.8950 1.0000 11.0000
0.1350 0.8950 1.0000 11.0000
0.1450 0.8950 1.0000 11.0000
0.1550 0.8950 1.0000 11.0000
0.1650 0.8950 1.0000 11.0000
0.1750 0.8950 1.0000 11.0000
0.1850 0.8950 1.0000 11.0000
0.1950 0.8950 1.0000 11.0000
0.2050 0.8950 1.0000 11.0000
0.2150 0.8950 1.0000 11.0000
0.2250 0.8950 1.0000 11.0000
0.2350 0.8950 1.0000 11.0000
0.2450 0.8950 1.0000 11.0000
0.2550 0.8950 1.0000 11.0000
0.2650 0.8950 1.0000 11.0000
0.2750 0.8950 1.0000 11.0000
0.2850 0.8950 1.0000 11.0000
0.2950 0.8950 1.0000 11.0000
0.3050 0.8950 1.0000 11.0000
0.3150 0.8950 1.0000 11.0000
0.3250 0.8950 1.0000 11.0000
0.3350 0.8950 1.0000 11.0000
0.3450 0.8950 1.0000 11.0000
0.3550 0.8950 1.0000 11.0000
0.3650 0.8950 1.0000 11.0000
0.3750 0.8950 1.0000 11.0000
0.3850 0.8950 1.0000 11.0000
0.3950 0.8950 1.0000 11.0000
0.4050 0.8950 1.0000 11.0000
0.4150 0.8950 1.0000 11.0000
0.4250 0.8950 1.0000 11.0000
0.4350 0.8950 1.0000 11.0000
0.4450 0.8950 1.0000 11.0000
0.4550 0.8950 1.0000 11.0000
0.4650 0.8950 1.0000 11.0000
0.4750 0.8950 1.0000 11.0000
0.4850 0.8950 1.0000 11.0000
0.4950 0.8950 1.0000 11.0000
0.5050 0.8950 1.0000 11.0000
0.5150 0.8950 1.0000 11.0000
0.5250 0.8950 1.0000 11.0000
0.5350 0.8950 1.0000 11.0000
0.5450 0.8950 1.0000 11.0000
0.5550 0.8950 1.0000 11.0000
0.5650 0.8950 1.0000 11.0000
0.5750 0.8950 1.0000 11.0000
0.5850 0.8950 1.0000 11.0000
0.5950 0.8950 1.0000 11.0000
0.6050 0.8950 1.0000 11.0000
0.6150 0.8950 1.0000 11.0000
0.6250 0.8950 1.0000 11.0000
0.6350 0.8950 1.0000 11.0000
0.6450 0.8950 1.0000 11.0000
0.6550 0.8950 1.0000 11.0000
0.6650 0.8950 1.0000 11.0000
0.6750 0.8950 1.0000 11.0000
0.6850 0.8950 1.0000 11.0000
0.6950 0.8950 1.0000 11.0000
0.7050 0.8950 1.0000 11.0000
0.7150 0.8950 1.0000 11.0000
0.7250 0.8950 1.0000 11.0000
0.7350 0.8950 1.0000 11.0000
0.7450 0.8950 1.0000 11.0000
0.7550 0.8950 1.0000 11.0000
0.7650 0.8950 1.0000 11.0000
0.7750 0.8950 1.0000 11.0000
0.7850 0.8950 1.0000 11.0000
0.7950 0.8950 1.0000 11.0000
0.8050 0.8950 1.0000 11.0000
0.8150 0.8950 1.0000 11.0000
0.8250 0.8950 1.0000 11.0000
0.8350 0.8950 1.0000 11.0000
0.8450 0.8950 1.0000 11.0000
0.8550 0.8950 1.0000 11.0000
0.8650 0.8950 1.0000 11.0000
0.8750 0.8950 1.0000 11.0000
0.8850 0.8950 1.0000 11.0000
0.8950 0.8950 1.0000 11.0000
0.9050 0.8950 1.0000 11.0000
0.9150 0.8950 1.0000 11.0000
0.9250 0.8950 1.0000 11.0000
0.9350 0.8950 1.0000 11.0000
0.9450 0.8950 1.0000 11.0000
0.9550 0.8950 1.0000 11.0000
0.9650 0.8950 1.0000 11.0000
0.9750 0.8950 1.0000 11.0000
0.9850 0.8950 1.0000 11.0000
0.9950 0.8950 1.0000 11.0000
0.0050 0.9050 1.0000 11.0000
0.0150 0.9050 1.0000 11.0000
0.0250 0.9050 1.0000 11.0000
0.0350 0.9050 1.0000 11.0000
0.0450 0.9050 1.0000 11.0000
0.0550 0.9050 1.0000 11.0000
0.0650 0.9050 1.0000 11.0000
0.0750 0.9050 1.0000 11.0000
0.0850 0.9050 1.0000 11.0000
0.0950 0.9050 1.0000 11.0000
0.1050 0.9050 1.0000 11.0000
0.1150 0.9050 1.0000 11.0000
0.1250 0.9050 1.0000 11.0000
0.1350 0.9050 1.0000 11.0000
0.1450 0.9050 1.0000 11.0000
0.1550 0.9050 1.0000 11.0000
0.1650 0.9050 1.0000 11.0000
0.1750 0.9050 1.0000 11.0000
0.1850 0.9050 1.0000 11.0000
0.1950 0.9050 1.0000 11.0000
0.2050 0.9050 1.0000 11.0000
0.2150 0.9050 1.0000 11.0000
0.2250 0.9050 1.0000 11.0000
0.2350 0.9050 1.0000 11.0000
0.2450 0.9050 1.0000 11.0000
0.2550 0.9050 1.0000 11.0000
0.2650 0.9050 1.0000 11.0000
0.2750 0.9050 1.0000 11.0000
0.2850 0.9050 1.0000 11.0000
0.2950 0.9050 1.0000 11.0000
0.3050 0.9050 1.0000 11.0000
0.3150 0.9050 1.0000 11.0000
0.3250 0.9050 1.0000 11.0000
0.3350 0.9050 1.0000 11.0000
0.3450 0.9050 1.0000 11.0000
0.3550 0.9050 1.0000 11.0000
0.3650 0.9050 1.0000 11.0000
0.3750 0.9050 1.0000 11.0000
0.3850 0.9050 1.0000 11.0000
0.3950 0.9050 1.0000 11.0000
0.4050 0.9050 1.0000 11.0000
0.4150 0.9050 1.0000 11.0000
0.4250 0.9050 1.0000 11.0000
0.4350 0.9050 1.0000 11.0000
0.4450 0.9050 1.0000 11.0000
0.4550 0.9050 1.0000 11.0000
0.4650 0.9050 1.0000 11.0000
0.4750 0.9050 1.0000 11.0000
0.4850 0.9050 1.0000 11.0000
0.4950 0.9050 1.0000 11.0000
0.5050 0.9050 1.0000 11.0000
0.5150 0.9050 1.0000 11.0000
0.5250 0.9050 1.0000 11.0000
0.5350 0.9050 1.0000 11.0000
0.5450 0.9050 1.0000 11.0000
0.5550 0.9050 1.0000 11.0000
0.5650 0.9050 1.0000 11.0000
0.5750 0.9050 1.0000 11.0000
0.5850 0.9050 1.0000 11.0000
0.5950 0.9050 1.0000 11.0000
0.6050 0.9050 1.0000 11.0000
0.6150 0.9050 1.0000 11.0000
0.6250 0.9050 1.0000 11.0000
0.6350 0.9050 1.0000 11.0000
0.6450 0.9050 1.0000 11.0000
0.6550 0.9050 1.0000 11.0000
0.6650 0.9050 1.0000 11.0000
0.6750 0.9050 1.0000 11.0000
0.6850 0.9050 1.0000 11.0000
0.6950 0.9050 1.0000 11.0000
0.7050 0.9050 1.0000 11.0000
0.7150 0.9050 1.0000 11.0000
0.7250 0.9050 1.0000 11.0000
0.7350 0.9050 1.0000 11.0000
0.7450 0.9050 1.0000 11.0000
0.7550 0.9050 1.0000 11.0000
0.7650 0.9050 1.0000 11.0000
0.7750 0.9050 1.0000 11.0000
0.7850 0.9050 1.0000 11.0000
0.7950 0.9050 1.0000 11.0000
0.8050 0.9050 1.0000 11.0000
0.8150 0.9050 1.0000 11.0000
0.8250 0.9050 1.0000 11.0000
0.8350 0.9050 1.0000 11.0000
0.8450 0.9050 1.0000 11.0000
0.8550 0.9050 1.0000 11.0000
0.8650 0.9050 1.0000 11.0000
0.8750 0.9050 1.0000 11.0000
0.8850 0.9050 1.0000 11.0000
0.8950 0.9050 1.0000 11.0000
0.9050 0.9050 1.0000 11.0000
0.9150 0.9050 1.0000 11.0000
0.9250 0.9050 1.0000 11.0000
0.9350 0.9050 1.0000 11.0000
0.9450 0.9050 1.0000 11.0000
0.9550 0.9050 1.0000 11.0000
0.9650 0.9050 1.0000 11.0000
0.9750 0.9050 1.0000 11.0000
0.9850 0.9050 1.0000 11.0000
0.9950 0.9050 1.0000 11.0000
0.0050 0.9150 1.0000 11.0000
0.0150 0.9150 1.0000 11.0000
0.0250 0.9150 1.0000 11.0000
0.0350 0.9150 1.0000 11.0000
0.0450 0.9150 1.0000 11.0000
0.0550 0.9150 1.0000 11.0000
0.0650 0.9150 1.0000 11.0000
0.0750 0.9150 1.0000 11.0000
0.0850 0.9150 1.0000 11.0000
0.0950 0.9150 1.0000 11.0000
0.1050 0.9150 1.0000 11.0000
0.1150 0.9150 1.0000 11.0000
0.1250 0.9150 1.0000 11.0000
0.1350 0.9150 1.0000 11.0000
0.1450 0.9150 1.0000 11.0000
0.1550 0.9150 1.0000 11.0000
0.1650 0.9150 1.0000 11.0000
0.1750 0.9150 1.0000 11.0000
0.1850 0.9150 1.0000 11.0000
0.1950 0.9150 1.0000 11.0000
0.2050 0.9150 1.0000 11.0000
0.2150 0.9150 1.0000 11.0000
0.2250 0.9150 1.0000 11.0000
0.2350 0.9150 1.0000 11.0000
0.2450 0.9150 1.0000 11.0000
0.2550 0.9150 1.0000 11.0000
0.2650 0.9150 1.0000 11.0000
0.2750 0.9150 1.0000 11.0000
0.2850 0.9150 1.0000 11.0000
0.2950 0.9150 1.0000 11.0000
0.3050 0.9150 1.0000 11.0000
0.3150 0.9150 1.0000 11.0000
0.3250 0.9150 1.0000 11.0000
0.3350 0.9150 1.0000 11.0000
0.3450 0.9150 1.0000 11.0000
0.3550 0.9150 1.0000 11.0000
0.3650 0.9150 1.0000 11.0000
0.3750 0.9150 1.0000 11.0000
0.3850 0.9150 1.0000 11.0000
0.3950 0.9150 1.0000 11.0000
0.4050 0.9150 1.0000 11.0000
0.4150 0.9150 1.0000 11.0000
0.4250 0.9150 1.0000 11.0000
0.4350 0.9150 1.0000 11.0000
0.4450 0.9150 1.0000 11.0000
0.4550 0.9150 1.0000 11.0000
0.4650 0.9150 1.0000 11.0000
0.4750 0.9150 1.0000 11.0000
0.4850 0.9150 1.0000 11.0000
0.4950 0.9150 1.0000 11.0000
0.5050 0.9150 1.0000 11.0000
0.5150 0.9150 1.0000 11.0000
0.5250 0.9150 1.0000 11.0000
0.5350 0.9150 1.0000 11.0000
0.5450 0.9150 1.0000 11.0000
0.5550 0.9150 1.0000 11.0000
0.5650 0.9150 1.0000 11.0000
0.5750 0.9150 1.0000 11.0000
0.5850 0.9150 1.0000 11.0000
0.5950 0.9150 1.0000 11.0000
0.6050 0.9150 1.0000 11.0000
0.6150 0.9150 1.0000 11.0000
0.6250 0.9150 1.0000 11.0000
0.6350 0.9150 1.0000 11.0000
0.6450 0.9150 1.0000 11.0000
0.6550 0.9150 1.0000 11.0000
0.6650 0.9150 1.0000 11.0000
0.6750 0.9150 1.0000 11.0000
0.6850 0.9150 1.0000 11.0000
0.6950 0.9150 1.0000 11.0000
0.7050 0.9150 1.0000 11.0000
0.7150 0.9150 1.0000 11.0000
0.7250 0.9150 1.0000 11.0000
0.7350 0.9150 1.0000 11.0000
0.7450 0.9150 1.0000 11.0000
0.7550 0.9150 1.0000 11.0000
0.7650 0.9150 1.0000 11.0000
0.7750 0.9150 1.0000 11.0000
0.7850 0.9150 1.0000 11.0000
0.7950 0.9150 1.0000 11.0000
0.8050 0.9150 1.0000 11.0000
0.8150 0.9150 1.0000 11.0000
0.8250 0.9150 1.0000 11.0000
0.8350 0.9150 1.0000 11.0000
0.8450 0.9150 1.0000 11.0000
0.8550 0.9150 1.0000 11.0000
0.8650 0.9150 1.0000 11.0000
0.8750 0.9150 1.0000 11.0000
0.8850 0.9150 1.0000 11.0000
0.8950 0.9150 1.0000 11.0000
0.9050 0.9150 1.0000 11.0000
0.9150 0.9150 1.0000 11.0000
0.9250 0.9150 1.0000 11.0000
0.9350 0.9150 1.0000 11.0000
0.9450 0.9150 1.0000 11.0000
0.9550 0.9150 1.0000 11.0000
0.9650 0.9150 1.0000 11.0000
0.9750 0.9150 1.0000 11.0000
0.9850 0.9150 1.0000 11.0000
0.9950 0.9150 1.0000 11.0000
0.0050 0.9250 1.0000 11.0000
0.0150 0.9250 1.0000 11.0000
0.0250 0.9250 1.0000 11.0000
0.0350 0.9250 1.0000 11.0000
0.0450 0.9250 1.0000 11.0000
0.0550 0.9250 1.0000 11.0000
0.0650 0.9250 1.0000 11.0000
0.0750 0.9250 1.0000 11.0000
0.0850 0.9250 1.0000 11.0000
0.0950 0.9250 1.0000 11.0000
0.1050 0.9250 1.0000 11.0000
0.1150 0.9250 1.0000 11.0000
0.1250 0.9250 1.0000 11.0000
0.1350 0.9250 1.0000 11.0000
0.1450 0.9250 1.0000 11.0000
0.1550 0.9250 1.0000 11.0000
0.1650 0.9250 1.0000 11.0000
0.1750 0.9250 1.0000 11.0000
0.1850 0.9250 1.0000 11.0000
0.1950 0.9250 1.0000 11.0000
0.2050 0.9250 1.0000 11.0000
0.2150 0.9250 1.0000 11.0000
0.2250 0.9250 1.0000 11.0000
0.2350 0.9250 1.0000 11.0000
0.2450 0.9250 1.0000 11.0000
0.2550 0.9250 1.0000 11.0000
0.2650 0.9250 1.0000 11.0000
0.2750 0.9250 1.0000 11.0000
0.2850 0.9250 1.0000 11.0000
0.2950 0.9250 1.0000 11.0000
0.3050 0.9250 1.0000 11.0000
0.3150 0.9250 1.0000 11.0000
0.3250 0.9250 1.0000 11.0000
0.3350 0.9250 1.0000 11.0000
0.3450 0.9250 1.0000 11.0000
0.3550 0.9250 1.0000 11.0000
0.3650 0.9250 1.0000 11.0000
0.3750 0.9250 1.0000 11.0000
0.3850 0.9250 1.0000 11.0000
0.3950 0.9250 1.0000 11.0000
0.4050 0.9250 1.0000 11.0000
0.4150 0.9250 1.0000 11.0000
0.4250 0.9250 1.0000 11.0000
0.4350 0.9250 1.0000 11.0000
0.4450 0.9250 1.0000 11.0000
0.4550 0.9250 1.0000 11.0000
0.4650 0.9250 1.0000 11.0000
0.4750 0.9250 1.0000 11.0000
0.4850 0.9250 1.0000 11.0000
0.4950 0.9250 1.0000 11.0000
0.5050 0.9250 1.0000 11.0000
0.5150 0.9250 1.0000 11.0000
0.5250 0.9250 1.0000 11.0000
0.5350 0.9250 1.0000 11.0000
0.5450 0.9250 1.0000 11.0000
0.5550 0.9250 1.0000 11.0000
0.5650 0.9250 1.0000 11.0000
0.5750 0.9250 1.0000 11.0000
0.5850 0.9250 1.0000 11.0000
0.5950 0.9250 1.0000 11.0000
0.6050 0.9250 1.0000 11.0000
0.6150 0.9250 1.0000 11.0000
0.6250 0.9250 1.0000 11.0000
0.6350 0.9250 1.0000 11.0000
0.6450 0.9250 1.0000 11.0000
0.6550 0.9250 1.0000 11.0000
0.6650 0.9250 1.0000 11.0000
0.6750 0.9250 1.0000 11.0000
0.6850 0.9250 1.0000 11.0000
0.6950 0.9250 1.0000 11.0000
0.7050 0.9250 1.0000 11.0000
0.7150 0.9250 1.0000 11.0000
0.7250 0.9250 1.0000 11.0000
0.7350 0.9250 1.0000 11.0000
0.7450 0.9250 1.0000 11.0000
0.7550 0.9250 1.0000 11.0000
0.7650 0.9250 1.0000 11.0000
0.7750 0.9250 1.0000 11.0000
0.7850 0.9250 1.0000 11.0000
0.7950 0.9250 1.0000 11.0000
0.8050 0.9250 1.0000 11.0000
0.8150 0.9250 1.0000 11.0000
0.8250 0.9250 1.0000 11.0000
0.8350 0.9250 1.0000 11.0000
0.8450 0.9250 1.0000 11.0000
0.8550 0.9250 1.0000 11.0000
0.8650 0.9250 1.0000 11.0000
0.8750 0.9250 1.0000 11.0000
0.8850 0.9250 1.0000 11.0000
0.8950 0.9250 1.0000 11.0000
0.9050 0.9250 1.0000 11.0000
0.9150 0.9250 1.0000 11.0000
0.9250 0.9250 1.0000 11.0000
0.9350 0.9250 1.0000 11.0000
0.9450 0.9250 1.0000 11.0000
0.9550 0.9250 1.0000 11.0000
0.9650 0.9250 1.0000 11.0000
0.9750 0.9250 1.0000 11.0000
0.9850 0.9250 1.0000 11.0000
0.9950 0.9250 1.0000 11.0000
0.0050 0.9350 1.0000 11.0000
0.0150 0.9350 1.0000 11.0000
0.0250 0.9350 1.0000 11.0000
0.0350 0.9350 1.0000 11.0000
0.0450 0.9350 1.0000 11.0000
0.0550 0.9350 1.0000 11.0000
0.0650 0.9350 1.0000 11.0000
0.0750 0.9350 1.0000 11.0000
0.0850 0.9350 1.0000 11.0000
0.0950 0.9350 1.0000 11.0000
0.1050 0.9350 1.0000 11.0000
0.1150 0.9350 1.0000 11.0000
0.1250 0.9350 1.0000 11.0000
0.1350 0.9350 1.0000 11.0000
0.1450 0.9350 1.0000 11.0000
0.1550 0.9350 1.0000 11.0000
0.1650 0.9350 1.0000 11.0000
0.1750 0.9350 1.0000 11.0000
0.1850 0.9350 1.0000 11.0000
0.1950 0.9350 1.0000 11.0000
0.2050 0.9350 1.0000 11.0000
0.2150 0.9350 1.0000 11.0000
0.2250 0.9350 1.0000 11.0000
0.2350 0.9350 1.0000 11.0000
0.2450 0.9350 1.0000 11.0000
0.2550 0.9350 1.0000 11.0000
0.2650 0.9350 1.0000 11.0000
0.2750 0.9350 1.0000 11.0000
0.2850 0.9350 1.0000 11.0000
0.2950 0.9350 1.0000 11.0000
0.3050 0.9350 1.0000 11.0000
0.3150 0.9350 1.0000 11.0000
0.3250 0.9350 1.0000 11.0000
0.3350 0.9350 1.0000 11.0000
0.3450 0.9350 1.0000 11.0000
0.3550 0.9350 1.0000 11.0000
0.3650 0.9350 1.0000 11.0000
0.3750 0.9350 1.0000 11.0000
0.3850 0.9350 1.0000 11.0000
0.3950 0.9350 1.0000 11.0000
0.4050 0.9350 1.0000 11.0000
0.4150 0.9350 1.0000 11.0000
0.4250 0.9350 1.0000 11.0000
0.4350 0.9350 1.0000 11.0000
0.4450 0.9350 1.0000 11.0000
0.4550 0.9350 1.0000 11.0000
0.4650 0.9350 1.0000 11.0000
0.4750 0.9350 1.0000 11.0000
0.4850 0.9350 1.0000 11.0000
0.4950 0.9350 1.0000 11.0000
0.5050 0.9350 1.0000 11.0000
0.5150 0.9350 1.0000 11.0000
0.5250 0.9350 1.0000 11.0000
0.5350 0.9350 1.0000 11.0000
0.5450 0.9350 1.0000 11.0000
0.5550 0.9350 1.0000 11.0000
0.5650 0.9350 1.0000 11.0000
0.5750 0.9350 1.0000 11.0000
0.5850 0.9350 1.0000 11.0000
0.5950 0.9350 1.0000 11.0000
0.6050 0.9350 1.0000 11.0000
0.6150 0.9350 1.0000 11.0000
0.6250 0.9350 1.0000 11.0000
0.6350 0.9350 1.0000 11.0000
0.6450 0.9350 1.0000 11.0000
0.6550 0.9350 1.0000 11.0000
0.6650 0.9350 1.0000 11.0000
0.6750 0.9350 1.0000 11.0000
0.6850 0.9350 1.0000 11.0000
0.6950 0.9350 1.0000 11.0000
0.7050 0.9350 1.0000 11.0000
0.7150 0.9350 1.0000 11.0000
0.7250 0.9350 1.0000 11.0000
0.7350 0.9350 1.0000 11.0000
0.7450 0.9350 1.0000 11.0000
0.7550 0.9350 1.0000 11.0000
0.7650 0.9350 1.0000 11.0000
0.7750 0.9350 1.0000 11.0000
0.7850 0.9350 1.0000 11.0000
0.7950 0.9350 1.0000 11.0000
0.8050 0.9350 1.0000 11.0000
0.8150 0.9350 1.0000 11.0000
0.8250 0.9350 1.0000 11.0000
0.8350 0.9350 1.0000 11.0000
0.8450 0.9350 1.0000 11.0000
0.8550 0.9350 1.0000 11.0000
0.8650 0.9350 1.0000 11.0000
0.8750 0.9350 1.0000 11.0000
0.8850 0.9350 1.0000 11.0000
0.8950 0.9350 1.0000 11.0000
0.9050 0.9350 1.0000 11.0000
0.9150 0.9350 1.0000 11.0000
0.9250 0.9350 1.0000 11.0000
0.9350 0.9350 1.0000 11.0000
0.9450 0.9350 1.0000 11.0000
0.9550 0.9350 1.0000 11.0000
0.9650 0.9350 1.0000 11.0000
0.9750 0.9350 1.0000 11.0000
0.9850 0.9350 1.0000 11.0000
0.9950 0.9350 1.0000 11.0000
0.0050 0.9450 1.0000 11.0000
0.0150 0.9450 1.0000 11.0000
0.0250 0.9450 1.0000 11.0000
0.0350 0.9450 1.0000 11.0000
0.0450 0.9450 1.0000 11.0000
0.0550 0.9450 1.0000 11.0000
0.0650 0.9450 1.0000 11.0000
0.0750 0.9450 1.0000 11.0000
0.0850 0.9450 1.0000 11.0000
0.0950 0.9450 1.0000 11.0000
0.1050 0.9450 1.0000 11.0000
0.1150 0.9450 1.0000 11.0000
0.1250 0.9450 1.0000 11.0000
0.1350 0.9450 1.0000 11.0000
0.1450 0.9450 1.0000 11.0000
0.1550 0.9450 1.0000 11.0000
0.1650 0.9450 1.0000 11.0000
0.1750 0.9450 1.0000 11.0000
0.1850 0.9450 1.0000 11.0000
0.1950 0.9450 1.0000 11.0000
0.2050 0.9450 1.0000 11.0000
0.2150 0.9450 1.0000 11.0000
0.2250 0.9450 1.0000 11.0000
0.2350 0.9450 1.0000 11.0000
0.2450 0.9450 1.0000 11.0000
0.2550 0.9450 1.0000 11.0000
0.2650 0.9450 1.0000 11.0000
0.2750 0.9450 1.0000 11.0000
0.2850 0.9450 1.0000 11.0000
0.2950 0.9450 1.0000 11.0000
0.3050 0.9450 1.0000 11.0000
0.3150 0.9450 1.0000 11.0000
0.3250 0.9450 1.0000 11.0000
0.3350 0.9450 1.0000 11.0000
0.3450 0.9450 1.0000 11.0000
0.3550 0.9450 1.0000 11.0000
0.3650 0.9450 1.0000 11.0000
0.3750 0.9450 1.0000 11.0000
0.3850 0.9450 1.0000 11.0000
0.3950 0.9450 1.0000 11.0000
0.4050 0.9450 1.0000 11.0000
0.4150 0.9450 1.0000 11.0000
0.4250 0.9450 1.0000 11.0000
0.4350 0.9450 1.0000 11.0000
0.4450 0.9450 1.0000 11.0000
0.4550 0.9450 1.0000 11.0000
0.4650 0.9450 1.0000 11.0000
0.4750 0.9450 1.0000 11.0000
0.4850 0.9450 1.0000 11.0000
0.4950 0.9450 1.0000 11.0000
0.5050 0.9450 1.0000 11.0000
0.5150 0.9450 1.0000 11.0000
0.5250 0.9450 1.0000 11.0000
0.5350 0.9450 1.0000 11.0000
0.5450 0.9450 1.0000 11.0000
0.5550 0.9450 1.0000 11.0000
0.5650 0.9450 1.0000 11.0000
0.5750 0.9450 1.0000 11.0000
0.5850 0.9450 1.0000 11.0000
0.5950 0.9450 1.0000 11.0000
0.6050 0.9450 1.0000 11.0000
0.6150 0.9450 1.0000 11.0000
0.6250 0.9450 1.0000 11.0000
0.6350 0.9450 1.0000 11.0000
0.6450 0.9450 1.0000 11.0000
0.6550 0.9450 1.0000 11.0000
0.6650 0.9450 1.0000 11.0000
0.6750 0.9450 1.0000 11.0000
0.6850 0.9450 1.0000 11.0000
0.6950 0.9450 1.0000 11.0000
0.7050 0.9450 1.0000 11.0000
0.7150 0.9450 1.0000 11.0000
0.7250 0.9450 1.0000 11.0000
0.7350 0.9450 1.0000 11.0000
0.7450 0.9450 1.0000 11.0000
0.7550 0.9450 1.0000 11.0000
0.7650 0.9450 1.0000 11.0000
0.7750 0.9450 1.0000 11.0000
0.7850 0.9450 1.0000 11.0000
0.7950 0.9450 1.0000 11.0000
0.8050 0.9450 1.0000 11.0000
0.8150 0.9450 1.0000 11.0000
0.8250 0.9450 1.0000 11.0000
0.8350 0.9450 1.0000 11.0000
0.8450 0.9450 1.0000 11.0000
0.8550 0.9450 1.0000 11.0000
0.8650 0.9450 1.0000 11.0000
0.8750 0.9450 1.0000 11.0000
0.8850 0.9450 1.0000 11.0000
0.8950 0.9450 1.0000 11.0000
0.9050 0.9450 1.0000 11.0000
0.9150 0.9450 1.0000 11.0000
0.9250 0.9450 1.0000 11.0000
0.9350 0.9450 1.0000 11.0000
0.9450 0.9450 1.0000 11.0000
0.9550 0.9450 1.0000 11.0000
0.9650 0.9450 1.0000 11.0000
0.9750 0.9450 1.0000 11.0000
0.9850 0.9450 1.0000 11.0000
0.9950 0.9450 1.0000 11.0000
0.0050 0.9550 1.0000 11.0000
0.0150 0.9550 1.0000 11.0000
0.0250 0.9550 1.0000 11.0000
0.0350 0.9550 1.0000 11.0000
0.0450 0.9550 1.0000 11.0000
0.0550 0.9550 1.0000 11.0000
0.0650 0.9550 1.0000 11.0000
0.0750 0.9550 1.0000 11.0000
0.0850 0.9550 1.0000 11.0000
0.0950 0.9550 1.0000 11.0000
0.1050 0.9550 1.0000 11.0000
0.1150 0.9550 1.0000 11.0000
0.1250 0.9550 1.0000 11.0000
0.1350 0.9550 1.0000 11.0000
0.1450 0.9550 1.0000 11.0000
0.1550 0.9550 1.0000 11.0000
0.1650 0.9550 1.0000 11.0000
0.1750 0.9550 1.0000 11.0000
0.1850 0.9550 1.0000 11.0000
0.1950 0.9550 1.0000 11.0000
0.2050 0.9550 1.0000 11.0000
0.2150 0.9550 1.0000 11.0000
0.2250 0.9550 1.0000 11.0000
0.2350 0.9550 1.0000 11.0000
0.2450 0.9550 1.0000 11.0000
0.2550 0.9550 1.0000 11.0000
0.2650 0.9550 1.0000 11.0000
0.2750 0.9550 1.0000 11.0000
0.2850 0.9550 1.0000 11.0000
0.2950 0.9550 1.0000 11.0000
0.3050 0.9550 1.0000 11.0000
0.3150 0.9550 1.0000 11.0000
0.3250 0.9550 1.0000 11.0000
0.3350 0.9550 1.0000 11.0000
0.3450 0.9550 1.0000 11.0000
0.3550 0.9550 1.0000 11.0000
0.3650 0.9550 1.0000 11.0000
0.3750 0.9550 1.0000 11.0000
0.3850 0.9550 1.0000 11.0000
0.3950 0.9550 1.0000 11.0000
0.4050 0.9550 1.0000 11.0000
0.4150 0.9550 1.0000 11.0000
0.4250 0.9550 1.0000 11.0000
0.4350 0.9550 1.0000 11.0000
0.4450 0.9550 1.0000 11.0000
0.4550 0.9550 1.0000 11.0000
0.4650 0.9550 1.0000 11.0000
0.4750 0.9550 1.0000 11.0000
0.4850 0.9550 1.0000 11.0000
0.4950 0.9550 1.0000 11.0000
0.5050 0.9550 1.0000 11.0000
0.5150 0.9550 1.0000 11.0000
0.5250 0.9550 1.0000 11.0000
0.5350 0.9550 1.0000 11.0000
0.5450 0.9550 1.0000 11.0000
0.5550 0.9550 1.0000 11.0000
0.5650 0.9550 1.0000 11.0000
0.5750 0.9550 1.0000 11.0000
0.5850 0.9550 1.0000 11.0000
0.5950 0.9550 1.0000 11.0000
0.6050 0.9550 1.0000 11.0000
0.6150 0.9550 1.0000 11.0000
0.6250 0.9550 1.0000 11.0000
0.6350 0.9550 1.0000 11.0000
0.6450 0.9550 1.0000 11.0000
0.6550 0.9550 1.0000 11.0000
0.6650 0.9550 1.0000 11.0000
0.6750 0.9550 1.0000 11.0000
0.6850 0.9550 1.0000 11.0000
0.6950 0.9550 1.0000 11.0000
0.7050 0.9550 1.0000 11.0000
0.7150 0.9550 1.0000 11.0000
0.7250 0.9550 1.0000 11.0000
0.7350 0.9550 1.0000 11.0000
0.7450 0.9550 1.0000 11.0000
0.7550 0.9550 1.0000 11.0000
0.7650 0.9550 1.0000 11.0000
0.7750 0.9550 1.0000 11.0000
0.7850 0.9550 1.0000 11.0000
0.7950 0.9550 1.0000 11.0000
0.8050 0.9550 1.0000 11.0000
0.8150 0.9550 1.0000 11.0000
0.8250 0.9550 1.0000 11.0000
0.8350 0.9550 1.0000 11.0000
0.8450 0.9550 1.0000 11.0000
0.8550 0.9550 1.0000 11.0000
0.8650 0.9550 1.0000 11.0000
0.8750 0.9550 1.0000 11.0000
0.8850 0.9550 1.0000 11.0000
0.8950 0.9550 1.0000 11.0000
0.9050 0.9550 1.0000 11.0000
0.9150 0.9550 1.0000 11.0000
0.9250 0.9550 1.0000 11.0000
0.9350 0.9550 1.0000 11.0000
0.9450 0.9550 1.0000 11.0000
0.9550 0.9550 1.0000 11.0000
0.9650 0.9550 1.0000 11.0000
0.9750 0.9550 1.0000 11.0000
0.9850 0.9550 1.0000 11.0000
0.9950 0.9550 1.0000 11.0000
0.0050 0.9650 1.0000 11.0000
0.0150 0.9650 1.0000 11.0000
0.0250 0.9650 1.0000 11.0000
0.0350 0.9650 1.0000 11.0000
0.0450 0.9650 1.0000 11.0000
0.0550 0.9650 1.0000 11.0000
0.0650 0.9650 1.0000 11.0000
0.0750 0.9650 1.0000 11.0000
0.0850 0.9650 1.0000 11.0000
0.0950 0.9650 1.0000 11.0000
0.1050 0.9650 1.0000 11.0000
0.1150 0.9650 1.0000 11.0000
0.1250 0.9650 1.0000 11.0000
0.1350 0.9650 1.0000 11.0000
0.1450 0.9650 1.0000 11.0000
0.1550 0.9650 1.0000 11.0000
0.1650 0.9650 1.0000 11.0000
0.1750 0.9650 1.0000 11.0000
0.1850 0.9650 1.0000 11.0000
0.1950 0.9650 1.0000 11.0000
0.2050 0.9650 1.0000 11.0000
0.2150 0.9650 1.0000 11.0000
0.2250 0.9650 1.0000 11.0000
0.2350 0.9650 1.0000 11.0000
0.2450 0.9650 1.0000 11.0000
0.2550 0.9650 1.0000 11.0000
0.2650 0.9650 1.0000 11.0000
0.2750 0.9650 1.0000 11.0000
0.2850 0.9650 1.0000 11.0000
0.2950 0.9650 1.0000 11.0000
0.3050 0.9650 1.0000 11.0000
0.3150 0.9650 1.0000 11.0000
0.3250 0.9650 1.0000 11.0000
0.3350 0.9650 1.0000 11.0000
0.3450 0.9650 1.0000 11.0000
0.3550 0.9650 1.0000 11.0000
0.3650 0.9650 1.0000 11.0000
0.3750 0.9650 1.0000 11.0000
0.3850 0.9650 1.0000 11.0000
0.3950 0.9650 1.0000 11.0000
0.4050 0.9650 1.0000 11.0000
0.4150 0.9650 1.0000 11.0000
0.4250 0.9650 1.0000 11.0000
0.4350 0.9650 1.0000 11.0000
0.4450 0.9650 1.0000 11.0000
0.4550 0.9650 1.0000 11.0000
0.4650 0.9650 1.0000 11.0000
0.4750 0.9650 1.0000 11.0000
0.4850 0.9650 1.0000 11.0000
0.4950 0.9650 1.0000 11.0000
0.5050 0.9650 1.0000 11.0000
0.5150 0.9650 1.0000 11.0000
0.5250 0.9650 1.0000 11.0000
0.5350 0.9650 1.0000 11.0000
0.5450 0.9650 1.0000 11.0000
0.5550 0.9650 1.0000 11.0000
0.5650 0.9650 1.0000 11.0000
0.5750 0.9650 1.0000 11.0000
0.5850 0.9650 1.0000 11.0000
0.5950 0.9650 1.0000 11.0000
0.6050 0.9650 1.0000 11.0000
0.6150 0.9650 1.0000 11.0000
0.6250 0.9650 1.0000 11.0000
0.6350 0.9650 1.0000 11.0000
0.6450 0.9650 1.0000 11.0000
0.6550 0.9650 1.0000 11.0000
0.6650 0.9650 1.0000 11.0000
0.6750 0.9650 1.0000 11.0000
0.6850 0.9650 1.0000 11.0000
0.6950 0.9650 1.0000 11.0000
0.7050 0.9650 1.0000 11.0000
0.7150 0.9650 1.0000 11.0000
0.7250 0.9650 1.0000 11.0000
0.7350 0.9650 1.0000 11.0000
0.7450 0.9650 1.0000 11.0000
0.7550 0.9650 1.0000 11.0000
0.7650 0.9650 1.0000 11.0000
0.7750 0.9650 1.0000 11.0000
0.7850 0.9650 1.0000 11.0000
0.7950 0.9650 1.0000 11.0000
0.8050 0.9650 1.0000 11.0000
0.8150 0.9650 1.0000 11.0000
0.8250 0.9650 1.0000 11.0000
0.8350 0.9650 1.0000 11.0000
0.8450 0.9650 1.0000 11.0000
0.8550 0.9650 1.0000 11.0000
0.8650 0.9650 1.0000 11.0000
0.8750 0.9650 1.0000 11.0000
0.8850 0.9650 1.0000 11.0000
0.8950 0.9650 1.0000 11.0000
0.9050 0.9650 1.0000 11.0000
0.9150 0.9650 1.0000 11.0000
0.9250 0.9650 1.0000 11.0000
0.9350 0.9650 1.0000 11.0000
0.9450 0.9650 1.0000 11.0000
0.9550 0.9650 1.0000 11.0000
0.9650 0.9650 1.0000 11.0000
0.9750 0.9650 1.0000 11.0000
0.9850 0.9650 1.0000 11.0000
0.9950 0.9650 1.0000 11.0000
0.0050 0.9750 1.0000 11.0000
0.0150 0.9750 1.0000 11.0000
0.0250 0.9750 1.0000 11.0000
0.0350 0.9750 1.0000 11.0000
0.0450 0.9750 1.0000 11.0000
0.0550 0.9750 1.0000 11.0000
0.0650 0.9750 1.0000 11.0000
0.0750 0.9750 1.0000 11.0000
0.0850 0.9750 1.0000 11.0000
0.0950 0.9750 1.0000 11.0000
0.1050 0.9750 1.0000 11.0000
0.1150 0.9750 1.0000 11.0000
0.1250 0.9750 1.0000 11.0000
0.1350 0.9750 1.0000 11.0000
0.1450 0.9750 1.0000 11.0000
0.1550 0.9750 1.0000 11.0000
0.1650 0.9750 1.0000 11.0000
0.1750 0.9750 1.0000 11.0000
0.1850 0.9750 1.0000 11.0000
0.1950 0.9750 1.0000 11.0000
0.2050 0.9750 1.0000 11.0000
0.2150 0.9750 1.0000 11.0000
0.2250 0.9750 1.0000 11.0000
0.2350 0.9750 1.0000 11.0000
0.2450 0.9750 1.0000 11.0000
0.2550 0.9750 1.0000 11.0000
0.2650 0.9750 1.0000 11.0000
0.2750 0.9750 1.0000 11.0000
0.2850 0.9750 1.0000 11.0000
0.2950 0.9750 1.0000 11.0000
0.3050 0.9750 1.0000 11.0000
0.3150 0.9750 1.0000 11.0000
0.3250 0.9750 1.0000 11.0000
0.3350 0.9750 1.0000 11.0000
0.3450 0.9750 1.0000 11.0000
0.3550 0.9750 1.0000 11.0000
0.3650 0.9750 1.0000 11.0000
0.3750 0.9750 1.0000 11.0000
0.3850 0.9750 1.0000 11.0000
0.3950 0.9750 1.0000 11.0000
0.4050 0.9750 1.0000 11.0000
0.4150 0.9750 1.0000 11.0000
0.4250 0.9750 1.0000 11.0000
0.4350 0.9750 1.0000 11.0000
0.4450 0.9750 1.0000 11.0000
0.4550 0.9750 1.0000 11.0000
0.4650 0.9750 1.0000 11.0000
0.4750 0.9750 1.0000 11.0000
0.4850 0.9750 1.0000 11.0000
0.4950 0.9750 1.0000 11.0000
0.5050 0.9750 1.0000 11.0000
0.5150 0.9750 1.0000 11.0000
0.5250 0.9750 1.0000 11.0000
0.5350 0.9750 1.0000 11.0000
0.5450 0.9750 1.0000 11.0000
0.5550 0.9750 1.0000 11.0000
0.5650 0.9750 1.0000 11.0000
0.5750 0.9750 1.0000 11.0000
0.5850 0.9750 1.0000 11.0000
0.5950 0.9750 1.0000 11.0000
0.6050 0.9750 1.0000 11.0000
0.6150 0.9750 1.0000 11.0000
0.6250 0.9750 1.0000 11.0000
0.6350 0.9750 1.0000 11.0000
0.6450 0.9750 1.0000 11.0000
0.6550 0.9750 1.0000 11.0000
0.6650 0.9750 1.0000 11.0000
0.6750 0.9750 1.0000 11.0000
0.6850 0.9750 1.0000 11.0000
0.6950 0.9750 1.0000 11.0000
0.7050 0.9750 1.0000 11.0000
0.7150 0.9750 1.0000 11.0000
0.7250 0.9750 1.0000 11.0000
0.7350 0.9750 1.0000 11.0000
0.7450 0.9750 1.0000 11.0000
0.7550 0.9750 1.0000 11.0000
0.7650 0.9750 1.0000 11.0000
0.7750 0.9750 1.0000 11.0000
0.7850 0.9750 1.0000 11.0000
0.7950 0.9750 1.0000 11.0000
0.8050 0.9750 1.0000 11.0000
0.8150 0.9750 1.0000 11.0000
0.8250 0.9750 1.0000 11.0000
0.8350 0.9750 1.0000 11.0000
0.8450 0.9750 1.0000 11.0000
0.8550 0.9750 1.0000 11.0000
0.8650 0.9750 1.0000 11.0000
0.8750 0.9750 1.0000 11.0000
0.8850 0.9750 1.0000 11.0000
0.8950 0.9750 1.0000 11.0000
0.9050 0.9750 1.0000 11.0000
0.9150 0.9750 1.0000 11.0000
0.9250 0.9750 1.0000 11.0000
0.9350 0.9750 1.0000 11.0000
0.9450 0.9750 1.0000 11.0000
0.9550 0.9750 1.0000 11.0000
0.9650 0.9750 1.0000 11.0000
0.9750 0.9750 1.0000 11.0000
0.9850 0.9750 1.0000 11.0000
0.9950 0.9750 1.0000 11.0000
0.0050 0.9850 1.0000 11.0000
0.0150 0.9850 1.0000 11.0000
0.0250 0.9850 1.0000 11.0000
0.0350 0.9850 1.0000 11.0000
0.0450 0.9850 1.0000 11.0000
0.0550 0.9850 1.0000 11.0000
0.0650 0.9850 1.0000 11.0000
0.0750 0.9850 1.0000 11.0000
0.0850 0.9850 1.0000 11.0000
0.0950 0.9850 1.0000 11.0000
0.1050 0.9850 1.0000 11.0000
0.1150 0.9850 1.0000 11.0000
0.1250 0.9850 1.0000 11.0000
0.1350 0.9850 1.0000 11.0000
0.1450 0.9850 1.0000 11.0000
0.1550 0.9850 1.0000 11.0000
0.1650 0.9850 1.0000 11.0000
0.1750 0.9850 1.0000 11.0000
0.1850 0.9850 1.0000 11.0000
0.1950 0.9850 1.0000 11.0000
0.2050 0.9850 1.0000 11.0000
0.2150 0.9850 1.0000 11.0000
0.2250 0.9850 1.0000 11.0000
0.2350 0.9850 1.0000 11.0000
0.2450 0.9850 1.0000 11.0000
0.2550 0.9850 1.0000 11.0000
0.2650 0.9850 1.0000 11.0000
0.2750 0.9850 1.0000 11.0000
0.2850 0.9850 1.0000 11.0000
0.2950 0.9850 1.0000 11.0000
0.3050 0.9850 1.0000 11.0000
0.3150 0.9850 1.0000 11.0000
0.3250 0.9850 1.0000 11.0000
0.3350 0.9850 1.0000 11.0000
0.3450 0.9850 1.0000 11.0000
0.3550 0.9850 1.0000 11.0000
0.3650 0.9850 1.0000 11.0000
0.3750 0.9850 1.0000 11.0000
0.3850 0.9850 1.0000 11.0000
0.3950 0.9850 1.0000 11.0000
0.4050 0.9850 1.0000 11.0000
0.4150 0.9850 1.0000 11.0000
0.4250 0.9850 1.0000 11.0000
0.4350 0.9850 1.0000 11.0000
0.4450 0.9850 1.0000 11.0000
0.4550 0.9850 1.0000 11.0000
0.4650 0.9850 1.0000 11.0000
0.4750 0.9850 1.0000 11.0000
0.4850 0.9850 1.0000 11.0000
0.4950 0.9850 1.0000 11.0000
0.5050 0.9850 1.0000 11.0000
0.5150 0.9850 1.0000 11.0000
0.5250 0.9850 1.0000 11.0000
0.5350 0.9850 1.0000 11.0000
0.5450 0.9850 1.0000 11.0000
0.5550 0.9850 1.0000 11.0000
0.5650 0.9850 1.0000 11.0000
0.5750 0.9850 1.0000 11.0000
0.5850 0.9850 1.0000 11.0000
0.5950 0.9850 1.0000 11.0000
0.6050 0.9850 1.0000 11.0000
0.6150 0.9850 1.0000 11.0000
0.6250 0.9850 1.0000 11.0000
0.6350 0.9850 1.0000 11.0000
0.6450 0.9850 1.0000 11.0000
0.6550 0.9850 1.0000 11.0000
0.6650 0.9850 1.0000 11.0000
0.6750 0.9850 1.0000 11.0000
0.6850 0.9850 1.0000 11.0000
0.6950 0.9850 1.0000 11.0000
0.7050 0.9850 1.0000 11.0000
0.7150 0.9850 1.0000 11.0000
0.7250 0.9850 1.0000 11.0000
0.7350 0.9850 1.0000 11.0000
0.7450 0.9850 1.0000 11.0000
0.7550 0.9850 1.0000 11.0000
0.7650 0.9850 1.0000 11.0000
0.7750 0.9850 1.0000 11.0000
0.7850 0.9850 1.0000 11.0000
0.7950 0.9850 1.0000 11.0000
0.8050 0.9850 1.0000 11.0000
0.8150 0.9850 1.0000 11.0000
0.8250 0.9850 1.0000 11.0000
0.8350 0.9850 1.0000 11.0000
0.8450 0.9850 1.0000 11.0000
0.8550 0.9850 1.0000 11.0000
0.8650 0.9850 1.0000 11.0000
0.8750 0.9850 1.0000 11.0000
0.8850 0.9850 1.0000 11.0000
0.8950 0.9850 1.0000 11.0000
0.9050 0.9850 1.0000 11.0000
0.9150 0.9850 1.0000 11.0000
0.9250 0.9850 1.0000 11.0000
0.9350 0.9850 1.0000 11.0000
0.9450 0.9850 1.0000 11.0000
0.9550 0.9850 1.0000 11.0000
0.9650 0.9850 1.0000 11.0000
0.9750 0.9850 1.0000 11.0000
0.9850 0.9850 1.0000 11.0000
0.9950 0.9850 1.0000 11.0000
0.0050 0.9950 1.0000 11.0000
0.0150 0.9950 1.0000 11.0000
0.0250 0.9950 1.0000 11.0000
0.0350 0.9950 1.0000 11.0000
0.0450 0.9950 1.0000 11.0000
0.0550 0.9950 1.0000 11.0000
0.0650 0.9950 1.0000 11.0000
0.0750 0.9950 1.0000 11.0000
0.0850 0.9950 1.0000 11.0000
0.0950 0.9950 1.0000 11.0000
0.1050 0.9950 1.0000 11.0000
0.1150 0.9950 1.0000 11.0000
0.1250 0.9950 1.0000 11.0000
0.1350 0.9950 1.0000 11.0000
0.1450 0.9950 1.0000 11.0000
0.1550 0.9950 1.0000 11.0000
0.1650 0.9950 1.0000 11.0000
0.1750 0.9950 1.0000 11.0000
0.1850 0.9950 1.0000 11.0000
0.1950 0.9950 1.0000 11.0000
0.2050 0.9950 1.0000 11.0000
0.2150 0.9950 1.0000 11.0000
0.2250 0.9950 1.0000 11.0000
0.2350 0.9950 1.0000 11.0000
0.2450 0.9950 1.0000 11.0000
0.2550 0.9950 1.0000 11.0000
0.2650 0.9950 1.0000 11.0000
0.2750 0.9950 1.0000 11.0000
0.2850 0.9950 1.0000 11.0000
0.2950 0.9950 1.0000 11.0000
0.3050 0.9950 1.0000 11.0000
0.3150 0.9950 1.0000 11.0000
0.3250 0.9950 1.0000 11.0000
0.3350 0.9950 1.0000 11.0000
0.3450 0.9950 1.0000 11.0000
0.3550 0.9950 1.0000 11.0000
0.3650 0.9950 1.0000 11.0000
0.3750 0.9950 1.0000 11.0000
0.3850 0.9950 1.0000 11.0000
0.3950 0.9950 1.0000 11.0000
0.4050 0.9950 1.0000 11.0000
0.4150 0.9950 1.0000 11.0000
0.4250 0.9950 1.0000 11.0000
0.4350 0.9950 1.0000 11.0000
0.4450 0.9950 1.0000 11.0000
0.4550 0.9950 1.0000 11.0000
0.4650 0.9950 1.0000 11.0000
0.4750 0.9950 1.0000 11.0000
0.4850 0.9950 1.0000 11.0000
0.4950 0.9950 1.0000 11.0000
0.5050 0.9950 1.0000 11.0000
0.5150 0.9950 1.0000 11.0000
0.5250 0.9950 1.0000 11.0000
0.5350 0.9950 1.0000 11.0000
0.5450 0.9950 1.0000 11.0000
0.5550 0.9950 1.0000 11.0000
0.5650 0.9950 1.0000 11.0000
0.5750 0.9950 1.0000 11.0000
0.5850 0.9950 1.0000 11.0000
0.5950 0.9950 1.0000 11.0000
0.6050 0.9950 1.0000 11.0000
0.6150 0.9950 1.0000 11.0000
0.6250 0.9950 1.0000 11.0000
0.6350 0.9950 1.0000 11.0000
0.6450 0.9950 1.0000 11.0000
0.6550 0.9950 1.0000 11.0000
0.6650 0.9950 1.0000 11.0000
0.6750 0.9950 1.0000 11.0000
0.6850 0.9950 1.0000 11.0000
0.6950 0.9950 1.0000 11.0000
0.7050 0.9950 1.0000 11.0000
0.7150 0.9950 1.0000 11.0000
0.7250 0.9950 1.0000 11.0000
0.7350 0.9950 1.0000 11.0000
0.7450 0.9950 1.0000 11.0000
0.7550 0.9950 1.0000 11.0000
0.7650 0.9950 1.0000 11.0000
0.7750 0.9950 1.0000 11.0000
0.7850 0.9950 1.0000 11.0000
0.7950 0.9950 1.0000 11.0000
0.8050 0.9950 1.0000 11.0000
0.8150 0.9950 1.0000 11.0000
0.8250 0.9950 1.0000 11.0000
0.8350 0.9950 1.0000 11.0000
0.8450 0.9950 1.0000 11.0000
0.8550 0.9950 1.0000 11.0000
0.8650 0.9950 1.0000 11.0000
0.8750 0.9950 1.0000 11.0000
0.8850 0.9950 1.0000 11.0000
0.8950 0.9950 1.0000 11.0000
0.9050 0.9950 1.0000 11.0000
0.9150 0.9950 1.0000 11.0000
0.9250 0.9950 1.0000 11.0000
0.9350 0.9950 1.0000 11.0000
0.9450 0.9950 1.0000 11.0000
0.9550 0.9950 1.0000 11.0000
0.9650 0.9950 1.0000 11.0000
0.9750 0.9950 1.0000 11.0000
0.9850 0.9950 1.0000 11.0000
0.9950 0.9950 1.0000 11.0000
